Symbol,Description,Agent Classification,Channel,Time and Date of Capture
.MSDXUTPU,Morningstar Developed Markets ex-US Target Market Exposure PR USD,MS,MSTAR,2026-07-31 15:38:06 CDT
AAPLCW,Cboe AAPL Call Writing Index,CO,CGI,2026-07-31 15:38:06 CDT
AAPLDI,Cboe AAPL Defined Income Index,CO,CGI,2026-07-31 15:38:06 CDT
AAPLIO,Cboe AAPL Income Only Index,CO,CGI,2026-07-31 15:38:06 CDT
AAVE100,Cboe 100 Aave / US Dollar RealPrice Index,TP,CCCY,2026-07-31 15:38:06 CDT
AAVE10RP,Cboe 10 Aave / US Dollar RealPrice Index,TP,CCCY,2026-07-31 15:38:06 CDT
AAVE25RP,Cboe 25 Aave / US Dollar RealPrice Index,TP,CCCY,2026-07-31 15:38:06 CDT
AAVE400,Cboe 400 Aave / US Dollar RealPrice Index,TP,CCCY,2026-07-31 15:38:06 CDT
AAVE50RP,Cboe 50 Aave / US Dollar RealPrice Index,TP,CCCY,2026-07-31 15:38:06 CDT
ADA100K,Cboe 100K Cardano / US Dollar RealPrice Index,TP,CCCY,2026-07-31 15:38:06 CDT
ADA10KRP,Cboe 10K Cardano / US Dollar RealPrice Index,TP,CCCY,2026-07-31 15:38:06 CDT
ADA25KRP,Cboe 25K Cardano / US Dollar RealPrice Index,TP,CCCY,2026-07-31 15:38:06 CDT
ADA50KRP,Cboe 50K Cardano / US Dollar RealPrice Index,TP,CCCY,2026-07-31 15:38:06 CDT
ADA5KRP,Cboe 5000 Cardano / US Dollar RealPrice Index,TP,CCCY,2026-07-31 15:38:06 CDT
AGQIV,IHS-Mkt Proshares Ultra Silver ETF,TP,INAV,2026-07-31 15:38:06 CDT
ALGO100,Cboe 100 Algorand / US Dollar RealPrice Index,TP,CCCY,2026-07-31 15:38:06 CDT
ALGO1KRP,Cboe 1000 Algorand / US Dollar RealPrice Index,TP,CCCY,2026-07-31 15:38:06 CDT
ALGO5KRP,Cboe 5000 Algorand / US Dollar RealPrice Index,TP,CCCY,2026-07-31 15:38:06 CDT
AMZNCW,Cboe AMZN Call Writing Index,CO,CGI,2026-07-31 15:38:06 CDT
AMZNDI,Cboe AMZN Defined Income Index,CO,CGI,2026-07-31 15:38:06 CDT
AMZNIO,Cboe AMZN Income Only Index,CO,CGI,2026-07-31 15:38:06 CDT
ANEWIV,IHS-Mkt Proshares Msci Transformational Changes ETF,TP,INAV,2026-07-31 15:38:06 CDT
APRZIV,TrueShares Structured Outcome April ETF Intraday Indicative Value,CC,INAV,2026-07-31 15:38:06 CDT
ATOM150,Cboe 150 Cosmos / US Dollar RealPrice Index,TP,CCCY,2026-07-31 15:38:06 CDT
ATOM300,Cboe 300 Cosmos / US Dollar RealPrice Index,TP,CCCY,2026-07-31 15:38:06 CDT
ATOM600,Cboe 600 Cosmos / US Dollar RealPrice Index,TP,CCCY,2026-07-31 15:38:06 CDT
ATOM75RP,Cboe 75 Cosmos / US Dollar RealPrice Index,TP,CCCY,2026-07-31 15:38:06 CDT
AUGTIV,AllianzIM US Large Cap Buffer10 Aug ETF Intraday Indicative Value,CC,INAV,2026-07-31 15:38:06 CDT
AUGWIV,AllianzIM US Large Cap Buffer20 Aug ETF Intraday Indicative Value,CC,INAV,2026-07-31 15:38:06 CDT
AUGZIV,TrueShares Structured Outcome August ETF Intraday Indicative Value,CC,INAV,2026-07-31 15:38:06 CDT
AVCHQYLD,Alpha Vee High Quality Yield,TP,CGI,2026-07-31 15:38:06 CDT
AVFOCGRW,Alpha Vee Focused Growth Index,CC,CGI,2026-07-31 15:38:06 CDT
AVGRNTSP,Alpha Vee Green Infrastructure,TP,CGI,2026-07-31 15:38:06 CDT
AVINTDYN,Alpha Vee International Dynamic,TP,CGI,2026-07-31 15:38:06 CDT
AVRMENEQ,Alpha Vee Risk Managed Enhanced US Equity,TP,CGI,2026-07-31 15:38:06 CDT
AVT5EQTB,Alpha Vee Risk Managed Large Cap Top 5 Sector Equities,CC,CGI,2026-07-31 15:38:06 CDT
AVT5ETTB,Alpha Vee Risk Managed All Cap Top 5 Sector ETF,TP,CGI,2026-07-31 15:38:06 CDT
AVT5SMAL,Alpha Vee Risk Managed Small Cap Top 5 Sector US Equity,TP,CGI,2026-07-31 15:38:06 CDT
AVT5SMID,Alpha Vee Risk Managed SMID Top 5 Sector Equities,TP,CGI,2026-07-31 15:38:06 CDT
AVUSMEGA,Alpha Vee US Select Growth,TP,CGI,2026-07-31 15:38:06 CDT
BAT100RP,Cboe 100 Basic Attention Token / US Dollar RealPrice Index,TP,CCCY,2026-07-31 15:38:06 CDT
BAT1KRP,Cboe 1000 Basic Attention Token / US Dollar RealPrice Index,TP,CCCY,2026-07-31 15:38:06 CDT
BAT200RP,Cboe 200 Basic Attention Token / US Dollar RealPrice Index,TP,CCCY,2026-07-31 15:38:06 CDT
BAT20N,Cboe Austria 20,CO,CGI,2026-07-31 15:38:06 CDT
BAT20P,Cboe Austria 20,CO,CGI,2026-07-31 15:38:06 CDT
BAT500RP,Cboe 500 Basic Attention Token / US Dollar RealPrice Index,TP,CCCY,2026-07-31 15:38:06 CDT
BBE20N,Cboe Belgium 20,CO,CGI,2026-07-31 15:38:06 CDT
BBE20P,Cboe Belgium 20,CO,CGI,2026-07-31 15:38:06 CDT
BCH100RP,Cboe 100 Bitcoin Cash / US Dollar RealPrice Index,TP,CCCY,2026-07-31 15:38:06 CDT
BCH10RP,Cboe 10 Bitcoin Cash / US Dollar RealPrice Index,TP,CCCY,2026-07-31 15:38:06 CDT
BCH1RP,Cboe 1 Bitcoin Cash / US Dollar RealPrice Index,TP,CCCY,2026-07-31 15:38:06 CDT
BCH20N,Cboe Switzerland 20,CO,CGI,2026-07-31 15:38:06 CDT
BCH20P,Cboe Switzerland 20,CO,CGI,2026-07-31 15:38:06 CDT
BCH20RP,Cboe 20 Bitcoin Cash / US Dollar RealPrice Index,TP,CCCY,2026-07-31 15:38:06 CDT
BCH40RP,Cboe 40 Bitcoin Cash / US Dollar RealPrice Index,TP,CCCY,2026-07-31 15:38:06 CDT
BCH5RP,Cboe 5 Bitcoin Cash / US Dollar RealPrice Index,TP,CCCY,2026-07-31 15:38:06 CDT
BCHM30N,Cboe Switzerland Mid Cap 30,CO,CGI,2026-07-31 15:38:06 CDT
BCHM30P,Cboe Switzerland Mid Cap 30,CO,CGI,2026-07-31 15:38:06 CDT
BDE40G,Cboe Germany 40 Gross Return,CO,CGI,2026-07-31 15:38:06 CDT
BDE40N,Cboe Germany 40,CO,CGI,2026-07-31 15:38:06 CDT
BDE40P,Cboe Germany 40,CO,CGI,2026-07-31 15:38:06 CDT
BDEM50N,Cboe Germany Mid Cap 50,CO,CGI,2026-07-31 15:38:06 CDT
BDEM50P,Cboe Germany Mid Cap 50,CO,CGI,2026-07-31 15:38:06 CDT
BDES50N,Cboe Germany Small Cap 50,CO,CGI,2026-07-31 15:38:06 CDT
BDES50P,Cboe Germany Small Cap 50,CO,CGI,2026-07-31 15:38:06 CDT
BDK25N,Cboe Denmark 25,CO,CGI,2026-07-31 15:38:06 CDT
BDK25P,Cboe Denmark 25,CO,CGI,2026-07-31 15:38:06 CDT
BEP50N,Cboe Europe 50,CO,CGI,2026-07-31 15:38:06 CDT
BEP50P,Cboe Europe 50,CO,CGI,2026-07-31 15:38:06 CDT
BEPACN,Cboe Europe All Companies,CO,CGI,2026-07-31 15:38:06 CDT
BEPACP,Cboe Europe All Companies,CO,CGI,2026-07-31 15:38:06 CDT
BEPBUS,Cboe Europe Business Services Sector,CO,CGI,2026-07-31 15:38:06 CDT
BEPBUSN,Cboe Europe Business Services Sector,CO,CGI,2026-07-31 15:38:06 CDT
BEPCNC,Cboe Europe Consumer Non-Cyclicals Sector,CO,CGI,2026-07-31 15:38:06 CDT
BEPCNCN,Cboe Europe Consumer Non-Cyclicals Sector,CO,CGI,2026-07-31 15:38:06 CDT
BEPCONC,Cboe Europe Consumer Cyclicals Sector,CO,CGI,2026-07-31 15:38:06 CDT
BEPCONCN,Cboe Europe Consumer Cyclicals Sector,CO,CGI,2026-07-31 15:38:06 CDT
BEPCONS,Cboe Europe Consumer Services Sector,CO,CGI,2026-07-31 15:38:06 CDT
BEPCONSN,Cboe Europe Consumer Services Sector,CO,CGI,2026-07-31 15:38:06 CDT
BEPENGY,Cboe Europe Energy Sector,CO,CGI,2026-07-31 15:38:06 CDT
BEPENGYN,Cboe Europe Energy Sector,CO,CGI,2026-07-31 15:38:06 CDT
BEPFIN,Cboe Europe Finance Sector,CO,CGI,2026-07-31 15:38:06 CDT
BEPFINN,Cboe Europe Finance Sector,CO,CGI,2026-07-31 15:38:06 CDT
BEPHLTH,Cboe Europe Healthcare Sector,CO,CGI,2026-07-31 15:38:06 CDT
BEPHLTHN,Cboe Europe Healthcare Sector,CO,CGI,2026-07-31 15:38:06 CDT
BEPIND,Cboe Europe Industrials Sector,CO,CGI,2026-07-31 15:38:06 CDT
BEPINDN,Cboe Europe Industrials Sector,CO,CGI,2026-07-31 15:38:06 CDT
BEPNEM,Cboe Europe Non-Energy Materials Sector,CO,CGI,2026-07-31 15:38:06 CDT
BEPNEMN,Cboe Europe Non-Energy Materials Sector,CO,CGI,2026-07-31 15:38:06 CDT
BEPTEC,Cboe Europe Technology Sector,CO,CGI,2026-07-31 15:38:06 CDT
BEPTECN,Cboe Europe Technology Sector,CO,CGI,2026-07-31 15:38:06 CDT
BEPTEL,Cboe Europe Telecommunications Sector,CO,CGI,2026-07-31 15:38:06 CDT
BEPTELN,Cboe Europe Telecommunications Sector,CO,CGI,2026-07-31 15:38:06 CDT
BEPUTL,Cboe Europe Utilities Sector,CO,CGI,2026-07-31 15:38:06 CDT
BEPUTLN,Cboe Europe Utilities Sector,CO,CGI,2026-07-31 15:38:06 CDT
BEPXUKN,Cboe Europe All Companies ex UK,CO,CGI,2026-07-31 15:38:06 CDT
BEPXUKP,Cboe Europe All Companies ex UK,CO,CGI,2026-07-31 15:38:06 CDT
BES35N,Cboe Spain 35,CO,CGI,2026-07-31 15:38:06 CDT
BES35P,Cboe Spain 35,CO,CGI,2026-07-31 15:38:06 CDT
BETEIV,IHS-Mkt Bitcoin And Ether Weight Strategy ETF,TP,INAV,2026-07-31 15:38:06 CDT
BETHIV,IHS-Mkt Bitcoin And Ether Market Cap Weight Strategy ETF,TP,INAV,2026-07-31 15:38:06 CDT
BEZ50N,Cboe Eurozone 50,CO,CGI,2026-07-31 15:38:06 CDT
BEZ50P,Cboe Eurozone 50,CO,CGI,2026-07-31 15:38:06 CDT
BEZACN,Cboe Eurozone All Companies,CO,CGI,2026-07-31 15:38:06 CDT
BEZACP,Cboe Eurozone All Companies,CO,CGI,2026-07-31 15:38:06 CDT
BFI25N,Cboe Finland 25,CO,CGI,2026-07-31 15:38:06 CDT
BFI25P,Cboe Finland 25,CO,CGI,2026-07-31 15:38:06 CDT
BFLY,The CBOE S&P 500 Iron Butterfly Index,CO,MAIN,2026-07-31 15:38:06 CDT
BFR40N,Cboe France 40,CO,CGI,2026-07-31 15:38:06 CDT
BFR40P,Cboe France 40,CO,CGI,2026-07-31 15:38:06 CDT
BFRM20N,Cboe France Mid Cap 20,CO,CGI,2026-07-31 15:38:06 CDT
BFRM20P,Cboe France Mid Cap 20,CO,CGI,2026-07-31 15:38:06 CDT
BIBIV,IHS-Mkt Proshares Ultra Nasdaq Biotechnology ETF,TP,INAV,2026-07-31 15:38:06 CDT
BIE20N,Cboe Ireland 20,CO,CGI,2026-07-31 15:38:06 CDT
BIE20P,Cboe Ireland 20,CO,CGI,2026-07-31 15:38:06 CDT
BISIV,IHS-Mkt Proshares Ultrashort Nasdaq Biotechnology ETF,TP,INAV,2026-07-31 15:38:06 CDT
BIT40N,Cboe Italy 40,CO,CGI,2026-07-31 15:38:06 CDT
BIT40P,Cboe Italy 40,CO,CGI,2026-07-31 15:38:06 CDT
BITIIV,IHS-Mkt Proshares Short Bitcoin Strategy ETF,TP,INAV,2026-07-31 15:38:06 CDT
BITOIV,IHS-Mkt Proshares Bitcoin Strategy ETF,TP,INAV,2026-07-31 15:38:06 CDT
BITUIV,PROSHARES ULTRA BITCOIN ETF Intraday Indicative Value,TP,INAV,2026-07-31 15:38:06 CDT
BITVX,Cboe Bitcoin ETF Volatility Index,CO,CGI,2026-07-31 15:38:06 CDT
BNL30N,Cboe Netherlands 30,CO,CGI,2026-07-31 15:38:06 CDT
BNL30P,Cboe Netherlands 30,CO,CGI,2026-07-31 15:38:06 CDT
BNLM25N,Cboe Netherlands Mid Cap 25,CO,CGI,2026-07-31 15:38:06 CDT
BNLM25P,Cboe Netherlands Mid Cap 25,CO,CGI,2026-07-31 15:38:06 CDT
BNO25G,Cboe Norway 25 Gross Return,CO,CGI,2026-07-31 15:38:06 CDT
BNO25N,Cboe Norway 25,CO,CGI,2026-07-31 15:38:06 CDT
BNO25P,Cboe Norway 25,CO,CGI,2026-07-31 15:38:06 CDT
BNORD40N,Cboe Nordic 40,CO,CGI,2026-07-31 15:38:06 CDT
BNORD40P,Cboe Nordic 40,CO,CGI,2026-07-31 15:38:06 CDT
BNT200RP,Cboe 200 Bancor / US Dollar RealPrice Index,TP,CCCY,2026-07-31 15:38:06 CDT
BNT2KRP,Cboe 2000 Bancor / US Dollar RealPrice Index,TP,CCCY,2026-07-31 15:38:06 CDT
BNT500RP,Cboe 500 Bancor / US Dollar RealPrice Index,TP,CCCY,2026-07-31 15:38:06 CDT
BNT50RP,Cboe 50 Bancor / US Dollar RealPrice Index,TP,CCCY,2026-07-31 15:38:06 CDT
BOILIV,IHS-Mkt Proshares Ultra Bloomberg Natural Gas ETF,TP,INAV,2026-07-31 15:38:06 CDT
BOX15F27,Box Rate on 2027-01-15 SPX Option Series,TP,MAIN,2026-07-31 15:38:06 CDT
BOX15Z28,Box Rate on 2028-12-15 SPX Option Series,TP,MAIN,2026-07-31 15:38:06 CDT
BOX16M28,Box Rate on 2028-06-16 SPX Option Series,TP,MAIN,2026-07-31 15:38:06 CDT
BOX17M27,Box Rate on 2027-06-17 SPX Option Series,TP,MAIN,2026-07-31 15:38:06 CDT
BOX17U27,Box Rate on 2027-09-17 SPX Option Series,TP,MAIN,2026-07-31 15:38:06 CDT
BOX17Z27,Box Rate on 2027-12-17 SPX Option Series,TP,MAIN,2026-07-31 15:38:06 CDT
BOX18Z26,Box Rate on 2026-12-18 SPX Option Series,TP,MAIN,2026-07-31 15:38:06 CDT
BOX19H27,Box Rate on 2027-03-19 SPX Option Series,TP,MAIN,2026-07-31 15:38:06 CDT
BOX19Z31,Box Rate on 2031-12-19 SPX Option Series,TP,MAIN,2026-07-31 15:38:06 CDT
BOX20X26,Box Rate on 2026-11-20 SPX Option Series,TP,MAIN,2026-07-31 15:38:06 CDT
BOX20Z30,Box Rate on 2030-12-20 SPX Option Series,TP,MAIN,2026-07-31 15:38:06 CDT
BOX21Z29,Box Rate on 2029-12-21 SPX Option Series,TP,MAIN,2026-07-31 15:38:06 CDT
BPT20N,Cboe Portugal 20,CO,CGI,2026-07-31 15:38:06 CDT
BPT20P,Cboe Portugal 20,CO,CGI,2026-07-31 15:38:06 CDT
BSE30N,Cboe Sweden 30,CO,CGI,2026-07-31 15:38:06 CDT
BSE30P,Cboe Sweden 30,CO,CGI,2026-07-31 15:38:06 CDT
BTC10RP,Cboe 10 Bitcoin / US Dollar RealPrice Index,TP,CCCY,2026-07-31 15:38:06 CDT
BTC1RP,Cboe 1 Bitcoin / US Dollar RealPrice Index,TP,CCCY,2026-07-31 15:38:06 CDT
BTC20PRP,Cboe 02 Bitcoin / US Dollar RealPrice Index,TP,CCCY,2026-07-31 15:38:06 CDT
BTC20RP,Cboe 20 Bitcoin / US Dollar RealPrice Index,TP,CCCY,2026-07-31 15:38:06 CDT
BTC5RP,Cboe 5 Bitcoin / US Dollar RealPrice Index,TP,CCCY,2026-07-31 15:38:06 CDT
BTCOIV,Invesco Galaxy Bitcoin ETF Intraday Indicative Value,TP,CCCY,2026-07-31 15:38:06 CDT
BUK100N,Cboe UK 100,CO,CGI,2026-07-31 15:38:06 CDT
BUK100P,Cboe UK 100,CO,CGI,2026-07-31 15:38:06 CDT
BUK250N,Cboe UK 250,CO,CGI,2026-07-31 15:38:06 CDT
BUK250P,Cboe UK 250,CO,CGI,2026-07-31 15:38:06 CDT
BUK350N,Cboe UK 350,CO,CGI,2026-07-31 15:38:06 CDT
BUK350P,Cboe UK 350,CO,CGI,2026-07-31 15:38:06 CDT
BUKAC,Cboe UK All Companies,CO,CGI,2026-07-31 15:38:06 CDT
BUKACN,Cboe UK All Companies,CO,CGI,2026-07-31 15:38:06 CDT
BUKBISN,Cboe UK Banking and Investment Services,CO,CGI,2026-07-31 15:38:06 CDT
BUKBISP,Cboe UK Banking and Investment Services,CO,CGI,2026-07-31 15:38:06 CDT
BUKBUS,Cboe UK Business Services Sector,CO,CGI,2026-07-31 15:38:06 CDT
BUKBUSN,Cboe UK Business Services Sector,CO,CGI,2026-07-31 15:38:06 CDT
BUKCNC,Cboe UK Consumer Non-Cyclicals Sector,CO,CGI,2026-07-31 15:38:06 CDT
BUKCNCN,Cboe UK Consumer Non-Cyclicals Sector,CO,CGI,2026-07-31 15:38:06 CDT
BUKCONC,Cboe UK Consumer Cyclicals Sector,CO,CGI,2026-07-31 15:38:06 CDT
BUKCONCN,Cboe UK Consumer Cyclicals Sector,CO,CGI,2026-07-31 15:38:06 CDT
BUKCONS,Cboe UK Consumer Services Sector,CO,CGI,2026-07-31 15:38:06 CDT
BUKCONSN,Cboe UK Consumer Services Sector,CO,CGI,2026-07-31 15:38:06 CDT
BUKENGY,Cboe UK Energy Sector,CO,CGI,2026-07-31 15:38:06 CDT
BUKENGYN,Cboe UK Energy Sector,CO,CGI,2026-07-31 15:38:06 CDT
BUKFIN,Cboe UK Finance Sector,CO,CGI,2026-07-31 15:38:06 CDT
BUKFINN,Cboe UK Finance Sector,CO,CGI,2026-07-31 15:38:06 CDT
BUKHI50N,Cboe Brexit High 50,CO,CGI,2026-07-31 15:38:06 CDT
BUKHI50P,Cboe Brexit High 50,CO,CGI,2026-07-31 15:38:06 CDT
BUKHLTH,Cboe UK Healthcare Sector,CO,CGI,2026-07-31 15:38:06 CDT
BUKHLTHN,Cboe UK Healthcare Sector,CO,CGI,2026-07-31 15:38:06 CDT
BUKIND,Cboe UK Industrials Sector,CO,CGI,2026-07-31 15:38:06 CDT
BUKINDN,Cboe UK Industrials Sector,CO,CGI,2026-07-31 15:38:06 CDT
BUKLO50N,Cboe Brexit Low 50,CO,CGI,2026-07-31 15:38:06 CDT
BUKLO50P,Cboe Brexit Low 50,CO,CGI,2026-07-31 15:38:06 CDT
BUKMINN,Cboe UK Mining and Mineral Products,CO,CGI,2026-07-31 15:38:06 CDT
BUKMINP,Cboe UK Mining and Mineral Products,CO,CGI,2026-07-31 15:38:06 CDT
BUKNEM,Cboe UK Non-Energy Materials Sector,CO,CGI,2026-07-31 15:38:06 CDT
BUKNEMN,Cboe UK Non-Energy Materials Sector,CO,CGI,2026-07-31 15:38:06 CDT
BUKSC,Cboe UK Small Companies,CO,CGI,2026-07-31 15:38:06 CDT
BUKSCN,Cboe UK Small Companies,CO,CGI,2026-07-31 15:38:06 CDT
BUKTEC,Cboe UK Technology,CO,CGI,2026-07-31 15:38:06 CDT
BUKTECN,Cboe UK Technology,CO,CGI,2026-07-31 15:38:06 CDT
BUKTEL,Cboe UK Telecommunications Sector,CO,CGI,2026-07-31 15:38:06 CDT
BUKTELN,Cboe UK Telecommunications Sector,CO,CGI,2026-07-31 15:38:06 CDT
BUKUTL,Cboe UK Utilities Sector,CO,CGI,2026-07-31 15:38:06 CDT
BUKUTLN,Cboe UK Utilities Sector,CO,CGI,2026-07-31 15:38:06 CDT
BUYBIV,ProShares S&P 500 Buyback Aristocrats Indicative Value,TP,INAV,2026-07-31 15:38:06 CDT
BXD,CBOE Dow Jones BuyWrite Index,CO,MAIN,2026-07-31 15:38:06 CDT
BXDE,DJIA Cboe BuyWrite V2 Index,CO,MAIN,2026-07-31 15:38:06 CDT
BXDEH,DJIA Cboe BuyWrite V2 Index half,CO,MAIN,2026-07-31 15:38:06 CDT
BXESG,Cboe S&P 500 Scored & Screened BuyWrite Index,CO,MAIN,2026-07-31 15:38:06 CDT
BXGBTCA,Cboe GBTC ATM BuyWrite Index,CO,CGI,2026-07-31 15:38:06 CDT
BXGBTCT,Cboe GBTC 20 OTM BuyWrite Index,CO,CGI,2026-07-31 15:38:06 CDT
BXHB,Cboe HYG BuyWrite Index,CO,CGI,2026-07-31 15:38:06 CDT
BXLB,Cboe LQD BuyWrite Index,CO,CGI,2026-07-31 15:38:06 CDT
BXLFH,Cboe S&P Financials Select Sector Half BuyWrite Index,CO,MAIN,2026-07-31 15:38:06 CDT
BXLKH,Cboe S&P Technology Select Sector Half BuyWrite Index,CO,MAIN,2026-07-31 15:38:06 CDT
BXLVH,Cboe S&P Health Care Select Sector Half BuyWrite Index,CO,MAIN,2026-07-31 15:38:06 CDT
BXM,BuyWrite index from ICP for BXM,CO,MAIN,2026-07-31 15:38:06 CDT
BXMC,The CBOE S&P 500 Conditional BuyWrite Index,CO,MAIN,2026-07-31 15:38:06 CDT
BXMCAD,Cboe S&P 500 BuyWrite Index CAD,CO,MAIN,2026-07-31 15:38:06 CDT
BXMD,The CBOE S&P 500 30-Delta BuyWrite Index,CO,MAIN,2026-07-31 15:38:06 CDT
BXMH,Cboe S&P 500 Half BuyWrite Index,CO,MAIN,2026-07-31 15:38:06 CDT
BXMN,Cboe S&P 500 BuyWrite NTR Index,CO,MAIN,2026-07-31 15:38:06 CDT
BXMNCAD,Cboe S&P 500 BuyWrite NTR Index CAD,CO,MAIN,2026-07-31 15:38:06 CDT
BXMU,Cboe S&P 500 BuyWrite Index BXMU,CO,MAIN,2026-07-31 15:38:06 CDT
BXMVM,Cboe S&P 500 Volatility Managed BuyWrite Index,CO,MAIN,2026-07-31 15:38:06 CDT
BXMW,The CBOE S&P 500 Multi-Week BuyWrite Index,CO,MAIN,2026-07-31 15:38:06 CDT
BXN,CBOE Nasdaq-100 BuyWrite Index,CO,CGI,2026-07-31 15:38:06 CDT
BXNH,CBOE NASDAQ-100 Half BuyWrite V2 Index,CO,CGI,2026-07-31 15:38:06 CDT
BXNT,CBOE NASDAQ-100 BuyWrite V2 Index,CO,CGI,2026-07-31 15:38:06 CDT
BXNTN,Cboe Nasdaq-100 BuyWrite V2 NTR Index,CO,CGI,2026-07-31 15:38:06 CDT
BXNTNCAD,Cboe Nasdaq-100 BuyWrite V2 NTR Index CAD,CO,CGI,2026-07-31 15:38:06 CDT
BXNTU,Cboe NASDAQ-100 BuyWrite V2 UCITS Index,CO,CGI,2026-07-31 15:38:06 CDT
BXPX,Cboe MLPX ATM BuyWrite Index,CO,CGI,2026-07-31 15:38:06 CDT
BXQD,Cboe QDIV ATM BuyWrite Index,CO,CGI,2026-07-31 15:38:06 CDT
BXR,Russell 2000 Buywrite Index,CO,FTSE,2026-07-31 15:38:06 CDT
BXRC,CBOE Russell 2000 Conditional Buywrite Index,CO,FTSE,2026-07-31 15:38:06 CDT
BXRD,CBOE Russell 2000 30-Delta BuyWrite Index,CO,FTSE,2026-07-31 15:38:06 CDT
BXRH,Cboe Russell 2000 Half BuyWrite Index,CO,FTSE,2026-07-31 15:38:06 CDT
BXRT,CBOE RUSSELL 2000 30-Delta BuyWrite V2 Index,CO,FTSE,2026-07-31 15:38:06 CDT
BXTB,Cboe TLT 2 OTM BuyWrite Index,CO,CGI,2026-07-31 15:38:06 CDT
BXTBJPY,Cboe TLT 2 OTM BuyWrite NTR Index JPY,CO,CGI,2026-07-31 15:38:06 CDT
BXTBN,Cboe TLT 2 OTM BuyWrite NTR Index,CO,CGI,2026-07-31 15:38:06 CDT
BXTW,Cboe 20 Year Treasury Bond One-Week BuyWrite Index,CO,CGI,2026-07-31 15:38:06 CDT
BXVBW,Cboe S&P 500 Enhanced 1 OTM BuyWrite Index,CO,MAIN,2026-07-31 15:38:06 CDT
BXVBWJPY,Cboe S&P 500 Enhanced 1 OTM BuyWrite NTR Index JPY,CO,MAIN,2026-07-31 15:38:06 CDT
BXVBWN,Cboe S&P 500 Enhanced 1 OTM BuyWrite NTR Index,CO,MAIN,2026-07-31 15:38:06 CDT
BXWBW,Cboe FTSE Russell IWM 2 OTM BuyWrite Index,CO,FTSE,2026-07-31 15:38:06 CDT
BXY,CBOE S&P 500 2 percent OTM BuyWrite Index,CO,MAIN,2026-07-31 15:38:06 CDT
BZQIV,IHS-Mkt Proshares Ultrashort Msci Brazil Capped ETF,TP,INAV,2026-07-31 15:38:06 CDT
CALD,Cboe Validus S&P 500 Dynamic Call BuyWrite Index,CO,MAIN,2026-07-31 15:38:06 CDT
CALRD,Cboe Validus Russell 2000 Dynamic Call BuyWrite Index,CO,FTSE,2026-07-31 15:38:06 CDT
CBTX,Cboe Bitcoin US ETF Index,CO,CGI,2026-07-31 15:38:06 CDT
CBTXS,Cboe Bitcoin US ETF Index AM Settlement Value,CO,CGI,2026-07-31 15:38:06 CDT
CEQX,Cboe US Large-Mid Cap 100 Index,CO,CGI,2026-07-31 15:38:06 CDT
CLIXIV,IHS-Mkt Proshares Long Online/Short Stores ETF,TP,INAV,2026-07-31 15:38:06 CDT
CLL,CBOE Collar 95-110 Index,CO,MAIN,2026-07-31 15:38:06 CDT
CLL1M,Cboe S&P 500 Risk Managed Income Index,CO,MAIN,2026-07-31 15:38:06 CDT
CLL3M,Cboe S&P 500 3-Month Collar 95-110 Index,CO,MAIN,2026-07-31 15:38:06 CDT
CLLR,CBOE Russell 2000 Zero-Cost Put Spread Collar Index,CO,FTSE,2026-07-31 15:38:06 CDT
CLLZ,The CBOE S&P 500 Zero-Cost Put Spread Collar Index,CO,MAIN,2026-07-31 15:38:06 CDT
CMAPTUSD,CM Aptos / US Dollar Reference Price,TP,CCCY,2026-07-31 15:38:06 CDT
CMARBUSD,CM Arbitrum / US Dollar Reference Price,TP,CCCY,2026-07-31 15:38:06 CDT
CMAVAXUSD,CM Avalanche / US Dollar Reference Price,TP,CCCY,2026-07-31 15:38:06 CDT
CMBO,The CBOE S&P 500 Covered Combo Index,CO,MAIN,2026-07-31 15:38:06 CDT
CMBTCEUR,CM Bitcoin / Euro Reference Price,TP,CCCY,2026-07-31 15:38:06 CDT
CMDAIUSD,CM USD Dai Stable Coin / US Dollar Reference Price,TP,CCCY,2026-07-31 15:38:06 CDT
CMETHEUR,CM Ethereum / Euro Reference Price,TP,CCCY,2026-07-31 15:38:06 CDT
CMEUROCUSD,CM EUR Circle Stable Coin / US Dollar Reference Price,TP,CCCY,2026-07-31 15:38:06 CDT
CMGRAMUSD,CM Gram / US Dollar Reference Price,TP,CCCY,2026-07-31 15:38:06 CDT
CMHBARUSD,CM Hedera / US Dollar Reference Price,TP,CCCY,2026-07-31 15:38:06 CDT
CMLEOUSD,CM Leo Token/ US Dollar Reference Price,TP,CCCY,2026-07-31 15:38:06 CDT
CMNEARUSD,CM Near Protocol / US Dollar Reference Price,TP,CCCY,2026-07-31 15:38:06 CDT
CMOPUSD,CM Optimism / US Dollar Reference Price,TP,CCCY,2026-07-31 15:38:06 CDT
CMSHIBUSD,CM Shiba Inu / US Dollar Reference Price,TP,CCCY,2026-07-31 15:38:06 CDT
CMSOLBTC,CM Solana / Bitcoin Reference Price,TP,CCCY,2026-07-31 15:38:06 CDT
CMTONUSD,CM Toncoin / US Dollar Reference Price,TP,CCCY,2026-07-31 15:38:06 CDT
CMTRXUSD,CM Tron / US Dollar Reference Price,TP,CCCY,2026-07-31 15:38:06 CDT
CMUSDCUSD,CM USD Circle Stable Coin / US Dollar Reference Price,TP,CCCY,2026-07-31 15:38:06 CDT
CMUSDTUSD,CM USD Tether Stable Coin / US Dollar Reference Price,TP,CCCY,2026-07-31 15:38:06 CDT
CMXMRUSD,CM Monero / US Dollar Reference Price,TP,CCCY,2026-07-31 15:38:06 CDT
CMXRPEUR,CM Ripple / Euro Reference Price,TP,CCCY,2026-07-31 15:38:06 CDT
CNDR,The CBOE S&P 500 Iron Condor Index,CO,MAIN,2026-07-31 15:38:06 CDT
CNIV01,Cboe Nasdaq-100 Implied Volatility Monday Index,CO,CGI,2026-07-31 15:38:06 CDT
CNIV02,Cboe Nasdaq-100 Implied Volatility Tuesday Index,CO,CGI,2026-07-31 15:38:06 CDT
CNIV03,Cboe Nasdaq-100 Implied Volatility Wednesday Index,CO,CGI,2026-07-31 15:38:06 CDT
CNIV04,Cboe Nasdaq-100 Implied Volatility Thursday Index,CO,CGI,2026-07-31 15:38:06 CDT
CNIV05,Cboe Nasdaq-100 Implied Volatility Friday Index,CO,CGI,2026-07-31 15:38:06 CDT
COIAIV,ProShares Ultra COIN Intraday Indicative Value,TP,INAV,2026-07-31 15:38:06 CDT
COR10D,Implied Correlation 3M 10 Delta,CO,MAIN,2026-07-31 15:38:06 CDT
COR1M,Implied Correlation 1M 50 Delta,CO,MAIN,2026-07-31 15:38:06 CDT
COR1Y,Implied Correlation 1Y 50 Delta,CO,MAIN,2026-07-31 15:38:06 CDT
COR30D,Implied Correlation 3M 30 Delta,CO,MAIN,2026-07-31 15:38:06 CDT
COR3M,Implied Correlation 3M Delta Relative,CO,MAIN,2026-07-31 15:38:06 CDT
COR6M,Implied Correlation 6M 50 Delta,CO,MAIN,2026-07-31 15:38:06 CDT
COR70D,Implied Correlation 3M 70 Delta,CO,MAIN,2026-07-31 15:38:06 CDT
COR90D,Implied Correlation 3M 90 Delta,CO,MAIN,2026-07-31 15:38:06 CDT
COR9M,Implied Correlation 9M 50 Delta,CO,MAIN,2026-07-31 15:38:06 CDT
CPAGIV,F/M COMPOUNDR US AGGREGATE BOND ETF Intraday Indicative Value,TP,INAV,2026-07-31 15:38:06 CDT
CPHYIV,F/M COMPOUNDR HIGH YIELD ETF Intraday Indicative Value,TP,INAV,2026-07-31 15:38:06 CDT
CRCAIV,ProShares Ultra CRCL Intraday Indicative Value,TP,INAV,2026-07-31 15:38:06 CDT
CSMIV,IHS-Mkt Proshares Large Cap Core Plus ETF,TP,INAV,2026-07-31 15:38:06 CDT
CTEXIV,IHS-Mkt Proshares S&P Kensho Cleantech ETF,TP,INAV,2026-07-31 15:38:06 CDT
DASH100,Cboe 100 Dash / US Dollar RealPrice Index,TP,CCCY,2026-07-31 15:38:06 CDT
DASH10RP,Cboe 10 Dash / US Dollar RealPrice Index,TP,CCCY,2026-07-31 15:38:06 CDT
DASH20RP,Cboe 20 Dash / US Dollar RealPrice Index,TP,CCCY,2026-07-31 15:38:06 CDT
DASH50RP,Cboe 50 Dash / US Dollar RealPrice Index,TP,CCCY,2026-07-31 15:38:06 CDT
DASH5RP,Cboe 5 Dash / US Dollar RealPrice Index,TP,CCCY,2026-07-31 15:38:06 CDT
DATIV,IHS-Mkt Proshares Big Data Refiners ETF,TP,INAV,2026-07-31 15:38:06 CDT
DDMIV,IHS-Mkt Proshares Ultra Dow30 ETF,TP,INAV,2026-07-31 15:38:06 CDT
DECZIV,TrueShares Structured Outcome December ETF Intraday Indicative Value,CC,INAV,2026-07-31 15:38:06 CDT
DIGIV,IHS-Mkt Proshares Ultra Oil & Gas ETF,TP,INAV,2026-07-31 15:38:06 CDT
DJS,DJX SOQ,TP,MAIN,2026-07-31 15:38:06 CDT
DJX,DJIA 1/100th,TP,MAIN,2026-07-31 15:38:06 CDT
DLVIX,Dynamic Long VIX Futures Index,CC,MAIN,2026-07-31 15:38:06 CDT
DMAXIV,iShares Large Cap Max Buffer Dec ETF Intraday Indicative Value,CC,INAV,2026-07-31 15:38:06 CDT
DNU3457,Test Symbol,CO,MAIN,2026-07-31 15:38:06 CDT
DOGE100K,Cboe 100K Dogecoin / US Dollar RealPrice Index,TP,CCCY,2026-07-31 15:38:06 CDT
DOGE10K,Cboe 10K Dogecoin / US Dollar RealPrice Index,TP,CCCY,2026-07-31 15:38:06 CDT
DOGE200K,Cboe 200K Dogecoin / US Dollar RealPrice Index,TP,CCCY,2026-07-31 15:38:06 CDT
DOGE500K,Cboe 500K Dogecoin / US Dollar RealPrice Index,TP,CCCY,2026-07-31 15:38:06 CDT
DOGE50K,Cboe 50K Dogecoin / US Dollar RealPrice Index,TP,CCCY,2026-07-31 15:38:06 CDT
DOGIV,IHS-Mkt Proshares Short Dow30 ETF,TP,INAV,2026-07-31 15:38:06 CDT
DOT10KRP,Cboe 10K Polkadot / US Dollar RealPrice Index,TP,CCCY,2026-07-31 15:38:06 CDT
DOT1KRP,Cboe 1000 Polkadot / US Dollar RealPrice Index,TP,CCCY,2026-07-31 15:38:06 CDT
DOT2500,Cboe 2500 Polkadot / US Dollar RealPrice Index,TP,CCCY,2026-07-31 15:38:06 CDT
DOT250RP,Cboe 250 Polkadot / US Dollar RealPrice Index,TP,CCCY,2026-07-31 15:38:06 CDT
DOT5KRP,Cboe 5000 Polkadot / US Dollar RealPrice Index,TP,CCCY,2026-07-31 15:38:06 CDT
DSPX,Cboe S&P 500 Dispersion Index,CO,MAIN,2026-07-31 15:38:06 CDT
DSVIER,Dynamic Short VIX Futures Index USD - Excess Return,CC,MAIN,2026-07-31 15:38:06 CDT
DSVIX,Dynamic Short VIX Futures Index USD - Total Return,CC,MAIN,2026-07-31 15:38:06 CDT
DUGIV,IHS-Mkt Proshares Ultrashort Oil & Gas ETF,TP,INAV,2026-07-31 15:38:06 CDT
DVINIV,WEBS DEFINED VOLATILITY XLI ETF Intraday Indicative Value,TP,INAV,2026-07-31 15:38:06 CDT
DVQQIV,WEBS DEFINED VOLATILITY QQQ ETF Intraday Indicative Value,TP,INAV,2026-07-31 15:38:06 CDT
DVREIV,WEBS DEFINED VOLATILITY XLRE ETF Intraday Indicative Value,TP,INAV,2026-07-31 15:38:06 CDT
DVSPIV,WEBS DEFINED VOLATILITY SPY ETF Intraday Indicative Value,TP,INAV,2026-07-31 15:38:06 CDT
DVUTIV,WEBS DEFINED VOLATILITY XLU ETF Intraday Indicative Value,TP,INAV,2026-07-31 15:38:06 CDT
DVXBIV,WEBS DEFINED VOLATILITY XLB ETF Intraday Indicative Value,TP,INAV,2026-07-31 15:38:06 CDT
DVXCIV,WEBS DEFINED VOLATILITY XLC ETF Intraday Indicative Value,TP,INAV,2026-07-31 15:38:06 CDT
DVXEIV,WEBS DEFINED VOLATILITY XLE ETF Intraday Indicative Value,TP,INAV,2026-07-31 15:38:06 CDT
DVXFIV,WEBS DEFINED VOLATILITY XLF ETF Intraday Indicative Value,TP,INAV,2026-07-31 15:38:06 CDT
DVXKIV,WEBS DEFINED VOLATILITY XLK ETF Intraday Indicative Value,TP,INAV,2026-07-31 15:38:06 CDT
DVXPIV,WEBS DEFINED VOLATILITY XLP ETF Intraday Indicative Value,TP,INAV,2026-07-31 15:38:06 CDT
DVXVIV,WEBS DEFINED VOLATILITY XLV ETF Intraday Indicative Value,TP,INAV,2026-07-31 15:38:06 CDT
DVXYIV,WEBS DEFINED VOLATILITY XLY ETF Intraday Indicative Value,TP,INAV,2026-07-31 15:38:06 CDT
DXDIV,IHS-Mkt Proshares Ultrashort Dow30 ETF,TP,INAV,2026-07-31 15:38:06 CDT
DXL,DJIA 1/10th,TP,MAIN,2026-07-31 15:38:06 CDT
EETHIV,IHS-Mkt Ether Strategy ETF,TP,INAV,2026-07-31 15:38:06 CDT
EETIV,IHS-Mkt Proshares Ultra Msci Emerging Markets ETF,TP,INAV,2026-07-31 15:38:06 CDT
EEVIV,IHS-Mkt Proshares Ultrashort Msci Emerging Markets ETF,TP,INAV,2026-07-31 15:38:06 CDT
EFADIV,IHS-Mkt Proshares Msci Eafe Dividend Growers ETF,TP,INAV,2026-07-31 15:38:06 CDT
EFOIV,IHS-Mkt Proshares Ultra Msci Eafe ETF,TP,INAV,2026-07-31 15:38:06 CDT
EFUIV,IHS-Mkt Proshares Ultrashort Msci Eafe ETF,TP,INAV,2026-07-31 15:38:06 CDT
EFZIV,IHS-Mkt Proshares Short Msci Eafe ETF,TP,INAV,2026-07-31 15:38:06 CDT
EMDVIV,IHS-Mkt Proshares Msci Em Dividend Growers ETF,TP,INAV,2026-07-31 15:38:06 CDT
EMTYIV,IHS-Mkt Proshares Decline Of The Retail Store ETF,TP,INAV,2026-07-31 15:38:06 CDT
EPVIV,IHS-Mkt Proshares Ultrashort Ftse Europe ETF,TP,INAV,2026-07-31 15:38:06 CDT
EQQQIV,Proshares Tr Ultra Qqq Equal Weight ETF Intraday Indicative Value,TP,INAV,2026-07-31 15:38:06 CDT
EQRRIV,IHS-Mkt Proshares Equities For Rising Rates ETF,TP,INAV,2026-07-31 15:38:06 CDT
ESGST,Cboe Scored & Screened Options Settlement Symbol,TP,MAIN,2026-07-31 15:38:06 CDT
ETC100RP,Cboe 100 Ethereum Classic / US Dollar RealPrice Index,TP,CCCY,2026-07-31 15:38:06 CDT
ETC1KRP,Cboe 1000 Ethereum Classic / US Dollar RealPrice Index,TP,CCCY,2026-07-31 15:38:06 CDT
ETC250RP,Cboe 250 Ethereum Classic / US Dollar RealPrice Index,TP,CCCY,2026-07-31 15:38:06 CDT
ETC2KRP,Cboe 2000 Ethereum Classic / US Dollar RealPrice Index,TP,CCCY,2026-07-31 15:38:06 CDT
ETC500RP,Cboe 500 Ethereum Classic / US Dollar RealPrice Index,TP,CCCY,2026-07-31 15:38:06 CDT
ETH100RP,Cboe 100 Ethereum / US Dollar RealPrice Index,TP,CCCY,2026-07-31 15:38:06 CDT
ETH200RP,Cboe 200 Ethereum / US Dollar RealPrice Index,TP,CCCY,2026-07-31 15:38:06 CDT
ETH20RP,Cboe 20 Ethereum / US Dollar RealPrice Index,TP,CCCY,2026-07-31 15:38:06 CDT
ETH400RP,Cboe 400 Ethereum / US Dollar RealPrice Index,TP,CCCY,2026-07-31 15:38:06 CDT
ETH50RP,Cboe 50 Ethereum / US Dollar RealPrice Index,TP,CCCY,2026-07-31 15:38:06 CDT
ETH5RP,Cboe 5 Ethereum / US Dollar RealPrice Index,TP,CCCY,2026-07-31 15:38:06 CDT
ETHDIV,PROSHARES ULTRASHORT ETHER ETF Intraday Indicative Value,TP,INAV,2026-07-31 15:38:06 CDT
ETHTIV,ProShares Ultra Ether ETF Intraday Indicative Value,TP,INAV,2026-07-31 15:38:06 CDT
EUDVIV,IHS-Mkt Proshares Msci Europe Dividend Growers ETF,TP,INAV,2026-07-31 15:38:06 CDT
EUMIV,IHS-Mkt Proshares Short Msci Emerging Markets ETF,TP,INAV,2026-07-31 15:38:06 CDT
EUOIV,IHS-Mkt Proshares Ultrashort Euro ETF,TP,INAV,2026-07-31 15:38:06 CDT
EWVIV,IHS-Mkt Proshares Ultrashort Msci Japan ETF,TP,INAV,2026-07-31 15:38:06 CDT
EZJIV,IHS-Mkt Proshares Ultra Msci Japan ETF,TP,INAV,2026-07-31 15:38:06 CDT
FBIV,ProShares S&P 500 Dynamic Buffer ETF Intraday Indicative Value,TP,INAV,2026-07-31 15:38:06 CDT
FEBZIV,TrueShares Structured Outcome February ETF Intraday Indicative Value,CC,INAV,2026-07-31 15:38:06 CDT
FGLDIV,Franklin Responsibly Sourced Gold ETF INAV,TP,INAV,2026-07-31 15:38:06 CDT
FIL100RP,Cboe 100 Filecoin / US Dollar RealPrice Index,TP,CCCY,2026-07-31 15:38:06 CDT
FIL1KRP,Cboe 1000 Filecoin / US Dollar RealPrice Index,TP,CCCY,2026-07-31 15:38:06 CDT
FIL2500,Cboe 2500 Filecoin / US Dollar RealPrice Index,TP,CCCY,2026-07-31 15:38:06 CDT
FIL500RP,Cboe 500 Filecoin / US Dollar RealPrice Index,TP,CCCY,2026-07-31 15:38:06 CDT
FIL5KRP,Cboe 5000 Filecoin / US Dollar RealPrice Index,TP,CCCY,2026-07-31 15:38:06 CDT
FVX,5-YR Note Rate,TP,CGI,2026-07-31 15:38:06 CDT
FXPIV,IHS-Mkt Proshares Ultrashort Ftse China 50 ETF,TP,INAV,2026-07-31 15:38:06 CDT
GAMMA,Realized Volatility Index,CC,CGI,2026-07-31 15:38:06 CDT
GLDBUF,Cboe Gold 10 -5 to -15 Buffer Protect Index,CO,CGI,2026-07-31 15:38:06 CDT
GLDPRO,Cboe Gold 10 Buffer Protect Index Balanced Series,CO,CGI,2026-07-31 15:38:06 CDT
GLDPRO01,Cboe Gold 10 Buffer Protect Index January Series,CO,CGI,2026-07-31 15:38:06 CDT
GLDPRO02,Cboe Gold 10 Buffer Protect Index February Series,CO,CGI,2026-07-31 15:38:06 CDT
GLDPRO03,Cboe Gold 10 Buffer Protect Index March Series,CO,CGI,2026-07-31 15:38:06 CDT
GLDPRO04,Cboe Gold 10 Buffer Protect Index April Series,CO,CGI,2026-07-31 15:38:06 CDT
GLDPRO05,Cboe Gold 10 Buffer Protect Index May Series,CO,CGI,2026-07-31 15:38:06 CDT
GLDPRO06,Cboe Gold 10 Buffer Protect Index June Series,CO,CGI,2026-07-31 15:38:06 CDT
GLDPRO07,Cboe Gold 10 Buffer Protect Index July Series,CO,CGI,2026-07-31 15:38:06 CDT
GLDPRO08,Cboe Gold 10 Buffer Protect Index August Series,CO,CGI,2026-07-31 15:38:06 CDT
GLDPRO09,Cboe Gold 10 Buffer Protect Index September Series,CO,CGI,2026-07-31 15:38:06 CDT
GLDPRO10,Cboe Gold 10 Buffer Protect Index October Series,CO,CGI,2026-07-31 15:38:06 CDT
GLDPRO11,Cboe Gold 10 Buffer Protect Index November Series,CO,CGI,2026-07-31 15:38:06 CDT
GLDPRO12,Cboe Gold 10  Buffer Protect Index December Series,CO,CGI,2026-07-31 15:38:06 CDT
GLDTI,Cboe Gold Target Income Index,CO,CGI,2026-07-31 15:38:06 CDT
GLLIV,IHS-Mkt Proshares Ultrashort Gold ETF,TP,INAV,2026-07-31 15:38:06 CDT
GNDX,IPOX GINDEX PR,MC,MSTAR,2026-07-31 15:38:06 CDT
GNDXI,GNDX International PR USD,MC,MSTAR,2026-07-31 15:38:06 CDT
GNDXITR,GNDX International TR USD,MC,MSTAR,2026-07-31 15:38:06 CDT
GOOGLCW,Cboe GOOGL Call Writing Index,CO,CGI,2026-07-31 15:38:06 CDT
GOOGLDI,Cboe GOOGL Defined Income Index,CO,CGI,2026-07-31 15:38:06 CDT
GOOGLIO,Cboe GOOGL Income Only Index,CO,CGI,2026-07-31 15:38:06 CDT
GPIQIV,Goldman Sachs Nasdaq-100 Core Premium Income ETF Intraday Indicative Value,CC,INAV,2026-07-31 15:38:06 CDT
GPIXIV,Goldman Sachs S&P 500 Core Premium Income ETF Intraday Indicative Value,CC,INAV,2026-07-31 15:38:06 CDT
GVZ,Cboe Gold ETF GLD VIX Index,CO,CGI,2026-07-31 15:38:06 CDT
GXCHPXUN,Global X AI Semiconductor & Quantum Index,MC,MSTAR,2026-07-31 15:38:06 CDT
GXFLOWT,Global X US Cash Flow Kings 100 Index,MC,MSTAR,2026-07-31 15:38:06 CDT
GXHEALUN,Global X HealthTech Index,MC,MSTAR,2026-07-31 15:38:06 CDT
GXIPAVUN,Global X Infrastructure Development ex-US Index PR USD,MC,MSTAR,2026-07-31 15:38:06 CDT
GXLNGXUN,Global X US Natural Gas Index,MC,MSTAR,2026-07-31 15:38:06 CDT
GXORBXUN,Global X Space Tech Index,MC,MSTAR,2026-07-31 15:38:06 CDT
GXSHLDCN,Global X Defence Tech CAD Index,MC,MSTAR,2026-07-31 15:38:06 CDT
GXSHLDN,Global X Defense Tech Index,MC,MSTAR,2026-07-31 15:38:06 CDT
GXSTCNUN,Global X Stablecoin & Tokenization Ecosystem Index,MC,MSTAR,2026-07-31 15:38:06 CDT
GXZAPUN,Global X US Electrification Index,MC,MSTAR,2026-07-31 15:38:06 CDT
HDGIV,IHS-Mkt Proshares Hedge Replication ETF,TP,INAV,2026-07-31 15:38:06 CDT
HEGDIV,SWAN HEDGED EQUITY US LARGE CAP ETF Intraday Indicative Value,CC,INAV,2026-07-31 15:38:06 CDT
HYGWIV,iShares HY Corp Bond BuyWrite Strategy ETF Intraday Indicative Value,CC,INAV,2026-07-31 15:38:06 CDT
HYHGIV,IHS-Mkt Proshares High Yield-Interest Rate Hedged ETF,TP,INAV,2026-07-31 15:38:06 CDT
ICDX,IPOX CANADA Opportunities PR CAD,MC,MSTAR,2026-07-31 15:38:06 CDT
ICDXTR,IPOX CANADA Opportunities TR CAD,MC,MSTAR,2026-07-31 15:38:06 CDT
IDB50N,IDB IndexAmericas 50 Net Total Return Index,TP,CGI,2026-07-31 15:38:06 CDT
IDBTVER,IDB IndexAmericas 50 Stability Excess Return Index,TP,CGI,2026-07-31 15:38:06 CDT
IEMDX,iBx USD Liquid EM Sovreigns and Sub-Sovereigns Total Return Index,TP,MAIN,2026-07-31 15:38:06 CDT
IGHGIV,IHS-Mkt Proshares INV Grade-Interest Rate Hedged,TP,INAV,2026-07-31 15:38:06 CDT
IONIV,IHS-Market INAV Proshares TR SP Global Core Battery,TP,INAV,2026-07-31 15:38:06 CDT
IPHI,IPOX Health Innovation,MC,MSTAR,2026-07-31 15:38:06 CDT
IQMMIV,Proshares Genius Money Market ETF Intraday Indicative Value,TP,INAV,2026-07-31 15:38:06 CDT
IQQQIV,Nasdaq-100 High Income ETF Intraday Indicative Value,TP,INAV,2026-07-31 15:38:06 CDT
IRX,3-MO T-Bill Rate,TP,CGI,2026-07-31 15:38:06 CDT
ISPYIV,ProShares S&P 500 High Income ETF Intraday Indicative Value,TP,INAV,2026-07-31 15:38:06 CDT
ISWNXT,S-Network International BlackSwan Index,TP,MAIN,2026-07-31 15:38:06 CDT
ITWOIV,ProShares Russell 2000 High Income ETF Intraday Indicative Value,TP,INAV,2026-07-31 15:38:06 CDT
IVVBIV,iShares Large Cap Deep Buffer Intraday Indicative Value Index,CC,INAV,2026-07-31 15:38:06 CDT
IVVMIV,iShares Large Cap Moderate Buffer Intraday Indicative Value Index,CC,INAV,2026-07-31 15:38:06 CDT
IVVWIV,iShares S&P 500 BuyWrite ETF Intraday Indicative Value,CC,INAV,2026-07-31 15:38:06 CDT
IWMWIV,iShares Russell 2000 BuyWrite ETF Intraday Indicative Value,TP,INAV,2026-07-31 15:38:06 CDT
IXSM,IPOX SMID,MC,MSTAR,2026-07-31 15:38:06 CDT
JANZIV,TrueShares Structured Outcome January ETF Intraday Indicative Value,CC,INAV,2026-07-31 15:38:06 CDT
JSI,Jantzi Social Index PR CAD,MS,MSTAR,2026-07-31 15:38:06 CDT
JSITR,Jantzi Social Index TR CAD,MS,MSTAR,2026-07-31 15:38:06 CDT
JULZIV,TrueShares Structured Outcome July ETF Intraday Indicative Value,CC,INAV,2026-07-31 15:38:06 CDT
JUNZIV,TrueShares Structured Outcome June ETF Intraday Indicative Value,CC,INAV,2026-07-31 15:38:06 CDT
KNC100RP,Cboe 100 Kyber Network / US Dollar RealPrice Index,TP,CCCY,2026-07-31 15:38:06 CDT
KNC1KRP,Cboe 1000 Kyber Network / US Dollar RealPrice Index,TP,CCCY,2026-07-31 15:38:06 CDT
KNC250RP,Cboe 250 Kyber Network / US Dollar RealPrice Index,TP,CCCY,2026-07-31 15:38:06 CDT
KNC2KRP,Cboe 2000 Kyber Network / US Dollar RealPrice Index,TP,CCCY,2026-07-31 15:38:06 CDT
KNC500RP,Cboe 500 Kyber Network / US Dollar RealPrice Index,TP,CCCY,2026-07-31 15:38:06 CDT
KOLDIV,IHS-Mkt Proshares Ultrashort Bbg Natural Gas ETF,TP,INAV,2026-07-31 15:38:06 CDT
KRYPIV,Proshares Coindesk 20 Crypto ETF Intraday Indicative Value,TP,INAV,2026-07-31 15:38:06 CDT
LAGX,Cboe US Lag 50 Index,CO,CGI,2026-07-31 15:38:06 CDT
LEADX,Cboe US Lead 50 Index,CO,CGI,2026-07-31 15:38:06 CDT
LINK100,Cboe 100 Chainlink / US Dollar RealPrice Index,TP,CCCY,2026-07-31 15:38:06 CDT
LINK1KRP,Cboe 1000 Chainlink / US Dollar RealPrice Index,TP,CCCY,2026-07-31 15:38:06 CDT
LINK2500,Cboe 2500 Chainlink / US Dollar RealPrice Index,TP,CCCY,2026-07-31 15:38:06 CDT
LINK500,Cboe 500 Chainlink / US Dollar RealPrice Index,TP,CCCY,2026-07-31 15:38:06 CDT
LINK5KRP,Cboe 5000 Chainlink / US Dollar RealPrice Index,TP,CCCY,2026-07-31 15:38:06 CDT
LKRE,Lukka Digital Asset Reference Rate - Ether - US Dollar,TP,CCCY,2026-07-31 15:38:06 CDT
LKRX,Lukka Digital Asset Reference Rate - Bitcoin - US Dollar,TP,CCCY,2026-07-31 15:38:06 CDT
LONGVOL,Long VIX Futures Index,CC,MAIN,2026-07-31 15:38:06 CDT
LOVOL,CBOE Low Volatility Index,CO,MAIN,2026-07-31 15:38:06 CDT
LQDWIV,iShares IG Corp Bond BuyWrite Strategy ETF Intraday Indicative Value,CC,INAV,2026-07-31 15:38:06 CDT
LTC100RP,Cboe 100 Litecoin / US Dollar RealPrice Index,TP,CCCY,2026-07-31 15:38:06 CDT
LTC10RP,Cboe 10 Litecoin / US Dollar RealPrice Index,TP,CCCY,2026-07-31 15:38:06 CDT
LTC200RP,Cboe 200 Litecoin / US Dollar RealPrice Index,TP,CCCY,2026-07-31 15:38:06 CDT
LTC25RP,Cboe 25 Litecoin / US Dollar RealPrice Index,TP,CCCY,2026-07-31 15:38:06 CDT
LTC50RP,Cboe 50 Litecoin / US Dollar RealPrice Index,TP,CCCY,2026-07-31 15:38:06 CDT
LTC5RP,Cboe 5 Litecoin / US Dollar RealPrice Index,TP,CCCY,2026-07-31 15:38:06 CDT
LTLIV,IHS-Mkt Proshares Ultra Telecommunications ETF,TP,INAV,2026-07-31 15:38:06 CDT
LTV,CBOE S&P 500 Left Tail Index,CO,MAIN,2026-07-31 15:38:06 CDT
M40RL,Morningstar Eurozone ESG Risk Management Leaders Select 40 PR EUR,MC,MSTAR,2026-07-31 15:38:06 CDT
M40RL5,Morningstar Eurozone ESG Risk Management Leaders Select 40 Decrement 5 NR EUR,MC,MSTAR,2026-07-31 15:38:06 CDT
M40RL50,Morningstar Eurozone ESG Risk Management Leaders Select 40 Decrement 50 Point GR EUR,MC,MSTAR,2026-07-31 15:38:06 CDT
M40RLG,Morningstar Eurozone ESG Risk Management Leaders Select 40 GR EUR,MC,MSTAR,2026-07-31 15:38:06 CDT
M40RLN,Morningstar Eurozone ESG Risk Management Leaders Select 40 NR EUR,MC,MSTAR,2026-07-31 15:38:06 CDT
MAACHPCN,Mirae Asset Asia Semiconductor Index,MC,MSTAR,2026-07-31 15:38:06 CDT
MAAII2UN,Mirae Asset AI Infrastructure V2 Index ,MC,MSTAR,2026-07-31 15:38:06 CDT
MAAIICN,Mirae Asset AI Infrastructure CAD Index,MC,MSTAR,2026-07-31 15:38:06 CDT
MAAIIUN,Mirae Asset AI Infrastructure Index PR USD,MC,MSTAR,2026-07-31 15:38:06 CDT
MAAIIUP,Mirae Asset AI Infrastructure Price Return USD,MC,MSTAR,2026-07-31 15:38:06 CDT
MACAIHCP,Mirae Asset China Humanoid Robot Index,MC,MSTAR,2026-07-31 15:38:06 CDT
MACH50D,Morningstar Transatlantic Aerospace Defense & Eurozone Software Select Decrement 50 Point GR EUR,MS,MSTAR,2026-07-31 15:38:06 CDT
MACH5D,Morningstar Transatlantic Aerospace Defense & Eurozone Software Select Decrement 5 NR EUR,MS,MSTAR,2026-07-31 15:38:06 CDT
MACHAIHP,Mirae Asset China AI Software Index,MC,MSTAR,2026-07-31 15:38:06 CDT
MACHGE,Morningstar Transatlantic Aerospace Defense Extended Select GR EUR,MS,MSTAR,2026-07-31 15:38:06 CDT
MACHPE,Morningstar Transatlantic Aerospace Defense & Eurozone Software Select PR EUR,MS,MSTAR,2026-07-31 15:38:06 CDT
MACOGCT,Mirae Asset Equal Weight Canadian Oil & Gas Index,MC,MSTAR,2026-07-31 15:38:06 CDT
MACT10HP,Mirae Asset China Tech Top 10 Index,MC,MSTAR,2026-07-31 15:38:06 CDT
MADRAMCN,Mirae Asset Artificial Intelligence Memory Index,MC,MSTAR,2026-07-31 15:38:06 CDT
MAEROD,Morningstar Developed Europe Aerospace & Defense Static Select EW Dec50 Point GR EUR,MS,MSTAR,2026-07-31 15:38:06 CDT
MAEROD5,Morningstar Developed Europe Aerospace & Defense Static Select EW Dec5 NR EUR,MS,MSTAR,2026-07-31 15:38:06 CDT
MAERODG,Morningstar Developed Europe Aerospace & Defense Static Select Equal Weight GR EUR,MS,MSTAR,2026-07-31 15:38:06 CDT
MAERODN,Morningstar Developed Europe Aerospace & Defense Static Select Equal Weight NR EUR,TP,MSTAR,2026-07-31 15:38:06 CDT
MAERODP,Morningstar Developed Europe Aerospace & Defense Static Select Equal Weight PR EUR,MS,MSTAR,2026-07-31 15:38:06 CDT
MAGODAIN,Mirae Asset Global On-Device AI Index,MC,MSTAR,2026-07-31 15:38:06 CDT
MAGODAIP,Mirae Asset Global On-Device AIPrice Return USD,MC,MSTAR,2026-07-31 15:38:06 CDT
MAIBH10N,Mirae Asset India Bharat Top10 Index,MC,MSTAR,2026-07-31 15:38:06 CDT
MAIBT10N,Mirae Asset Global Innovative Bluechip Top 10 Index,MC,MSTAR,2026-07-31 15:38:06 CDT
MAIBT10P,Mirae Asset Global Innovative Bluechip Top 10 Price Return USD,MC,MSTAR,2026-07-31 15:38:06 CDT
MAIBTTCN,Mirae Asset Global Innovation Bluechip Top 10 CAD Index ,MS,MSTAR,2026-07-31 15:38:06 CDT
MAINBCIN,Mirae Asset India Billion Consumer Index,MC,MSTAR,2026-07-31 15:38:06 CDT
MAINBCIP,Mirae Asset India Billion Consumer Price Return USD,MC,MSTAR,2026-07-31 15:38:06 CDT
MAINT10N,Mirae Asset India Select Top 10 Index,MC,MSTAR,2026-07-31 15:38:06 CDT
MAJDEFJT,Mirae Asset Japan Defense Tech Index,MC,MSTAR,2026-07-31 15:38:06 CDT
MAJHDJT,Mirae Asset Japan High Dividend 30 Index,MC,MSTAR,2026-07-31 15:38:06 CDT
MAJSTTJT,Mirae Asset Japan Semiconductor Top 10 Index,MC,MSTAR,2026-07-31 15:38:06 CDT
MAKXIV,IHS-Mkt Proshares S&P Kensho Smart Factories ETF,TP,INAV,2026-07-31 15:38:06 CDT
MAMARTCT,Mirae Asset Equal Weight Canadian Groceries & Staples Index,MC,MSTAR,2026-07-31 15:38:06 CDT
MANA10K,Cboe 10K Decentraland / US Dollar RealPrice Index,TP,CCCY,2026-07-31 15:38:06 CDT
MANA1250,Cboe 1250 Decentraland / US Dollar RealPrice Index,TP,CCCY,2026-07-31 15:38:06 CDT
MANA3KRP,Cboe 3000 Decentraland / US Dollar RealPrice Index,TP,CCCY,2026-07-31 15:38:06 CDT
MANA500,Cboe 500 Decentraland / US Dollar RealPrice Index,TP,CCCY,2026-07-31 15:38:06 CDT
MANAGCN,Mirae Asset North American Listed Gold Producers Index,MC,MSTAR,2026-07-31 15:38:06 CDT
MAPPLNCT,Mirae Asset Equal Weight Canadian Pipelines Index,MC,MSTAR,2026-07-31 15:38:06 CDT
MAREITCT,Mirae Asset Equal Weight Canadian REITs Index,MC,MSTAR,2026-07-31 15:38:06 CDT
MARINGCT,Mirae Asset Equal Weight Canadian Telecommunications Index,MC,MSTAR,2026-07-31 15:38:06 CDT
MARZIV,TrueShares Structured Outcome March ETF Intraday Indicative Value,CC,INAV,2026-07-31 15:38:06 CDT
MASAFECT,Mirae Asset Equal Weight Canadian Insurance Index,MC,MSTAR,2026-07-31 15:38:06 CDT
MASCTMGE,Morningstar Austria All Cap Target Market Exposure GR EUR,MS,MSTAR,2026-07-31 15:38:06 CDT
MASCTMGU,Morningstar Austria All Cap Target Market Exposure GR USD,MS,MSTAR,2026-07-31 15:38:06 CDT
MASCTMPE,Morningstar Austria All Cap Target Market Exposure PR EUR,MS,MSTAR,2026-07-31 15:38:06 CDT
MASCTMPU,Morningstar Austria All Cap Target Market Exposure PR USD,MS,MSTAR,2026-07-31 15:38:06 CDT
MATOKNCN,Mirae Asset Stablecoins and Tokenization PR CAD Index ,MC,MSTAR,2026-07-31 15:38:06 CDT
MAUAIFUN,Mirae Asset US AI Fabless Index PR USD,MC,MSTAR,2026-07-31 15:38:06 CDT
MAUAIFUP,Mirae Asset US AI Fabless Price Return USD,MC,MSTAR,2026-07-31 15:38:06 CDT
MAUBNKCN,Mirae Asset Equal Weight US Banks Index,MC,MSTAR,2026-07-31 15:38:06 CDT
MAUCTMGA,Morningstar Australia All Cap Target Market Exposure GR AUD,MS,MSTAR,2026-07-31 15:38:06 CDT
MAUCTMGU,Morningstar Australia All Cap Target Market Exposure GR USD,MS,MSTAR,2026-07-31 15:38:06 CDT
MAUCTMPA,Morningstar Australia All Cap Target Market Exposure PR AUD,MS,MSTAR,2026-07-31 15:38:06 CDT
MAUCTMPU,Morningstar Australia All Cap Target Market Exposure PR USD,MS,MSTAR,2026-07-31 15:38:06 CDT
MAUD10UP,Mirae Asset US Defense Top 10 Index,MC,MSTAR,2026-07-31 15:38:06 CDT
MAUMRTCN,Mirae Asset Equal Weight US Groceries and Staples Index,MC,MSTAR,2026-07-31 15:38:06 CDT
MAUTILCT,Mirae Asset Equal Weight Canadian Utilities Index,MC,MSTAR,2026-07-31 15:38:06 CDT
MAXI20,Morningstar Eurozone ex-Energy Select 20 Decrement 50 Point GR EUR,MS,MSTAR,2026-07-31 15:38:06 CDT
MAXI20D,Morningstar Eurozone ex-Energy Select 20 Decrement 5 NR EUR,MS,MSTAR,2026-07-31 15:38:06 CDT
MAXI20GE,Morningstar Eurozone ex-Energy Select 20 GR EUR,MS,MSTAR,2026-07-31 15:38:06 CDT
MAXI20NE,Morningstar Eurozone ex-Energy Select 20 NR EUR,MS,MSTAR,2026-07-31 15:38:06 CDT
MAXI20PE,Morningstar Eurozone ex-Energy Select 20 PR EUR,MS,MSTAR,2026-07-31 15:38:06 CDT
MAXI40,Morningstar Eurozone 40 Decrement 50 Point GR EUR,MS,MSTAR,2026-07-31 15:38:06 CDT
MAXI40D,Morningstar Eurozone 40 Decrement 5 NR EUR,MS,MSTAR,2026-07-31 15:38:06 CDT
MAXI40GE,Morningstar Eurozone 40 GR EUR,MS,MSTAR,2026-07-31 15:38:06 CDT
MAXI40PE,Morningstar Eurozone 40 PR EUR,MS,MSTAR,2026-07-31 15:38:06 CDT
MAXJIV,iShares Large Cap Max Buffer Jun ETF Intraday Indicative Value,CC,INAV,2026-07-31 15:38:06 CDT
MAYZIV,TrueShares Structured Outcome May ETF Intraday Indicative Value,CC,INAV,2026-07-31 15:38:06 CDT
MBANK10,Morningstar Transatlantic Banks Select 10 Decrement 50 Point GR EUR,MS,MSTAR,2026-07-31 15:38:06 CDT
MBANK10D,Morningstar Transatlantic Banks Select 10 Decrement 5 NR EUR,MS,MSTAR,2026-07-31 15:38:06 CDT
MBANK10G,Morningstar Transatlantic Banks Select 10 GR EUR,MS,MSTAR,2026-07-31 15:38:06 CDT
MBANK10GE,Morningstar Transatlantic Banks Select 10 GR EUR,MS,MSTAR,2026-07-31 15:38:06 CDT
MBANK10P,Morningstar Transatlantic Banks Select 10 PR EUR,MS,MSTAR,2026-07-31 15:38:06 CDT
MBANK10PE,Morningstar Transatlantic Banks Select 10 PR EUR,MS,MSTAR,2026-07-31 15:38:06 CDT
MBANKD,Morningstar France Germany Italy Banks Static Select 10 Equal Weight Decrement 50 Point GR EUR,MS,MSTAR,2026-07-31 15:38:06 CDT
MBANKD5,Morningstar France Germany Italy Banks Static Select 10 Equal Weight Decrement 5 NR EUR,MS,MSTAR,2026-07-31 15:38:06 CDT
MBANKE,Morningstar Eurozone Banks Static Select 10 Equal Weight Decrement 50 Point GR EUR,MS,MSTAR,2026-07-31 15:38:06 CDT
MBANKED,Morningstar Eurozone Banks Static Select 10 Equal Weight Decrement 5 NR EUR ,MS,MSTAR,2026-07-31 15:38:06 CDT
MBANKEN,Morningstar Eurozone Banks Static Select 10 Equal Weight Index NR EUR,TP,MSTAR,2026-07-31 15:38:06 CDT
MBANKEP,Morningstar Eurozone Banks Static Select 10 Equal Weight Index PR EUR,MC,MSTAR,2026-07-31 15:38:06 CDT
MBANKET,Morningstar Eurozone Banks Static Select 10 Equal Weight Index GR EUR,MC,MSTAR,2026-07-31 15:38:06 CDT
MBANKG,Morningstar France Germany Italy Banks Static Select 10 Equal Weight GR EUR,MS,MSTAR,2026-07-31 15:38:06 CDT
MBANKGE,Morningstar Transatlantic Banks GR EUR,MS,MSTAR,2026-07-31 15:38:06 CDT
MBANKP,Morningstar France Germany Italy Banks Static Select 10 Equal Weight PR EUR,MS,MSTAR,2026-07-31 15:38:06 CDT
MBANKPE,Morningstar Transatlantic Banks PR EUR,MS,MSTAR,2026-07-31 15:38:06 CDT
MBANKT,Morningstar Transatlantic Banks Decrement 50 Point GR EUR,MS,MSTAR,2026-07-31 15:38:06 CDT
MBANQ10,Morningstar France Italy Spain Banks Select 10 Equal Weighted PR EUR,MS,MSTAR,2026-07-31 15:38:06 CDT
MBANQ10D,Morningstar France Italy Spain Banks Select 10 Equal Weighted Decrement 5 NR EUR,MS,MSTAR,2026-07-31 15:38:06 CDT
MBANQ10G,Morningstar France Italy Spain Banks Select 10 Equal Weighted GR EUR,MS,MSTAR,2026-07-31 15:38:06 CDT
MBANQ10N,Morningstar France Italy Spain Banks Select 10 Equal Weighted NR EUR,MS,MSTAR,2026-07-31 15:38:06 CDT
MBANQ10P,Morningstar France Italy Spain Banks Select 10 Equal Weighted Decrement 50 Point GR EUR,MS,MSTAR,2026-07-31 15:38:06 CDT
MBANT5D,Morningstar Transatlantic Banks Decrement 5 NR EUR,MS,MSTAR,2026-07-31 15:38:06 CDT
MBMS,Morningstar US Basic Materials Sector PR USD,MS,MSTAR,2026-07-31 15:38:06 CDT
MBRLTMGB,Morningstar Brazil All Cap Target Market Exposure GR BRL,MS,MSTAR,2026-07-31 15:38:06 CDT
MBRLTMGU,Morningstar Brazil All Cap Target Market Exposure GR USD,MS,MSTAR,2026-07-31 15:38:06 CDT
MBRLTMPB,Morningstar Brazil All Cap Target Market Exposure PR BRL,MS,MSTAR,2026-07-31 15:38:06 CDT
MBRLTMPU,Morningstar Brazil All Cap Target Market Exposure PR USD,MS,MSTAR,2026-07-31 15:38:06 CDT
MBSS205D,Morningstar Eurozone Banks Screened Select 20 Decrement 5 NR EUR,MC,MSTAR,2026-07-31 15:38:06 CDT
MBSS20D,Morningstar Eurozone Banks Screened Select 20 Decrement 50 Point GR EUR,MC,MSTAR,2026-07-31 15:38:06 CDT
MBSS20D2,Morningstar Eurozone Banks Screened Select 20 Decrement 50 Point Series 2 GR EUR,MS,MSTAR,2026-07-31 15:38:06 CDT
MBSS20NR,Morningstar Eurozone Banks Screened Select 20 NR EUR,MC,MSTAR,2026-07-31 15:38:06 CDT
MBSS20PR,Morningstar Eurozone Banks Screened Select 20 PR EUR,MC,MSTAR,2026-07-31 15:38:06 CDT
MBSS20TR,Morningstar Eurozone Banks Screened Select 20 GR EUR,MC,MSTAR,2026-07-31 15:38:06 CDT
MBTX,Cboe Mini Bitcoin US ETF Index,CO,CGI,2026-07-31 15:38:06 CDT
MBTXS,Cboe Mini Bitcoin US ETF Index AM Settlement Value,CO,CGI,2026-07-31 15:38:06 CDT
MCARE10G,Morningstar Eurozone and UK Healthcare Static Select 10 Equal Weight GR EUR,MS,MSTAR,2026-07-31 15:38:06 CDT
MCARE10N,Morningstar Eurozone and UK Healthcare Static Select 10 Equal Weight NR EUR,MS,MSTAR,2026-07-31 15:38:06 CDT
MCARE10P,Morningstar Eurozone and UK Healthcare Static Select 10 Equal Weight PR EUR,MS,MSTAR,2026-07-31 15:38:06 CDT
MCARE50G,Morningstar Eurozone and UK Healthcare Static Select 10 Equal Weight Decrement 50 Point GR EUR,MS,MSTAR,2026-07-31 15:38:06 CDT
MCARE5D,Morningstar Eurozone and UK Healthcare Static Select 10 Equal Weight Decrement 5 NR EUR,MS,MSTAR,2026-07-31 15:38:06 CDT
MCCFSTPC,Morningstar Canada Financial Services All Cap Target Market Exposure Capped PR CAD,MS,MSTAR,2026-07-31 15:38:06 CDT
MCCS,Morningstar US Consumer Cyclical Sector PR USD,MS,MSTAR,2026-07-31 15:38:06 CDT
MCDS,Morningstar US Consumer Defensive Sector PR USD,MS,MSTAR,2026-07-31 15:38:06 CDT
MCDTP,Morningstar Canada Target Dividend PR CAD,MS,MSTAR,2026-07-31 15:38:06 CDT
MCDTT,Morningstar Canada Target Dividend TR CAD,MS,MSTAR,2026-07-31 15:38:06 CDT
MCDTUP,Morningstar Canada Target Dividend PR USD,MS,MSTAR,2026-07-31 15:38:06 CDT
MCDTUT,Morningstar Canada Target Dividend TR USD,MS,MSTAR,2026-07-31 15:38:06 CDT
MCHATMGC,Morningstar China All Cap Target Market Exposure GR CNY,MS,MSTAR,2026-07-31 15:38:06 CDT
MCHATMGU,Morningstar China All Cap Target Market Exposure GR USD,MS,MSTAR,2026-07-31 15:38:06 CDT
MCHATMPC,Morningstar China All Cap Target Market Exposure PR CNY,MS,MSTAR,2026-07-31 15:38:06 CDT
MCHATMPU,Morningstar China All Cap Target Market Exposure PR USD,MS,MSTAR,2026-07-31 15:38:06 CDT
MCLATMGC,Morningstar Chile All Cap Target Market Exposure GR CLP,MS,MSTAR,2026-07-31 15:38:06 CDT
MCLATMGU,Morningstar Chile All Cap Target Market Exposure GR USD,MS,MSTAR,2026-07-31 15:38:06 CDT
MCLATMPC,Morningstar Chile All Cap Target Market Exposure PR CLP,MS,MSTAR,2026-07-31 15:38:06 CDT
MCLATMPU,Morningstar Chile All Cap Target Market Exposure PR USD,MS,MSTAR,2026-07-31 15:38:06 CDT
MCMOP,Morningstar Canada Target Momentum PR CAD,MS,MSTAR,2026-07-31 15:38:06 CDT
MCMOT,Morningstar Canada Target Momentum TR CAD,MS,MSTAR,2026-07-31 15:38:06 CDT
MCMOUP,Morningstar Canada Target Momentum PR USD,MS,MSTAR,2026-07-31 15:38:06 CDT
MCMOUT,Morningstar Canada Target Momentum TR USD,MS,MSTAR,2026-07-31 15:38:06 CDT
MCOLTMGC,Morningstar Colombia All Cap Target Market Exposure GR COP,MS,MSTAR,2026-07-31 15:38:06 CDT
MCOLTMGU,Morningstar Colombia All Cap Target Market Exposure GR USD,MS,MSTAR,2026-07-31 15:38:06 CDT
MCOLTMPC,Morningstar Colombia All Cap Target Market Exposure PR COP,MS,MSTAR,2026-07-31 15:38:06 CDT
MCOLTMPU,Morningstar Colombia All Cap Target Market Exposure PR USD,MS,MSTAR,2026-07-31 15:38:06 CDT
MCOR,Morningstar US Core Market PR USD,MS,MSTAR,2026-07-31 15:38:06 CDT
MCORE20,Morningstar Eurozone Multi-Sector Select 20 Decrement 50 Point GR EUR,MS,MSTAR,2026-07-31 15:38:06 CDT
MCORE20D,Morningstar Eurozone Multi-Sector Select 20 Decrement 5 NR EUR,MS,MSTAR,2026-07-31 15:38:06 CDT
MCORE20G,Morningstar Eurozone Multi-Sector Select 20 GR EUR,MS,MSTAR,2026-07-31 15:38:06 CDT
MCORE20N,Morningstar Eurozone Multi-Sector Select 20 NR EUR,MS,MSTAR,2026-07-31 15:38:06 CDT
MCORE20P,Morningstar Eurozone Multi-Sector Select 20 PR EUR,MS,MSTAR,2026-07-31 15:38:06 CDT
MCORT,Morningstar US Core Market TR USD,MS,MSTAR,2026-07-31 15:38:06 CDT
MCRATMGC,Morningstar Czech Republic All Cap Target Market Exposure GR CZK,MS,MSTAR,2026-07-31 15:38:06 CDT
MCRATMGU,Morningstar Czech Republic All Cap Target Market Exposure GR USD,MS,MSTAR,2026-07-31 15:38:06 CDT
MCRATMPC,Morningstar Czech Republic All Cap Target Market Exposure PR CZK,MS,MSTAR,2026-07-31 15:38:06 CDT
MCRATMPU,Morningstar Czech Republic All Cap Target Market Exposure PR USD,MS,MSTAR,2026-07-31 15:38:06 CDT
MCSS,Morningstar US Communication Services Capped PR USD,MS,MSTAR,2026-07-31 15:38:06 CDT
MCVAP,Morningstar Canada Target Value PR CAD,MS,MSTAR,2026-07-31 15:38:06 CDT
MCVAT,Morningstar Canada Target Value TR CAD,MS,MSTAR,2026-07-31 15:38:06 CDT
MCVAUP,Morningstar Canada Target Value PR USD,MS,MSTAR,2026-07-31 15:38:06 CDT
MCVAUT,Morningstar Canada Target Value TR USD,MS,MSTAR,2026-07-31 15:38:06 CDT
MDAPKSNU,Morningstar Developed Asia Pacific & Korea Screened Select 150 EUR NR USD,MS,MSTAR,2026-07-31 15:38:06 CDT
MDL,Morningstar Dividend Leaders PR USD,MS,MSTAR,2026-07-31 15:38:06 CDT
MDLTR,Morningstar Dividend Leaders TR USD,MS,MSTAR,2026-07-31 15:38:06 CDT
MDMVTMPU,Morningstar Developed Markets Value Target Market Exposure PR USD,MS,MSTAR,2026-07-31 15:38:06 CDT
MDSTIV,Westwood Enhanced Midstream Income ETF Intraday Indicative Value,TP,INAV,2026-07-31 15:38:06 CDT
MDXUS,Morningstar Developed Markets ex-US PR USD,MS,MSTAR,2026-07-31 15:38:06 CDT
MDXUSFT,Morningstar Developed Markets ex-US Factor Tilt PR USD,MS,MSTAR,2026-07-31 15:38:06 CDT
MDYF,Morningstar Dividend Yield Focus PR USD,MS,MSTAR,2026-07-31 15:38:06 CDT
MDYFCH,Morningstar Dividend Yield Focus PR Hedged CAD,MS,MSTAR,2026-07-31 15:38:06 CDT
MDYFCHT,Morningstar Dividend Yield Focus TR Hedged CAD,MS,MSTAR,2026-07-31 15:38:06 CDT
MDYFCP,Morningstar Dividend Yield Focus CAD PR,MS,MSTAR,2026-07-31 15:38:06 CDT
MDYFCT,Morningstar Dividend Yield Focus CAD TR,MS,MSTAR,2026-07-31 15:38:06 CDT
MDYFT,Morningstar Dividend Yield Focus TR USD,MS,MSTAR,2026-07-31 15:38:06 CDT
MEACTMGE,Morningstar Egypt All Cap Target Market Exposure GR EGP,MS,MSTAR,2026-07-31 15:38:06 CDT
MEACTMGU,Morningstar Egypt All Cap Target Market Exposure GR USD,MS,MSTAR,2026-07-31 15:38:06 CDT
MEACTMPE,Morningstar Egypt All Cap Target Market Exposure PR EGP,MS,MSTAR,2026-07-31 15:38:06 CDT
MEACTMPU,Morningstar Egypt All Cap Target Market Exposure PR USD,MS,MSTAR,2026-07-31 15:38:06 CDT
MEBANK,Morningstar Eurozone Large Banks Decrement 50 Point GR EUR,MS,MSTAR,2026-07-31 15:38:06 CDT
MEBANK5D,Morningstar Eurozone Large Banks Decrement 5 NR EUR,MS,MSTAR,2026-07-31 15:38:06 CDT
MEBANKGE,Morningstar Eurozone Large Banks PR EUR,MS,MSTAR,2026-07-31 15:38:06 CDT
MEBANKPE,Morningstar Eurozone Large Banks GR EUR,MS,MSTAR,2026-07-31 15:38:06 CDT
MECFIS50,Morningstar Eurozone Consumer Disc Financials and Industrials Select 30 Decrement 50 Point,MS,MSTAR,2026-07-31 15:38:06 CDT
MECFIS5N,Morningstar Eurozone Consumer Discretionary Financials and Industrials Select 30 Decrement 5,MS,MSTAR,2026-07-31 15:38:06 CDT
MECFISGE,Morningstar Eurozone Consumer Discretionary Financials and Industrials Select 30,MS,MSTAR,2026-07-31 15:38:06 CDT
MECFISNE,Morningstar Eurozone Consumer Discretionary Financials and Industrials Select 30,MS,MSTAR,2026-07-31 15:38:06 CDT
MECFISPE,Morningstar Eurozone Consumer Discretionary Financials and Industrials Select 30,MS,MSTAR,2026-07-31 15:38:06 CDT
MEFS205D,Morningstar Eurozone Financial Services Screened Select 20 Equal Weight Decrement 5 NR EUR,MC,MSTAR,2026-07-31 15:38:06 CDT
MEFS20D,Morningstar Eurozone Financial Services Screened Select 20 Equal Weight Decrement 50 Point GR EUR,MC,MSTAR,2026-07-31 15:38:06 CDT
MEFS20GE,Morningstar Eurozone Financial Services Screened Select 20 Equal Weight TR EUR,MC,MSTAR,2026-07-31 15:38:06 CDT
MEFS20NE,Morningstar Eurozone Financial Services Screened Select 20 Equal Weight NR EUR,MC,MSTAR,2026-07-31 15:38:06 CDT
MEFS20PE,Morningstar Eurozone Financial Services Screened Select 20 Equal Weight PR EUR,MC,MSTAR,2026-07-31 15:38:06 CDT
MEGA50,Morningstar Transatlantic Select 50 Decrement 50 Point GR EUR,MS,MSTAR,2026-07-31 15:38:06 CDT
MEGA50D,Morningstar Transatlantic Select 50 Decrement 5 NR EUR,MS,MSTAR,2026-07-31 15:38:06 CDT
MEGA50GE,Morningstar Transatlantic Select 50 GR EUR,MS,MSTAR,2026-07-31 15:38:06 CDT
MEGA50GR,Morningstar Transatlantic Select 50 Target Volatility 17,TP,MSTAR,2026-07-31 15:38:06 CDT
MEGA50PE,Morningstar Transatlantic Select 50 PR EUR,MS,MSTAR,2026-07-31 15:38:06 CDT
MEGA50VC,Morningstar Transatlantic Select 50 Target Volatility 17 Decrement 50 Point GR EUR,MS,MSTAR,2026-07-31 15:38:06 CDT
MEMM,Morningstar Emerging Markets PR USD,MS,MSTAR,2026-07-31 15:38:06 CDT
MEMMFT,Morningstar Emerging Markets Factor Tilt PR USD,MS,MSTAR,2026-07-31 15:38:06 CDT
MES,Morningstar US Energy Capped PR USD,MS,MSTAR,2026-07-31 15:38:06 CDT
MESG50D,Morningstar Eurozone ESG Focus Select 50 Decrement 50 Point GR EUR,MS,MSTAR,2026-07-31 15:38:06 CDT
MESG50D5,Morningstar Eurozone ESG Focus Select 50 Decrement 5 NR EUR,MS,MSTAR,2026-07-31 15:38:06 CDT
MESG50G,Morningstar Eurozone ESG Focus Select 50 GR EUR,MS,MSTAR,2026-07-31 15:38:06 CDT
MESG50N,Morningstar Eurozone ESG Focus Select 50 NR EUR,MS,MSTAR,2026-07-31 15:38:06 CDT
MESG50P,Morningstar Eurozone ESG Focus Select 50 PR EUR,MS,MSTAR,2026-07-31 15:38:06 CDT
METACW,Cboe META Call Writing Index,CO,CGI,2026-07-31 15:38:06 CDT
METADI,Cboe META Defined Income Index,CO,CGI,2026-07-31 15:38:06 CDT
METAIO,Cboe META Income Only Index,CO,CGI,2026-07-31 15:38:06 CDT
MEUATMGE,Morningstar Europe All Cap Target Market Exposure GR EUR,MS,MSTAR,2026-07-31 15:38:06 CDT
MEUATMGU,Morningstar Europe All Cap Target Market Exposure GR USD,MS,MSTAR,2026-07-31 15:38:06 CDT
MEUATMPE,Morningstar Europe All Cap Target Market Exposure PR EUR,MS,MSTAR,2026-07-31 15:38:06 CDT
MEUATMPU,Morningstar Europe All Cap Target Market Exposure PR USD,MS,MSTAR,2026-07-31 15:38:06 CDT
MEUROPG,Morningstar Europe Select 600 GR EUR,MS,MSTAR,2026-07-31 15:38:06 CDT
MFRATMGE,Morningstar France All Cap Target Market Exposure GR EUR,MS,MSTAR,2026-07-31 15:38:06 CDT
MFRATMGU,Morningstar France All Cap Target Market Exposure GR USD,MS,MSTAR,2026-07-31 15:38:06 CDT
MFRATMPE,Morningstar France All Cap Target Market Exposure PR EUR,MS,MSTAR,2026-07-31 15:38:06 CDT
MFRATMPU,Morningstar France All Cap Target Market Exposure PR USD,MS,MSTAR,2026-07-31 15:38:06 CDT
MFSS,Morningstar US Financial Services Sector PR USD,MS,MSTAR,2026-07-31 15:38:06 CDT
MGARTMGE,Morningstar Germany All Cap Target Market Exposure GR EUR,MS,MSTAR,2026-07-31 15:38:06 CDT
MGARTMGU,Morningstar Germany All Cap Target Market Exposure GR USD,MS,MSTAR,2026-07-31 15:38:06 CDT
MGARTMPE,Morningstar Germany All Cap Target Market Exposure PR EUR,MS,MSTAR,2026-07-31 15:38:06 CDT
MGARTMPU,Morningstar Germany All Cap Target Market Exposure PR USD,MS,MSTAR,2026-07-31 15:38:06 CDT
MGEUMFUP,Morningstar Global Markets ex-US Moat Focus PR USD,MS,MSTAR,2026-07-31 15:38:06 CDT
MGRATMGE,Morningstar Greece All Cap Target Market Exposure GR EUR,MS,MSTAR,2026-07-31 15:38:06 CDT
MGRATMGU,Morningstar Greece All Cap Target Market Exposure GR USD,MS,MSTAR,2026-07-31 15:38:06 CDT
MGRATMPE,Morningstar Greece All Cap Target Market Exposure PR EUR,MS,MSTAR,2026-07-31 15:38:06 CDT
MGRATMPU,Morningstar Greece All Cap Target Market Exposure PR USD,MS,MSTAR,2026-07-31 15:38:06 CDT
MGRO,Morningstar US Growth Market PR USD,MS,MSTAR,2026-07-31 15:38:06 CDT
MGROT,Morningstar US Growth Market TR USD,MS,MSTAR,2026-07-31 15:38:06 CDT
MGSET,Cboe Magnificent 10 AM Settlement Index,CO,CGI,2026-07-31 15:38:06 CDT
MGTN,Cboe Magnificent 10 Index,CO,CGI,2026-07-31 15:38:06 CDT
MGXUS,Morningstar Global Mkts ex-US PR USD,MS,MSTAR,2026-07-31 15:38:06 CDT
MHKATMGH,Morningstar Hong Kong All Cap Target Market Exposure GR HKD,MS,MSTAR,2026-07-31 15:38:06 CDT
MHKATMGU,Morningstar Hong Kong All Cap Target Market Exposure GR USD,MS,MSTAR,2026-07-31 15:38:06 CDT
MHKATMPH,Morningstar Hong Kong All Cap Target Market Exposure PR HKD,MS,MSTAR,2026-07-31 15:38:06 CDT
MHKATMPU,Morningstar Hong Kong All Cap Target Market Exposure PR USD,MS,MSTAR,2026-07-31 15:38:06 CDT
MHS,Morningstar US Healthcare Sector PR USD,MS,MSTAR,2026-07-31 15:38:06 CDT
MHSSOQ,Morningstar Healthcare Sector PR USD SOQ,MS,MSTAR,2026-07-31 15:38:06 CDT
MHST,Morningstar Healthcare Sector TR USD,MS,MSTAR,2026-07-31 15:38:06 CDT
MHSTSOQ,Morningstar Healthcare Sector TR USD SOQ,MS,MSTAR,2026-07-31 15:38:06 CDT
MIDRTMGI,Morningstar Indonesia All Cap Target Market Exposure GR IDR,MS,MSTAR,2026-07-31 15:38:06 CDT
MIDRTMGU,Morningstar Indonesia All Cap Target Market Exposure GR USD,MS,MSTAR,2026-07-31 15:38:06 CDT
MIDRTMPI,Morningstar Indonesia All Cap Target Market Exposure PR IDR,MS,MSTAR,2026-07-31 15:38:06 CDT
MIDRTMPU,Morningstar Indonesia All Cap Target Market Exposure PR USD,MS,MSTAR,2026-07-31 15:38:06 CDT
MINDTMGI,Morningstar India All Cap Target Market Exposure GR INR,MS,MSTAR,2026-07-31 15:38:06 CDT
MINDTMGU,Morningstar India All Cap Target Market Exposure GR USD,MS,MSTAR,2026-07-31 15:38:06 CDT
MINDTMPI,Morningstar India All Cap Target Market Exposure PR INR,MS,MSTAR,2026-07-31 15:38:06 CDT
MINDTMPU,Morningstar India All Cap Target Market Exposure PR USD,MS,MSTAR,2026-07-31 15:38:06 CDT
MINFRA5,Morningstar Europe Infrastructure Select 20 Decrement 5 NR EUR,MS,MSTAR,2026-07-31 15:38:06 CDT
MINFRA50,Morningstar Europe Infrastructure Select 20 Decrement 50 Point GR EUR,MS,MSTAR,2026-07-31 15:38:06 CDT
MINFRAG,Morningstar Europe Infrastructure Select 20 GR EUR,MS,MSTAR,2026-07-31 15:38:06 CDT
MINFRAN,Morningstar Europe Infrastructure Select 20 NR EUR,MS,MSTAR,2026-07-31 15:38:06 CDT
MINFRAP,Morningstar Europe Infrastructure Select 20 PR EUR,MS,MSTAR,2026-07-31 15:38:06 CDT
MIORECPN,Morningstar IOR Eurozone Catholic Principles NR EUR,MS,MSTAR,2026-07-31 15:38:06 CDT
MIORUCPN,Morningstar IOR US Catholic Principles NR USD,MS,MSTAR,2026-07-31 15:38:06 CDT
MIRATMGE,Morningstar Ireland All Cap Target Market Exposure GR EUR,MS,MSTAR,2026-07-31 15:38:06 CDT
MIRATMGU,Morningstar Ireland All Cap Target Market Exposure GR USD,MS,MSTAR,2026-07-31 15:38:06 CDT
MIRATMPE,Morningstar Ireland All Cap Target Market Exposure PR EUR,MS,MSTAR,2026-07-31 15:38:06 CDT
MIRATMPU,Morningstar Ireland All Cap Target Market Exposure PR USD,MS,MSTAR,2026-07-31 15:38:06 CDT
MIS,Morningstar US Industrials Sector PR USD,MS,MSTAR,2026-07-31 15:38:06 CDT
MITATMGE,Morningstar Italy All Cap Target Market Exposure GR EUR,MS,MSTAR,2026-07-31 15:38:06 CDT
MITATMGU,Morningstar Italy All Cap Target Market Exposure GR USD,MS,MSTAR,2026-07-31 15:38:06 CDT
MITATMPE,Morningstar Italy All Cap Target Market Exposure PR EUR,MS,MSTAR,2026-07-31 15:38:06 CDT
MITATMPU,Morningstar Italy All Cap Target Market Exposure PR USD,MS,MSTAR,2026-07-31 15:38:06 CDT
MJPATMGJ,Morningstar Japan All Cap Target Market Exposure GR JPY,MS,MSTAR,2026-07-31 15:38:06 CDT
MJPATMGU,Morningstar Japan All Cap Target Market Exposure GR USD,MS,MSTAR,2026-07-31 15:38:06 CDT
MJPATMPJ,Morningstar Japan All Cap Target Market Exposure PR JPY,MS,MSTAR,2026-07-31 15:38:06 CDT
MJPATMPU,Morningstar Japan All Cap Target Market Exposure PR USD,MS,MSTAR,2026-07-31 15:38:06 CDT
MKR10RP,Cboe 10 Maker / US Dollar RealPrice Index,TP,CCCY,2026-07-31 15:38:06 CDT
MKR25RP,Cboe 25 Maker / US Dollar RealPrice Index,TP,CCCY,2026-07-31 15:38:06 CDT
MKR2RP,Cboe 2 Maker / US Dollar RealPrice Index,TP,CCCY,2026-07-31 15:38:06 CDT
MKR50RP,Cboe 50 Maker / US Dollar RealPrice Index,TP,CCCY,2026-07-31 15:38:06 CDT
MKR5RP,Cboe 5 Maker / US Dollar RealPrice Index,TP,CCCY,2026-07-31 15:38:06 CDT
MKRATMGK,Morningstar Korea All Cap Target Market Exposure GR KRW,MS,MSTAR,2026-07-31 15:38:06 CDT
MKRATMGU,Morningstar Korea All Cap Target Market Exposure GR USD,MS,MSTAR,2026-07-31 15:38:06 CDT
MKRATMPK,Morningstar Korea All Cap Target Market Exposure PR KRW,MS,MSTAR,2026-07-31 15:38:06 CDT
MKRATMPU,Morningstar Korea All Cap Target Market Exposure PR USD,MS,MSTAR,2026-07-31 15:38:06 CDT
MKUSTMGK,Morningstar Kuwait All Cap Target Market Exposure GR KWD,MS,MSTAR,2026-07-31 15:38:06 CDT
MKUSTMGU,Morningstar Kuwait All Cap Target Market Exposure GR USD,MS,MSTAR,2026-07-31 15:38:06 CDT
MKUSTMPK,Morningstar Kuwait All Cap Target Market Exposure PR KWD,MS,MSTAR,2026-07-31 15:38:06 CDT
MKUSTMPU,Morningstar Kuwait All Cap Target Market Exposure PR USD,MS,MSTAR,2026-07-31 15:38:06 CDT
MLCP,Morningstar US Large Cap Market PR USD,MS,MSTAR,2026-07-31 15:38:06 CDT
MLCPT,Morningstar US Large Cap Market TR USD,MS,MSTAR,2026-07-31 15:38:06 CDT
MLCR,Morningstar US Large Core Market PR USD,MS,MSTAR,2026-07-31 15:38:06 CDT
MLCRT,Morningstar US Large Core Market TR USD,MS,MSTAR,2026-07-31 15:38:06 CDT
MLEAD30,Morningstar Eurozone Multi-Sector Select 30 Decrement 50 Point GR EUR,MS,MSTAR,2026-07-31 15:38:06 CDT
MLEAD30D,Morningstar Eurozone Multi-Sector Select 30 Decrement 5 NR EUR,MS,MSTAR,2026-07-31 15:38:06 CDT
MLEAD30G,Morningstar Eurozone Multi-Sector Select 30 GR EUR,MS,MSTAR,2026-07-31 15:38:06 CDT
MLEAD30N,Morningstar Eurozone Multi-Sector Select 30 NR EUR,MS,MSTAR,2026-07-31 15:38:06 CDT
MLEAD30P,Morningstar Eurozone Multi-Sector Select 30 PR EUR,MS,MSTAR,2026-07-31 15:38:06 CDT
MLEAD40,Morningstar Eurozone Multi-Sector Select 40 Decrement 50 Point GR EUR,MS,MSTAR,2026-07-31 15:38:06 CDT
MLEAD40D,Morningstar Eurozone Multi-Sector Select 40 Decrement 5 NR EUR,MS,MSTAR,2026-07-31 15:38:06 CDT
MLEAD40G,Morningstar Eurozone Multi-Sector Select 40 GR EUR,MS,MSTAR,2026-07-31 15:38:06 CDT
MLEAD40N,Morningstar Eurozone Multi-Sector Select 40 NR EUR,MS,MSTAR,2026-07-31 15:38:06 CDT
MLEAD40P,Morningstar Eurozone Multi-Sector Select 40 PR EUR,MS,MSTAR,2026-07-31 15:38:06 CDT
MLGR,Morningstar US Large Growth Market PR USD,MS,MSTAR,2026-07-31 15:38:06 CDT
MLGRT,Morningstar US Large Growth Market TR USD,MS,MSTAR,2026-07-31 15:38:06 CDT
MLVL,Morningstar US Large Value Market PR USD,MS,MSTAR,2026-07-31 15:38:06 CDT
MLVLT,Morningstar US Large Value Market TR USD,MS,MSTAR,2026-07-31 15:38:06 CDT
MMAXIV,iShares Large Cap Max Buffer Mar ETF,CC,INAV,2026-07-31 15:38:06 CDT
MMCP,Morningstar US Mid Cap Market PR USD,MS,MSTAR,2026-07-31 15:38:06 CDT
MMCPT,Morningstar US Mid Cap Market TR USD,MS,MSTAR,2026-07-31 15:38:06 CDT
MMCR,Morningstar US Mid Core Market PR USD,MS,MSTAR,2026-07-31 15:38:06 CDT
MMCRT,Morningstar US Mid Core Market TR USD,MS,MSTAR,2026-07-31 15:38:06 CDT
MMGR,Morningstar US Mid Growth Market PR USD,MS,MSTAR,2026-07-31 15:38:06 CDT
MMGRT,Morningstar US Mid Growth Market TR USD,MS,MSTAR,2026-07-31 15:38:06 CDT
MMO50CP,Morningstar US Momentum Target 50 CAD PR,MS,MSTAR,2026-07-31 15:38:06 CDT
MMO50CT,Morningstar US Momentum Target 50 CAD TR,MS,MSTAR,2026-07-31 15:38:06 CDT
MMO50P,Morningstar US Target Momentum PR USD,MS,MSTAR,2026-07-31 15:38:06 CDT
MMO50T,Morningstar US Momentum Target 50 USD TR,MS,MSTAR,2026-07-31 15:38:06 CDT
MMVL,Morningstar US Mid Value Market PR USD,MS,MSTAR,2026-07-31 15:38:06 CDT
MMVLT,Morningstar US Mid Value Market TR USD,MS,MSTAR,2026-07-31 15:38:06 CDT
MMXNTMGM,Morningstar Mexico All Cap Target Market Exposure GR MXN,MS,MSTAR,2026-07-31 15:38:06 CDT
MMXNTMGU,Morningstar Mexico All Cap Target Market Exposure GR USD,MS,MSTAR,2026-07-31 15:38:06 CDT
MMXNTMPM,Morningstar Mexico All Cap Target Market Exposure PR MXN,MS,MSTAR,2026-07-31 15:38:06 CDT
MMXNTMPU,Morningstar Mexico All Cap Target Market Exposure PR USD,MS,MSTAR,2026-07-31 15:38:06 CDT
MNBQC,Morningstar National Bank Quebec PR CAD,MS,MSTAR,2026-07-31 15:38:06 CDT
MNBQCG,Morningstar NBC Quebec TR CAD,MS,MSTAR,2026-07-31 15:38:06 CDT
MNBQCT,Morningstar National Bank Quebec NR CAD,MS,MSTAR,2026-07-31 15:38:06 CDT
MNORTMGN,Morningstar Norway All Cap Target Market Exposure GR NOK,MS,MSTAR,2026-07-31 15:38:06 CDT
MNORTMGU,Morningstar Norway All Cap Target Market Exposure GR USD,MS,MSTAR,2026-07-31 15:38:06 CDT
MNORTMPN,Morningstar Norway All Cap Target Market Exposure PR NOK,MS,MSTAR,2026-07-31 15:38:06 CDT
MNORTMPU,Morningstar Norway All Cap Target Market Exposure PR USD,MS,MSTAR,2026-07-31 15:38:06 CDT
MNV,PBP IOPV,CC,INAV,2026-07-31 15:38:06 CDT
MNZATMGN,Morningstar New Zealand All Cap Target Market Exposure GR NZD,MS,MSTAR,2026-07-31 15:38:06 CDT
MNZATMGU,Morningstar New Zealand All Cap Target Market Exposure GR USD,MS,MSTAR,2026-07-31 15:38:06 CDT
MNZATMPN,Morningstar New Zealand All Cap Target Market Exposure PR NZD,MS,MSTAR,2026-07-31 15:38:06 CDT
MNZATMPU,Morningstar New Zealand All Cap Target Market Exposure PR USD,MS,MSTAR,2026-07-31 15:38:06 CDT
MOATVC7,Morningstar WMF HSBC FIDU TV7 ER USD,MS,MSTAR,2026-07-31 15:38:06 CDT
MODD5D,Morningstar Transatlantic Sustainable Development Goals Select 40 Decrement 5 NR EUR,MS,MSTAR,2026-07-31 15:38:06 CDT
MODDGE,Morningstar Transatlantic Sustainable Development Goals Select 40 GR EUR,MS,MSTAR,2026-07-31 15:38:06 CDT
MODDNE,Morningstar Transatlantic Sustainable Development Goals Select 40 NR EUR,MS,MSTAR,2026-07-31 15:38:06 CDT
MODDPE,Morningstar Transatlantic Sustainable Development Goals Select 40 PR EUR,MS,MSTAR,2026-07-31 15:38:06 CDT
MOIL50,Morningstar Transatlantic Oil & Gas Select Decrement 50 Point GR EUR,MS,MSTAR,2026-07-31 15:38:06 CDT
MOIL5D,Morningstar Transatlantic Oil & Gas Select Decrement 5 NR EUR,MS,MSTAR,2026-07-31 15:38:06 CDT
MOILGE,Morningstar Transatlantic Oil & Gas Select GR EUR,MS,MSTAR,2026-07-31 15:38:06 CDT
MOILPE,Morningstar Transatlantic Oil & Gas Select PR EUR,MS,MSTAR,2026-07-31 15:38:06 CDT
MONDE50,Morningstar Developed Markets Select 30 Decrement 50 Point GR EUR,MS,MSTAR,2026-07-31 15:38:06 CDT
MONDE5D,Morningstar Developed Markets Select 30 Decrement 5 NR EUR,MS,MSTAR,2026-07-31 15:38:06 CDT
MONDEGE,Morningstar Developed Markets Select 30 Index GR EUR,MS,MSTAR,2026-07-31 15:38:06 CDT
MONDEPE,Morningstar Developed Markets Select 30 Index PR EUR,MS,MSTAR,2026-07-31 15:38:06 CDT
MPDMPESPU,Morningstar PitchBook Developed Markets Listed Private Equity PR USD,MS,MSTAR,2026-07-31 15:38:06 CDT
MPDPESPC,Morningstar PitchBook Developed Markets Listed Private Equity Select PR CAD,MS,MSTAR,2026-07-31 15:38:06 CDT
MPHARMA,Morningstar Transatlantic Pharmaceuticals Static Select 10 Equal Weight Decrement 50 Point GR EUR,MS,MSTAR,2026-07-31 15:38:06 CDT
MPHARMA5,Morningstar Transatlantic Pharmaceuticals Static Select 10 Equal Weight Decrement 5 NR EUR,MS,MSTAR,2026-07-31 15:38:06 CDT
MPHARMAG,Morningstar Transatlantic Pharmaceuticals Static Select 10 Equal Weight GR EUR,MS,MSTAR,2026-07-31 15:38:06 CDT
MPHARMAN,Morningstar Transatlantic Pharmaceuticals Static Select 10 Equal Weight NR EUR,MS,MSTAR,2026-07-31 15:38:06 CDT
MPHARMAP,Morningstar Transatlantic Pharmaceuticals Static Select 10 Equal Weight PR EUR,MS,MSTAR,2026-07-31 15:38:06 CDT
MPHLTMGP,Morningstar Philippines All Cap Target Market Exposure GR PHP,MS,MSTAR,2026-07-31 15:38:06 CDT
MPHLTMGU,Morningstar Philippines All Cap Target Market Exposure GR USD,MS,MSTAR,2026-07-31 15:38:06 CDT
MPHLTMPP,Morningstar Philippines All Cap Target Market Exposure PR PHP,MS,MSTAR,2026-07-31 15:38:06 CDT
MPHLTMPU,Morningstar Philippines All Cap Target Market Exposure PR USD,MS,MSTAR,2026-07-31 15:38:06 CDT
MPOWER5,Morningstar Developed Europe Power Systems Static Select 20 Decrement 5 NR EUR,MS,MSTAR,2026-07-31 15:38:06 CDT
MPOWERD,Morningstar Developed Europe Power Systems Static Select 20 Decrement 50 Point GR EUR,MS,MSTAR,2026-07-31 15:38:06 CDT
MPOWERG,Morningstar Developed Europe Power Systems Static Select 20 GR EUR,MS,MSTAR,2026-07-31 15:38:06 CDT
MPOWERN,Morningstar Developed Europe Power Systems Static Select 20 NR EUR,MS,MSTAR,2026-07-31 15:38:06 CDT
MPOWERP,Morningstar Developed Europe Power Systems Static Select 20 PR EUR,MS,MSTAR,2026-07-31 15:38:06 CDT
MPRATMGE,Morningstar Portugal All Cap Target Market Exposure GR EUR,MS,MSTAR,2026-07-31 15:38:06 CDT
MPRATMGU,Morningstar Portugal All Cap Target Market Exposure GR USD,MS,MSTAR,2026-07-31 15:38:06 CDT
MPRATMPE,Morningstar Portugal All Cap Target Market Exposure PR EUR,MS,MSTAR,2026-07-31 15:38:06 CDT
MPRATMPU,Morningstar Portugal All Cap Target Market Exposure PR USD,MS,MSTAR,2026-07-31 15:38:06 CDT
MQTATMGQ,Morningstar Qatar All Cap Target Market Exposure GR QAR,MS,MSTAR,2026-07-31 15:38:06 CDT
MQTATMGU,Morningstar Qatar All Cap Target Market Exposure GR USD,MS,MSTAR,2026-07-31 15:38:06 CDT
MQTATMPQ,Morningstar Qatar All Cap Target Market Exposure PR QAR,MS,MSTAR,2026-07-31 15:38:06 CDT
MQTATMPU,Morningstar Qatar All Cap Target Market Exposure PR USD,MS,MSTAR,2026-07-31 15:38:06 CDT
MREAL10,Morningstar Developed Markets Europe Real Estate Static Select 10 Equal Weight PR EUR,MS,MSTAR,2026-07-31 15:38:06 CDT
MREAL10D,Morningstar Developed Markets Europe Real Estate Static Select 10 Equal Weight Decrement 5 NR EUR,MS,MSTAR,2026-07-31 15:38:06 CDT
MREAL10G,Morningstar Developed Markets Europe Real Estate Static Select 10 Equal Weight GR EUR,MS,MSTAR,2026-07-31 15:38:06 CDT
MREAL10N,Morningstar Developed Markets Europe Real Estate Static Select 10 Equal Weight NR EUR,MS,MSTAR,2026-07-31 15:38:06 CDT
MREAL10P,Morningstar DM EU Real Estate Static Select 10 EW Dec 50 Point GR EUR,MS,MSTAR,2026-07-31 15:38:06 CDT
MREINC50,Morningstar Developed Markets Europe AutDefSem Sel 30 Cap Decrement 50 Point GR EUR,MS,MSTAR,2026-07-31 15:38:06 CDT
MREINCD5,Morningstar Developed Markets Europe AutDefSem Sel 30 Cap Decrement 5 NR EUR,MS,MSTAR,2026-07-31 15:38:06 CDT
MREINCGE,Mstar DME Auto Defense and Semi-Conductors Select 30 Capped GE Index,MS,MSTAR,2026-07-31 15:38:06 CDT
MREINCNE,Mstar DME Auto Defense and Semi-Conductors Select 30 Capped NE Index,MS,MSTAR,2026-07-31 15:38:06 CDT
MREINCPE,Mstar DME Auto Defense and Semi-Conductors Select 30 Capped PE Index,MS,MSTAR,2026-07-31 15:38:06 CDT
MREIND50,Morningstar Developed Europe Auto Defense and Semi-Conductors Select 30 Decrement 50 Point GR EUR,MS,MSTAR,2026-07-31 15:38:06 CDT
MREINDD5,Morningstar Developed Markets Europe Auto Defense and Semi-Conductors Select 30 Decrement 5 NR EUR,MS,MSTAR,2026-07-31 15:38:06 CDT
MREINDGE,Morningstar DM Europe Auto Defense and Semi-Conductors Select 30 GR EUR,MS,MSTAR,2026-07-31 15:38:06 CDT
MREINDNE,Morningstar DM Europe Auto Defense and Semi-Conductors Select 30 NR EUR,MS,MSTAR,2026-07-31 15:38:06 CDT
MREINDPE,Morningstar DM Europe Auto Defense and Semi-Conductors Select 30 PR EUR,MS,MSTAR,2026-07-31 15:38:06 CDT
MREITP,Morningstar US REIT Index PR USD,MS,MSTAR,2026-07-31 15:38:06 CDT
MRETS,Morningstar US Real Estate Sector PR USD,MS,MSTAR,2026-07-31 15:38:06 CDT
MRGRIV,IHS-Mkt Proshares Merger ETF,TP,INAV,2026-07-31 15:38:06 CDT
MRLS,Mini Russell 2000 Index Settlement Value,TP,FTSE,2026-07-31 15:38:06 CDT
MRUT,Mini Russell 2000 Index 1/10th,TP,FTSE,2026-07-31 15:38:06 CDT
MS3050CE,Morningstar Eurozone Basic Resouces Banks and Energy Select 30 Capped Decrement 50 Point GR EUR,MS,MSTAR,2026-07-31 15:38:06 CDT
MS3050GE,Morningstar Eurozone 30 Basic Resources Banks and Energy Decrement 50 Point GR EUR,MS,MSTAR,2026-07-31 15:38:06 CDT
MS305BNE,Morningstar Eurozone 30 Basic Resources Banks and Energy Decrement 5 NR EUR,MS,MSTAR,2026-07-31 15:38:06 CDT
MS305CE,Morningstar Eurozone Basic Resouces Banks and Energy Select 30 Capped Decrement 5 NR EUR,MS,MSTAR,2026-07-31 15:38:06 CDT
MS30BECG,Morningstar Eurozone Basic Resouces Banks and Energy Select 30 Capped GR EUR,MS,MSTAR,2026-07-31 15:38:06 CDT
MS30BECN,Morningstar Eurozone Basic Resouces Banks and Energy Select 30 Capped NR EUR,MS,MSTAR,2026-07-31 15:38:06 CDT
MS30BECP,Morningstar Eurozone Basic Resouces Banks and Energy Select 30 Capped PR EUR,MS,MSTAR,2026-07-31 15:38:06 CDT
MS30BEGE,Morningstar Eurozone 30 Basic Resources Banks and Energy GR EUR,MS,MSTAR,2026-07-31 15:38:06 CDT
MS30BENE,Morningstar Eurozone 30 Basic Resources Banks and Energy NR EUR,MS,MSTAR,2026-07-31 15:38:06 CDT
MS30BEPE,Morningstar Eurozone 30 Basic Resources Banks and Energy PR EUR,MS,MSTAR,2026-07-31 15:38:06 CDT
MS30GT5,Morningstar Global Emerging Green Technologies Select 30 Decrement 5 NR EUR,MS,MSTAR,2026-07-31 15:38:06 CDT
MS30GT50,Morningstar Global Emerging Green Technologies Select 30 Decrement 50 Point GR EUR,MS,MSTAR,2026-07-31 15:38:06 CDT
MS30GTG,Morningstar Global Emerging Green Technologies Select 30 GR EUR,MS,MSTAR,2026-07-31 15:38:06 CDT
MS30GTN,Morningstar Global Emerging Green Technologies Select 30 NR EUR,MS,MSTAR,2026-07-31 15:38:06 CDT
MS30GTP,Morningstar Global Emerging Green Technologies Select 30 PR EUR,MS,MSTAR,2026-07-31 15:38:06 CDT
MS35RL,Morningstar Eurozone ESG Risk Management Leaders Select 35 PR EUR,MS,MSTAR,2026-07-31 15:38:06 CDT
MS35RL5,Morningstar Eurozone ESG Risk Management Leaders Select 35 Decrement 5 NR EUR,MS,MSTAR,2026-07-31 15:38:06 CDT
MS35RL50,Morningstar Eurozone ESG Risk Management Leaders Select 35 Decrement 50 Point GR EUR,MC,MSTAR,2026-07-31 15:38:06 CDT
MS35RLG,Morningstar Eurozone ESG Risk Management Leaders Select 35 GR EUR,MS,MSTAR,2026-07-31 15:38:06 CDT
MS35RLN,Morningstar Eurozone ESG Risk Management Leaders Select 35 NR EUR,MS,MSTAR,2026-07-31 15:38:06 CDT
MSAATMGU,Morningstar South Africa All Cap Target Market Exposure GR USD,MS,MSTAR,2026-07-31 15:38:06 CDT
MSAATMGZ,Morningstar South Africa All Cap Target Market Exposure GR ZAR,MS,MSTAR,2026-07-31 15:38:06 CDT
MSAATMPU,Morningstar South Africa All Cap Target Market Exposure PR USD,MS,MSTAR,2026-07-31 15:38:06 CDT
MSAATMPZ,Morningstar South Africa All Cap Target Market Exposure PR ZAR,MS,MSTAR,2026-07-31 15:38:06 CDT
MSAAUSDP,Morningstar Asia PR USD,MS,MSTAR,2026-07-31 15:38:06 CDT
MSABTC5,Morningstar Trans ABLTT ESG Screened Select 60 Capped Decrement 5 NR EUR,MS,MSTAR,2026-07-31 15:38:06 CDT
MSABTC50,Morningstar Trans ABLTT ESG Screened Select 60 Capped Decrement 50 Point GR EUR,MS,MSTAR,2026-07-31 15:38:06 CDT
MSABTCGE,Morningstar Transatlantic Auto Banks Luxury Tech & Telecom ESG Screened Select 60 Capped GR EUR,MS,MSTAR,2026-07-31 15:38:06 CDT
MSABTCNE,Morningstar Transatlantic Auto Banks Luxury Tech & Telecom ESG Screened Select 60 Capped NR EUR,MS,MSTAR,2026-07-31 15:38:06 CDT
MSABTCPE,Morningstar Transatlantic Auto Banks Luxury Tech & Telecom ESG Screened Select 60 Capped PR EUR,MS,MSTAR,2026-07-31 15:38:06 CDT
MSABTT5,Morningstar Transatlantic Auto Banks Luxury Tech & Telecom ESG Screened Select 60 Dec 5 NR EUR,MS,MSTAR,2026-07-31 15:38:06 CDT
MSABTT50,Morningstar Transatlantic Auto Banks Luxury Tech & Telecom ESG Screened Select 60 Dec 50 Pt GR EUR,MS,MSTAR,2026-07-31 15:38:06 CDT
MSABTTGE,Morningstar Transatlantic Auto Banks Luxury Tech & Telecom ESG Screened Select 60 GR EUR,MS,MSTAR,2026-07-31 15:38:06 CDT
MSABTTNE,Morningstar Transatlantic Auto Banks Luxury Tech & Telecom ESG Screened Select 60 NR EUR,MS,MSTAR,2026-07-31 15:38:06 CDT
MSABTTPE,Morningstar Transatlantic Auto Banks Luxury Tech & Telecom ESG Screened Select 60 PR EUR,MS,MSTAR,2026-07-31 15:38:06 CDT
MSACUSDP,Morningstar Asia Pacific PR USD,MS,MSTAR,2026-07-31 15:38:06 CDT
MSACW,MXACW Option Settlement Value,TP,MSCI,2026-07-31 15:38:06 CDT
MSAJTUNU,Morningstar Asia ex-Japan Target Market Exposure UCITS Select NR USD,MS,MSTAR,2026-07-31 15:38:06 CDT
MSAJUSDP,Morningstar Asia ex-Japan PR USD,MS,MSTAR,2026-07-31 15:38:06 CDT
MSAPBS50,Morningstar Eurozone Banks Auto Mfr and Parts and Basic Mat Select 60 Decrement 50 Points GR EUR,MS,MSTAR,2026-07-31 15:38:06 CDT
MSAPBS5N,Morningstar Eurozone Banks Auto Mfr and Parts and Basic Mat Select 60 Decrement 5 NR EUR,MS,MSTAR,2026-07-31 15:38:06 CDT
MSAPBSGE,Morningstar Eurozone Banks Auto Manufacturers and Parts and Basic Materials Select 60 GR EUR,MS,MSTAR,2026-07-31 15:38:06 CDT
MSAPBSNE,Morningstar Eurozone Banks Auto Manufacturers and Parts and Basic Materials Select 60 NR EUR,MS,MSTAR,2026-07-31 15:38:06 CDT
MSAPBSPE,Morningstar Eurozone Banks Auto Manufacturers and Parts and Basic Materials Select 60 PR EUR,MS,MSTAR,2026-07-31 15:38:06 CDT
MSAPS10G,Morningstar Developed Europe Auto Manufacturers and Parts Select 10 Equal Weight GR EUR,MS,MSTAR,2026-07-31 15:38:06 CDT
MSAPS10N,Morningstar Developed Europe Auto Manufacturers and Parts Select 10 Equal Weight NR EUR,MS,MSTAR,2026-07-31 15:38:06 CDT
MSAPS10P,Morningstar Developed Europe Auto Manufacturers and Parts Select 10 Equal Weight PR EUR,MS,MSTAR,2026-07-31 15:38:06 CDT
MSAPS50G,Morningstar Developed Europe Auto Manufacturers and Parts Select 10 Equal Weight Dec 50 Point GR EUR,MS,MSTAR,2026-07-31 15:38:06 CDT
MSAPS5DN,Morningstar Developed Europe Auto Manufacturers and Parts Select 10 Equal Weight Dec 5 NR EUR,MS,MSTAR,2026-07-31 15:38:06 CDT
MSAPUSDP,Morningstar Asia Pacific ex-Japan PR USD,MS,MSTAR,2026-07-31 15:38:06 CDT
MSATEURP,Morningstar Austria PR EUR,MS,MSTAR,2026-07-31 15:38:06 CDT
MSATMEPU,Morningstar Developed Markets Asia Pacific ex-Japan Target Market Exposure PR USD,MS,MSTAR,2026-07-31 15:38:06 CDT
MSATUSDP,Morningstar Austria PR USD,MS,MSTAR,2026-07-31 15:38:06 CDT
MSAUAUDP,Morningstar Australia PR AUD,MS,MSTAR,2026-07-31 15:38:06 CDT
MSAUUSDP,Morningstar Australia PR USD,MS,MSTAR,2026-07-31 15:38:06 CDT
MSBAMD,Morningstar Europe Basic Materials Select 10 Equal Weight Decrement 50 Point GR EUR,MC,MSTAR,2026-07-31 15:38:06 CDT
MSBAMD5,Morningstar Europe Basic Materials Select 10 Equal Weight Decrement 5 NR EUR,MC,MSTAR,2026-07-31 15:38:06 CDT
MSBAMGE,Morningstar Europe Basic Materials Select 10 Equal Weight GR EUR,MC,MSTAR,2026-07-31 15:38:06 CDT
MSBAMNE,Morningstar Europe Basic Materials Select 10 Equal Weight NR EUR,MC,MSTAR,2026-07-31 15:38:06 CDT
MSBAMPE,Morningstar Europe Basic Materials Select 10 Equal Weight PR EUR,MC,MSTAR,2026-07-31 15:38:06 CDT
MSBATMGE,Morningstar Belgium All Cap Target Market Exposure GR EUR,MS,MSTAR,2026-07-31 15:38:06 CDT
MSBATMGU,Morningstar Belgium All Cap Target Market Exposure GR USD,MS,MSTAR,2026-07-31 15:38:06 CDT
MSBATMPE,Morningstar Belgium All Cap Target Market Exposure PR EUR,MS,MSTAR,2026-07-31 15:38:06 CDT
MSBATMPU,Morningstar Belgium All Cap Target Market Exposure PR USD,MS,MSTAR,2026-07-31 15:38:06 CDT
MSBCSEGB,Morningstar Brazil Cyclical Sectors Equal Weighted Select GR BRL,MS,MSTAR,2026-07-31 15:38:06 CDT
MSBCSENB,Morningstar Brazil Cyclical Sectors Equal Weighted Select NR BRL,MS,MSTAR,2026-07-31 15:38:06 CDT
MSBCSEPB,Morningstar Brazil Cyclical Sectors Equal Weighted Select PR BRL,MS,MSTAR,2026-07-31 15:38:06 CDT
MSBDSEGB,Morningstar Brazil Defensive Sectors Equal Weighted GR BRL,MS,MSTAR,2026-07-31 15:38:06 CDT
MSBDSENB,Morningstar Brazil Defensive Sectors Equal Weighted NR BRL,MS,MSTAR,2026-07-31 15:38:06 CDT
MSBDSEPB,Morningstar Brazil Defensive Sectors Equal Weighted PR BRL,MS,MSTAR,2026-07-31 15:38:06 CDT
MSBEEURP,Morningstar Belgium PR EUR,MS,MSTAR,2026-07-31 15:38:06 CDT
MSBEUSDP,Morningstar Belgium PR USD,MS,MSTAR,2026-07-31 15:38:06 CDT
MSBRBRLP,Morningstar Brazil PR BRL,MS,MSTAR,2026-07-31 15:38:06 CDT
MSBRUSDP,Morningstar Brazil PR USD,MS,MSTAR,2026-07-31 15:38:06 CDT
MSBZEWGB,Morningstar Brazil Equal Weighted GR BRL,MS,MSTAR,2026-07-31 15:38:06 CDT
MSBZEWNB,Morningstar Brazil Equal Weighted NR BRL,MS,MSTAR,2026-07-31 15:38:06 CDT
MSBZEWPB,Morningstar Brazil Equal Weighted PR BRL,MS,MSTAR,2026-07-31 15:38:06 CDT
MSCACADP,Morningstar Canada PR CAD,MS,MSTAR,2026-07-31 15:38:06 CDT
MSCATMGC,Morningstar Canada All Cap Target Market Exposure GR CAD,MS,MSTAR,2026-07-31 15:38:06 CDT
MSCATMGU,Morningstar Canada All Cap Target Market Exposure GR USD,MS,MSTAR,2026-07-31 15:38:06 CDT
MSCATMPC,Morningstar Canada All Cap Target Market Exposure PR CAD,MS,MSTAR,2026-07-31 15:38:06 CDT
MSCATMPU,Morningstar Canada All Cap Target Market Exposure PR USD,MS,MSTAR,2026-07-31 15:38:06 CDT
MSCAUSDP,Morningstar Canada PR USD,MS,MSTAR,2026-07-31 15:38:06 CDT
MSCBMTPC,Morningstar Canada Basic Materials All Cap Target Market Exposure Capped PR CAD,MS,MSTAR,2026-07-31 15:38:06 CDT
MSCCCTPC,Morningstar Canada Consumer Cyclical All Cap Target Market Exposure Capped PR CAD,MS,MSTAR,2026-07-31 15:38:06 CDT
MSCCDTPC,Morningstar Canada Consumer Defensive All Cap Target Market Exposure Capped PR CAD,MS,MSTAR,2026-07-31 15:38:06 CDT
MSCEATPC,Morningstar Canada Energy All Cap Target Market Exposure Capped PR CAD,MS,MSTAR,2026-07-31 15:38:06 CDT
MSCEREPE,Morningstar Developed Markets China and Emerging Markets Revenue Exposure PR EUR,MS,MSTAR,2026-07-31 15:38:06 CDT
MSCEREPG,Morningstar Developed Markets China and Emerging Markets Revenue Exposure PR GBP,MS,MSTAR,2026-07-31 15:38:06 CDT
MSCEREPU,Morningstar Developed Markets China and Emerging Markets Revenue Exposure PR USD,MS,MSTAR,2026-07-31 15:38:06 CDT
MSCGWTPC,Morningstar Canada Growth Target Market Exposure PR CAD,MS,MSTAR,2026-07-31 15:38:06 CDT
MSCHATPC,Morningstar Canada Healthcare All Cap Target Market Exposure Capped PR CAD,MS,MSTAR,2026-07-31 15:38:06 CDT
MSCHCHFP,Morningstar Switzerland PR CHF,MS,MSTAR,2026-07-31 15:38:06 CDT
MSCHUSDP,Morningstar Switzerland PR USD,MS,MSTAR,2026-07-31 15:38:06 CDT
MSCIATPC,Morningstar Canada Industrials All Cap Target Market Exposure Capped PR CAD,MS,MSTAR,2026-07-31 15:38:06 CDT
MSCLCLPP,Morningstar Chile PR CLP,MS,MSTAR,2026-07-31 15:38:06 CDT
MSCLUSDP,Morningstar Chile PR USD,MS,MSTAR,2026-07-31 15:38:06 CDT
MSCNCNYP,Morningstar China PR CNY,MS,MSTAR,2026-07-31 15:38:06 CDT
MSCNUSDP,Morningstar China PR USD,MS,MSTAR,2026-07-31 15:38:06 CDT
MSCOCOPP,Morningstar Colombia PR COP,MS,MSTAR,2026-07-31 15:38:06 CDT
MSCOMD,Morningstar Europe Telecommunication Services Select 10 Equal Weight Decrement 50 Point GR EUR,MC,MSTAR,2026-07-31 15:38:06 CDT
MSCOMD5,Morningstar Europe Telecommunication Services Select 10 Equal Weight Decrement 5 NR EUR,MC,MSTAR,2026-07-31 15:38:06 CDT
MSCOMGE,Morningstar Europe Telecommunication Services Select 10 Equal Weight GR EUR,MC,MSTAR,2026-07-31 15:38:06 CDT
MSCOMNE,Morningstar Europe Telecommunication Services Select 10 Equal Weight NR EUR,MC,MSTAR,2026-07-31 15:38:06 CDT
MSCOMPE,Morningstar Europe Telecommunication Services Select 10 Equal Weight PR EUR,MC,MSTAR,2026-07-31 15:38:06 CDT
MSCOND5,Morningstar Transatlantic Semiconductors Select 15 Decrement 5 NR EUR,MC,MSTAR,2026-07-31 15:38:06 CDT
MSCOND50,Morningstar Transatlantic Semiconductors Select 15 Decrement 50 Point GR EUR,MC,MSTAR,2026-07-31 15:38:06 CDT
MSCONGE,Morningstar Transatlantic Semiconductors Select 15 GR EUR,MC,MSTAR,2026-07-31 15:38:06 CDT
MSCONPE,Morningstar Transatlantic Semiconductors Select 15 PR EUR,MC,MSTAR,2026-07-31 15:38:06 CDT
MSCOUSDP,Morningstar Colombia PR USD,MS,MSTAR,2026-07-31 15:38:06 CDT
MSCP,Morningstar US Small Cap Market PR USD,MS,MSTAR,2026-07-31 15:38:06 CDT
MSCPT,Morningstar US Small Cap Market TR USD,MS,MSTAR,2026-07-31 15:38:06 CDT
MSCR,Morningstar US Small Core Market PR USD,MS,MSTAR,2026-07-31 15:38:06 CDT
MSCRETPC,Morningstar Canada Real Estate All Cap Target Market Exposure Capped PR CAD,MS,MSTAR,2026-07-31 15:38:06 CDT
MSCRT,Morningstar US Small Core Market TR USD,MS,MSTAR,2026-07-31 15:38:06 CDT
MSCSTEPC,Morningstar Canada Small Cap Target Market Exposure PR CAD,MC,MSTAR,2026-07-31 15:38:06 CDT
MSCTCTPC,Morningstar Canada Technology & Communication Services All Cap Target Market Exposure Capped PR CAD,MS,MSTAR,2026-07-31 15:38:06 CDT
MSCTMEPU,Morningstar Canada Target Market Exposure PR USD,MS,MSTAR,2026-07-31 15:38:06 CDT
MSCUATPC,Morningstar Canada Utilities All Cap Target Market Exposure Capped PR CAD,MS,MSTAR,2026-07-31 15:38:06 CDT
MSCVLTPC,Morningstar Canada Value Target Market Exposure PR CAD,MS,MSTAR,2026-07-31 15:38:06 CDT
MSCXFFPC,Morningstar Canada ex-Fossil Fuels PR CAD,MS,MSTAR,2026-07-31 15:38:06 CDT
MSCZCZKP,Morningstar Czech Republic PR CZK,MS,MSTAR,2026-07-31 15:38:06 CDT
MSCZUSDP,Morningstar Czech Republic PR USD,MS,MSTAR,2026-07-31 15:38:06 CDT
MSDATMGD,Morningstar Denmark All Cap Target Market Exposure GR DKK,MS,MSTAR,2026-07-31 15:38:06 CDT
MSDATMGU,Morningstar Denmark All Cap Target Market Exposure GR USD,MS,MSTAR,2026-07-31 15:38:06 CDT
MSDATMPD,Morningstar Denmark All Cap Target Market Exposure PR DKK,MS,MSTAR,2026-07-31 15:38:06 CDT
MSDATMPU,Morningstar Denmark All Cap Target Market Exposure PR USD,MS,MSTAR,2026-07-31 15:38:06 CDT
MSDAUSDP,Morningstar Developed Markets Americas PR USD,MS,MSTAR,2026-07-31 15:38:06 CDT
MSDE50CA,Morningstar Developed Europe Energy Select 10 Capped Decrement 50 Point GR EUR,MS,MSTAR,2026-07-31 15:38:06 CDT
MSDE50GE,Morningstar Developed Europe Energy Select 10 Decrement 50 Point GR EUR,MS,MSTAR,2026-07-31 15:38:06 CDT
MSDE5DCA,Morningstar Developed Europe Energy Select 10 Capped Decrement 5 NR EUR,MS,MSTAR,2026-07-31 15:38:06 CDT
MSDE5DNE,Morningstar Developed Europe Energy Select 10 Decrement 5 NR EUR,MS,MSTAR,2026-07-31 15:38:06 CDT
MSDEEGCA,Morningstar Developed Europe Energy Select 10 Capped TR EUR,MC,MSTAR,2026-07-31 15:38:06 CDT
MSDEENCA,Morningstar Developed Europe Energy Select 10 Capped NR EUR,MC,MSTAR,2026-07-31 15:38:06 CDT
MSDEEPCA,Morningstar Developed Europe Energy Select 10 Capped PR EUR,MC,MSTAR,2026-07-31 15:38:06 CDT
MSDEESGE,Morningstar Developed Europe Energy Select 10 GR EUR,MS,MSTAR,2026-07-31 15:38:06 CDT
MSDEESNE,Morningstar Developed Europe Energy Select 10 NR EUR,MS,MSTAR,2026-07-31 15:38:06 CDT
MSDEESPE,Morningstar Developed Europe Energy Select 10 PR EUR,MS,MSTAR,2026-07-31 15:38:06 CDT
MSDEEURP,Morningstar Germany PR EUR,MS,MSTAR,2026-07-31 15:38:06 CDT
MSDEEZGE,Morningstar Developed Eurozone Multi-Sector Select 10 22 Capped GR EUR,MS,MSTAR,2026-07-31 15:38:06 CDT
MSDEEZNE,Morningstar Developed Eurozone Multi-Sector Select 10 22 Capped NR EUR,MS,MSTAR,2026-07-31 15:38:06 CDT
MSDEEZPE,Morningstar Developed Eurozone Multi-Sector Select 10 22 Capped PR EUR,MS,MSTAR,2026-07-31 15:38:06 CDT
MSDEFSPE,Morningstar Developed Markets Europe Financial Services PR EUR,MS,MSTAR,2026-07-31 15:38:06 CDT
MSDEGTPE,Morningstar Developed Europe Growth Target Market Exposure PR EUR,MS,MSTAR,2026-07-31 15:38:06 CDT
MSDEHS4E,Morningstar Developed Markets Europe Healthcare Sector 4 Decrement NR EUR,MS,MSTAR,2026-07-31 15:38:06 CDT
MSDEHS50,Morningstar Developed Markets Europe Healthcare Sector 50 Decrement GR EUR,MS,MSTAR,2026-07-31 15:38:06 CDT
MSDEHS5E,Morningstar Developed Markets Europe Healthcare Sector 5 Decrement NR EUR,MS,MSTAR,2026-07-31 15:38:06 CDT
MSDEHSGE,Morningstar Developed Markets Europe Healthcare Sector GR EUR,MS,MSTAR,2026-07-31 15:38:06 CDT
MSDEHSPE,Morningstar Developed Markets Europe Healthcare Sector PR EUR,MS,MSTAR,2026-07-31 15:38:06 CDT
MSDEILGE,Morningstar Developed Eurozone Industry Leaders Select 25 GR EUR,MS,MSTAR,2026-07-31 15:38:06 CDT
MSDEILNE,Morningstar Developed Eurozone Industry Leaders Select 25 NR EUR,MS,MSTAR,2026-07-31 15:38:06 CDT
MSDEILPE,Morningstar Developed Eurozone Industry Leaders Select 25 PR EUR,MS,MSTAR,2026-07-31 15:38:06 CDT
MSDEM50E,Morningstar Developed Markets Europe Auto Manufacturers & Auto Parts Industries 50 Decrement GR EUR,MS,MSTAR,2026-07-31 15:38:06 CDT
MSDEMP4E,Morningstar Developed Markets Europe Auto Manufacturers & Auto Parts Industries 4 Decrement NR EUR,MS,MSTAR,2026-07-31 15:38:06 CDT
MSDEMP5E,Morningstar Developed Markets Europe Auto Manufacturers & Auto Parts Industries 5 Decrement NR EUR,MS,MSTAR,2026-07-31 15:38:06 CDT
MSDEMPGE,Morningstar Developed Markets Europe Auto Manufacturers & Auto Parts Industries GR EUR,MS,MSTAR,2026-07-31 15:38:06 CDT
MSDEMPPE,Morningstar Developed Markets Europe Auto Manufacturers & Auto Parts Industries PR EUR,MS,MSTAR,2026-07-31 15:38:06 CDT
MSDEMSGE,Morningstar Developed Eurozone Multi-Sector Select 15 Capped GR EUR,MS,MSTAR,2026-07-31 15:38:06 CDT
MSDEMSNE,Morningstar Developed Eurozone Multi-Sector Select 15 Capped NR EUR,MS,MSTAR,2026-07-31 15:38:06 CDT
MSDEMSPE,Morningstar Developed Eurozone Multi-Sector Select 15 Capped PR EUR,MS,MSTAR,2026-07-31 15:38:06 CDT
MSDEO50E,Morningstar Developed Markets Europe Large-Mid Oil and Gas Decrement 50 Point GR EUR,MS,MSTAR,2026-07-31 15:38:06 CDT
MSDEO5NE,Morningstar Developed Markets Europe Large-Mid Oil and Gas Decrement 5 NR EUR,MS,MSTAR,2026-07-31 15:38:06 CDT
MSDEOGGE,Morningstar Developed Markets Europe Large-Mid Oil and Gas GR EUR,MS,MSTAR,2026-07-31 15:38:06 CDT
MSDEOGNE,Morningstar Developed Markets Europe Large-Mid Oil and Gas NR EUR,MS,MSTAR,2026-07-31 15:38:06 CDT
MSDEOGPE,Morningstar Developed Markets Europe Large-Mid Oil and Gas PR EUR,MS,MSTAR,2026-07-31 15:38:06 CDT
MSDER30N,Morningstar Developed Europe Renewable Energy Select 30 NR EUR,MS,MSTAR,2026-07-31 15:38:06 CDT
MSDER50E,Morningstar Developed Europe Renewable Energy Select 30 Decrement 50 Point EUR,MS,MSTAR,2026-07-31 15:38:06 CDT
MSDER5DE,Morningstar Developed Europe Renewable Energy Select 30 Decrement 5 Index EUR,MS,MSTAR,2026-07-31 15:38:06 CDT
MSDERBMPE,Morningstar Developed Markets Europe Basic Materials PR EUR,MS,MSTAR,2026-07-31 15:38:06 CDT
MSDERCCPE,Morningstar Developed Markets Europe Consumer Cyclical PR EUR,MS,MSTAR,2026-07-31 15:38:06 CDT
MSDERCDPE,Morningstar Developed Markets Europe Consumer Defensive PR EUR,MS,MSTAR,2026-07-31 15:38:06 CDT
MSDERCSPE,Morningstar Developed Markets Europe Communication Services PR EUR,MS,MSTAR,2026-07-31 15:38:06 CDT
MSDERENPE,Morningstar Developed Markets Europe Energy PR EUR,MS,MSTAR,2026-07-31 15:38:06 CDT
MSDERHCPE,Morningstar Developed Markets Europe Healthcare PR EUR,MS,MSTAR,2026-07-31 15:38:06 CDT
MSDERINPE,Morningstar Developed Markets Europe Industrials PR EUR,MS,MSTAR,2026-07-31 15:38:06 CDT
MSDERREPE,Morningstar Developed Markets Europe Real Estate PR EUR,MS,MSTAR,2026-07-31 15:38:06 CDT
MSDERTNPE,Morningstar Developed Markets Europe Technology PR EUR,MS,MSTAR,2026-07-31 15:38:06 CDT
MSDERUTPE,Morningstar Developed Markets Europe Utilities PR EUR,MS,MSTAR,2026-07-31 15:38:06 CDT
MSDESENE,Morningstar Developed Europe Screened Select 150 EUR NR EUR,MS,MSTAR,2026-07-31 15:38:06 CDT
MSDETC4E,Morningstar Developed Markets Europe Tech & Comm Services Sectors 4 Decrement NR EUR,MS,MSTAR,2026-07-31 15:38:06 CDT
MSDETC50,Morningstar Developed Markets Europe Tech & Comm Services Sectors 50 Decrement GR EUR,MS,MSTAR,2026-07-31 15:38:06 CDT
MSDETC5E,Morningstar Developed Markets Europe Tech & Comm Services Sectors 5 Decrement NR EUR,MS,MSTAR,2026-07-31 15:38:06 CDT
MSDETCGE,Morningstar Developed Markets Europe Technology & Communication Services Sectors GR EUR,MS,MSTAR,2026-07-31 15:38:06 CDT
MSDETCPE,Morningstar Developed Markets Europe Technology & Communication Services Sectors PR EUR,MS,MSTAR,2026-07-31 15:38:06 CDT
MSDETPNE,Morningstar Developed Europe Target Market Exposure Paris Aligned Benchmark Select NR EUR,MS,MSTAR,2026-07-31 15:38:06 CDT
MSDETPNU,Morningstar Developed Europe Target Market Exposure Paris Aligned Benchmark Select NR USD,MS,MSTAR,2026-07-31 15:38:06 CDT
MSDETUNE,Morningstar Developed Europe Target Market Exposure UCITS Select NR EUR,MS,MSTAR,2026-07-31 15:38:06 CDT
MSDEUSDP,Morningstar Germany PR USD,MS,MSTAR,2026-07-31 15:38:06 CDT
MSDGF50D,Morningstar Transatlantic Sustainable Development Goals Focus 40 Decrement 50 Point GR EUR,MS,MSTAR,2026-07-31 15:38:06 CDT
MSDGF5D,Morningstar Transatlantic Sustainable Development Goals Focus 40 Decrement 5 NR EUR,MS,MSTAR,2026-07-31 15:38:06 CDT
MSDGFGE,Morningstar Transatlantic Sustainable Development Goals Focus 40 GR EUR,MS,MSTAR,2026-07-31 15:38:06 CDT
MSDGFPE,Morningstar Transatlantic Sustainable Development Goals Focus 40 PR EUR,MS,MSTAR,2026-07-31 15:38:06 CDT
MSDGWTPU,Morningstar Developed Markets Growth Target Market Exposure PR USD,MS,MSTAR,2026-07-31 15:38:06 CDT
MSDHCSPU,Morningstar Developed Markets Healthcare PR USD,MS,MSTAR,2026-07-31 15:38:06 CDT
MSDHIDVE,Morningstar Dividend Yield Focus Target Volatility 5 ER USD,MS,MSTAR,2026-07-31 15:38:06 CDT
MSDIBUPU,Morningstar US Dividend and Buyback PR USD,MS,MSTAR,2026-07-31 15:38:06 CDT
MSDIDGPU,Morningstar Global ex-US Dividend Growth PR USD,MS,MSTAR,2026-07-31 15:38:06 CDT
MSDIDMPU,Morningstar Developed Markets Wide Moat Focus PR USD,MS,MSTAR,2026-07-31 15:38:06 CDT
MSDIDYPU,Morningstar Developed Markets Dividend Yield Focus PR USD,MS,MSTAR,2026-07-31 15:38:06 CDT
MSDIEMIP,Morningstar Exponential Technologies Moat Focus PR USD,MS,MSTAR,2026-07-31 15:38:06 CDT
MSDIHDVA,Morningstar Dividend Yield Focus Target Volatility 5 TR USD,MS,MSTAR,2026-07-31 15:38:06 CDT
MSDIRYPS,Morningstar Singapore REIT Yield Focus PR SGD,MS,MSTAR,2026-07-31 15:38:06 CDT
MSDIUSDP,Morningstar Developed Markets Asia Pacific PR USD,MS,MSTAR,2026-07-31 15:38:06 CDT
MSDIUSPP,Morningstar Ultimate Stock-Pickers PR USD,MS,MSTAR,2026-07-31 15:38:06 CDT
MSDIUSPT,Morningstar Ultimate Stock-Pickers TR USD,MS,MSTAR,2026-07-31 15:38:06 CDT
MSDIVGP,Morningstar US Dividend Growth PR USD,MS,MSTAR,2026-07-31 15:38:06 CDT
MSDIVGT,Morningstar US Dividend Growth TR USD,MS,MSTAR,2026-07-31 15:38:06 CDT
MSDKDKKP,Morningstar Denmark PR DKK,MS,MSTAR,2026-07-31 15:38:06 CDT
MSDKUSDP,Morningstar Denmark PR USD,MS,MSTAR,2026-07-31 15:38:06 CDT
MSDMBMPU,Morningstar Developed Markets Basic Materials PR USD,MS,MSTAR,2026-07-31 15:38:06 CDT
MSDMCCPU,Morningstar Developed Markets Consumer Cyclical PR USD,MS,MSTAR,2026-07-31 15:38:06 CDT
MSDMCDPU,Morningstar Developed Markets Consumer Defensive PR USD,MS,MSTAR,2026-07-31 15:38:06 CDT
MSDMCP,Morningstar Developed Markets ex-North America Target Momentum PR CAD,MS,MSTAR,2026-07-31 15:38:06 CDT
MSDMCSPU,Morningstar Developed Markets Communication Services PR USD,MS,MSTAR,2026-07-31 15:38:06 CDT
MSDMDLGE,Morningstar Developed Markets Large Cap Dividend Leaders GR EUR,MS,MSTAR,2026-07-31 15:38:06 CDT
MSDMDLGU,Morningstar Developed Markets Large Cap Dividend Leaders Index GR USD,MS,MSTAR,2026-07-31 15:38:06 CDT
MSDMDLPU,Morningstar Developed Markets Large Cap Dividend Leaders Index PR USD,MS,MSTAR,2026-07-31 15:38:06 CDT
MSDMFSPU,Morningstar Developed Markets Financial Services PR USD,MS,MSTAR,2026-07-31 15:38:06 CDT
MSDMR50E,Morningstar Developed Markets Renewable Energy Select 30 Decrement 50 Point EUR,MS,MSTAR,2026-07-31 15:38:06 CDT
MSDMR5DE,Morningstar Developed Markets Renewable Energy Select 30 Decrement 5 EUR,MS,MSTAR,2026-07-31 15:38:06 CDT
MSDMRENE,Morningstar Developed Markets Renewable Energy Select 30 NR EUR,MS,MSTAR,2026-07-31 15:38:06 CDT
MSDMREPU,Morningstar Developed Markets Real Estate PR USD,MS,MSTAR,2026-07-31 15:38:06 CDT
MSDMTMPU,Morningstar Developed Markets Target Market Exposure PR USD,MS,MSTAR,2026-07-31 15:38:06 CDT
MSDMTPNU,Morningstar Developed Markets Target Market Exposure Paris Aligned Benchmark Select NR USD,MS,MSTAR,2026-07-31 15:38:06 CDT
MSDMTUNU,Morningstar Developed Markets Target Market Exposure UCITS Select NR USD,MS,MSTAR,2026-07-31 15:38:06 CDT
MSDMUP,Morningstar Developed Markets ex-North America Target Momentum PR USD,MS,MSTAR,2026-07-31 15:38:06 CDT
MSDMUSDP,Morningstar Developed Markets PR USD,MS,MSTAR,2026-07-31 15:38:06 CDT
MSDP50GE,Morningstar Developed Markets Paris Aligned Benchmark Select 100 Decrement 50 Point GR EUR,MS,MSTAR,2026-07-31 15:38:06 CDT
MSDPS1GE,Morningstar Developed Markets Paris Aligned Benchmark Select 100 PR EUR,MS,MSTAR,2026-07-31 15:38:06 CDT
MSDPS1PE,Morningstar Developed Markets Paris Aligned Benchmark Select 100 PR EUR,MS,MSTAR,2026-07-31 15:38:06 CDT
MSDPS4NE,Morningstar Developed Markets Paris Aligned Benchmark Select 100 Decrement 4 NR EUR,MS,MSTAR,2026-07-31 15:38:06 CDT
MSDPS5NE,Morningstar Developed Markets Paris Aligned Benchmark Select 100 Decrement 5 NR EUR,MS,MSTAR,2026-07-31 15:38:06 CDT
MSDSCTPU,Morningstar Developed Markets Small Cap Target Market Exposure PR USD,MS,MSTAR,2026-07-31 15:38:06 CDT
MSDSDYGE,Morningstar Developed Markets Sustainability Dividend Yield Focus GR EUR,MS,MSTAR,2026-07-31 15:38:06 CDT
MSDSGTPE,Morningstar Developed Markets Small Cap Growth Target Market Exposure PR EUR,MS,MSTAR,2026-07-31 15:38:06 CDT
MSDTECPU,Morningstar Developed Markets Technology PR USD,MS,MSTAR,2026-07-31 15:38:06 CDT
MSDTHS4E,Morningstar Developed Markets Transatlantic Healthcare Sector 4 Decrement NR EUR,MS,MSTAR,2026-07-31 15:38:06 CDT
MSDTHS50,Morningstar Developed Markets Transatlantic Healthcare Sector 50 Decrement GR EUR,MS,MSTAR,2026-07-31 15:38:06 CDT
MSDTHS5E,Morningstar Developed Markets Transatlantic Healthcare Sector 5 Decrement NR EUR,MS,MSTAR,2026-07-31 15:38:06 CDT
MSDTHSGE,Morningstar Developed Markets Transatlantic Healthcare Sector GR EUR,MS,MSTAR,2026-07-31 15:38:06 CDT
MSDTHSPE,Morningstar Developed Markets Transatlantic Healthcare Sector PR EUR,MS,MSTAR,2026-07-31 15:38:06 CDT
MSDTTC4E,Morningstar Developed Markets Transatlantic Tech & Comm Services Sectors 4 Decrement NR EUR,MS,MSTAR,2026-07-31 15:38:06 CDT
MSDTTC50,Morningstar Developed Markets Transatlantic Tech & Comm Services Sectors 50 Decrement GR EUR,MS,MSTAR,2026-07-31 15:38:06 CDT
MSDTTC5E,Morningstar Developed Markets Transatlantic Tech & Comm Services Sectors 5 Decrement NR EUR,MS,MSTAR,2026-07-31 15:38:06 CDT
MSDTTCD2,Morningstar Developed Markets Transatlantic Tech & Comm Serv Sect Decrement 50 Point Series 2 GR EUR,MS,MSTAR,2026-07-31 15:38:06 CDT
MSDTTCGE,Morningstar Developed Markets Transatlantic Technology & Communication Services Sectors GR EUR,MS,MSTAR,2026-07-31 15:38:06 CDT
MSDTTCPE,Morningstar Developed Markets Transatlantic Technology & Communication Services Sectors PR EUR,MS,MSTAR,2026-07-31 15:38:06 CDT
MSDUTMGS,Morningstar Saudi Arabia All Cap Target Market Exposure GR SAR,MS,MSTAR,2026-07-31 15:38:06 CDT
MSDUTMGU,Morningstar Saudi Arabia All Cap Target Market Exposure GR USD,MS,MSTAR,2026-07-31 15:38:06 CDT
MSDUTMPS,Morningstar Saudi Arabia All Cap Target Market Exposure PR SAR,MS,MSTAR,2026-07-31 15:38:06 CDT
MSDUTMPU,Morningstar Saudi Arabia All Cap Target Market Exposure PR USD,MS,MSTAR,2026-07-31 15:38:06 CDT
MSDVCP,Morningstar Developed Markets ex-North America Target Value PR CAD,MS,MSTAR,2026-07-31 15:38:06 CDT
MSDVEURP,Morningstar Developed Markets Europe PR EUR,MS,MSTAR,2026-07-31 15:38:06 CDT
MSDVUP,Morningstar Developed Markets ex-North America Target Value PR USD,MS,MSTAR,2026-07-31 15:38:06 CDT
MSDVUSDP,Morningstar Developed Markets Europe PR USD,MS,MSTAR,2026-07-31 15:38:06 CDT
MSDWMSGU,Morningstar Developed Markets Wide Moat Select 100 GR USD,MS,MSTAR,2026-07-31 15:38:06 CDT
MSDWMSNU,Morningstar Developed Markets Wide Moat Select 100 NR USD,MS,MSTAR,2026-07-31 15:38:06 CDT
MSDWTMGS,Morningstar Sweden All Cap Target Market Exposure GR SEK,MS,MSTAR,2026-07-31 15:38:06 CDT
MSDWTMGU,Morningstar Sweden All Cap Target Market Exposure GR USD,MS,MSTAR,2026-07-31 15:38:06 CDT
MSDWTMPS,Morningstar Sweden All Cap Target Market Exposure PR SEK,MS,MSTAR,2026-07-31 15:38:06 CDT
MSDWTMPU,Morningstar Sweden All Cap Target Market Exposure PR USD,MS,MSTAR,2026-07-31 15:38:06 CDT
MSDXEURP,Morningstar Developed Markets Europe ex-UK PR EUR,MS,MSTAR,2026-07-31 15:38:06 CDT
MSDXJEGG,Morningstar Developed Markets Asia Pacific ex-Japan ESG Enhanced GR GBP,MS,MSTAR,2026-07-31 15:38:06 CDT
MSDXJENG,Morningstar Developed Markets Asia Pacific ex-Japan ESG Enhanced NR GBP,MS,MSTAR,2026-07-31 15:38:06 CDT
MSDXJEPG,Morningstar Developed Markets Asia Pacific ex-Japan ESG Enhanced PR GBP,MS,MSTAR,2026-07-31 15:38:06 CDT
MSDXUEGG,Morningstar Developed Europe ex-UK ESG Enhanced GR GBP,MS,MSTAR,2026-07-31 15:38:06 CDT
MSDXUENG,Morningstar Developed Europe ex-UK ESG Enhanced NR GBP,MS,MSTAR,2026-07-31 15:38:06 CDT
MSDXUEPG,Morningstar Developed Europe ex-UK ESG Enhanced PR GBP,MS,MSTAR,2026-07-31 15:38:06 CDT
MSDXULPU,Morningstar Developed Markets ex-US Large Cap PR USD,MS,MSTAR,2026-07-31 15:38:06 CDT
MSDXUSDP,Morningstar Developed Markets Europe ex-UK PR USD,MS,MSTAR,2026-07-31 15:38:06 CDT
MSDXUTPU,Morningstar Developed Markets ex-US Target Market Exposure PR USD,MS,MSTAR,2026-07-31 15:38:06 CDT
MSE50GE,Morningstar Eurozone ESG Screened Select 15 Decrement 50 Point GR EUR,MS,MSTAR,2026-07-31 15:38:06 CDT
MSE5DNE,Morningstar Eurozone ESG Screened Select 15 Decrement 5 NR EUR,MS,MSTAR,2026-07-31 15:38:06 CDT
MSEAUSDP,Morningstar Emerging Markets Americas PR USD,MS,MSTAR,2026-07-31 15:38:06 CDT
MSEBD502,Morningstar Eurozone Large-Mid Banks Decrement 50 Point GR EUR Series 2,MS,MSTAR,2026-07-31 15:38:06 CDT
MSEBD50E,Morningstar Eurozone Large-Mid Banks Decrement 50 Point GR EUR,MS,MSTAR,2026-07-31 15:38:06 CDT
MSEBD5NE,Morningstar Eurozone Large-Mid Banks Decrement 5 NR EUR,MS,MSTAR,2026-07-31 15:38:06 CDT
MSEBKSGE,Morningstar Eurozone Large-Mid Banks GR EUR,MS,MSTAR,2026-07-31 15:38:06 CDT
MSEBKSNE,Morningstar Eurozone Large-Mid Banks NR EUR,MS,MSTAR,2026-07-31 15:38:06 CDT
MSEBKSPE,Morningstar Eurozone Large-Mid Banks PR EUR,MS,MSTAR,2026-07-31 15:38:06 CDT
MSEBS50G,Morningstar Eurozone Banks Select Decrement 50 Point GR EUR,MS,MSTAR,2026-07-31 15:38:06 CDT
MSEBSL5N,Morningstar Eurozone Banks Select Decrement 5 NR EUR,MS,MSTAR,2026-07-31 15:38:06 CDT
MSEBSLGE,Morningstar Eurozone Banks Select GR EUR,MS,MSTAR,2026-07-31 15:38:06 CDT
MSEBSLNE,Morningstar Eurozone Banks Select NR EUR,MS,MSTAR,2026-07-31 15:38:06 CDT
MSEBSLPE,Morningstar Eurozone Banks Select PR EUR,MS,MSTAR,2026-07-31 15:38:06 CDT
MSEC3050,Morningstar Developed Markets Europe 30 Energy & Commodity Decrement 50 Point GR EUR,MS,MSTAR,2026-07-31 15:38:06 CDT
MSEC305P,Morningstar Developed Markets Europe 30 Energy & Commodity Decrement 5 NR EUR,MS,MSTAR,2026-07-31 15:38:06 CDT
MSEC30GE,Morningstar Developed Markets Europe 30 Energy & Commodity GR EUR,MS,MSTAR,2026-07-31 15:38:06 CDT
MSEC30NE,Morningstar Developed Markets Europe 30 Energy & Commodity NR EUR,MS,MSTAR,2026-07-31 15:38:06 CDT
MSEC30PE,Morningstar Developed Markets Europe 30 Energy & Commodity PR EUR,MS,MSTAR,2026-07-31 15:38:06 CDT
MSEE50GE,Morningstar Eurozone ESG Select 50 Decrement 50 Point GR EUR ,MS,MSTAR,2026-07-31 15:38:06 CDT
MSEE5DNE,Morningstar Eurozone ESG Select 50 5 Decrement NR EUR,MS,MSTAR,2026-07-31 15:38:06 CDT
MSEEEURP,Morningstar Emerging Markets Europe PR EUR,MS,MSTAR,2026-07-31 15:38:06 CDT
MSEES5GE,Morningstar Eurozone ESG Select 50 GR EUR,MS,MSTAR,2026-07-31 15:38:06 CDT
MSEES5NE,Morningstar Eurozone ESG Select 50 NR EUR,MS,MSTAR,2026-07-31 15:38:06 CDT
MSEES5PE,Morningstar Eurozone ESG Select 50 PR EUR,MS,MSTAR,2026-07-31 15:38:06 CDT
MSEEUSDP,Morningstar Emerging Markets Europe PR USD,MS,MSTAR,2026-07-31 15:38:06 CDT
MSEG50UP,Morningstar Eurozone 50 PR USD,MS,MSTAR,2026-07-31 15:38:06 CDT
MSEGBTPB,Morningstar Brazil Target Momentum PR BRL,MS,MSTAR,2026-07-31 15:38:06 CDT
MSEGBTPU,Morningstar Brazil Target Momentum PR USD,MS,MSTAR,2026-07-31 15:38:06 CDT
MSEGDIPU,Morningstar Developed Markets Industrials PR USD,MS,MSTAR,2026-07-31 15:38:06 CDT
MSEGDS4E,Morningstar Eurozone Gender Diversity Select 50 Decrement 4 NR EUR,MS,MSTAR,2026-07-31 15:38:06 CDT
MSEGDS5E,Morningstar Eurozone Gender Diversity Select 50 Decrement 5 NR EUR,MS,MSTAR,2026-07-31 15:38:06 CDT
MSEGDSGE,Morningstar Eurozone Gender Diversity Select 50 GR EUR,MS,MSTAR,2026-07-31 15:38:06 CDT
MSEGDSNE,Morningstar Eurozone Gender Diversity Select 50 NR EUR,MS,MSTAR,2026-07-31 15:38:06 CDT
MSEGDSPE,Morningstar Eurozone Gender Diversity Select 50 PR EUR,MS,MSTAR,2026-07-31 15:38:06 CDT
MSEGDUPU,Morningstar Developed Markets Utilities PR USD,MS,MSTAR,2026-07-31 15:38:06 CDT
MSEGEGPP,Morningstar Egypt Index PR EGP,MS,MSTAR,2026-07-31 15:38:06 CDT
MSEGESDP,Morningstar Emerging Markets Sustainability Dividend Yield Focus PR USD,MS,MSTAR,2026-07-31 15:38:06 CDT
MSEGLMCB,Morningstar US Large-Mid Cap Market PR USD,MS,MSTAR,2026-07-31 15:38:06 CDT
MSEGMEPU,Morningstar Minority Empowerment PR USD,MS,MSTAR,2026-07-31 15:38:06 CDT
MSEGNWGE,Morningstar North America 100 Equal Weight GR EUR,MS,MSTAR,2026-07-31 15:38:06 CDT
MSEGNWGU,Morningstar North America 100 Equal Weight Index GR USD,MS,MSTAR,2026-07-31 15:38:06 CDT
MSEGNWPE,Morningstar North America 100 Equal Weight PR EUR,MS,MSTAR,2026-07-31 15:38:06 CDT
MSEGNWPU,Morningstar North America 100 Equal Weight Index PR USD,MS,MSTAR,2026-07-31 15:38:06 CDT
MSEGSDPU,Morningstar Societal Development PR USD,MS,MSTAR,2026-07-31 15:38:06 CDT
MSEGTSNU,Morningstar Global Emerging Green Technologies Select NR USD,MS,MSTAR,2026-07-31 15:38:06 CDT
MSEGTSPU,Morningstar Global Emerging Green Technologies Select PR USD,MS,MSTAR,2026-07-31 15:38:06 CDT
MSEGUSDP,Morningstar Egypt PR USD,MS,MSTAR,2026-07-31 15:38:06 CDT
MSEGUSPU,Morningstar US Sustainability PR USD,MS,MSTAR,2026-07-31 15:38:06 CDT
MSEGUSSP,Morningstar US Sustainability Dividend Yield Focus PR USD,MS,MSTAR,2026-07-31 15:38:06 CDT
MSEGWEPU,Morningstar Womens Empowerment PR USD,MS,MSTAR,2026-07-31 15:38:06 CDT
MSEGXUDP,Morningstar Developed Markets ex-US Sustainability Dividend Yield Focus PR USD,MS,MSTAR,2026-07-31 15:38:06 CDT
MSEIUSDP,Morningstar Emerging Markets Asia PR USD,MS,MSTAR,2026-07-31 15:38:06 CDT
MSEM10CG,Morningstar Eurozone Multi-Sector Select 10 Capped GR EUR,MS,MSTAR,2026-07-31 15:38:06 CDT
MSEM10CP,Morningstar Eurozone Multi-Sector Select 10 Capped PR EUR,MS,MSTAR,2026-07-31 15:38:06 CDT
MSEM10GE,Morningstar Eurozone Multi-Sector Select 10 GR EUR,MS,MSTAR,2026-07-31 15:38:06 CDT
MSEM10PE,Morningstar Eurozone Multi-Sector Select 10 PR EUR,MS,MSTAR,2026-07-31 15:38:06 CDT
MSEMEEGG,Morningstar Emerging Markets ESG Enhanced GR GBP,MS,MSTAR,2026-07-31 15:38:06 CDT
MSEMEENG,Morningstar Emerging Markets ESG Enhanced NR GBP,MS,MSTAR,2026-07-31 15:38:06 CDT
MSEMEEPG,Morningstar Emerging Markets ESG Enhanced PR GBP,MS,MSTAR,2026-07-31 15:38:06 CDT
MSEMI15,Morningstar Transatlantic Semiconductors Static Select 15 Equal Weight Decrement 50 Point GR EUR,MS,MSTAR,2026-07-31 15:38:06 CDT
MSEMI15D,Morningstar Transatlantic Semiconductors Static Select 15 Equal Weight Decrement 5 NR EUR,MS,MSTAR,2026-07-31 15:38:06 CDT
MSEMI15G,Morningstar Transatlantic Semiconductors Static Select 15 Equal Weight GR EUR,MS,MSTAR,2026-07-31 15:38:06 CDT
MSEMI15N,Morningstar Transatlantic Semiconductors Static Select 15 Equal Weight NR EUR,MS,MSTAR,2026-07-31 15:38:06 CDT
MSEMI15P,Morningstar Transatlantic Semiconductors Static Select 15 Equal Weight PR EUR,MS,MSTAR,2026-07-31 15:38:06 CDT
MSEMLCPU,Morningstar Emerging Markets Large Cap PR USD,MS,MSTAR,2026-07-31 15:38:06 CDT
MSEMS15G,Morningstar Developed Eurozone Multi-Sector Select 15 GR EUR,MS,MSTAR,2026-07-31 15:38:06 CDT
MSEMS15N,Morningstar Developed Eurozone Multi-Sector Select 15 NR EUR,MS,MSTAR,2026-07-31 15:38:06 CDT
MSEMS15P,Morningstar Developed Eurozone Multi-Sector Select 15 PR EUR,MS,MSTAR,2026-07-31 15:38:06 CDT
MSEMTMPU,Morningstar Emerging Markets Target Market Exposure PR USD,MC,MSTAR,2026-07-31 15:38:06 CDT
MSEMTPNU,Morningstar Emerging Markets Target Market Exposure Paris Aligned Benchmark Select NR USD,MS,MSTAR,2026-07-31 15:38:06 CDT
MSEMTUNU,Morningstar Emerging Markets Target Market Exposure UCITS Select NR USD,MS,MSTAR,2026-07-31 15:38:06 CDT
MSENAUSP,Morningstar Developed Markets ex-North America Target Market Exposure PR USD,MS,MSTAR,2026-07-31 15:38:06 CDT
MSEP50GE,Morningstar Eurozone Large-Mid Paris Aligned Benchmark Select 50 Decrement 50 Point GR EUR,MS,MSTAR,2026-07-31 15:38:06 CDT
MSEP50GU,Morningstar Eurozone Large-Mid Paris Aligned Benchmark Select 50 Decrement 50 Point GR USD,MS,MSTAR,2026-07-31 15:38:06 CDT
MSEPB5NE,Morningstar Eurozone Large-Mid Paris Aligned Benchmark Select 50 Decrement 5 NR EUR,MS,MSTAR,2026-07-31 15:38:06 CDT
MSEPB5NU,Morningstar Eurozone Large-Mid Paris Aligned Benchmark Select 50 Decrement 5 NR USD,MS,MSTAR,2026-07-31 15:38:06 CDT
MSEPBSGE,Morningstar Eurozone Large-Mid Paris Aligned Benchmark Select 50 GR EUR,MS,MSTAR,2026-07-31 15:38:06 CDT
MSEPBSNE,Morningstar Eurozone Large-Mid Paris Aligned Benchmark Select 50 NR EUR,MS,MSTAR,2026-07-31 15:38:06 CDT
MSEPBSPE,Morningstar Eurozone Large-Mid Paris Aligned Benchmark Select 50 PR EUR,MS,MSTAR,2026-07-31 15:38:06 CDT
MSES25D,Morningstar Eurozone ESG Screened Select 25 Decrement 50 Point GR EUR,MS,MSTAR,2026-07-31 15:38:06 CDT
MSES25D5,Morningstar Eurozone ESG Screened Select 25 Decrement 5 NR EUR,MS,MSTAR,2026-07-31 15:38:06 CDT
MSES25GE,Morningstar Eurozone ESG Screened Select 25 GR EUR,MS,MSTAR,2026-07-31 15:38:06 CDT
MSES25NE,Morningstar Eurozone ESG Screened Select 25,MS,MSTAR,2026-07-31 15:38:06 CDT
MSES25PE,Morningstar Eurozone ESG Screened Select 25 PR EUR,MS,MSTAR,2026-07-31 15:38:06 CDT
MSESEURP,Morningstar Spain PR EUR,MS,MSTAR,2026-07-31 15:38:06 CDT
MSESGE,Morningstar Eurozone ESG Screened Select 15 GR EUR,MS,MSTAR,2026-07-31 15:38:06 CDT
MSESNE,Morningstar Eurozone ESG Screened Select 15 NR EUR,MS,MSTAR,2026-07-31 15:38:06 CDT
MSESPE,Morningstar Eurozone ESG Screened Select 15 PR EUR,MS,MSTAR,2026-07-31 15:38:06 CDT
MSESUSDP,Morningstar Spain PR USD,MS,MSTAR,2026-07-31 15:38:06 CDT
MSETMEPU,Morningstar Developed Europe Target Market Exposure PR USD,MS,MSTAR,2026-07-31 15:38:06 CDT
MSETTMNU,Morningstar US Large Cap Target Market Exposure NR USD,MC,MSTAR,2026-07-31 15:38:06 CDT
MSETTMPU,Morningstar US Large Cap Target Market Exposure PR USD,MC,MSTAR,2026-07-31 15:38:06 CDT
MSETTMTU,Morningstar US Large Cap Target Market Exposure TR USD,MC,MSTAR,2026-07-31 15:38:06 CDT
MSEUEURP,Morningstar Europe PR EUR,MS,MSTAR,2026-07-31 15:38:06 CDT
MSEUG50E,Morningstar Transatlantic Gender Diversity Select 100 Decrement 50 Point GR EUR,MS,MSTAR,2026-07-31 15:38:06 CDT
MSEUGS4E,Morningstar Transatlantic Gender Diversity Select 100 Decrement 4 NR EUR,MS,MSTAR,2026-07-31 15:38:06 CDT
MSEUGS5E,Morningstar Transatlantic Gender Diversity Select 100 Decrement 5 NR EUR,MS,MSTAR,2026-07-31 15:38:06 CDT
MSEUGSGE,Morningstar Transatlantic Gender Diversity Select 100 GR EUR,MS,MSTAR,2026-07-31 15:38:06 CDT
MSEUGSPE,Morningstar Transatlantic Gender Diversity Select 100 PR EUR,MS,MSTAR,2026-07-31 15:38:06 CDT
MSEUUSDP,Morningstar Europe PR USD,MS,MSTAR,2026-07-31 15:38:06 CDT
MSEVLTPE,Morningstar Developed Europe Value Target Market Exposure PR EUR,MS,MSTAR,2026-07-31 15:38:06 CDT
MSEXPOPU,Morningstar Exponential Technologies PR USD,MS,MSTAR,2026-07-31 15:38:06 CDT
MSEZEURP,Morningstar Eurozone PR EUR,MS,MSTAR,2026-07-31 15:38:06 CDT
MSEZUSDP,Morningstar Eurozone PR USD,MS,MSTAR,2026-07-31 15:38:06 CDT
MSFATMGE,Morningstar Finland All Cap Target Market Exposure GR EUR,MS,MSTAR,2026-07-31 15:38:06 CDT
MSFATMGU,Morningstar Finland All Cap Target Market Exposure GR USD,MS,MSTAR,2026-07-31 15:38:06 CDT
MSFATMPE,Morningstar Finland All Cap Target Market Exposure PR EUR,MS,MSTAR,2026-07-31 15:38:06 CDT
MSFATMPU,Morningstar Finland All Cap Target Market Exposure PR USD,MS,MSTAR,2026-07-31 15:38:06 CDT
MSFG50E2,Morningstar France Germany ESG Select 30 Decrement 50 point Series 2 GR EUR,MS,MSTAR,2026-07-31 15:38:06 CDT
MSFG50GE,Morningstar France Germany ESG Select 30 Decrement 50 Point GR EUR,MS,MSTAR,2026-07-31 15:38:06 CDT
MSFGE50E,Morningstar France Germany ESG Select 30 Decrement 5 NR EUR,MS,MSTAR,2026-07-31 15:38:06 CDT
MSFGESGE,Morningstar France Germany ESG Select 30 GR EUR,MS,MSTAR,2026-07-31 15:38:06 CDT
MSFGESPE,Morningstar France Germany ESG Select 30 PR EUR,MS,MSTAR,2026-07-31 15:38:06 CDT
MSFIEURP,Morningstar Finland PR EUR,MS,MSTAR,2026-07-31 15:38:06 CDT
MSFISB50,Morningstar France Italy Spain Banks Select 10 Equal Weighted Decrement 50 Point GR EUR,MS,MSTAR,2026-07-31 15:38:06 CDT
MSFISB5N,Morningstar France Italy Spain Banks Select 10 Equal Weighted Decrement 5 NR EUR,MS,MSTAR,2026-07-31 15:38:06 CDT
MSFISBGE,Morningstar France Italy Spain Banks Select 10 Equal Weighted GR EUR,MS,MSTAR,2026-07-31 15:38:06 CDT
MSFISBNE,Morningstar France Italy Spain Banks Select 10 Equal Weighted NR EUR,MS,MSTAR,2026-07-31 15:38:06 CDT
MSFISBPE,Morningstar France Italy Spain Banks Select 10 Equal Weighted PR EUR,MS,MSTAR,2026-07-31 15:38:06 CDT
MSFIUSDP,Morningstar Finland PR USD,MS,MSTAR,2026-07-31 15:38:06 CDT
MSFPS40G,Morningstar France Paris Aligned Benchmark Sustainability 40 EUR,MS,MSTAR,2026-07-31 15:38:06 CDT
MSFPS40N,Morningstar France Paris Aligned Benchmark Sustainability 40 EUR,MS,MSTAR,2026-07-31 15:38:06 CDT
MSFPS40P,Morningstar France Paris Aligned Benchmark Sustainability 40 EUR,MS,MSTAR,2026-07-31 15:38:06 CDT
MSFPS5DN,Morningstar France Paris Aligned Benchmark Sustainability 40 EUR Decrement 5,MS,MSTAR,2026-07-31 15:38:06 CDT
MSFREURP,Morningstar France PR EUR,MS,MSTAR,2026-07-31 15:38:06 CDT
MSFRUSDP,Morningstar France PR USD,MS,MSTAR,2026-07-31 15:38:06 CDT
MSFTCW,Cboe MSFT Call Writing Index,CO,CGI,2026-07-31 15:38:06 CDT
MSFTDI,Cboe MSFT Defined Income Index,CO,CGI,2026-07-31 15:38:06 CDT
MSFTIO,Cboe MSFT Income Only Index,CO,CGI,2026-07-31 15:38:06 CDT
MSG100EG,Morningstar Developed Markets Europe 100 GR EUR,MS,MSTAR,2026-07-31 15:38:06 CDT
MSG100EN,Morningstar Developed Markets Europe 100 NR EUR,MS,MSTAR,2026-07-31 15:38:06 CDT
MSG100EP,Morningstar Developed Markets Europe 100 PR EUR,MS,MSTAR,2026-07-31 15:38:06 CDT
MSG50D5,Morningstar Eurozone 50 Decrement 5 NR EUR,MS,MSTAR,2026-07-31 15:38:06 CDT
MSG50ED,Morningstar Eurozone 50 Decrement 50 Point GR EUR,MS,MSTAR,2026-07-31 15:38:06 CDT
MSG50EG,Morningstar Eurozone 50 GR EUR,MS,MSTAR,2026-07-31 15:38:06 CDT
MSG50EN,Morningstar Eurozone 50 NR EUR,MS,MSTAR,2026-07-31 15:38:06 CDT
MSG50EP,Morningstar Eurozone 50 PR EUR,MS,MSTAR,2026-07-31 15:38:06 CDT
MSG50EWG,Morningstar Eurozone 50 Equal Weight GR EUR,MS,MSTAR,2026-07-31 15:38:06 CDT
MSG50EWN,Morningstar Eurozone 50 Equal Weight NR EUR,MS,MSTAR,2026-07-31 15:38:06 CDT
MSG50EWP,Morningstar Eurozone 50 Equal Weight PR EUR,MS,MSTAR,2026-07-31 15:38:06 CDT
MSGAISPU,Morningstar Global Artificial Intelligence Select PR USD,MS,MSTAR,2026-07-31 15:38:06 CDT
MSGBGBPP,Morningstar UK PR GBP,MS,MSTAR,2026-07-31 15:38:06 CDT
MSGBUSDP,Morningstar UK PR USD,MS,MSTAR,2026-07-31 15:38:06 CDT
MSGDENPU,Morningstar Developed Markets Energy PR USD,MS,MSTAR,2026-07-31 15:38:06 CDT
MSGEAVPC,Morningstar Global Electric & Autonomous Vehicles Select PR CAD,MS,MSTAR,2026-07-31 15:38:06 CDT
MSGEIP,Morningstar Global Equity Infrastructure PR USD,MS,MSTAR,2026-07-31 15:38:06 CDT
MSGMUSDP,Morningstar Global Mkts Index PR USD,MS,MSTAR,2026-07-31 15:38:06 CDT
MSGMVSNU,Mstar Gbl Metaverse & Virtual Interaction Select NR USD,MS,MSTAR,2026-07-31 15:38:06 CDT
MSGMVSPU,Mstar Gbl Metaverse & Virtual Interaction Select PR USD,MS,MSTAR,2026-07-31 15:38:06 CDT
MSGOTMGS,Morningstar Singapore All Cap Target Market Exposure GR SGD,MS,MSTAR,2026-07-31 15:38:06 CDT
MSGOTMGU,Morningstar Singapore All Cap Target Market Exposure GR USD,MS,MSTAR,2026-07-31 15:38:06 CDT
MSGOTMPS,Morningstar Singapore All Cap Target Market Exposure PR SGD,MS,MSTAR,2026-07-31 15:38:06 CDT
MSGOTMPU,Morningstar Singapore All Cap Target Market Exposure PR USD,MS,MSTAR,2026-07-31 15:38:06 CDT
MSGR,Morningstar US Small Growth Market PR USD,MS,MSTAR,2026-07-31 15:38:06 CDT
MSGREURP,Morningstar Greece PR EUR,MS,MSTAR,2026-07-31 15:38:06 CDT
MSGRT,Morningstar US Small Growth Market TR USD,MS,MSTAR,2026-07-31 15:38:06 CDT
MSGRUSDP,Morningstar Greece PR USD,MS,MSTAR,2026-07-31 15:38:06 CDT
MSGSCD50,Morningstar Global Semiconductors Select 25 Decrement 50 Point,MS,MSTAR,2026-07-31 15:38:06 CDT
MSGSCS5N,Morningstar Global Semiconductors Select 25 Decrement 5 NR EUR,MS,MSTAR,2026-07-31 15:38:06 CDT
MSGSCSGE,Morningstar Global Semiconductors Select 25 GR EUR,MS,MSTAR,2026-07-31 15:38:06 CDT
MSGSCSNE,Morningstar Global Semiconductors Select 25 NR EUR,MS,MSTAR,2026-07-31 15:38:06 CDT
MSGSCSPE,Morningstar Global Semiconductors Select 25 PR EUR,MS,MSTAR,2026-07-31 15:38:06 CDT
MSGWMFNU,Morningstar Global Wide Moat Focus NR USD,MS,MSTAR,2026-07-31 15:38:06 CDT
MSGWMFPU,Morningstar Global Wide Moat Focus PR USD,MS,MSTAR,2026-07-31 15:38:06 CDT
MSGXUMPU,Morningstar Global Markets ex-US Wide Moat Focus PR USD,MS,MSTAR,2026-07-31 15:38:06 CDT
MSHATMGH,Morningstar Hungary All Cap Target Market Exposure GR HUF,MS,MSTAR,2026-07-31 15:38:06 CDT
MSHATMGU,Morningstar Hungary All Cap Target Market Exposure GR USD,MS,MSTAR,2026-07-31 15:38:06 CDT
MSHATMPH,Morningstar Hungary All Cap Target Market Exposure PR HUF,MS,MSTAR,2026-07-31 15:38:06 CDT
MSHATMPU,Morningstar Hungary All Cap Target Market Exposure PR USD,MS,MSTAR,2026-07-31 15:38:06 CDT
MSHKHKDP,Morningstar Hong Kong PR HKD,MS,MSTAR,2026-07-31 15:38:06 CDT
MSHKUSDP,Morningstar Hong Kong PR USD,MS,MSTAR,2026-07-31 15:38:06 CDT
MSHUHUFP,Morningstar Hungary PR HUF,MS,MSTAR,2026-07-31 15:38:06 CDT
MSHUUSDP,Morningstar Hungary PR USD,MS,MSTAR,2026-07-31 15:38:06 CDT
MSIATMGI,Morningstar Israel All Cap Target Market Exposure GR ILS,MS,MSTAR,2026-07-31 15:38:06 CDT
MSIATMGU,Morningstar Israel All Cap Target Market Exposure GR USD,MS,MSTAR,2026-07-31 15:38:06 CDT
MSIATMPI,Morningstar Israel All Cap Target Market Exposure PR ILS,MS,MSTAR,2026-07-31 15:38:06 CDT
MSIATMPU,Morningstar Israel All Cap Target Market Exposure PR USD,MS,MSTAR,2026-07-31 15:38:06 CDT
MSIDIDRP,Morningstar Indonesia Index PR IDR,MS,MSTAR,2026-07-31 15:38:06 CDT
MSIDUSDP,Morningstar Indonesia Index PR USD,MS,MSTAR,2026-07-31 15:38:06 CDT
MSIEEURP,Morningstar Ireland PR EUR,MS,MSTAR,2026-07-31 15:38:06 CDT
MSIEUSDP,Morningstar Ireland PR USD,MS,MSTAR,2026-07-31 15:38:06 CDT
MSILILSP,Morningstar Israel PR ILS,MS,MSTAR,2026-07-31 15:38:06 CDT
MSILUSDP,Morningstar Israel PR USD,MS,MSTAR,2026-07-31 15:38:06 CDT
MSIN20D,Morningstar Eurozone Strategic Industries Select 20 Decrement 50 Point GR EUR,MC,MSTAR,2026-07-31 15:38:06 CDT
MSIN20D5,Morningstar Eurozone Strategic Industries Select 20 Decrement 5 NR EUR,MC,MSTAR,2026-07-31 15:38:06 CDT
MSIN20G,Morningstar Eurozone Strategic Industries Select 20 GR EUR,MC,MSTAR,2026-07-31 15:38:06 CDT
MSIN20N,Morningstar Eurozone Strategic Industries Select 20 NR EUR,MC,MSTAR,2026-07-31 15:38:06 CDT
MSIN20P,Morningstar Eurozone Strategic Industries Select 20 PR EUR,MC,MSTAR,2026-07-31 15:38:06 CDT
MSININRP,Morningstar India PR INR,MS,MSTAR,2026-07-31 15:38:06 CDT
MSINUSP,Morningstar India PR USD,MS,MSTAR,2026-07-31 15:38:06 CDT
MSITEURP,Morningstar Italy PR EUR,MS,MSTAR,2026-07-31 15:38:06 CDT
MSITUSDP,Morningstar Italy PR USD,MS,MSTAR,2026-07-31 15:38:06 CDT
MSIYFPID,Morningstar Indonesia Yield Focus PR IDR,MS,MSTAR,2026-07-31 15:38:06 CDT
MSJPEEGG,Morningstar Japan ESG Enhanced GR GBP,MS,MSTAR,2026-07-31 15:38:06 CDT
MSJPEENG,Morningstar Japan ESG Enhanced NR GBP,MS,MSTAR,2026-07-31 15:38:06 CDT
MSJPEEPG,Morningstar Japan ESG Enhanced PR GBP,MS,MSTAR,2026-07-31 15:38:06 CDT
MSJPJPYP,Morningstar Japan PR JPY,MS,MSTAR,2026-07-31 15:38:06 CDT
MSJPTPNJ,Morningstar Japan Target Market Exposure Paris Aligned Benchmark Select NR JPY,MS,MSTAR,2026-07-31 15:38:06 CDT
MSJPUSDP,Morningstar Japan PR USD,MS,MSTAR,2026-07-31 15:38:06 CDT
MSJSDYPJ,Morningstar Japan Sustainability Dividend Yield Focus PR JPY,MS,MSTAR,2026-07-31 15:38:06 CDT
MSJTMEPU,Morningstar Japan Target Market Exposure PR USD,MS,MSTAR,2026-07-31 15:38:06 CDT
MSKRKRWP,Morningstar Korea PR KRW,MS,MSTAR,2026-07-31 15:38:06 CDT
MSKRUSDP,Morningstar Korea PR USD,MS,MSTAR,2026-07-31 15:38:06 CDT
MSLCT30,Morningstar Transatlantic Static Select 30 Dec50 Point GR EUR,MC,MSTAR,2026-07-31 15:38:06 CDT
MSLCT30D,Morningstar Transatlantic Static Select 30 Decrement 5 NR EUR,MC,MSTAR,2026-07-31 15:38:06 CDT
MSLCT30G,Morningstar Transatlantic Static Select 30 GR EUR,MC,MSTAR,2026-07-31 15:38:06 CDT
MSLCT30N,Morningstar Transatlantic Static Select 30 NR EUR,MC,MSTAR,2026-07-31 15:38:06 CDT
MSLCT30P,Morningstar Transatlantic Static Select 30 PR EUR,MC,MSTAR,2026-07-31 15:38:06 CDT
MSLDV50H,Morningstar US Large Cap Dividend Select Adjusted Return 50 Point GR Hedged,MS,MSTAR,2026-07-31 15:38:06 CDT
MSLDVS50,Morningstar US Large Cap Dividend Select Adjusted Return 50 Point GR USD,MS,MSTAR,2026-07-31 15:38:06 CDT
MSLDVSGU,Morningstar US Large Cap Dividend Select TR USD,MS,MSTAR,2026-07-31 15:38:06 CDT
MSLDVSPU,Morningstar US Large Cap Dividend Select PR USD,MS,MSTAR,2026-07-31 15:38:06 CDT
MSLECT50,Morningstar Transatlantic Multi-Sector Select 40 Decrement 50 Point GR EUR,MS,MSTAR,2026-07-31 15:38:06 CDT
MSLECT5N,Morningstar Transatlantic Multi-Sector Select 40 Decrement 5 NR EUR,MS,MSTAR,2026-07-31 15:38:06 CDT
MSLECTGE,Morningstar Transatlantic Multi-Sector Select 40 GR EUR,MS,MSTAR,2026-07-31 15:38:06 CDT
MSLECTNE,Morningstar Transatlantic Multi-Sector Select 40 NR EUR,MS,MSTAR,2026-07-31 15:38:06 CDT
MSLECTPE,Morningstar Transatlantic Multi-Sector Select 40 PR EUR,MS,MSTAR,2026-07-31 15:38:06 CDT
MSLGS5NE,Morningstar Luxury Goods Static Select 10 Decrement 5 NR EUR,MS,MSTAR,2026-07-31 15:38:06 CDT
MSLGSSGE,Morningstar Luxury Goods Static Select 10 GR EUR,MS,MSTAR,2026-07-31 15:38:06 CDT
MSLGSSNE,Morningstar Luxury Goods Static Select 10 NR EUR,MS,MSTAR,2026-07-31 15:38:06 CDT
MSLGSSPE,Morningstar Luxury Goods Static Select 10 PR EUR,MS,MSTAR,2026-07-31 15:38:06 CDT
MSLS50GE,Morningstar Luxury Goods Static Select 10 Decrement 50 Point GR EUR,MS,MSTAR,2026-07-31 15:38:06 CDT
MSLTMEGU,Morningstar UK Target Market Exposure TR USD,MC,MSTAR,2026-07-31 15:38:06 CDT
MSLTMENU,Morningstar UK Target Market Exposure NR USD,MC,MSTAR,2026-07-31 15:38:06 CDT
MSLTMEPU,Morningstar UK Target Market Exposure PR USD,MC,MSTAR,2026-07-31 15:38:06 CDT
MSMATMGM,Morningstar Malaysia All Cap Target Market Exposure GR MYR,MS,MSTAR,2026-07-31 15:38:06 CDT
MSMATMGU,Morningstar Malaysia All Cap Target Market Exposure GR USD,MS,MSTAR,2026-07-31 15:38:06 CDT
MSMATMPM,Morningstar Malaysia All Cap Target Market Exposure PR MYR,MS,MSTAR,2026-07-31 15:38:06 CDT
MSMATMPU,Morningstar Malaysia All Cap Target Market Exposure PR USD,MS,MSTAR,2026-07-31 15:38:06 CDT
MSMEUSDP,Morningstar Middle East & Africa PR USD,MS,MSTAR,2026-07-31 15:38:06 CDT
MSMLPCP,Morningstar MLP Composite PR USD,MS,MSTAR,2026-07-31 15:38:06 CDT
MSMOCKGE,Morningstar QA Mock portfolio GR EUR,MC,MSTAR,2026-07-31 15:38:06 CDT
MSMOCKGU,Morningstar QA Mock portfolio GR USD,MC,MSTAR,2026-07-31 15:38:06 CDT
MSMOCKNE,Morningstar QA Mock portfolio NR EUR,MC,MSTAR,2026-07-31 15:38:06 CDT
MSMOCKNU,Morningstar QA Mock portfolio NR USD,MC,MSTAR,2026-07-31 15:38:06 CDT
MSMOCKPE,Morningstar QA Mock portfolio PR EUR,MC,MSTAR,2026-07-31 15:38:06 CDT
MSMOCKPU,Morningstar QA Mock portfolio PR USD,MC,MSTAR,2026-07-31 15:38:06 CDT
MSMS50GU,Morningstar US Software Moat Static Select 20 Adjusted Return 50 Point GR USD,MS,MSTAR,2026-07-31 15:38:06 CDT
MSMS50HC,Morningstar US Software Moat Static Select 20 Adjusted Return 50 Point GR Hedged CAD,MS,MSTAR,2026-07-31 15:38:06 CDT
MSMSGCA,Morningstar US Software Moat Static Select 20 GR CAD,MS,MSTAR,2026-07-31 15:38:06 CDT
MSMSGCH,Morningstar US Software Moat Static Select 20 GR Hedged CAD,MS,MSTAR,2026-07-31 15:38:06 CDT
MSMSGUD,Morningstar US Software Moat Static Select 20 GR USD,MS,MSTAR,2026-07-31 15:38:06 CDT
MSMSNCA,Morningstar US Software Moat Static Select 20 NR CAD,MS,MSTAR,2026-07-31 15:38:06 CDT
MSMSNUD,Morningstar US Software Moat Static Select 20 NR USD,MS,MSTAR,2026-07-31 15:38:06 CDT
MSMSPCA,Morningstar US Software Moat Static Select 20 PR CAD,MS,MSTAR,2026-07-31 15:38:06 CDT
MSMSPUD,Morningstar US Software Moat Static Select 20 PR USD,MS,MSTAR,2026-07-31 15:38:06 CDT
MSMSSUGE,Morningstar US Multi-Sector Select 10 18 Capped GR EUR,MS,MSTAR,2026-07-31 15:38:06 CDT
MSMSSUNE,Morningstar US Multi-Sector Select 10 18 Capped NR EUR,MS,MSTAR,2026-07-31 15:38:06 CDT
MSMSSUPE,Morningstar US Multi-Sector Select 10 18 Capped PR EUR,MS,MSTAR,2026-07-31 15:38:06 CDT
MSMXMXNP,Morningstar Mexico PR MXN,MS,MSTAR,2026-07-31 15:38:06 CDT
MSMXQVPM,Morningstar Mexico Quality Value PR MXN,MS,MSTAR,2026-07-31 15:38:06 CDT
MSMXUSDP,Morningstar Mexico PR USD,MS,MSTAR,2026-07-31 15:38:06 CDT
MSMYMYRP,Morningstar Malaysia PR MYR,MS,MSTAR,2026-07-31 15:38:06 CDT
MSMYUSDP,Morningstar Malaysia PR USD,MS,MSTAR,2026-07-31 15:38:06 CDT
MSNAREPU,Morningstar North America Renewable Energy PR USD,MS,MSTAR,2026-07-31 15:38:06 CDT
MSNASSNU,Morningstar North America Screened Select 150 EUR NR USD,MS,MSTAR,2026-07-31 15:38:06 CDT
MSNATMGE,Morningstar Netherlands All Cap Target Market Exposure GR EUR,MS,MSTAR,2026-07-31 15:38:06 CDT
MSNATMGU,Morningstar Netherlands All Cap Target Market Exposure GR USD,MS,MSTAR,2026-07-31 15:38:06 CDT
MSNATMPE,Morningstar Netherlands All Cap Target Market Exposure PR EUR,MS,MSTAR,2026-07-31 15:38:06 CDT
MSNATMPU,Morningstar Netherlands All Cap Target Market Exposure PR USD,MS,MSTAR,2026-07-31 15:38:06 CDT
MSNCEURP,Morningstar Nordic PR EUR,MS,MSTAR,2026-07-31 15:38:06 CDT
MSNCUSDP,Morningstar Nordic PR USD,MS,MSTAR,2026-07-31 15:38:06 CDT
MSNLEURP,Morningstar Netherlands PR EUR,MS,MSTAR,2026-07-31 15:38:06 CDT
MSNLUSDP,Morningstar Netherlands PR USD,MS,MSTAR,2026-07-31 15:38:06 CDT
MSNONOKP,Morningstar Norway PR NOK,MS,MSTAR,2026-07-31 15:38:06 CDT
MSNOUSDP,Morningstar Norway PR USD,MS,MSTAR,2026-07-31 15:38:06 CDT
MSNZNZDP,Morningstar New Zealand Index PR NZD,MS,MSTAR,2026-07-31 15:38:06 CDT
MSNZUSDP,Morningstar New Zealand Index PR USD,MS,MSTAR,2026-07-31 15:38:06 CDT
MSOVERN5,Morningstar Eurozone Sovereignty Select 20 Decrement 5 NR EUR,MS,MSTAR,2026-07-31 15:38:06 CDT
MSOVERNG,Morningstar Eurozone Sovereignty Select 20 GR EUR,MS,MSTAR,2026-07-31 15:38:06 CDT
MSOVERNN,Morningstar Eurozone Sovereignty Select 20 NR EUR,MS,MSTAR,2026-07-31 15:38:06 CDT
MSOVERNP,Morningstar Eurozone Sovereignty Select 20 PR EUR,MS,MSTAR,2026-07-31 15:38:06 CDT
MSOVERNT,Morningstar Eurozone Sovereignty Select 20 Decrement 50 Point GR EUR,MS,MSTAR,2026-07-31 15:38:06 CDT
MSPACE50,Morningstar Global Aerospace and Defense Select 50 Decrement 50 Point GR EUR,MS,MSTAR,2026-07-31 15:38:06 CDT
MSPACE5N,Morningstar Global Aerospace and Defense Select 50 Decrement 5 NR EUR,MS,MSTAR,2026-07-31 15:38:06 CDT
MSPACEGE,Morningstar Global Aerospace and Defense Select 50 GR EUR,MS,MSTAR,2026-07-31 15:38:06 CDT
MSPACENE,Morningstar Global Aerospace and Defense Select 50 NR EUR,MS,MSTAR,2026-07-31 15:38:06 CDT
MSPACEPE,Morningstar Global Aerospace and Defense Select 50 PR EUR,MS,MSTAR,2026-07-31 15:38:06 CDT
MSPATMGP,Morningstar Poland All Cap Target Market Exposure GR PLN,MS,MSTAR,2026-07-31 15:38:06 CDT
MSPATMGU,Morningstar Poland All Cap Target Market Exposure GR USD,MS,MSTAR,2026-07-31 15:38:06 CDT
MSPATMPP,Morningstar Poland All Cap Target Market Exposure PR PLN,MS,MSTAR,2026-07-31 15:38:06 CDT
MSPATMPU,Morningstar Poland All Cap Target Market Exposure PR USD,MS,MSTAR,2026-07-31 15:38:06 CDT
MSPEPENP,Morningstar Peru PR PEN,MS,MSTAR,2026-07-31 15:38:06 CDT
MSPEUSDP,Morningstar Peru PR USD,MS,MSTAR,2026-07-31 15:38:06 CDT
MSPHPHPP,Morningstar Philippines PR PHP,MS,MSTAR,2026-07-31 15:38:06 CDT
MSPHUSDP,Morningstar Philippines PR USD,MS,MSTAR,2026-07-31 15:38:06 CDT
MSPLPEGE,Morningstar Pitchbook Developed Markets Listed Private Equity Focus GR EUR,MS,MSTAR,2026-07-31 15:38:06 CDT
MSPLPEGU,Morningstar Pitchbook Developed Markets Listed Private Equity Focus GR USD,MS,MSTAR,2026-07-31 15:38:06 CDT
MSPLPEPE,Morningstar Pitchbook Developed Markets Listed Private Equity Focus PR EUR,MS,MSTAR,2026-07-31 15:38:06 CDT
MSPLPEPU,Morningstar Pitchbook Developed Markets Listed Private Equity Focus PR USD,MS,MSTAR,2026-07-31 15:38:06 CDT
MSPLPLNP,Morningstar Poland PR PLN,MS,MSTAR,2026-07-31 15:38:06 CDT
MSPLUSDP,Morningstar Poland PR USD,MS,MSTAR,2026-07-31 15:38:06 CDT
MSPTEURP,Morningstar Portugal PR EUR,MS,MSTAR,2026-07-31 15:38:06 CDT
MSPTUSDP,Morningstar Portugal PR USD,MS,MSTAR,2026-07-31 15:38:06 CDT
MSSATMGE,Morningstar Spain All Cap Target Market Exposure GR EUR,MS,MSTAR,2026-07-31 15:38:06 CDT
MSSATMGU,Morningstar Spain All Cap Target Market Exposure GR USD,MS,MSTAR,2026-07-31 15:38:06 CDT
MSSATMPE,Morningstar Spain All Cap Target Market Exposure PR EUR,MS,MSTAR,2026-07-31 15:38:06 CDT
MSSATMPU,Morningstar Spain All Cap Target Market Exposure PR USD,MS,MSTAR,2026-07-31 15:38:06 CDT
MSSBVEPU,Morningstar US Small Cap Broad Value Extended PR USD,MS,MSTAR,2026-07-31 15:38:06 CDT
MSSD100H,Morningstar US Small Cap Dividend Select Adjusted Return 100 Point GR Hedged CAD,MS,MSTAR,2026-07-31 15:38:06 CDT
MSSD375U,Morningstar US Small Cap Dividend Select Adjusted Return 375 GR USD,MS,MSTAR,2026-07-31 15:38:06 CDT
MSSD80D,Morningstar Eurozone Societal Development Select 80 Decrement 50 Point GR EUR,MS,MSTAR,2026-07-31 15:38:06 CDT
MSSD80GE,Morningstar Eurozone Societal Development Select 80 GR EUR,MS,MSTAR,2026-07-31 15:38:06 CDT
MSSD80NE,Morningstar Eurozone Societal Development Select 80 NR EUR,MS,MSTAR,2026-07-31 15:38:06 CDT
MSSD80PE,Morningstar Eurozone Societal Development Select 80 PR EUR,MS,MSTAR,2026-07-31 15:38:06 CDT
MSSDD4NE,Morningstar Eurozone Societal Development Select 80 Decrement 4 NR EUR,MS,MSTAR,2026-07-31 15:38:06 CDT
MSSDD5NE,Morningstar Eurozone Societal Development Select 80 Decrement 5 NR EUR,MS,MSTAR,2026-07-31 15:38:06 CDT
MSSDV100,Morningstar US Small Cap Dividend Select Adjusted Return 100 Point GR USD,MS,MSTAR,2026-07-31 15:38:06 CDT
MSSDVSGU,Morningstar US Small Cap Dividend Select GR USD,MS,MSTAR,2026-07-31 15:38:06 CDT
MSSDVSPU,Morningstar US Small Cap Dividend Select PR USD,MS,MSTAR,2026-07-31 15:38:06 CDT
MSSEMCSS,Morningstar US Cyclical Super Sector PR USD,MS,MSTAR,2026-07-31 15:38:06 CDT
MSSEMDSS,Morningstar US Defensive Super Sector PR USD,MS,MSTAR,2026-07-31 15:38:06 CDT
MSSEMSSS,Morningstar US Sensitive Super Sector PR USD,MS,MSTAR,2026-07-31 15:38:06 CDT
MSSESEKP,Morningstar Sweden PR SEK,MS,MSTAR,2026-07-31 15:38:06 CDT
MSSEUSDP,Morningstar Sweden PR USD,MS,MSTAR,2026-07-31 15:38:06 CDT
MSSGSGDP,Morningstar Singapore PR SGD,MS,MSTAR,2026-07-31 15:38:06 CDT
MSSGUSDP,Morningstar Singapore PR USD,MS,MSTAR,2026-07-31 15:38:06 CDT
MSSI40PE,Morningstar IlSole24Ore Italy 40 PR EUR,MC,MSTAR,2026-07-31 15:38:06 CDT
MSSJUSDP,Morningstar Developed Markets Asia Pacific ex-Japan PR USD,MS,MSTAR,2026-07-31 15:38:06 CDT
MSSLMUGS,Morningstar Sweden Large-Mid UCITS Select GR SEK,MS,MSTAR,2026-07-31 15:38:06 CDT
MSSLMUNS,Morningstar Sweden Large-Mid UCITS Select NR SEK,MS,MSTAR,2026-07-31 15:38:06 CDT
MSSS24PE,Morningstar IlSole24Ore Sustainability 24 PR EUR,MC,MSTAR,2026-07-31 15:38:06 CDT
MSSWTPGS,Morningstar Sweden Large-Mid Paris Aligned Benchmark Select GR SEK,MS,MSTAR,2026-07-31 15:38:06 CDT
MSTAR,Morningstar US Market PR USD,MS,MSTAR,2026-07-31 15:38:06 CDT
MSTART,Morningstar US Market TR USD,MS,MSTAR,2026-07-31 15:38:06 CDT
MSTE50GE,Morningstar Transatlantic ESG Select 100 Decrement 50 Point GR EUR ,MS,MSTAR,2026-07-31 15:38:06 CDT
MSTE5DNE,Morningstar Transatlantic ESG Select 100 5 Decrement NR EUR,MS,MSTAR,2026-07-31 15:38:06 CDT
MSTES1GE,Morningstar Transatlantic ESG Select 100 GR EUR,MS,MSTAR,2026-07-31 15:38:06 CDT
MSTES1NE,Morningstar Transatlantic ESG Select 100 NR EUR,MS,MSTAR,2026-07-31 15:38:06 CDT
MSTES1PE,Morningstar Transatlantic ESG Select 100 PR EUR,MS,MSTAR,2026-07-31 15:38:06 CDT
MSTESG5,Morningstar Transatlantic ESG Screened Select 100 Decrement 5 NR EUR,MS,MSTAR,2026-07-31 15:38:06 CDT
MSTESG50,Morningstar Transatlantic ESG Screened Select 100 Decrement 50 Point GR EUR,MS,MSTAR,2026-07-31 15:38:06 CDT
MSTESGGE,Morningstar Transatlantic ESG Screened Select 100,MS,MSTAR,2026-07-31 15:38:06 CDT
MSTESGNE,Morningstar Transatlantic ESG Screened Select 100,MS,MSTAR,2026-07-31 15:38:06 CDT
MSTESGPE,Morningstar Transatlantic ESG Screened Select 100,MS,MSTAR,2026-07-31 15:38:06 CDT
MSTEST1P,MS Test TM Index,MS,MSTAR,2026-07-31 15:38:06 CDT
MSTEST1T,MS Test TM Index TR,MS,MSTAR,2026-07-31 15:38:06 CDT
MSTEST2P,MS Test MC Index,MS,MSTAR,2026-07-31 15:38:06 CDT
MSTEST3P,MS Test LC PR Index,MS,MSTAR,2026-07-31 15:38:06 CDT
MSTESTS1P,MS Test TM SOQ Index,MS,MSTAR,2026-07-31 15:38:06 CDT
MSTESTS1T,MS Test TM SOQ Index TR,MS,MSTAR,2026-07-31 15:38:06 CDT
MSTESTS2P,MS Test MC SOQ Index,MS,MSTAR,2026-07-31 15:38:06 CDT
MSTESTS3P,MS Test LC SOQ Index,MS,MSTAR,2026-07-31 15:38:06 CDT
MSTESTS4P,MS Test Energy Index,MS,MSTAR,2026-07-31 15:38:06 CDT
MSTHTHBP,Morningstar Thailand PR THB,MS,MSTAR,2026-07-31 15:38:06 CDT
MSTHUSDP,Morningstar Thailand PR USD,MS,MSTAR,2026-07-31 15:38:06 CDT
MSTP85NE,Morningstar Transatlantic Paris Aligned Benchmark Select 80 Decrement 5 NR EUR,MS,MSTAR,2026-07-31 15:38:06 CDT
MSTPS8GE,Morningstar Transatlantic Paris Aligned Benchmark Select 80 GR EUR,MS,MSTAR,2026-07-31 15:38:06 CDT
MSTPS8PE,Morningstar Transatlantic Paris Aligned Benchmark Select 80 PR EUR,MS,MSTAR,2026-07-31 15:38:06 CDT
MSTRTMGT,Morningstar Turkey All Cap Target Market Exposure GR TRY,MS,MSTAR,2026-07-31 15:38:06 CDT
MSTRTMGU,Morningstar Turkey All Cap Target Market Exposure GR USD,MS,MSTAR,2026-07-31 15:38:06 CDT
MSTRTMPT,Morningstar Turkey All Cap Target Market Exposure PR TRY,MS,MSTAR,2026-07-31 15:38:06 CDT
MSTRTMPU,Morningstar Turkey All Cap Target Market Exposure PR USD,MS,MSTAR,2026-07-31 15:38:06 CDT
MSTRTRYP,Morningstar Turkey Index PR TRY,MS,MSTAR,2026-07-31 15:38:06 CDT
MSTRTST,Morningstar Test Index,MC,MSTAR,2026-07-31 15:38:06 CDT
MSTRUSDP,Morningstar Turkey PR USD,MS,MSTAR,2026-07-31 15:38:06 CDT
MSTS25D,Morningstar Transatlantic Semiconductors Select 25 Decrement 50 Point GR EUR,MC,MSTAR,2026-07-31 15:38:06 CDT
MSTS25D2,Morningstar Transatlantic Semiconductors Select 25 Decrement 50 Point Series 2 GR EUR,MS,MSTAR,2026-07-31 15:38:06 CDT
MSTS25D5,Morningstar Transatlantic Semiconductors Select 25 Decrement 5 NR EUR,MC,MSTAR,2026-07-31 15:38:06 CDT
MSTS25GE,Morningstar Transatlantic Semiconductors Select 25 GR EUR,MC,MSTAR,2026-07-31 15:38:06 CDT
MSTS25NE,Morningstar Transatlantic Semiconductors Select 25 NR EUR,MC,MSTAR,2026-07-31 15:38:06 CDT
MSTS25PE,Morningstar Transatlantic Semiconductors Select 25 PR EUR,MC,MSTAR,2026-07-31 15:38:06 CDT
MSTSBMYOP,Morningstar US BMYO TEST PR USD,MS,MSTAR,2026-07-31 15:38:06 CDT
MSTSBMYOT,Morningstar US BMYO TEST TR USD,MS,MSTAR,2026-07-31 15:38:06 CDT
MSTSDGPV,MS Test Mid Cap Growth SOQ Index,MS,MSTAR,2026-07-31 15:38:06 CDT
MSTSDGTV,MS Test Mid Cap Growth SOQ TR Index,MS,MSTAR,2026-07-31 15:38:06 CDT
MSTSMAHIP,Morningstar MAHI TEST PR USD,MS,MSTAR,2026-07-31 15:38:06 CDT
MSTSMAHIT,Morningstar MAHI TEST TR USD,MS,MSTAR,2026-07-31 15:38:06 CDT
MSTWTMGT,Morningstar Taiwan All Cap Target Market Exposure GR TWD,MS,MSTAR,2026-07-31 15:38:06 CDT
MSTWTMGU,Morningstar Taiwan All Cap Target Market Exposure GR USD,MS,MSTAR,2026-07-31 15:38:06 CDT
MSTWTMPT,Morningstar Taiwan All Cap Target Market Exposure PR TWD,MS,MSTAR,2026-07-31 15:38:06 CDT
MSTWTMPU,Morningstar Taiwan All Cap Target Market Exposure PR USD,MS,MSTAR,2026-07-31 15:38:06 CDT
MSTWTWDP,Morningstar Taiwan PR TWD,MS,MSTAR,2026-07-31 15:38:06 CDT
MSTWUSDP,Morningstar Taiwan PR USD,MS,MSTAR,2026-07-31 15:38:06 CDT
MSUAIBPU,Morningstar US Artificial Intelligence Beneficiaries Select PR USD,TP,MSTAR,2026-07-31 15:38:06 CDT
MSUCCTPU,Morningstar US Consumer Cyclical Target Market Exposure PR USD,MS,MSTAR,2026-07-31 15:38:06 CDT
MSUCDTPU,Morningstar US Consumer Defensive Target Market Exposure PR USD,MS,MSTAR,2026-07-31 15:38:06 CDT
MSUCSTPU,Morningstar US Communication Services Target Market Exposure PR USD,MS,MSTAR,2026-07-31 15:38:06 CDT
MSUDESNU,Morningstar US Dividend Enhanced Select NR USD,MS,MSTAR,2026-07-31 15:38:06 CDT
MSUDTSPU,Morningstar US Diversified Transition Select PR USD,MS,MSTAR,2026-07-31 15:38:06 CDT
MSUKEEGG,Morningstar UK ESG Enhanced GR GBP,MS,MSTAR,2026-07-31 15:38:06 CDT
MSUKEENG,Morningstar UK ESG Enhanced NR GBP,MS,MSTAR,2026-07-31 15:38:06 CDT
MSUKEEPG,Morningstar UK ESG Enhanced PR GBP,MS,MSTAR,2026-07-31 15:38:06 CDT
MSUKGTPG,Morningstar UK Growth Target Market Exposure PR GBP,MS,MSTAR,2026-07-31 15:38:06 CDT
MSUKLCPG,Morningstar UK Large Cap Target Market Exposure PR GBP,MS,MSTAR,2026-07-31 15:38:06 CDT
MSUKMCPG,Morningstar UK Mid Cap Target Market Exposure PR GBP,MS,MSTAR,2026-07-31 15:38:06 CDT
MSUKRBMPG,Morningstar UK Basic Materials PR GBP,MS,MSTAR,2026-07-31 15:38:06 CDT
MSUKRCDPG,Morningstar UK Consumer Defensive PR GBP,MS,MSTAR,2026-07-31 15:38:06 CDT
MSUKRCSPG,Morningstar UK Communication Services PR GBP,MS,MSTAR,2026-07-31 15:38:06 CDT
MSUKRENPG,Morningstar UK Energy PR GBP,MS,MSTAR,2026-07-31 15:38:06 CDT
MSUKRFSPG,Morningstar UK Financial Services PR GBP,MS,MSTAR,2026-07-31 15:38:06 CDT
MSUKRHCPG,Morningstar UK Healthcare PR GBP,MS,MSTAR,2026-07-31 15:38:06 CDT
MSUKRINPG,Morningstar UK Industrials PR GBP,MS,MSTAR,2026-07-31 15:38:06 CDT
MSUKRREPG,Morningstar UK Real Estate PR GBP,MS,MSTAR,2026-07-31 15:38:06 CDT
MSUKRTNPG,Morningstar UK Technology PR GBP,MS,MSTAR,2026-07-31 15:38:06 CDT
MSUKRULPG,Morningstar UK Utilities PR GBP,MS,MSTAR,2026-07-31 15:38:06 CDT
MSUKSTPG,Morningstar UK Small Cap Target Market Exposure PR GBP,MS,MSTAR,2026-07-31 15:38:06 CDT
MSUKVTPG,Morningstar UK Value Target Market Exposure PR GBP,MS,MSTAR,2026-07-31 15:38:06 CDT
MSULCGPU,MS Test Large Cap Growth Index,MS,MSTAR,2026-07-31 15:38:06 CDT
MSULCGPV,MS Test Large Cap Growth SOQ Index,MS,MSTAR,2026-07-31 15:38:06 CDT
MSULCGTU,MS Test Large Cap Growth TR Index,MS,MSTAR,2026-07-31 15:38:06 CDT
MSULCGTV,MS Test Large Cap Growth SOQ TR Index,MS,MSTAR,2026-07-31 15:38:06 CDT
MSULCSGU,Morningstar US Large Cap Select TR USD,MS,MSTAR,2026-07-31 15:38:06 CDT
MSULCTU,MS Test Large Cap TR Index,MS,MSTAR,2026-07-31 15:38:06 CDT
MSULCTV,MS Test Large Cap SOQ TR Index,MS,MSTAR,2026-07-31 15:38:06 CDT
MSULCVPU,MS Test Large Cap Value Index,MS,MSTAR,2026-07-31 15:38:06 CDT
MSULCVPV,MS Test Large Cap Value SOQ Index,MS,MSTAR,2026-07-31 15:38:06 CDT
MSULCVTU,MS Test Large Cap Value TR Index,MS,MSTAR,2026-07-31 15:38:06 CDT
MSULCVTV,MS Test Large Cap Value SOQ TR Index,MS,MSTAR,2026-07-31 15:38:06 CDT
MSUM10CG,Morningstar US Multi-Sector Select 10 Capped GR EUR,MS,MSTAR,2026-07-31 15:38:06 CDT
MSUM10CP,Morningstar US Multi-Sector Select 10 Capped PR EUR,MS,MSTAR,2026-07-31 15:38:06 CDT
MSUM10GE,Morningstar US Multi-Sector Select 10 GR EUR,MS,MSTAR,2026-07-31 15:38:06 CDT
MSUM10PE,Morningstar US Multi-Sector Select 10 PR EUR,MS,MSTAR,2026-07-31 15:38:06 CDT
MSUMCEPU,Morningstar US Mid Cap Target Market Exposure Extended PR USD,MS,MSTAR,2026-07-31 15:38:06 CDT
MSUMCTV,MS Test Micro Cap SOQ TR Index,MS,MSTAR,2026-07-31 15:38:06 CDT
MSUMGGPU,MS Test Mega Cap Growth Index,MS,MSTAR,2026-07-31 15:38:06 CDT
MSUMGGPV,MS Test Mega Cap Growth SOQ Index,MS,MSTAR,2026-07-31 15:38:06 CDT
MSUMGGTU,MS Test Mega Cap Growth TR Index,MS,MSTAR,2026-07-31 15:38:06 CDT
MSUMGGTV,MS Test Mega Cap Growth SOQ TR Index,MS,MSTAR,2026-07-31 15:38:06 CDT
MSUMGPU,MS Test Mega Cap Index,MS,MSTAR,2026-07-31 15:38:06 CDT
MSUMGPV,MS Test Mega Cap SOQ Index,MS,MSTAR,2026-07-31 15:38:06 CDT
MSUMGTU,MS Test Mega Cap TR Index,MS,MSTAR,2026-07-31 15:38:06 CDT
MSUMGTV,MS Test Mega Cap SOQ TR Index,MS,MSTAR,2026-07-31 15:38:06 CDT
MSUMGVPU,MS Test Mega Cap Value Index,MS,MSTAR,2026-07-31 15:38:06 CDT
MSUMGVPV,MS Test Mega Cap Value SOQ Index,MS,MSTAR,2026-07-31 15:38:06 CDT
MSUMGVTU,MS Test Mega Cap Value TR Index,MS,MSTAR,2026-07-31 15:38:06 CDT
MSUMGVTV,MS Test Mega Cap Value SOQ TR Index,MS,MSTAR,2026-07-31 15:38:06 CDT
MSUMMFGU,Morningstar US Small-Mid Cap Moat Focus TR USD,MS,MSTAR,2026-07-31 15:38:06 CDT
MSUMS15G,Morningstar US Multi-Sector Select 15 GR EUR,MS,MSTAR,2026-07-31 15:38:06 CDT
MSUMS15N,Morningstar US Multi-Sector Select 15 NR EUR,MS,MSTAR,2026-07-31 15:38:06 CDT
MSUMS15P,Morningstar US Multi-Sector Select 15 PR EUR,MS,MSTAR,2026-07-31 15:38:06 CDT
MSUMSSGE,Morningstar US Multi-Sector Select 15 Capped GR EUR,MS,MSTAR,2026-07-31 15:38:06 CDT
MSUMSSNE,Morningstar US Multi-Sector Select 15 Capped NR EUR,MS,MSTAR,2026-07-31 15:38:06 CDT
MSUMSSPE,Morningstar US Multi-Sector Select 15 Capped PR EUR,MS,MSTAR,2026-07-31 15:38:06 CDT
MSUNR5GU,Morningstar US Upstream Natural Resources Dividend Select Decrement 5 GR USD,MS,MSTAR,2026-07-31 15:38:06 CDT
MSUNR5NE,Morningstar US Upstream Natural Resources Dividend Select Decrement 5 NR EUR,MS,MSTAR,2026-07-31 15:38:06 CDT
MSUNRDGE,Morningstar US Upstream Natural Resources Dividend Select GR EUR,MS,MSTAR,2026-07-31 15:38:06 CDT
MSUNRDGU,Morningstar US Upstream Natural Resources Dividend Select GR USD,MS,MSTAR,2026-07-31 15:38:06 CDT
MSUNRDPE,Morningstar US Upstream Natural Resources Dividend Select PR EUR,MS,MSTAR,2026-07-31 15:38:06 CDT
MSUNRDPU,Morningstar US Upstream Natural Resources Dividend Select PR USD,MS,MSTAR,2026-07-31 15:38:06 CDT
MSUSBTPU,Morningstar US Basic Materials Target Market Exposure PR USD,MS,MSTAR,2026-07-31 15:38:06 CDT
MSUSCEPU,Morningstar US Small Cap Target Market Exposure Extended PR USD,MS,MSTAR,2026-07-31 15:38:06 CDT
MSUSDVPU,Morningstar US Dividend Valuation PR USD,MS,MSTAR,2026-07-31 15:38:06 CDT
MSUSDVTU,Morningstar US Dividend Valuation TR USD,MS,MSTAR,2026-07-31 15:38:06 CDT
MSUSEEGG,Morningstar US Markets ESG Enhanced GR GBP,MS,MSTAR,2026-07-31 15:38:06 CDT
MSUSEENG,Morningstar US Markets ESG Enhanced NR GBP,MS,MSTAR,2026-07-31 15:38:06 CDT
MSUSEEPG,Morningstar US Markets ESG Enhanced PR GBP,MS,MSTAR,2026-07-31 15:38:06 CDT
MSUSETPU,Morningstar US Energy Target Market Exposure PR USD,MS,MSTAR,2026-07-31 15:38:06 CDT
MSUSEVC,Morningstar US 500 & Eurozone 50 Target Volatility 17 GR EUR,MC,MSTAR,2026-07-31 15:38:06 CDT
MSUSEVC2,Morningstar US 500 & Eurozone 50 Target Volatility 17 Decrement 50 Point Series 2 GR EUR,MS,MSTAR,2026-07-31 15:38:06 CDT
MSUSEVCD,Morningstar US 500 & Eurozone 50 Target Volatility 17 Decrement 50 Point GR EUR,MC,MSTAR,2026-07-31 15:38:06 CDT
MSUSFTPU,Morningstar US Financial Services Target Market Exposure PR USD,MS,MSTAR,2026-07-31 15:38:06 CDT
MSUSHTPU,Morningstar US Healthcare Target Market Exposure PR USD,MS,MSTAR,2026-07-31 15:38:06 CDT
MSUSILGE,Morningstar US Industry Leaders Select 25 GR EUR,MS,MSTAR,2026-07-31 15:38:06 CDT
MSUSILNE,Morningstar US Industry Leaders Select 25 NR EUR,MS,MSTAR,2026-07-31 15:38:06 CDT
MSUSILPE,Morningstar US Industry Leaders Select 25 PR EUR,MS,MSTAR,2026-07-31 15:38:06 CDT
MSUSITPU,Morningstar US Industrials Target Market Exposure PR USD,MS,MSTAR,2026-07-31 15:38:06 CDT
MSUSRTPU,Morningstar US Real Estate Target Market Exposure PR USD,MS,MSTAR,2026-07-31 15:38:06 CDT
MSUSSMNU,Morningstar US Sustainability Moat Focus NR USD,MS,MSTAR,2026-07-31 15:38:06 CDT
MSUSSMPU,Morningstar US Sustainability Moat Focus PR USD,MS,MSTAR,2026-07-31 15:38:06 CDT
MSUSTPTU,Morningstar US Target Market Exposure Paris Aligned Benchmark Select TR USD,MS,MSTAR,2026-07-31 15:38:06 CDT
MSUSTTPU,Morningstar US Technology Target Market Exposure PR USD,MS,MSTAR,2026-07-31 15:38:06 CDT
MSUSTUTU,Morningstar US Target Market Exposure UCITS Select TR USD,MS,MSTAR,2026-07-31 15:38:06 CDT
MSUSUTPU,Morningstar US Utilities Target Market Exposure PR USD,MS,MSTAR,2026-07-31 15:38:06 CDT
MSUTMEPU,Morningstar US Target Market Exposure PR USD,MS,MSTAR,2026-07-31 15:38:06 CDT
MSUXTHPU,Morningstar US Healthcare Innovation PR USD,MS,MSTAR,2026-07-31 15:38:06 CDT
MSVL,Morningstar US Small Value Market PR USD,MS,MSTAR,2026-07-31 15:38:06 CDT
MSVLT,Morningstar US Small Value Market TR USD,MS,MSTAR,2026-07-31 15:38:06 CDT
MSWATMGC,Morningstar Switzerland All Cap Target Market Exposure GR CHF,MS,MSTAR,2026-07-31 15:38:06 CDT
MSWATMGU,Morningstar Switzerland All Cap Target Market Exposure GR USD,MS,MSTAR,2026-07-31 15:38:06 CDT
MSWATMPC,Morningstar Switzerland All Cap Target Market Exposure PR CHF,MS,MSTAR,2026-07-31 15:38:06 CDT
MSWATMPU,Morningstar Switzerland All Cap Target Market Exposure PR USD,MS,MSTAR,2026-07-31 15:38:06 CDT
MSXTEWPU,Morningstar Exponential Technologies Equal Weighted Select PR USD,MS,MSTAR,2026-07-31 15:38:06 CDT
MSXTEWTU,Morningstar Exponential Technologies Equal Weighted Select GR USD,MS,MSTAR,2026-07-31 15:38:06 CDT
MSXTSSGU,Morningstar Exponential Technologies ESG Screened Select GR USD,MS,MSTAR,2026-07-31 15:38:06 CDT
MSXTSST7,Morningstar Exponential Technologies ESG Screened Target Volatility 7 Select ER USD,MS,MSTAR,2026-07-31 15:38:06 CDT
MSYFPRSG,Morningstar Singapore Yield Focus PR SGD,MS,MSTAR,2026-07-31 15:38:06 CDT
MSZAUSDP,Morningstar South Africa PR USD,MS,MSTAR,2026-07-31 15:38:06 CDT
MSZAZARP,Morningstar South Africa PR ZAR,MS,MSTAR,2026-07-31 15:38:06 CDT
MTCORE,Morningstar Transatlantic Multi-Sector Select 20 Decrement 50 Point GR EUR,MS,MSTAR,2026-07-31 15:38:06 CDT
MTCORE5,Morningstar Transatlantic Multi-Sector Select 20 Decrement 5 NR EUR,MS,MSTAR,2026-07-31 15:38:06 CDT
MTCOREG,Morningstar Transatlantic Multi-Sector Select 20 GR EUR,MS,MSTAR,2026-07-31 15:38:06 CDT
MTCOREN,Morningstar Transatlantic Multi-Sector Select 20 NR EUR,MS,MSTAR,2026-07-31 15:38:06 CDT
MTCOREP,Morningstar Transatlantic Multi-Sector Select 20 PR EUR,MS,MSTAR,2026-07-31 15:38:06 CDT
MTECH20,Morningstar Transatlantic Technology and Communication Services Select 20 Decrement 50 Point GR EUR ,MS,MSTAR,2026-07-31 15:38:06 CDT
MTECH20D,Morningstar Transatlantic Technology and Communication Services Select 20 Decrement 5 NR EUR,MS,MSTAR,2026-07-31 15:38:06 CDT
MTECH20G,Morningstar Transatlantic Technology and Communication Services Select 20 GR EUR,MS,MSTAR,2026-07-31 15:38:06 CDT
MTECH20N,Morningstar Transatlantic Technology and Communication Services Select 20 NR EUR,MS,MSTAR,2026-07-31 15:38:06 CDT
MTECH20P,Morningstar Transatlantic Technology and Communication Services Select 20 PR EUR,MS,MSTAR,2026-07-31 15:38:06 CDT
MTESG40G,Morningstar Transatlantic ESG Select 40 GR EUR,MS,MSTAR,2026-07-31 15:38:06 CDT
MTESG40N,Morningstar Transatlantic ESG Select 40 NR EUR,MS,MSTAR,2026-07-31 15:38:06 CDT
MTESG40P,Morningstar Transatlantic ESG Select 40 PR EUR,MS,MSTAR,2026-07-31 15:38:06 CDT
MTESG4DG,Morningstar TranMorningstar Transatlantic ESG Select 40 Decrement 50 Point GR EUR,MS,MSTAR,2026-07-31 15:38:06 CDT
MTESG4DN,Morningstar Transatlantic ESG Select 40 Decrement 5 NR EUR,MS,MSTAR,2026-07-31 15:38:06 CDT
MTHATMGT,Morningstar Thailand All Cap Target Market Exposure GR THB,MS,MSTAR,2026-07-31 15:38:06 CDT
MTHATMGU,Morningstar Thailand All Cap Target Market Exposure GR USD,MS,MSTAR,2026-07-31 15:38:06 CDT
MTHATMPT,Morningstar Thailand All Cap Target Market Exposure PR THB,MS,MSTAR,2026-07-31 15:38:06 CDT
MTHATMPU,Morningstar Thailand All Cap Target Market Exposure PR USD,MS,MSTAR,2026-07-31 15:38:06 CDT
MTINVES5,Morningstar Transatlantic Industry Leaders Select 50 Decrement 5 NR EUR,MS,MSTAR,2026-07-31 15:38:06 CDT
MTINVESG,Morningstar Transatlantic Industry Leaders Select 50 GR EUR,MS,MSTAR,2026-07-31 15:38:06 CDT
MTINVESN,Morningstar Transatlantic Industry Leaders Select 50 NR EUR,MS,MSTAR,2026-07-31 15:38:06 CDT
MTINVESP,Morningstar Transatlantic Industry Leaders Select 50 PR EUR,MS,MSTAR,2026-07-31 15:38:06 CDT
MTINVEST,Morningstar Transatlantic Industry Leaders Select 50 Decrement 50 Point GR EUR,MS,MSTAR,2026-07-31 15:38:06 CDT
MTPS50D,Morningstar Transatlantic PAB Select 50 Decrement 50 Point GR EUR,MC,MSTAR,2026-07-31 15:38:06 CDT
MTPS50D5,Morningstar Transatlantic PAB Select 50 Decrement 5 NR EUR,MC,MSTAR,2026-07-31 15:38:06 CDT
MTPS50GE,Morningstar Transatlantic PAB Select 50 GR EUR,MC,MSTAR,2026-07-31 15:38:06 CDT
MTPS50NE,Morningstar Transatlantic PAB Select 50 NR EUR,MC,MSTAR,2026-07-31 15:38:06 CDT
MTPS50PE,Morningstar Transatlantic PAB Select 50 PR EUR,MC,MSTAR,2026-07-31 15:38:06 CDT
MTQUAD,Morningstar Transatlantic Multi-Sector Select 30 Decrement 50 Point GR EUR,MS,MSTAR,2026-07-31 15:38:06 CDT
MTQUAD30,Morningstar Transatlantic Multi-Sector Select 30 Decrement 50 Point Series 2 GR EUR,MS,MSTAR,2026-07-31 15:38:06 CDT
MTQUAD5,Morningstar Transatlantic Multi-Sector Select 30 Decrement 5 NR EUR,MS,MSTAR,2026-07-31 15:38:06 CDT
MTQUADG,Morningstar Transatlantic Multi-Sector Select 30 GR EUR,MS,MSTAR,2026-07-31 15:38:06 CDT
MTQUADN,Morningstar Transatlantic Multi-Sector Select 30 NR EUR,MS,MSTAR,2026-07-31 15:38:06 CDT
MTQUADP,Morningstar Transatlantic Multi-Sector Select 30 PR EUR,MS,MSTAR,2026-07-31 15:38:06 CDT
MTQUADS,Morningstar Transatlantic Multi-Sector Select 30 Decrement 50 Point July 2026 GR EUR,MS,MSTAR,2026-07-31 15:38:06 CDT
MTS,Morningstar US Technology Sector PR USD,MS,MSTAR,2026-07-31 15:38:06 CDT
MTSCORE,Morningstar Transatlantic 60/40 Multi-Sector Select 20 Decrement 50 Point GR EUR,MS,MSTAR,2026-07-31 15:38:06 CDT
MTSCORE5,Morningstar Transatlantic 60/40 Multi-Sector Select 20 Decrement 5 NR EUR,MS,MSTAR,2026-07-31 15:38:06 CDT
MTSCOREG,Morningstar Transatlantic 60/40 Multi-Sector Select 20 GR EUR,MS,MSTAR,2026-07-31 15:38:06 CDT
MTSCOREN,Morningstar Transatlantic 60/40 Multi-Sector Select 20 NR EUR,MS,MSTAR,2026-07-31 15:38:06 CDT
MTSCOREP,Morningstar Transatlantic 60/40 Multi-Sector Select 20 PR EUR,MS,MSTAR,2026-07-31 15:38:06 CDT
MTSQUAD,Morningstar Transatlantic 60/40 Multi-Sector Select 30 Decrement 50 Point GR EUR,MS,MSTAR,2026-07-31 15:38:06 CDT
MTSQUAD5,Morningstar Transatlantic 60/40 Multi-Sector Select 30 Decrement 5 NR EUR,MS,MSTAR,2026-07-31 15:38:06 CDT
MTSQUADG,Morningstar Transatlantic 60/40 Multi-Sector Select 30 GR EUR,MS,MSTAR,2026-07-31 15:38:06 CDT
MTSQUADN,Morningstar Transatlantic 60/40 Multi-Sector Select 30 NR EUR,MS,MSTAR,2026-07-31 15:38:06 CDT
MTSQUADP,Morningstar Transatlantic 60/40 Multi-Sector Select 30 PR EUR,MS,MSTAR,2026-07-31 15:38:06 CDT
MTSTCCPU,MS Test Consumer Discretionary Index,MS,MSTAR,2026-07-31 15:38:06 CDT
MTSTCCPV,MS Test Consumer Discretionary SOQ Index,MS,MSTAR,2026-07-31 15:38:06 CDT
MTSTCCTU,MS Test Consumer Discretionary TR Index,MS,MSTAR,2026-07-31 15:38:06 CDT
MTSTCCTV,MS Test Consumer Discretionary SOQ TR Index,MS,MSTAR,2026-07-31 15:38:06 CDT
MTSTCDPU,MS Test Consumer Staples Index,MS,MSTAR,2026-07-31 15:38:06 CDT
MTSTCDPV,MS Test Consumer Staples SOQ Index,MS,MSTAR,2026-07-31 15:38:06 CDT
MTSTCDTU,MS Test Consumer Staples TR Index,MS,MSTAR,2026-07-31 15:38:06 CDT
MTSTCDTV,MS Test Consumer Staples SOQ TR Index,MS,MSTAR,2026-07-31 15:38:06 CDT
MTSTCEPU,MS Test Energy Index,MS,MSTAR,2026-07-31 15:38:06 CDT
MTSTCETU,MS Test Energy TR Index,MS,MSTAR,2026-07-31 15:38:06 CDT
MTSTCFPU,MS Test Financials Index,MS,MSTAR,2026-07-31 15:38:06 CDT
MTSTCFPV,MS Test Financials SOQ Index,MS,MSTAR,2026-07-31 15:38:06 CDT
MTSTCFTU,MS Test Financials TR Index,MS,MSTAR,2026-07-31 15:38:06 CDT
MTSTCFTV,MS Test Financials SOQ TR Index,MS,MSTAR,2026-07-31 15:38:06 CDT
MTSTCGPU,MS Test Core Cap Growth Index,MS,MSTAR,2026-07-31 15:38:06 CDT
MTSTCGTU,MS Test Core Cap Growth TR Index,MS,MSTAR,2026-07-31 15:38:06 CDT
MTSTCHPU,MS Test Healthcare Index,MS,MSTAR,2026-07-31 15:38:06 CDT
MTSTCHPV,MS Test Healthcare SOQ Index,MS,MSTAR,2026-07-31 15:38:06 CDT
MTSTCHTU,MS Test Healthcare TR Index,MS,MSTAR,2026-07-31 15:38:06 CDT
MTSTCHTV,MS Test Healthcare SOQ TR Index,MS,MSTAR,2026-07-31 15:38:06 CDT
MTSTCIPU,MS Test Industrials Index,MS,MSTAR,2026-07-31 15:38:06 CDT
MTSTCIPV,MS Test Industrials SOQ Index,MS,MSTAR,2026-07-31 15:38:06 CDT
MTSTCITU,MS Test Industrials TR Index,MS,MSTAR,2026-07-31 15:38:06 CDT
MTSTCITV,MS Test Industrials SOQ TR Index,MS,MSTAR,2026-07-31 15:38:06 CDT
MTSTCMPU,MS Test Materials Index,MS,MSTAR,2026-07-31 15:38:06 CDT
MTSTCMPV,MS Test Materials SOQ Index,MS,MSTAR,2026-07-31 15:38:06 CDT
MTSTCMTU,MS Test Materials TR Index,MS,MSTAR,2026-07-31 15:38:06 CDT
MTSTCMTV,MS Test Materials SOQ TR Index,MS,MSTAR,2026-07-31 15:38:06 CDT
MTSTCPU,MS Test Core Cap Index,MS,MSTAR,2026-07-31 15:38:06 CDT
MTSTCPV,MS Test Core Cap SOQ Index,MS,MSTAR,2026-07-31 15:38:06 CDT
MTSTCRPU,MS Test Real Estate & REITs Index,MS,MSTAR,2026-07-31 15:38:06 CDT
MTSTCRPV,MS Test Real Estate & REITs SOQ Index,MS,MSTAR,2026-07-31 15:38:06 CDT
MTSTCRTU,MS Test Real Estate & REITs TR Index,MS,MSTAR,2026-07-31 15:38:06 CDT
MTSTCRTV,MS Test Real Estate & REITs SOQ TR Index,MS,MSTAR,2026-07-31 15:38:06 CDT
MTSTCSPU,MS Test Media & Comm Index,MS,MSTAR,2026-07-31 15:38:06 CDT
MTSTCSPV,MS Test Media & Comm SOQ Index,MS,MSTAR,2026-07-31 15:38:06 CDT
MTSTCSTU,MS Test Media & Comm TR Index,MS,MSTAR,2026-07-31 15:38:06 CDT
MTSTCSTV,MS Test Media & Comm SOQ TR Index,MS,MSTAR,2026-07-31 15:38:06 CDT
MTSTCTU,MS Test Core Cap TR Index,MS,MSTAR,2026-07-31 15:38:06 CDT
MTSTCTV,MS Test Core Cap SOQ TR Index,MS,MSTAR,2026-07-31 15:38:06 CDT
MTSTCUPU,MS Test Utilities Index,MS,MSTAR,2026-07-31 15:38:06 CDT
MTSTCUPV,MS Test Utilities SOQ Index,MS,MSTAR,2026-07-31 15:38:06 CDT
MTSTCUTU,MS Test Utilities TR Index,MS,MSTAR,2026-07-31 15:38:06 CDT
MTSTCUTV,MS Test Utilities SOQ TR Index,MS,MSTAR,2026-07-31 15:38:06 CDT
MTSTCVPU,MS Test Core Cap Value Index,MS,MSTAR,2026-07-31 15:38:06 CDT
MTSTCVPV,MS Test Core Cap Value SOQ Index,MS,MSTAR,2026-07-31 15:38:06 CDT
MTSTCVTU,MS Test Core Cap Value TR Index,MS,MSTAR,2026-07-31 15:38:06 CDT
MTSTCVTV,MS Test Core Cap Value SOQ TR Index,MS,MSTAR,2026-07-31 15:38:06 CDT
MTSTMCTU,MS Test Micro Cap TR Index,MS,MSTAR,2026-07-31 15:38:06 CDT
MTSTMDGPU,MS Test Mid Cap Growth Index,MS,MSTAR,2026-07-31 15:38:06 CDT
MTSTMDGTU,MS Test Mid Cap Growth TR Index,MS,MSTAR,2026-07-31 15:38:06 CDT
MTSTMDPU,MS Test Mid Cap Index,MS,MSTAR,2026-07-31 15:38:06 CDT
MTSTMDPV,MS Test Mid Cap SOQ Index,MS,MSTAR,2026-07-31 15:38:06 CDT
MTSTMDTU,MS Test Mid Cap TR Index,MS,MSTAR,2026-07-31 15:38:06 CDT
MTSTMDTV,MS Test Mid Cap SOQ TR Index,MS,MSTAR,2026-07-31 15:38:06 CDT
MTSTMDVPU,MS Test Mid Cap Value Index,MS,MSTAR,2026-07-31 15:38:06 CDT
MTSTMDVPV,MS Test Mid Cap Value SOQ Index,MS,MSTAR,2026-07-31 15:38:06 CDT
MTSTMDVTU,MS Test Mid Cap Value TR Index,MS,MSTAR,2026-07-31 15:38:06 CDT
MTSTMDVTV,MS Test Mid Cap Value SOQ TR Index,MS,MSTAR,2026-07-31 15:38:06 CDT
MTSTOTPU,MS Test Technology Index,MS,MSTAR,2026-07-31 15:38:06 CDT
MTSTOTPV,MS Test Technology SOQ Index,MS,MSTAR,2026-07-31 15:38:06 CDT
MTSTOTTU,MS Test Technology TR Index,MS,MSTAR,2026-07-31 15:38:06 CDT
MTSTOTTV,MS Test Technology SOQ TR Index,MS,MSTAR,2026-07-31 15:38:06 CDT
MTSTSDGPU,MS Test Small/Mid Cap Growth Index,MS,MSTAR,2026-07-31 15:38:06 CDT
MTSTSDGPV,MS Test Small/Mid Cap Growth SOQ Index,MS,MSTAR,2026-07-31 15:38:06 CDT
MTSTSDGTU,MS Test Small/Mid Cap Growth TR Index,MS,MSTAR,2026-07-31 15:38:06 CDT
MTSTSDGTV,MS Test Small/Mid Cap Growth SOQ TR Index,MS,MSTAR,2026-07-31 15:38:06 CDT
MTSTSDPU,MS Test Small/Mid Cap Index,MS,MSTAR,2026-07-31 15:38:06 CDT
MTSTSDPV,MS Test Small/Mid Cap  SOQ Index,MS,MSTAR,2026-07-31 15:38:06 CDT
MTSTSDTU,MS Test Small/Mid Cap TR Index,MS,MSTAR,2026-07-31 15:38:06 CDT
MTSTSDTV,MS Test Small/Mid Cap SOQ TR Index,MS,MSTAR,2026-07-31 15:38:06 CDT
MTSTSGPU,MS Test Small Cap Growth Index,MS,MSTAR,2026-07-31 15:38:06 CDT
MTSTSGPV,MS Test Small Cap Growth SOQ Index,MS,MSTAR,2026-07-31 15:38:06 CDT
MTSTSGTU,MS Test Small Cap Growth TR Index,MS,MSTAR,2026-07-31 15:38:06 CDT
MTSTSGTV,MS Test Small Cap Growth SOQ TR Index,MS,MSTAR,2026-07-31 15:38:06 CDT
MTSTSIVPU,MS Test Small/Mid Cap Value Index,MS,MSTAR,2026-07-31 15:38:06 CDT
MTSTSIVPV,MS Test Small/Mid Cap Value SOQ Index,MS,MSTAR,2026-07-31 15:38:06 CDT
MTSTSIVTU,MS Test Small/Mid Cap Value TR Index,MS,MSTAR,2026-07-31 15:38:06 CDT
MTSTSIVTV,MS Test Small/Mid Cap Value SOQ TR Index,MS,MSTAR,2026-07-31 15:38:06 CDT
MTSTSMCPU,MS Test Small/Micro Cap Index,MS,MSTAR,2026-07-31 15:38:06 CDT
MTSTSMCPV,MS Test Small/Micro Cap SOQ Index,MS,MSTAR,2026-07-31 15:38:06 CDT
MTSTSMCTU,MS Test Small/Micro Cap TR Index,MS,MSTAR,2026-07-31 15:38:06 CDT
MTSTSMCTV,MS Test Small/Micro Cap SOQ TR Index,MS,MSTAR,2026-07-31 15:38:06 CDT
MTSTSPU,MS Test Small Cap Index,MS,MSTAR,2026-07-31 15:38:06 CDT
MTSTSPV,MS Test Small Cap SOQ Index,MS,MSTAR,2026-07-31 15:38:06 CDT
MTSTSTU,MS Test Small Cap TR Index,MS,MSTAR,2026-07-31 15:38:06 CDT
MTSTSTV,MS Test Small Cap SOQ TR Index,MS,MSTAR,2026-07-31 15:38:06 CDT
MTSTSVPU,MS Test Small Cap Value Index,MS,MSTAR,2026-07-31 15:38:06 CDT
MTSTSVPV,MS Test Small Cap Value SOQ Index,MS,MSTAR,2026-07-31 15:38:06 CDT
MTSTSVTU,MS Test Small Cap Value TR Index,MS,MSTAR,2026-07-31 15:38:06 CDT
MTSTSVTV,MS Test Small Cap Value SOQ TR Index,MS,MSTAR,2026-07-31 15:38:06 CDT
MTSTSXRPU,MS Test Small Cap ex-Real Estate,MS,MSTAR,2026-07-31 15:38:06 CDT
MTSTSXRPV,MS Test Small Cap ex-Real Estate SOQ Index,MS,MSTAR,2026-07-31 15:38:06 CDT
MTSTSXRTU,MS Test Small Cap ex-Real Estate TR Index,MS,MSTAR,2026-07-31 15:38:06 CDT
MTSTSXRTV,MS Test Small Cap ex-Real Estate SOQ TR Index,MS,MSTAR,2026-07-31 15:38:06 CDT
MTSTXMGPU,MS Test Total Market ex-Mega Cap Index,MS,MSTAR,2026-07-31 15:38:06 CDT
MTSTXMGPV,MS Test Total Market ex-Mega Cap SOQ Index,MS,MSTAR,2026-07-31 15:38:06 CDT
MTSTXMGTU,MS Test Total Market ex-Mega Cap TR Index,MS,MSTAR,2026-07-31 15:38:06 CDT
MTSTXMGTV,MS Test Total Market ex-Mega Cap SOQ TR Index,MS,MSTAR,2026-07-31 15:38:06 CDT
MTTCORE,Morningstar Transatlantic 55/45 Multi-Sector Select 20 Decrement 50 Point GR EUR,MS,MSTAR,2026-07-31 15:38:06 CDT
MTTCORE5,Morningstar Transatlantic 55/45 Multi-Sector Select 20 Decrement 5 NR EUR,MS,MSTAR,2026-07-31 15:38:06 CDT
MTTCOREG,Morningstar Transatlantic 55/45 Multi-Sector Select 20 GR EUR,MS,MSTAR,2026-07-31 15:38:06 CDT
MTTCOREN,Morningstar Transatlantic 55/45 Multi-Sector Select 20 NR EUR,MS,MSTAR,2026-07-31 15:38:06 CDT
MTTCOREP,Morningstar Transatlantic 55/45 Multi-Sector Select 20 PR EUR,MS,MSTAR,2026-07-31 15:38:06 CDT
MTVR,Fount Metaverse Index,MC,MSTAR,2026-07-31 15:38:06 CDT
MUAETMGA,Morningstar United Arab Emirates All Cap Target Market Exposure GR AED,MS,MSTAR,2026-07-31 15:38:06 CDT
MUAETMGU,Morningstar United Arab Emirates All Cap Target Market Exposure GR USD,MS,MSTAR,2026-07-31 15:38:06 CDT
MUAETMPA,Morningstar United Arab Emirates All Cap Target Market Exposure PR AED,MS,MSTAR,2026-07-31 15:38:06 CDT
MUAETMPU,Morningstar United Arab Emirates All Cap Target Market Exposure PR USD,MS,MSTAR,2026-07-31 15:38:06 CDT
MUCW,Cboe MU Call Writing Index,CO,CGI,2026-07-31 15:38:06 CDT
MUDI,Cboe MU Defined Income Index,CO,CGI,2026-07-31 15:38:06 CDT
MUDTCN,Morningstar US Target Dividend NR CAD,MS,MSTAR,2026-07-31 15:38:06 CDT
MUDTCP,Morningstar US Target Dividend PR CAD,MS,MSTAR,2026-07-31 15:38:06 CDT
MUDTCT,Morningstar US Target Dividend TR CAD,MS,MSTAR,2026-07-31 15:38:06 CDT
MUDTP,Morningstar US Target Dividend PR USD,MS,MSTAR,2026-07-31 15:38:06 CDT
MUDTT,Morningstar US Target Dividend TR USD,MS,MSTAR,2026-07-31 15:38:06 CDT
MUFT,Morningstar US Market Factor Tilt PR USD,MS,MSTAR,2026-07-31 15:38:06 CDT
MUFTT,Morningstar US Market Factor Tilt TR USD,MS,MSTAR,2026-07-31 15:38:06 CDT
MUIO,Cboe MU Income Only Index,CO,CGI,2026-07-31 15:38:06 CDT
MULMBGPU,Morningstar US Large-Mid Cap Broad Growth PR USD,MS,MSTAR,2026-07-31 15:38:06 CDT
MULMBVPU,Morningstar US Large-Mid Cap Broad Value PR USD,MS,MSTAR,2026-07-31 15:38:06 CDT
MULMGCPU,Morningstar US Large-Mid Cap Broad Growth Capped PR USD,MS,MSTAR,2026-07-31 15:38:06 CDT
MULTI4,Morningstar Eurozone Multi-Industry Select 20 Decrement 50 Point GR EUR,MS,MSTAR,2026-07-31 15:38:06 CDT
MULTI4C8,Morningstar Eurozone Multi-Industry Select 20 8 Capped Decrement 50 Point GR EUR,MS,MSTAR,2026-07-31 15:38:06 CDT
MULTI4C9,Morningstar Eurozone Multi-Industry Select 20 9 Capped Decrement 50 Point GR EUR,MS,MSTAR,2026-07-31 15:38:06 CDT
MULTI4D,Morningstar Eurozone Multi-Industry Select 20 Decrement 5 NR EUR,MS,MSTAR,2026-07-31 15:38:06 CDT
MULTI4D8,Morningstar Eurozone Multi-Industry Select 20 8 Capped Decrement 5 NR EUR,MS,MSTAR,2026-07-31 15:38:06 CDT
MULTI4D9,Morningstar Eurozone Multi-Industry Select 20 9 Capped Decrement 5 NR EUR,MS,MSTAR,2026-07-31 15:38:06 CDT
MULTI4G,Morningstar Eurozone Multi-Industry Select 20 GR EUR,MS,MSTAR,2026-07-31 15:38:06 CDT
MULTI4G8,Morningstar Eurozone Multi-Industry Select 20 8 Capped GR EUR,MS,MSTAR,2026-07-31 15:38:06 CDT
MULTI4G9,Morningstar Eurozone Multi-Industry Select 20 9 Capped GR EUR,MS,MSTAR,2026-07-31 15:38:06 CDT
MULTI4N,Morningstar Eurozone Multi-Industry Select 20 NR EUR,MS,MSTAR,2026-07-31 15:38:06 CDT
MULTI4N8,Morningstar Eurozone Multi-Industry Select 20 8 Capped NR EUR,MS,MSTAR,2026-07-31 15:38:06 CDT
MULTI4N9,Morningstar Eurozone Multi-Industry Select 20 9 Capped NR EUR,MS,MSTAR,2026-07-31 15:38:06 CDT
MULTI4P,Morningstar Eurozone Multi-Industry Select 20 PR EUR,MS,MSTAR,2026-07-31 15:38:06 CDT
MULTI4P8,Morningstar Eurozone Multi-Industry Select 20 8 Capped PR EUR,MS,MSTAR,2026-07-31 15:38:06 CDT
MULTI4P9,Morningstar Eurozone Multi-Industry Select 20 9 Capped PR EUR,MS,MSTAR,2026-07-31 15:38:06 CDT
MULTI50,Morningstar Eurozone Banks and Europe Basic Resources Select 20 Decrement 50 Point GR EUR,MS,MSTAR,2026-07-31 15:38:06 CDT
MULTI5D,Morningstar Eurozone Banks and Europe Basic Resources Select 20 Decrement 5 NR EUR,MS,MSTAR,2026-07-31 15:38:06 CDT
MULTIG,Morningstar Eurozone Banks and Europe Basic Resources Select 20 GR EUR,MS,MSTAR,2026-07-31 15:38:06 CDT
MULTIP,Morningstar Eurozone Banks and Europe Basic Resources Select 20 GR EUR,MS,MSTAR,2026-07-31 15:38:06 CDT
MULTIT50,Morningstar Transatlantic Multi-Industry Select Decrement 50 Point GR EUR,MS,MSTAR,2026-07-31 15:38:06 CDT
MULTIT5D,Morningstar Transatlantic Multi-Industry Select Decrement 5 NR EUR,MS,MSTAR,2026-07-31 15:38:06 CDT
MULTITG,Morningstar Transatlantic Multi-Industry Select GR EUR,MS,MSTAR,2026-07-31 15:38:06 CDT
MULTITN,Morningstar Transatlantic Multi-Industry Select NR EUR,MS,MSTAR,2026-07-31 15:38:06 CDT
MULTITP,Morningstar Transatlantic Multi-Industry Select PR EUR,MS,MSTAR,2026-07-31 15:38:06 CDT
MUMCBGPU,Morningstar US Mid Cap Broad Growth PR USD,MS,MSTAR,2026-07-31 15:38:06 CDT
MUMCBVPU,Morningstar US Mid Cap Broad Value PR USD,MS,MSTAR,2026-07-31 15:38:06 CDT
MUNR,Morningstar Global Upstream Natural Resources PR USD,MS,MSTAR,2026-07-31 15:38:06 CDT
MUNRT,Morningstar Global Upstream Natural Resources NR USD,MS,MSTAR,2026-07-31 15:38:06 CDT
MUS,Morningstar US Utilities Sector PR USD,MS,MSTAR,2026-07-31 15:38:06 CDT
MUSBGEPU,Morningstar US Small Cap Broad Growth Extended PR USD,MS,MSTAR,2026-07-31 15:38:06 CDT
MUSSCEPU,Morningstar US Small Cap Extended Market PR USD,MS,MSTAR,2026-07-31 15:38:06 CDT
MVAL,Morningstar US Value Market PR USD,MS,MSTAR,2026-07-31 15:38:06 CDT
MVAL50CP,Morningstar US Value Target 50 CAD PR,MS,MSTAR,2026-07-31 15:38:06 CDT
MVAL50CT,Morningstar US Value Target 50 CAD TR,MS,MSTAR,2026-07-31 15:38:06 CDT
MVAL50P,Morningstar US Target Value PR USD,MS,MSTAR,2026-07-31 15:38:06 CDT
MVAL50T,Morningstar US Value Target 50 USD TR,MS,MSTAR,2026-07-31 15:38:06 CDT
MVALT,Morningstar US Value Market TR USD,MS,MSTAR,2026-07-31 15:38:06 CDT
MVVIV,IHS-Mkt Proshares Ultra Midcap400 ETF,TP,INAV,2026-07-31 15:38:06 CDT
MWMF,Morningstar Wide Moat Focus PR USD,MS,MSTAR,2026-07-31 15:38:06 CDT
MWMFT,Morningstar Wide Moat Focus Total Return Index,MS,MSTAR,2026-07-31 15:38:06 CDT
MXACW,MSCI ACWI Net Total Return USD Index,TP,MSCI,2026-07-31 15:38:06 CDT
MXEA,MSCI EAFE Index RealTime,TP,MSCI,2026-07-31 15:38:06 CDT
MXEF,MSCI Emerging Markets Index RealTime,TP,MSCI,2026-07-31 15:38:06 CDT
MXTES50,Morningstar Transatlantic Exponential Technologies Static Select 10 Decrement 50 Point GR EUR,MS,MSTAR,2026-07-31 15:38:06 CDT
MXTES5D,Morningstar Transatlantic Exponential Technologies Static Select 10 Decrement 5 NR EUR,MS,MSTAR,2026-07-31 15:38:06 CDT
MXTESG,Morningstar Transatlantic Exponential Technologies Static Select 10 GR EUR,MS,MSTAR,2026-07-31 15:38:06 CDT
MXTESN,Morningstar Transatlantic Exponential Technologies Static Select 10 NR EUR,MS,MSTAR,2026-07-31 15:38:06 CDT
MXTESP,Morningstar Transatlantic Exponential Technologies Static Select 10 PR EUR,MS,MSTAR,2026-07-31 15:38:06 CDT
MXUSA,MSCI USA Gross Total Return USD Index,TP,MSCI,2026-07-31 15:38:06 CDT
MXWLD,MSCI World Net Total Return USD Index,TP,MSCI,2026-07-31 15:38:06 CDT
MYYIV,IHS-Mkt Proshares Short Midcap400 ETF,TP,INAV,2026-07-31 15:38:06 CDT
MZZIV,IHS-Mkt Proshares Ultrashort Midcap400 ETF,TP,INAV,2026-07-31 15:38:06 CDT
NANOS,NANOS 1/10th SPX,TP,MAIN,2026-07-31 15:38:06 CDT
NOBLIV,IHS-Mkt Proshares S&P 500 Dividend Aristocrats ETF,TP,INAV,2026-07-31 15:38:06 CDT
NOVZIV,TrueShares Structured Outcome November ETF Intraday Indicative Value,CC,INAV,2026-07-31 15:38:06 CDT
NVDACW,Cboe NVDA Call Writing Index,CO,CGI,2026-07-31 15:38:06 CDT
NVDADI,Cboe NVDA Defined Income Index,CO,CGI,2026-07-31 15:38:06 CDT
NVDAIO,Cboe NVDA Income Only Index,CO,CGI,2026-07-31 15:38:06 CDT
NVDBIV,ProShares Ultra NVDA Intraday Indicative Value,TP,INAV,2026-07-31 15:38:06 CDT
OBILIV,F/M US TREASURY 12 MONTH BILL ETF Intraday Indicative Value,TP,INAV,2026-07-31 15:38:06 CDT
OCTZIV,TrueShares Structured Outcome October ETF Intraday Indicative Value,CC,INAV,2026-07-31 15:38:06 CDT
OET,S&P 100 SETTLEMENT,TP,MAIN,2026-07-31 15:38:06 CDT
OEX,S&P 100 INDEX,TP,MAIN,2026-07-31 15:38:06 CDT
OILKIV,IHS-Mkt Proshares K-1 Free Crude Oil Strategy ETF,TP,INAV,2026-07-31 15:38:06 CDT
OMG100RP,Cboe 100 OMG / US Dollar RealPrice Index,TP,CCCY,2026-07-31 15:38:06 CDT
OMG1KRP,Cboe 1000 OMG / US Dollar RealPrice Index,TP,CCCY,2026-07-31 15:38:06 CDT
OMG25RP,Cboe 25 OMG / US Dollar RealPrice Index,TP,CCCY,2026-07-31 15:38:06 CDT
OMG2KRP,Cboe 2000 OMG / US Dollar RealPrice Index,TP,CCCY,2026-07-31 15:38:06 CDT
OMG500RP,Cboe 500 OMG / US Dollar RealPrice Index,TP,CCCY,2026-07-31 15:38:06 CDT
ONDIV,IHS-Mkt Proshares On-Demand ETF,TP,INAV,2026-07-31 15:38:06 CDT
ONEZIV,TrueShares Seasonality Laddered Buffered ETF Intraday Indicative Value,TP,INAV,2026-07-31 15:38:06 CDT
OVX,Cboe Crude Oil ETF USO VIX Index,CO,CGI,2026-07-31 15:38:06 CDT
OWNBX,Bitwise Bitcoin Standard Corporations Index,MC,MSTAR,2026-07-31 15:38:06 CDT
OWNBXN,Bitwise Bitcoin Standard Corporations Index,MC,MSTAR,2026-07-31 15:38:06 CDT
OWNBXT,Bitwise Bitcoin Standard Corporations Index,MC,MSTAR,2026-07-31 15:38:06 CDT
OXT1KRP,Cboe 1000 Orchid / US Dollar RealPrice Index,TP,CCCY,2026-07-31 15:38:06 CDT
OXT25KRP,Cboe 25K Orchid / US Dollar RealPrice Index,TP,CCCY,2026-07-31 15:38:06 CDT
OXT5KRP,Cboe 5000 Orchid / US Dollar RealPrice Index,TP,CCCY,2026-07-31 15:38:06 CDT
PAYHIV,TrueShares S&P Autocallable High Income ETF Intraday Indicative Value,CC,INAV,2026-07-31 15:38:06 CDT
PAYMIV,TrueShares S&P Autocallable Defensive Income ETF Intraday Indicative Value,CC,INAV,2026-07-31 15:38:06 CDT
PEXIV,IHS-Mkt Proshares Global Listed Private Equity ETF,TP,INAV,2026-07-31 15:38:06 CDT
PLTAIV,ProShares Ultra PLTR Intraday Indicative Value,TP,INAV,2026-07-31 15:38:06 CDT
PLTRCW,Cboe PLTR Call Writing Index,CO,CGI,2026-07-31 15:38:06 CDT
PLTRDI,Cboe PLTR Defined Income Index,CO,CGI,2026-07-31 15:38:06 CDT
PLTRIO,Cboe PLTR Income Only Index,CO,CGI,2026-07-31 15:38:06 CDT
PPUT,The CBOE S&P 500 5 Put Protection Index,CO,MAIN,2026-07-31 15:38:06 CDT
PPUT3M,Put Protection Quarterly,CO,MAIN,2026-07-31 15:38:06 CDT
PSCJIV,Pacer Swan SOS Conservative July ETF Intraday Indicative Value,CC,INAV,2026-07-31 15:38:06 CDT
PSCQIV,Pacer Swan SOS Conservative October ETF INAV,CC,INAV,2026-07-31 15:38:06 CDT
PSCWIV,Pacer Swan SOS Conservative April ETF Intraday Indicative Value,CC,INAV,2026-07-31 15:38:06 CDT
PSCXIV,Pacer Swan SOS Conservative December ETF Intraday Indicative Value,CC,INAV,2026-07-31 15:38:06 CDT
PSFDIV,Pacer Swan SOS Flex December ETF Intraday Indicative Value,CC,INAV,2026-07-31 15:38:06 CDT
PSFJIV,Pacer Swan SOS Flex July ETF Intraday Indicative Value,CC,INAV,2026-07-31 15:38:06 CDT
PSFMIV,Pacer Swan SOS Flex April ETF Intraday Indicative Value,CC,INAV,2026-07-31 15:38:06 CDT
PSFOIV,Pacer Swan SOS Flex October ETF INAV,CC,INAV,2026-07-31 15:38:06 CDT
PSMDIV,Pacer Swan SOS Moderate December ETF Intraday Indicative Value,CC,INAV,2026-07-31 15:38:06 CDT
PSMJIV,Pacer Swan SOS Moderate July ETF Intraday Indicative Value,CC,INAV,2026-07-31 15:38:06 CDT
PSMOIV,Pacer Swan SOS Moderate October ETF INAV,CC,INAV,2026-07-31 15:38:06 CDT
PSMRIV,Pacer Swan SOS Moderate April ETF Intraday Indicative Value,CC,INAV,2026-07-31 15:38:06 CDT
PSQIV,IHS-Mkt Proshares Short Qqq ETF,TP,INAV,2026-07-31 15:38:06 CDT
PSTIV,IHS-Mkt Proshares Ultrashort 7-10 Year Treasury ETF,TP,INAV,2026-07-31 15:38:06 CDT
PTLT,Cboe 20 Year Treasury Bond PutWrite Index,CO,CGI,2026-07-31 15:38:06 CDT
PUT,CBOE Putwrite Index,CO,MAIN,2026-07-31 15:38:06 CDT
PUTCAD,Cboe S&P 500 PutWrite Index CAD,CO,MAIN,2026-07-31 15:38:06 CDT
PUTD,Cboe Validus S&P 500 Dynamic PutWrite Index,CO,MAIN,2026-07-31 15:38:06 CDT
PUTR,CBOE Russell 2000 Putwrite Index,CO,FTSE,2026-07-31 15:38:06 CDT
PUTVM,Cboe S&P 500 Volatility Managed PutWrite Index,CO,MAIN,2026-07-31 15:38:06 CDT
PUTY,CBOE S&P 500 Putwrite OTM Index,CO,MAIN,2026-07-31 15:38:06 CDT
PVEXIV,TrueShares ConVequity ETF Intraday Indicative Value,TP,INAV,2026-07-31 15:38:06 CDT
PWT,CBOE S&P 500 PutWrite T-W Index,CO,MAIN,2026-07-31 15:38:06 CDT
QBERIV,TrueShares Quarterly Bear Hedge ETF,TP,INAV,2026-07-31 15:38:06 CDT
QBIV,ProShares Nasdaq-100 Dynamic Buffer ETF Intraday Indicative Value,TP,INAV,2026-07-31 15:38:06 CDT
QBULIV,TrueShares Quarterly Bull Hedge ETF,TP,INAV,2026-07-31 15:38:06 CDT
QETHIV,Invesco Galaxy Ethereum ETF Intraday Indicative Value,TP,CCCY,2026-07-31 15:38:06 CDT
QIDIV,IHS-Mkt Proshares Ultrashort Qqq ETF,TP,INAV,2026-07-31 15:38:06 CDT
QLDIV,IHS-Mkt Proshares Ultra Qqq ETF,TP,INAV,2026-07-31 15:38:06 CDT
QQDNIV,ProShares UltraShort Top QQQ Intraday Indicative Value,TP,INAV,2026-07-31 15:38:06 CDT
QQQAIV,IHS-Mkt Proshares Nas-100 Dorsey Wright Momentum,TP,INAV,2026-07-31 15:38:06 CDT
QQUPIV,ProShares Ultra Top QQQ Intraday Indicative Value,TP,INAV,2026-07-31 15:38:06 CDT
QQXLIV,ProShares Ultra QQQ Top 30 Intraday Indicative Value,TP,INAV,2026-07-31 15:38:06 CDT
QSOLIV,Invesco Galaxy Solana ETF Intraday Indicative Value,TP,CCCY,2026-07-31 15:38:06 CDT
QTUM100,Cboe 100 QTUM / US Dollar RealPrice Index,TP,CCCY,2026-07-31 15:38:06 CDT
QTUM1KRP,Cboe 1000 QTUM / US Dollar RealPrice Index,TP,CCCY,2026-07-31 15:38:06 CDT
QTUM25RP,Cboe 25 QTUM / US Dollar RealPrice Index,TP,CCCY,2026-07-31 15:38:06 CDT
QTUM2KRP,Cboe 2000 QTUM / US Dollar RealPrice Index,TP,CCCY,2026-07-31 15:38:06 CDT
QTUM500,Cboe 500 QTUM / US Dollar RealPrice Index,TP,CCCY,2026-07-31 15:38:06 CDT
QYLGIV,Global X Nasdaq 100 Covered Call & Growth ETF Intraday Indicative Value,CC,INAV,2026-07-31 15:38:06 CDT
RBILIV,F/M ULTRASHORT TREASURY INFLATION-PROTECTED SECURITY ETF Intraday Indicative Value,TP,INAV,2026-07-31 15:38:06 CDT
RBIV,ProShares Russell 2000 Dynamic Buffer ETF Intraday Indicative Value,TP,INAV,2026-07-31 15:38:06 CDT
REGLIV,IHS-Mkt Proshares S&P Mcap 400 Dividend Aristocrats,TP,INAV,2026-07-31 15:38:06 CDT
REKIV,IHS-Mkt Proshares Short Real Estate ETF,TP,INAV,2026-07-31 15:38:06 CDT
REP15RP,Cboe 15 Augur / US Dollar RealPrice Index,TP,CCCY,2026-07-31 15:38:06 CDT
REP250RP,Cboe 250 Augur / US Dollar RealPrice Index,TP,CCCY,2026-07-31 15:38:06 CDT
REP5KRP,Cboe 5000 Augur / US Dollar RealPrice Index,TP,CCCY,2026-07-31 15:38:06 CDT
REP75RP,Cboe 75 Augur / US Dollar RealPrice Index,TP,CCCY,2026-07-31 15:38:06 CDT
REWIV,IHS-Mkt Proshares Ultrashort Technology ETF,TP,INAV,2026-07-31 15:38:06 CDT
RINFIV,IHS-Mkt Proshares Inflation Expectations ETF,TP,INAV,2026-07-31 15:38:06 CDT
RIR,Russell 1000 Index Settlement Value,TP,FTSE,2026-07-31 15:38:06 CDT
RISX,ICMR ReInsurance Specialty Price Return Index,MC,MSTAR,2026-07-31 15:38:06 CDT
RISXNTR,ICMR ReInsurance Specialty Net Total Return Index,MC,MSTAR,2026-07-31 15:38:06 CDT
RLR,Russell 1000 Growth Index Settlement Value,TP,FTSE,2026-07-31 15:38:06 CDT
RLS,Russell 2000 Index Settlement Value,TP,FTSE,2026-07-31 15:38:06 CDT
ROMIV,IHS-Mkt Proshares Ultra Technology ETF,TP,INAV,2026-07-31 15:38:06 CDT
RPEN,Cboe Russell 2000 Enhanced Growth Index Series,CO,FTSE,2026-07-31 15:38:06 CDT
RPEN01,Cboe Russell 2000 Enhanced Growth Index January Series,CO,FTSE,2026-07-31 15:38:06 CDT
RPEN02,Cboe Russell 2000 Enhanced Growth Index February Series,CO,FTSE,2026-07-31 15:38:06 CDT
RPEN03,Cboe Russell 2000 Enhanced Growth Index March Series,CO,FTSE,2026-07-31 15:38:06 CDT
RPEN04,Cboe Russell 2000 Enhanced Growth Index April Series,CO,FTSE,2026-07-31 15:38:06 CDT
RPEN05,Cboe Russell 2000 Enhanced Growth Index May Series,CO,FTSE,2026-07-31 15:38:06 CDT
RPEN06,Cboe Russell 2000 Enhanced Growth Index June Series,CO,FTSE,2026-07-31 15:38:06 CDT
RPEN07,Cboe Russell 2000 Enhanced Growth Index July Series,CO,FTSE,2026-07-31 15:38:06 CDT
RPEN08,Cboe Russell 2000 Enhanced Growth Index August Series,CO,FTSE,2026-07-31 15:38:06 CDT
RPEN09,Cboe Russell 2000 Enhanced Growth Index September Series,CO,FTSE,2026-07-31 15:38:06 CDT
RPEN10,Cboe Russell 2000 Enhanced Growth Index October Series,CO,FTSE,2026-07-31 15:38:06 CDT
RPEN11,Cboe Russell 2000 Enhanced Growth Index November Series,CO,FTSE,2026-07-31 15:38:06 CDT
RPEN12,Cboe Russell 2000 Enhanced Growth Index December Series,CO,FTSE,2026-07-31 15:38:06 CDT
RPRO,Cboe Russell 2000 Buffer Protect Index Series,CO,FTSE,2026-07-31 15:38:06 CDT
RPRO01,Cboe Russell 2000 Buffer Protect Index January Series,CO,FTSE,2026-07-31 15:38:06 CDT
RPRO02,Cboe Russell 2000 Buffer Protect Index February Series,CO,FTSE,2026-07-31 15:38:06 CDT
RPRO03,Cboe Russell 2000 Buffer Protect Index March Series,CO,FTSE,2026-07-31 15:38:06 CDT
RPRO04,Cboe Russell 2000 Buffer Protect Index April Series,CO,FTSE,2026-07-31 15:38:06 CDT
RPRO05,Cboe Russell 2000 Buffer Protect Index May Series,CO,FTSE,2026-07-31 15:38:06 CDT
RPRO06,Cboe Russell 2000 Buffer Protect Index June Series,CO,FTSE,2026-07-31 15:38:06 CDT
RPRO07,Cboe Russell 2000 Buffer Protect Index July Series,CO,FTSE,2026-07-31 15:38:06 CDT
RPRO08,Cboe Russell 2000 Buffer Protect Index August Series,CO,FTSE,2026-07-31 15:38:06 CDT
RPRO09,Cboe Russell 2000 Buffer Protect Index September Series,CO,FTSE,2026-07-31 15:38:06 CDT
RPRO10,Cboe Russell 2000 Buffer Protect Index October Series,CO,FTSE,2026-07-31 15:38:06 CDT
RPRO11,Cboe Russell 2000 Buffer Protect Index November Series,CO,FTSE,2026-07-31 15:38:06 CDT
RPRO12,Cboe Russell 2000 Buffer Protect Index December Series,CO,FTSE,2026-07-31 15:38:06 CDT
RTYDBI,Cboe Russell 2000 Daily Buffer Index,CO,FTSE,2026-07-31 15:38:06 CDT
RTYDBO,Cboe Russell 2000 Daily Buffer Index - Options Only,CO,FTSE,2026-07-31 15:38:06 CDT
RTYDCC,Cboe Russell 2000 Daily Covered Call Index,CO,FTSE,2026-07-31 15:38:06 CDT
RTYDCCI,Cboe Russell 2000 Daily Covered Call Index Income Only,CO,FTSE,2026-07-31 15:38:06 CDT
RTYDCCO,Cboe Russell 2000 Daily Covered Call Index Call Only,CO,FTSE,2026-07-31 15:38:06 CDT
RUI,Russell 1000 Index,TP,FTSE,2026-07-31 15:38:06 CDT
RUT,Russell 2000 Index,TP,FTSE,2026-07-31 15:38:06 CDT
RUTD,Cboe Validus Russell 2000 Dynamic PutWrite Index,CO,FTSE,2026-07-31 15:38:06 CDT
RVS,Russell 1000 Value Index Settlement Value,TP,FTSE,2026-07-31 15:38:06 CDT
RVX,Cboe Russell 2000 RUTRUTW VIX Index,CO,FTSE,2026-07-31 15:38:06 CDT
RWMIV,IHS-Mkt Proshares Short Russell2000 ETF,TP,INAV,2026-07-31 15:38:06 CDT
RXDIV,IHS-Mkt Proshares Ultrashort Health Care ETF,TP,INAV,2026-07-31 15:38:06 CDT
RXLIV,IHS-Mkt Proshares Ultra Health Care ETF,TP,INAV,2026-07-31 15:38:06 CDT
RXM,CBOE S&P 500 Risk Reversal Index,CO,MAIN,2026-07-31 15:38:06 CDT
SAAIV,IHS-Mkt Proshares Ultra Smallcap600 ETF,TP,INAV,2026-07-31 15:38:06 CDT
SBBIV,IHS-Mkt Proshares Short Smallcap600 ETF,TP,INAV,2026-07-31 15:38:06 CDT
SBITIV,ProShares UltraShort Bitcoin ETF Intraday Indicative Value,TP,INAV,2026-07-31 15:38:06 CDT
SCCIV,IHS-Mkt Proshares Ultrashort Consumer Services ETF,TP,INAV,2026-07-31 15:38:06 CDT
SCOIV,IHS-Mkt Proshares Ultrashort Bloomberg Crude Oil ETF,TP,INAV,2026-07-31 15:38:06 CDT
SDDIV,IHS-Mkt Proshares Ultrashort Smallcap600 ETF,TP,INAV,2026-07-31 15:38:06 CDT
SDOWIV,IHS-Mkt Proshares Ultrapro Short Dow30 ETF,TP,INAV,2026-07-31 15:38:06 CDT
SDPIV,IHS-Mkt Proshares Ultrashort Utilities ETF,TP,INAV,2026-07-31 15:38:06 CDT
SDSIV,IHS-Mkt Proshares Ultrashort S&p500 ETF,TP,INAV,2026-07-31 15:38:06 CDT
SEFIV,IHS-Mkt Proshares Short Financials ETF,TP,INAV,2026-07-31 15:38:06 CDT
SEPZIV,TrueShares Structured Outcome September ETF Intraday Indicative Value,CC,INAV,2026-07-31 15:38:06 CDT
SET,S&P 500 SETTLEMENT,TP,MAIN,2026-07-31 15:38:06 CDT
SETHIV,SHORT ETHER STRATEGY ETF Intraday Indicative Value,TP,INAV,2026-07-31 15:38:06 CDT
SGVAIV,F M ACCUMULATOR ULTRASHORT US TREASURY ETF Intraday Indicative Value,TP,INAV,2026-07-31 15:38:06 CDT
SHIV,IHS-Mkt Proshares Short S&p500,TP,INAV,2026-07-31 15:38:06 CDT
SHORTVOL,Short VIX Futures Index,CC,MAIN,2026-07-31 15:38:06 CDT
SIJIV,IHS-Mkt Proshares Ultrashort Industrials ETF,TP,INAV,2026-07-31 15:38:06 CDT
SISB,S&P Materials Select Sector Index Settlement,TP,MAIN,2026-07-31 15:38:06 CDT
SISC,S&P Communication Select Sector Index Sector,TP,MAIN,2026-07-31 15:38:06 CDT
SISE,S&P Energy Select Sector Index Sector,TP,MAIN,2026-07-31 15:38:06 CDT
SISIN,S&P Industrial  Select Sector Index Settlement,TP,MAIN,2026-07-31 15:38:06 CDT
SISM,S&P Financial Select Sector Index Settlement,TP,MAIN,2026-07-31 15:38:06 CDT
SISR,S&P Consumer Staples Select Sector Index Settlement,TP,MAIN,2026-07-31 15:38:06 CDT
SISRE,S&P Real Estate Select Sector Index Settlement,TP,MAIN,2026-07-31 15:38:06 CDT
SIST,S&P Technology Select Sector Index Settlement,TP,MAIN,2026-07-31 15:38:06 CDT
SISUT,S&P Utilities Select Sector Index Settlement,TP,MAIN,2026-07-31 15:38:06 CDT
SISV,S&P Health Care Select Sector Index Settlement,TP,MAIN,2026-07-31 15:38:06 CDT
SISY,S&P Consumer Discretionary Select Sector Index Settlement,TP,MAIN,2026-07-31 15:38:06 CDT
SIXB,S&P Materials Select Sector Index,TP,MAIN,2026-07-31 15:38:06 CDT
SIXC,S&P Communication Select Sector Index,TP,MAIN,2026-07-31 15:38:06 CDT
SIXE,S&P Energy Select Sector Index,TP,MAIN,2026-07-31 15:38:06 CDT
SIXI,S&P Industrial Select Sector Index,TP,MAIN,2026-07-31 15:38:06 CDT
SIXM,S&P Financial Select Sector Index,TP,MAIN,2026-07-31 15:38:06 CDT
SIXR,S&P Consumer Staples Select Sector Index,TP,MAIN,2026-07-31 15:38:06 CDT
SIXRE,S&P Real Estate Select Sector Index,TP,MAIN,2026-07-31 15:38:06 CDT
SIXT,S&P Technology Select Sector Index,TP,MAIN,2026-07-31 15:38:06 CDT
SIXU,S&P Utilities Select Sector Index,TP,MAIN,2026-07-31 15:38:06 CDT
SIXV,S&P Health Care Select Sector Index,TP,MAIN,2026-07-31 15:38:06 CDT
SIXY,S&P Consumer Discretionary Select Sector Index,TP,MAIN,2026-07-31 15:38:06 CDT
SJBIV,IHS-Mkt Proshares Short High Yield ETF,TP,INAV,2026-07-31 15:38:06 CDT
SKEW,CBOE SKEW Index,CO,MAIN,2026-07-31 15:38:06 CDT
SKFIV,IHS-Mkt Proshares Ultrashort Financials ETF,TP,INAV,2026-07-31 15:38:06 CDT
SKHUIV,Proshares Ultra Sk Hynix ETF Intraday Indicative Value,TP,INAV,2026-07-31 15:38:06 CDT
SKYUIV,IHS-Mkt Proshares Ultra Nasdaq Cloud Computing ETF,TP,INAV,2026-07-31 15:38:06 CDT
SLONIV,ProShares Ultra Solana ETF Intraday Indicative Value,TP,INAV,2026-07-31 15:38:06 CDT
SMAXIV,iShares Large Cap Max Buffer Sep ETF Intraday Indicative Value,CC,INAV,2026-07-31 15:38:06 CDT
SMDDIV,IHS-Mkt Proshares Ultrapro Short Midcap400 ETF,TP,INAV,2026-07-31 15:38:06 CDT
SMDVIV,IHS-Mkt Proshares Russell 2000 Dividend Growers ETF,TP,INAV,2026-07-31 15:38:06 CDT
SMILE,CBOE S&P 500 SMILE Index,CO,MAIN,2026-07-31 15:38:06 CDT
SMNIV,IHS-Mkt Proshares Ultrashort Basic Materials ETF,TP,INAV,2026-07-31 15:38:06 CDT
SOL100RP,Cboe 100 Solana / US Dollar RealPrice Index,TP,CCCY,2026-07-31 15:38:06 CDT
SOL1KRP,Cboe 1000 Solana / US Dollar RealPrice Index,TP,CCCY,2026-07-31 15:38:06 CDT
SOL2500,Cboe 2500 Solana / US Dollar RealPrice Index,TP,CCCY,2026-07-31 15:38:06 CDT
SOL500RP,Cboe 500 Solana / US Dollar RealPrice Index,TP,CCCY,2026-07-31 15:38:06 CDT
SOL5KRP,Cboe 5000 Solana / US Dollar RealPrice Index,TP,CCCY,2026-07-31 15:38:06 CDT
SOLQKEXP,Solution Quant K-Export PR KRW,MC,MSTAR,2026-07-31 15:38:06 CDT
SP0BF10A,Cboe S&P 500 10 Buffered Zero Apr Index Series,CO,MAIN,2026-07-31 15:38:06 CDT
SP0BF10D,Cboe S&P 500 10 Buffered Zero Dec Index Series,CO,MAIN,2026-07-31 15:38:06 CDT
SP0BF10F,Cboe S&P 500 10 Buffered Zero Feb Index Series,CO,MAIN,2026-07-31 15:38:06 CDT
SP0BF10G,Cboe S&P 500 10 Buffered Zero Aug Index Series,CO,MAIN,2026-07-31 15:38:06 CDT
SP0BF10J,Cboe S&P 500 10 Buffered Zero Jan Index Series,CO,MAIN,2026-07-31 15:38:06 CDT
SP0BF10L,Cboe S&P 500 10 Buffered Zero Jul Index Series,CO,MAIN,2026-07-31 15:38:06 CDT
SP0BF10M,Cboe S&P 500 10 Buffered Zero Mar Index Series,CO,MAIN,2026-07-31 15:38:06 CDT
SP0BF10N,Cboe S&P 500 10 Buffered Zero Nov Index Series,CO,MAIN,2026-07-31 15:38:06 CDT
SP0BF10O,Cboe S&P 500 10 Buffered Zero Oct Index Series,CO,MAIN,2026-07-31 15:38:06 CDT
SP0BF10S,Cboe S&P 500 10 Buffered Zero Sep Index Series,CO,MAIN,2026-07-31 15:38:06 CDT
SP0BF10U,Cboe S&P 500 10 Buffered Zero Jun Index Series,CO,MAIN,2026-07-31 15:38:06 CDT
SP0BF10Y,Cboe S&P 500 10 Buffered Zero May Index Series,CO,MAIN,2026-07-31 15:38:06 CDT
SP2BF10A,Cboe S&P 500 10 Buffered 25 Apr Index Series,CO,MAIN,2026-07-31 15:38:06 CDT
SP2BF10D,Cboe S&P 500 10 Buffered 25 Dec Index Series,CO,MAIN,2026-07-31 15:38:06 CDT
SP2BF10F,Cboe S&P 500 10 Buffered 25 Feb Index Series,CO,MAIN,2026-07-31 15:38:06 CDT
SP2BF10G,Cboe S&P 500 10 Buffered 25 Aug Index Series,CO,MAIN,2026-07-31 15:38:06 CDT
SP2BF10J,Cboe S&P 500 10 Buffered 25 Jan Index Series,CO,MAIN,2026-07-31 15:38:06 CDT
SP2BF10L,Cboe S&P 500 10 Buffered 25 Jul Index Series,CO,MAIN,2026-07-31 15:38:06 CDT
SP2BF10M,Cboe S&P 500 10 Buffered 25 Mar Index Series,CO,MAIN,2026-07-31 15:38:06 CDT
SP2BF10N,Cboe S&P 500 10 Buffered 25 Nov Index Series,CO,MAIN,2026-07-31 15:38:06 CDT
SP2BF10O,Cboe S&P 500 10 Buffered 25 Oct Index Series,CO,MAIN,2026-07-31 15:38:06 CDT
SP2BF10S,Cboe S&P 500 10 Buffered 25 Sep Index Series,CO,MAIN,2026-07-31 15:38:06 CDT
SP2BF10U,Cboe S&P 500 10 Buffered 25 Jun Index Series,CO,MAIN,2026-07-31 15:38:06 CDT
SP2BF10Y,Cboe S&P 500 10 Buffered 25 May Index Series,CO,MAIN,2026-07-31 15:38:06 CDT
SP7BF10A,Cboe S&P 500 10 Buffered 75 Apr Index Series,CO,MAIN,2026-07-31 15:38:06 CDT
SP7BF10D,Cboe S&P 500 10 Buffered 75 Dec Index Series,CO,MAIN,2026-07-31 15:38:06 CDT
SP7BF10F,Cboe S&P 500 10 Buffered 75 Feb Index Series,CO,MAIN,2026-07-31 15:38:06 CDT
SP7BF10G,Cboe S&P 500 10 Buffered 75 Aug Index Series,CO,MAIN,2026-07-31 15:38:06 CDT
SP7BF10J,Cboe S&P 500 10 Buffered 75 Jan Index Series,CO,MAIN,2026-07-31 15:38:06 CDT
SP7BF10L,Cboe S&P 500 10 Buffered 75 Jul Index Series,CO,MAIN,2026-07-31 15:38:06 CDT
SP7BF10M,Cboe S&P 500 10 Buffered 75 Mar Index Series,CO,MAIN,2026-07-31 15:38:06 CDT
SP7BF10N,Cboe S&P 500 10 Buffered 75 Nov Index Series,CO,MAIN,2026-07-31 15:38:06 CDT
SP7BF10O,Cboe S&P 500 10 Buffered 75 Oct Index Series,CO,MAIN,2026-07-31 15:38:06 CDT
SP7BF10S,Cboe S&P 500 10 Buffered 75 Sep Index Series,CO,MAIN,2026-07-31 15:38:06 CDT
SP7BF10U,Cboe S&P 500 10 Buffered 75 Jun Index Series,CO,MAIN,2026-07-31 15:38:06 CDT
SP7BF10Y,Cboe S&P 500 10 Buffered 75 May Index Series,CO,MAIN,2026-07-31 15:38:06 CDT
SPAI,CBOE S&P 500 Dividend Aristocrat Target Income Index,CO,MAIN,2026-07-31 15:38:06 CDT
SPATI,Cboe S&P 500 Dividend Aristocrats Target Income Index,CO,MAIN,2026-07-31 15:38:06 CDT
SPBFA,Cboe S&P 500 Annual 15 Buffer Protect Index,CO,MAIN,2026-07-31 15:38:06 CDT
SPBFQ,Cboe S&P 500 15 WHT Quarterly 5 Buffer Protect Index,CO,MAIN,2026-07-31 15:38:06 CDT
SPBNQ,Cboe S&P 500 15 WHT Quarterly 9 -3 to -12 Buffer,CO,MAIN,2026-07-31 15:38:06 CDT
SPBSA,Cboe S&P 500 15 WHT Annual 30 -5 to -35 Buffer Protect Index,CO,MAIN,2026-07-31 15:38:06 CDT
SPBUF10A,Cboe S&P 500 10 Buffered Apr Index Series,CO,MAIN,2026-07-31 15:38:06 CDT
SPBUF10D,Cboe S&P 500 10 Buffered Dec Index Series,CO,MAIN,2026-07-31 15:38:06 CDT
SPBUF10F,Cboe S&P 500 10 Buffered Feb Index Series,CO,MAIN,2026-07-31 15:38:06 CDT
SPBUF10G,Cboe S&P 500 10 Buffered Aug Index Series,CO,MAIN,2026-07-31 15:38:06 CDT
SPBUF10J,Cboe S&P 500 10 Buffered Jan Index Series,CO,MAIN,2026-07-31 15:38:06 CDT
SPBUF10L,Cboe S&P 500 10 Buffered Jul Index Series,CO,MAIN,2026-07-31 15:38:06 CDT
SPBUF10M,Cboe S&P 500 10 Buffered Mar Index Series,CO,MAIN,2026-07-31 15:38:06 CDT
SPBUF10N,Cboe S&P 500 10 Buffered Nov Index Series,CO,MAIN,2026-07-31 15:38:06 CDT
SPBUF10O,Cboe S&P 500 10 Buffered Oct Index Series,CO,MAIN,2026-07-31 15:38:06 CDT
SPBUF10S,Cboe S&P 500 10 Buffered Sep Index Series,CO,MAIN,2026-07-31 15:38:06 CDT
SPBUF10U,Cboe S&P 500 10 Buffered Jun Index Series,CO,MAIN,2026-07-31 15:38:06 CDT
SPBUF10Y,Cboe S&P 500 10 Buffered May Index Series,CO,MAIN,2026-07-31 15:38:06 CDT
SPCFIV,Proshares Ultra SPCX ETF Intraday Indicative Value,TP,INAV,2026-07-31 15:38:06 CDT
SPDVDCC,Cboe S&P 500 Volatility Contingent Daily Covered Call Index,CO,MAIN,2026-07-31 15:38:06 CDT
SPEN,CBOE S&P 500 Enhanced Growth Balanced Series,CO,MAIN,2026-07-31 15:38:06 CDT
SPEN01,CBOE S&P 500 Enhanced Growth Index January Series,CO,MAIN,2026-07-31 15:38:06 CDT
SPEN02,CBOE S&P 500 Enhanced Growth Index February Series,CO,MAIN,2026-07-31 15:38:06 CDT
SPEN03,CBOE S&P 500 Enhanced Growth Index March Series,CO,MAIN,2026-07-31 15:38:06 CDT
SPEN04,CBOE S&P 500 Enhanced Growth Index April Series,CO,MAIN,2026-07-31 15:38:06 CDT
SPEN05,CBOE S&P 500 Enhanced Growth Index May Series,CO,MAIN,2026-07-31 15:38:06 CDT
SPEN06,CBOE S&P 500 Enhanced Growth Index June Series,CO,MAIN,2026-07-31 15:38:06 CDT
SPEN07,CBOE S&P 500 Enhanced Growth Index July Series,CO,MAIN,2026-07-31 15:38:06 CDT
SPEN08,CBOE S&P 500 Enhanced Growth Index August Series,CO,MAIN,2026-07-31 15:38:06 CDT
SPEN09,CBOE S&P 500 Enhanced Growth Index September Series,CO,MAIN,2026-07-31 15:38:06 CDT
SPEN10,CBOE S&P 500 Enhanced Growth Index October Series,CO,MAIN,2026-07-31 15:38:06 CDT
SPEN11,CBOE S&P 500 Enhanced Growth Index November Series,CO,MAIN,2026-07-31 15:38:06 CDT
SPEN12,CBOE S&P 500 Enhanced Growth Index December Series,CO,MAIN,2026-07-31 15:38:06 CDT
SPENME,Cboe S&P 500 Enhanced Growth Month-End Balanced Series,CO,MAIN,2026-07-31 15:38:06 CDT
SPENME01,Cboe S&P 500 Enhanced Growth Month-End Index January Series,CO,MAIN,2026-07-31 15:38:06 CDT
SPENME02,Cboe S&P 500 Enhanced Growth Month-End Index February Series,CO,MAIN,2026-07-31 15:38:06 CDT
SPENME03,Cboe S&P 500 Enhanced Growth Month-End Index March Series,CO,MAIN,2026-07-31 15:38:06 CDT
SPENME04,Cboe S&P 500 Enhanced Growth Month-End Index April Series,CO,MAIN,2026-07-31 15:38:06 CDT
SPENME05,Cboe S&P 500 Enhanced Growth Month-End Index May Series,CO,MAIN,2026-07-31 15:38:06 CDT
SPENME06,Cboe S&P 500 Enhanced Growth Month-End Index June Series,CO,MAIN,2026-07-31 15:38:06 CDT
SPENME07,Cboe S&P 500 Enhanced Growth Month-End Index July Series,CO,MAIN,2026-07-31 15:38:06 CDT
SPENME08,Cboe S&P 500 Enhanced Growth Month-End Index August Series,CO,MAIN,2026-07-31 15:38:06 CDT
SPENME09,Cboe S&P 500 Enhanced Growth Month-End Index September Series,CO,MAIN,2026-07-31 15:38:06 CDT
SPENME10,Cboe S&P 500 Enhanced Growth Month-End Index October Series,CO,MAIN,2026-07-31 15:38:06 CDT
SPENME11,Cboe S&P 500 Enhanced Growth Month-End Index November Series,CO,MAIN,2026-07-31 15:38:06 CDT
SPENME12,Cboe S&P 500 Enhanced Growth Month-End Index December Series,CO,MAIN,2026-07-31 15:38:06 CDT
SPEQS,S&P 500 Equal Weight Reduced Value 1/10th Settlement Index,TP,MAIN,2026-07-31 15:38:06 CDT
SPEQX,S&P 500 Equal Weight Reduced Value 1/10th Index,TP,MAIN,2026-07-31 15:38:06 CDT
SPESG,S&P 500 Scored & Screened Index,TP,MAIN,2026-07-31 15:38:06 CDT
SPJGBV,S&P JGB VIX Closing,CC,MAIN,2026-07-31 15:38:06 CDT
SPJGBVRT,S&P JGB VIX Realtime Intraday,CC,MAIN,2026-07-31 15:38:06 CDT
SPLSIV,PIMCO US Stocks PLUS Active Bond Exchange-Traded Fund Intraday Indicative Value,CC,INAV,2026-07-31 15:38:06 CDT
SPOTVOL,CBOE S&P 500 Spot Volatility Index,CO,MAIN,2026-07-31 15:38:06 CDT
SPRF,Cboe S&P 500 15 Buffer Protect Index Balanced Series,CO,MAIN,2026-07-31 15:38:06 CDT
SPRF01,CBOE S&P 500 15 Buffer Protect Index January Series,CO,MAIN,2026-07-31 15:38:06 CDT
SPRF02,Cboe S&P 500 15 Buffer Protect Index February Series,CO,MAIN,2026-07-31 15:38:06 CDT
SPRF03,Cboe S&P 500 15 Buffer Protect Index March Series,CO,MAIN,2026-07-31 15:38:06 CDT
SPRF04,CBOE S&P 500 15 Buffer Protect Index April Series,CO,MAIN,2026-07-31 15:38:06 CDT
SPRF05,Cboe S&P 500 15 Buffer Protect Index May Series,CO,MAIN,2026-07-31 15:38:06 CDT
SPRF06,Cboe S&P 500 15 Buffer Protect Index June Series,CO,MAIN,2026-07-31 15:38:06 CDT
SPRF07,CBOE S&P 500 15 Buffer Protect Index July Series,CO,MAIN,2026-07-31 15:38:06 CDT
SPRF08,Cboe S&P 500 15 Buffer Protect Index August Series,CO,MAIN,2026-07-31 15:38:06 CDT
SPRF09,Cboe S&P 500 15 Buffer Protect Index September Series,CO,MAIN,2026-07-31 15:38:06 CDT
SPRF10,CBOE S&P 500 15 Buffer Protect Index October Series,CO,MAIN,2026-07-31 15:38:06 CDT
SPRF11,Cboe S&P 500 15 Buffer Protect Index November Series,CO,MAIN,2026-07-31 15:38:06 CDT
SPRF12,Cboe S&P 500 15 Buffer Protect Index December Series,CO,MAIN,2026-07-31 15:38:06 CDT
SPRFI,Cboe S&P 500 15 Buffer IC Index,CO,MAIN,2026-07-31 15:38:06 CDT
SPRFI01,CBOE S&P 500 15 Buffer Jan IC Index,CO,MAIN,2026-07-31 15:38:06 CDT
SPRFI02,Cboe S&P 500 15 Buffer Feb IC Index,CO,MAIN,2026-07-31 15:38:06 CDT
SPRFI03,Cboe S&P 500 15 Buffer Mar IC Index,CO,MAIN,2026-07-31 15:38:06 CDT
SPRFI04,Cboe S&P 500 15 Buffer Apr IC Index,CO,MAIN,2026-07-31 15:38:06 CDT
SPRFI05,Cboe S&P 500 15 Buffer May IC Index,CO,MAIN,2026-07-31 15:38:06 CDT
SPRFI06,Cboe S&P 500 15 Buffer Jun IC Index,CO,MAIN,2026-07-31 15:38:06 CDT
SPRFI07,Cboe S&P 500 15 Buffer Jul IC Index,CO,MAIN,2026-07-31 15:38:06 CDT
SPRFI08,Cboe S&P 500 15 Buffer Aug IC Index,CO,MAIN,2026-07-31 15:38:06 CDT
SPRFI09,Cboe S&P 500 15 Buffer Sep IC Index,CO,MAIN,2026-07-31 15:38:06 CDT
SPRFI10,Cboe S&P 500 15 Buffer Oct IC Index,CO,MAIN,2026-07-31 15:38:06 CDT
SPRFI11,Cboe S&P 500 15 Buffer Nov IC Index,CO,MAIN,2026-07-31 15:38:06 CDT
SPRFI12,Cboe S&P 500 15 Buffer Dec IC Index,CO,MAIN,2026-07-31 15:38:06 CDT
SPRO,CBOE S&P500 Buffer Protect Index Balanced Series,CO,MAIN,2026-07-31 15:38:06 CDT
SPRO01,CBOE S&P500 Buffer Protect Index Jan Series,CO,MAIN,2026-07-31 15:38:06 CDT
SPRO02,CBOE S&P500 Buffer Protect Index Feb Series,CO,MAIN,2026-07-31 15:38:06 CDT
SPRO03,CBOE S&P500 Buffer Protect Index Mar Series,CO,MAIN,2026-07-31 15:38:06 CDT
SPRO04,CBOE S&P500 Buffer Protect Index Apr Series,CO,MAIN,2026-07-31 15:38:06 CDT
SPRO05,CBOE S&P500 Buffer Protect Index May Series,CO,MAIN,2026-07-31 15:38:06 CDT
SPRO06,CBOE S&P500 Buffer Protect Index Jun Series,CO,MAIN,2026-07-31 15:38:06 CDT
SPRO07,CBOE S&P500 Buffer Protect Index Jul Series,CO,MAIN,2026-07-31 15:38:06 CDT
SPRO08,CBOE S&P500 Buffer Protect Index Aug Series,CO,MAIN,2026-07-31 15:38:06 CDT
SPRO09,CBOE S&P500 Buffer Protect Index Sep Series,CO,MAIN,2026-07-31 15:38:06 CDT
SPRO10,CBOE S&P500 Buffer Protect Index Oct Series,CO,MAIN,2026-07-31 15:38:06 CDT
SPRO11,CBOE S&P500 Buffer Protect Index Nov Series,CO,MAIN,2026-07-31 15:38:06 CDT
SPRO12,CBOE S&P500 Buffer Protect Index Dec Series,CO,MAIN,2026-07-31 15:38:06 CDT
SPROME,Cboe S&P 500 Buffer Protect Index Balanced Series,CO,MAIN,2026-07-31 15:38:06 CDT
SPROME01,Cboe S&P 500 Buffer Protect Index January Series,CO,MAIN,2026-07-31 15:38:06 CDT
SPROME02,Cboe S&P 500 Buffer Protect Index February Series,CO,MAIN,2026-07-31 15:38:06 CDT
SPROME03,Cboe S&P 500 Buffer Protect Index March Series,CO,MAIN,2026-07-31 15:38:06 CDT
SPROME04,Cboe S&P 500 Buffer Protect Index April Series,CO,MAIN,2026-07-31 15:38:06 CDT
SPROME05,Cboe S&P 500 Buffer Protect Index May Series,CO,MAIN,2026-07-31 15:38:06 CDT
SPROME06,Cboe S&P 500 Buffer Protect Index June Series,CO,MAIN,2026-07-31 15:38:06 CDT
SPROME07,Cboe S&P 500 Buffer Protect Index July Series,CO,MAIN,2026-07-31 15:38:06 CDT
SPROME08,Cboe S&P 500 Buffer Protect Index August Series,CO,MAIN,2026-07-31 15:38:06 CDT
SPROME09,Cboe S&P 500 Buffer Protect Index September Series,CO,MAIN,2026-07-31 15:38:06 CDT
SPROME10,Cboe S&P 500 Buffer Protect Index October Series,CO,MAIN,2026-07-31 15:38:06 CDT
SPROME11,Cboe S&P 500 Buffer Protect Index November Series,CO,MAIN,2026-07-31 15:38:06 CDT
SPROME12,Cboe S&P 500 Buffer Protect Index December Series,CO,MAIN,2026-07-31 15:38:06 CDT
SPRS01,CBOE S&P 500 30 -5 to -35 Buffer Protect Index January Series,CO,MAIN,2026-07-31 15:38:06 CDT
SPRS04,CBOE S&P 500 30 -5 to -35 Buffer Protect Index April Series,CO,MAIN,2026-07-31 15:38:06 CDT
SPRS07,CBOE S&P 500 30 -5 to -35 Buffer Protect Index July Series,CO,MAIN,2026-07-31 15:38:06 CDT
SPRS10,CBOE S&P 500 30 -5 to -35 Buffer Protect Index October Series,CO,MAIN,2026-07-31 15:38:06 CDT
SPTST,S&P TEST INDEX,TP,MAIN,2026-07-31 15:38:06 CDT
SPX,S&P 500 INDEX,TP,MAIN,2026-07-31 15:38:06 CDT
SPXEIV,IHS-Mkt Proshares S&P 500 Ex-Energy ETF,TP,INAV,2026-07-31 15:38:06 CDT
SPXNIV,IHS-Mkt Proshares S&P 500 Ex-Financials ETF,TP,INAV,2026-07-31 15:38:06 CDT
SPXTIV,IHS-Mkt Proshares S&P 500 Ex-Technology ETF,TP,INAV,2026-07-31 15:38:06 CDT
SPXUIV,IHS-Mkt Proshares Ultrapro Short S&P 500 ETF,TP,INAV,2026-07-31 15:38:06 CDT
SPXVIV,IHS-Mkt Proshares S&P 500 Ex-Health Care ETF,TP,INAV,2026-07-31 15:38:06 CDT
SQQQIV,IHS-Mkt Proshares Ultrapro Short Qqq ETF,TP,INAV,2026-07-31 15:38:06 CDT
SRO,Range Option Underlying Index - SPX,TP,MAIN,2026-07-31 15:38:06 CDT
SRSIV,IHS-Mkt Proshares Ultrashort Real Estate ETF,TP,INAV,2026-07-31 15:38:06 CDT
SRTYIV,IHS-Mkt Proshares Ultrapro Short Russell2000 ETF,TP,INAV,2026-07-31 15:38:06 CDT
SSGIV,IHS-Mkt Proshares Ultrashort Semiconductors ETF,TP,INAV,2026-07-31 15:38:06 CDT
SSOIV,IHS-Mkt Proshares Ultra S&p500 ETF,TP,INAV,2026-07-31 15:38:06 CDT
STENIV,iShares Large Cap 10 Target Buffer Sep ETF,CC,INAV,2026-07-31 15:38:06 CDT
SUBS,Fount Subscription Economy Index,MC,MSTAR,2026-07-31 15:38:06 CDT
SUPLIV,IHS-Mkt Proshares Supply Chain Logistics ETF,TP,INAV,2026-07-31 15:38:06 CDT
SVIXIV,-1x Short VIX Futures ETF Intraday Indicative Value,CC,INAV,2026-07-31 15:38:06 CDT
SVRPO,Cboe S&P 500 Market-Neutral Volatility Risk Premia Optimized Index SVRPO,CO,MAIN,2026-07-31 15:38:06 CDT
SVXYIV,IHS-Mkt Proshares Short Vix Short-Term Futures ETF,TP,INAV,2026-07-31 15:38:06 CDT
SWANXT,ARGI BlackSwan Core Index,TP,MAIN,2026-07-31 15:38:06 CDT
SZKIV,IHS-Mkt Proshares Ultrashort Consumer Goods ETF,TP,INAV,2026-07-31 15:38:06 CDT
TBFIV,IHS-Mkt Proshares Short 20 Year Treasury ETF,TP,INAV,2026-07-31 15:38:06 CDT
TBILIV,F/M OPPORTUNISTIC INCOME ETF Intraday Indicative Value,TP,INAV,2026-07-31 15:38:06 CDT
TBTIV,IHS-Mkt Proshares Ultrashort Barclays 20yr TR,TP,INAV,2026-07-31 15:38:06 CDT
TBXIV,IHS-Mkt Proshares Short 7-10 Year Treasury ETF,TP,INAV,2026-07-31 15:38:06 CDT
TDVIV,IHS-Mkt Proshares S&P Technology Div Aristocrats,TP,INAV,2026-07-31 15:38:06 CDT
TENDIV,iShares Large Cap 10 Target Buffer Dec ETF,CC,INAV,2026-07-31 15:38:06 CDT
TENJIV,iShares Large Cap 10 Target Buffer Jun ETF,CC,INAV,2026-07-31 15:38:06 CDT
TENMIV,iShares Large Cap 10 Target Buffer Mar ETF,CC,INAV,2026-07-31 15:38:06 CDT
TESTMSTAR,Morningstar Test Index,MS,MSTAR,2026-07-31 15:38:06 CDT
TILCIV,Thrivent ETF Tr Intl Large Cap ETF Intraday Indicative Value,TP,INAV,2026-07-31 15:38:06 CDT
TINTIV,IHS-Mkt Proshares Smart Materials ETF,TP,INAV,2026-07-31 15:38:06 CDT
TINYIV,IHS-Mkt Proshares Nanotechnology ETF,TP,INAV,2026-07-31 15:38:06 CDT
TISCIV,Thrivent ETF Tr Intl Short Cap ETF Intraday Indicative Value,TP,INAV,2026-07-31 15:38:06 CDT
TLTWIV,iShares 20 Year Treasury Bond BuyWrite Strategy ETF Intraday Indicative Value,CC,INAV,2026-07-31 15:38:06 CDT
TMDVIV,IHS-Mkt Proshares Russell US Dividend Growers ETF,TP,INAV,2026-07-31 15:38:06 CDT
TMVEIV,Thrivent Mid Cap Value ETF Intraday Indicative Value,TP,INAV,2026-07-31 15:38:06 CDT
TNX,10-YR Note Rate,TP,CGI,2026-07-31 15:38:06 CDT
TOLZIV,IHS-Mkt Proshares DJ Brookfield Global Infrastructure ETF,TP,INAV,2026-07-31 15:38:06 CDT
TQQQIV,IHS-Mkt Proshares Ultrapro Qqq ETF,TP,INAV,2026-07-31 15:38:06 CDT
TRUAPRI,TrueShares Uncapped Buffer April Index,CC,CGI,2026-07-31 15:38:06 CDT
TRUAUGI,TrueShares Uncapped Buffer August Index,CC,CGI,2026-07-31 15:38:06 CDT
TRUDECI,TrueShares Uncapped Buffer December Index,CC,CGI,2026-07-31 15:38:06 CDT
TRUFEBI,TrueShares Uncapped Buffer February Index,CC,CGI,2026-07-31 15:38:06 CDT
TRUJANI,TrueShares Uncapped Buffer Jan Index,CC,CGI,2026-07-31 15:38:06 CDT
TRUJULI,TrueShares Uncapped Buffer July Index,CC,CGI,2026-07-31 15:38:06 CDT
TRUJUNI,TrueShares Uncapped Buffer June Index,CC,CGI,2026-07-31 15:38:06 CDT
TRUMARI,TrueShares Uncapped Buffer March Index,CC,CGI,2026-07-31 15:38:06 CDT
TRUMAYI,TrueShares Uncapped Buffer May Index,CC,CGI,2026-07-31 15:38:06 CDT
TRUNOVI,TrueShares Uncapped Buffer November Index,CC,CGI,2026-07-31 15:38:06 CDT
TRUOCTI,TrueShares Uncapped Buffer October Index,CC,CGI,2026-07-31 15:38:06 CDT
TRUONEI,TrueShares Seasonality Laddered Buffered Index,CC,CGI,2026-07-31 15:38:06 CDT
TRUPVEI,TrueShares ConVequity Index,CC,CGI,2026-07-31 15:38:06 CDT
TRUQBEI,TrueShares Bear Hedge Index,CC,CGI,2026-07-31 15:38:06 CDT
TRUQBUI,TrueShares Quarterly Bull Hedge Index,CC,CGI,2026-07-31 15:38:06 CDT
TRUSEPI,TrueShares Uncapped Buffer September Index,CC,CGI,2026-07-31 15:38:06 CDT
TSCVIV,Thrivent Small Cap Value ETF Intraday Indicative Value,TP,INAV,2026-07-31 15:38:06 CDT
TSLACW,Cboe TSLA Call Writing Index,CO,CGI,2026-07-31 15:38:06 CDT
TSLADI,Cboe TSLA Defined Income Index,CO,CGI,2026-07-31 15:38:06 CDT
TSLAIO,Cboe TSLA Income Only Index,CO,CGI,2026-07-31 15:38:06 CDT
TSLIIV,ProShares Ultra TSLA Intraday Indicative Value,TP,INAV,2026-07-31 15:38:06 CDT
TSMEIV,IHS-Markit INAV Thrivent Small-Mid Cap ESG ETF,TP,INAV,2026-07-31 15:38:06 CDT
TTTIV,IHS-Mkt Proshares Ultrapro Short 20y Plus Treasury,TP,INAV,2026-07-31 15:38:06 CDT
TWAV1,CBOE 1st VIX Futures Mid-Morning 15min Ind TWAP Value,CO,MAIN,2026-07-31 15:38:06 CDT
TWAV2,CBOE 2nd VIX Futures Mid-Morning 15min Ind TWAP Value,CO,MAIN,2026-07-31 15:38:06 CDT
TWAV3,CBOE 3rd VIX Futures Mid-Morning 15min Ind TWAP Value,CO,MAIN,2026-07-31 15:38:06 CDT
TWBV1,CBOE 1st VIX Futures Mid-Morning 3hour Ind TWAP Value,CO,MAIN,2026-07-31 15:38:06 CDT
TWBV2,CBOE 2nd VIX Futures Mid-Morning 3hour Ind TWAP Value,CO,MAIN,2026-07-31 15:38:06 CDT
TWBV3,CBOE 3rd VIX Futures Mid-Morning 3hour Ind TWAP Value,CO,MAIN,2026-07-31 15:38:06 CDT
TWLV1,TSAP 1term 1minute,CO,MAIN,2026-07-31 15:38:06 CDT
TWLV2,TSAP 2term 1minute,CO,MAIN,2026-07-31 15:38:06 CDT
TWLV3,TSAP 3term 1minute,CO,MAIN,2026-07-31 15:38:06 CDT
TWLV4,TSAP 4term 1minute,CO,MAIN,2026-07-31 15:38:06 CDT
TWLV5,TSAP 5term 1minute,CO,MAIN,2026-07-31 15:38:06 CDT
TWLV6,TSAP 6term 1minute,CO,MAIN,2026-07-31 15:38:06 CDT
TWLV7,TSAP 7term 1minute,CO,MAIN,2026-07-31 15:38:06 CDT
TWLV8,TSAP 8term 1minute,CO,MAIN,2026-07-31 15:38:06 CDT
TWLV9,TSAP 9term 1minute,CO,MAIN,2026-07-31 15:38:06 CDT
TWMIV,IHS-Mkt Proshares Ultrashort Russell2000 ETF,TP,INAV,2026-07-31 15:38:06 CDT
TWOXIV,iShares Large Cap Accelerated ETF Intraday Indicative Value,CC,INAV,2026-07-31 15:38:06 CDT
TYX,30-Yr Bond Rate,TP,CGI,2026-07-31 15:38:06 CDT
UBRIV,IHS-Mkt Proshares Ultra Msci Brazil Capped ETF,TP,INAV,2026-07-31 15:38:06 CDT
UBTIV,IHS-Mkt Proshares Ultra 20 Year Treasury ETF,TP,INAV,2026-07-31 15:38:06 CDT
UCCIV,IHS-Mkt Proshares Ultra Consumer Services ETF,TP,INAV,2026-07-31 15:38:06 CDT
UCOIV,IHS-Mkt Proshares Ultra Bloomberg Crude Oil ETF,TP,INAV,2026-07-31 15:38:06 CDT
UCOPIV,ProShares Ultra Copper K-1 Free ETF Intraday Indicative Value,TP,INAV,2026-07-31 15:38:06 CDT
UCYBIV,IHS-Mkt Proshares Ultra Nasdaq Cybersecurity ETF,TP,INAV,2026-07-31 15:38:06 CDT
UDOWIV,IHS-Mkt Proshares Ultrapro Dow30 ETF,TP,INAV,2026-07-31 15:38:06 CDT
UFIVIV,F/M US TREASURY 5 YEAR NOTE ETF Intraday Indicative Value,TP,INAV,2026-07-31 15:38:06 CDT
UGEIV,IHS-Mkt Proshares Ultra Consumer Goods ETF,TP,INAV,2026-07-31 15:38:06 CDT
UGLIV,IHS-Mkt Proshares Ultra Gold ETF,TP,INAV,2026-07-31 15:38:06 CDT
UJBIV,IHS-Mkt Proshares Ultra High Yield ETF,TP,INAV,2026-07-31 15:38:06 CDT
ULEIV,IHS-Mkt Proshares Ultra Euro ETF,TP,INAV,2026-07-31 15:38:06 CDT
UMDDIV,IHS-Mkt Proshares Ultrapro Midcap400,TP,INAV,2026-07-31 15:38:06 CDT
UNI1KRP,Cboe 1000 Uniswap / US Dollar RealPrice Index,TP,CCCY,2026-07-31 15:38:06 CDT
UNI2500,Cboe 2500 Uniswap / US Dollar RealPrice Index,TP,CCCY,2026-07-31 15:38:06 CDT
UNI250RP,Cboe 250 Uniswap / US Dollar RealPrice Index,TP,CCCY,2026-07-31 15:38:06 CDT
UNI50RP,Cboe 50 Uniswap / US Dollar RealPrice Index,TP,CCCY,2026-07-31 15:38:06 CDT
UNI5KRP,Cboe 5000 Uniswap / US Dollar RealPrice Index,TP,CCCY,2026-07-31 15:38:06 CDT
UPALIV,ProShares Ultra Palladium K-1 Free ETF Intrday Indicative Value,TP,INAV,2026-07-31 15:38:06 CDT
UPLTIV,ProShares Ultra Platinum K-1 Free ETF Intraday Indicative Value,TP,INAV,2026-07-31 15:38:06 CDT
UPROIV,IHS-Mkt Proshares Ultrapro S&p500 ETF,TP,INAV,2026-07-31 15:38:06 CDT
UPVIV,IHS-Mkt Proshares Ultra Ftse Europe ETF,TP,INAV,2026-07-31 15:38:06 CDT
UPWIV,IHS-Mkt Proshares Ultra Utilities ETF,TP,INAV,2026-07-31 15:38:06 CDT
UREIV,IHS-Mkt Proshares Ultra Real Estate ETF,TP,INAV,2026-07-31 15:38:06 CDT
URSPIV,ProShares Ultra S&P 500 Equal Weight Intraday Indicative Value,TP,INAV,2026-07-31 15:38:06 CDT
URTYIV,IHS-Mkt Proshares Ultrapro Russell2000 ETF,TP,INAV,2026-07-31 15:38:06 CDT
USDIV,IHS-Mkt Proshares Ultra Semiconductors,TP,INAV,2026-07-31 15:38:06 CDT
USTIV,IHS-Mkt Proshares Ultra 7-10 Year Treasury,TP,INAV,2026-07-31 15:38:06 CDT
USVNIV,F/M US TREASURY 7 YEAR NOTE ETF Intraday Indicative Value,TP,INAV,2026-07-31 15:38:06 CDT
UTENIV,F/M US TREASURY 10 YEAR NOTE ETF Intraday Indicative Value,TP,INAV,2026-07-31 15:38:06 CDT
UTHYIV,F/M US TREASURY 30 YEAR BOND ETF Intraday Indicative Value,TP,INAV,2026-07-31 15:38:06 CDT
UTREIV,F/M US TREASURY 3 YEAR NOTE ETF Intraday Indicative Value,TP,INAV,2026-07-31 15:38:06 CDT
UTWOIV,F/M US TREASURY 2 YEAR NOTE ETF Intraday Indicative Value,TP,INAV,2026-07-31 15:38:06 CDT
UTWYIV,F/M US TREASURY 20 YEAR BOND ETF Intraday Indicative Value,TP,INAV,2026-07-31 15:38:06 CDT
UVIXIV,2x Long VIX Futures ETF January Intraday Indicative Value,CC,INAV,2026-07-31 15:38:06 CDT
UVXYIV,IHS-Mkt Proshares Ultra Vix Short-Term Futures ETF,TP,INAV,2026-07-31 15:38:06 CDT
UWMIV,IHS-Mkt Proshares Ultra Russell2000 ETF,TP,INAV,2026-07-31 15:38:06 CDT
UXIIV,IHS-Mkt Proshares Ultra Industrials ETF,TP,INAV,2026-07-31 15:38:06 CDT
UXRPIV,ProShares Ultra XRP ETF Intraday Indicative Value,TP,INAV,2026-07-31 15:38:06 CDT
UYGIV,IHS-Mkt Proshares Ultra Financials ETF,TP,INAV,2026-07-31 15:38:06 CDT
UYMIV,IHS-Mkt Proshares Ultra Basic Materials ETF,TP,INAV,2026-07-31 15:38:06 CDT
UZF,CBOE VIX Jan Futures 4pm EST Mark Index,CO,MAIN,2026-07-31 15:38:06 CDT
UZG,CBOE VIX Feb Futures 4pm EST Mark Index,CO,MAIN,2026-07-31 15:38:06 CDT
UZH,CBOE VIX Mar Futures 4pm EST Mark Index,CO,MAIN,2026-07-31 15:38:06 CDT
UZJ,CBOE VIX Apr Futures 4pm EST Mark Index,CO,MAIN,2026-07-31 15:38:06 CDT
UZK,CBOE VIX May Futures 4pm EST Mark Index,CO,MAIN,2026-07-31 15:38:06 CDT
UZM,CBOE VIX Jun Futures 4pm EST Mark Index,CO,MAIN,2026-07-31 15:38:06 CDT
UZN,CBOE VIX Jul Futures 4pm EST Mark Index,CO,MAIN,2026-07-31 15:38:06 CDT
UZQ,CBOE VIX Aug Futures 4pm EST Mark Index,CO,MAIN,2026-07-31 15:38:06 CDT
UZU,CBOE VIX Sep Futures 4pm EST Mark Index,CO,MAIN,2026-07-31 15:38:06 CDT
UZV,CBOE VIX Oct Futures 4pm EST Mark Index,CO,MAIN,2026-07-31 15:38:06 CDT
UZX,CBOE VIX Nov Futures 4pm EST Mark Index,CO,MAIN,2026-07-31 15:38:06 CDT
UZZ,CBOE VIX Dec Futures 4pm EST Mark Index,CO,MAIN,2026-07-31 15:38:06 CDT
VERSIV,IHS-Mkt Proshares Metaverse ETF,TP,INAV,2026-07-31 15:38:06 CDT
VFTW1,Cboe 1st Month VIX Futures 15 Mins EOD Ind TWAP including TAS Trades Value,CO,MAIN,2026-07-31 15:38:06 CDT
VFTW2,Cboe 2nd Month VIX Futures 15 Mins EOD Ind TWAP including TAS Trades Value,CO,MAIN,2026-07-31 15:38:06 CDT
VIF,SPX VIX Far,CO,MAIN,2026-07-31 15:38:06 CDT
VIFMO,Cboe Standard Monthly Only Far Term VIXMO Index,CO,MAIN,2026-07-31 15:38:06 CDT
VIN,SPX VIX Near,CO,MAIN,2026-07-31 15:38:06 CDT
VINMO,Cboe Standard Monthly Only Near Term VIXMO Index,CO,MAIN,2026-07-31 15:38:06 CDT
VINXE,Standard Only VIX near term,CO,MAIN,2026-07-31 15:38:06 CDT
VIX,Cboe Volatility Index,CO,MAIN,2026-07-31 15:38:06 CDT
VIX1D,Cboe One-Day Volatility Index,CO,MAIN,2026-07-31 15:38:06 CDT
VIX1Y,CBOE S&P 500 One-Year Volatility Index,CO,MAIN,2026-07-31 15:38:06 CDT
VIX3M,CBOE S&P 500 Three-Month Volatility Index,CO,MAIN,2026-07-31 15:38:06 CDT
VIX6M,CBOE S&P500 6Month Volatility Index,CO,MAIN,2026-07-31 15:38:06 CDT
VIX9D,CBOE S&P 500 9-Day Volatility Index,CO,MAIN,2026-07-31 15:38:06 CDT
VIXEQ,Cboe S&P 500 Constituent Volatility Index,CO,MAIN,2026-07-31 15:38:06 CDT
VIXMIV,IHS-Mkt Proshares Vix Mid-Term Futures ETF,TP,INAV,2026-07-31 15:38:06 CDT
VIXMO,Cboe Standard Monthly Only 30-day Volatility Index,CO,MAIN,2026-07-31 15:38:06 CDT
VIXYIV,IHS-Mkt Proshares Vix Short-Term Futures ETF,TP,INAV,2026-07-31 15:38:06 CDT
VPD,CBOE VIX Premium Strategy Index,CO,MAIN,2026-07-31 15:38:06 CDT
VPN,CBOE Capped VIX Premium Strategy Index,CO,MAIN,2026-07-31 15:38:06 CDT
VRO,CBOE Volatility Index Settlement Value,CO,MAIN,2026-07-31 15:38:06 CDT
VSTF,Cboe S&P 500 Far Term 9-Day Volatility Index,CO,MAIN,2026-07-31 15:38:06 CDT
VSTN,Cboe S&P 500 Near Term 9-Day Volatility Index,CO,MAIN,2026-07-31 15:38:06 CDT
VVIX,Cboe VIX of VIX Index,CO,MAIN,2026-07-31 15:38:06 CDT
VW1VX,VWAP 1term 2minute,CO,MAIN,2026-07-31 15:38:06 CDT
VW2VX,VWAP 2term 2minute,CO,MAIN,2026-07-31 15:38:06 CDT
VW3VX,VWAP 3term 2minute,CO,MAIN,2026-07-31 15:38:06 CDT
VWA,VIX offer,CO,MAIN,2026-07-31 15:38:06 CDT
VWB,VIX bid,CO,MAIN,2026-07-31 15:38:06 CDT
VXAPL,Cboe Apple AAPL VIX Index,CO,CGI,2026-07-31 15:38:06 CDT
VXAZN,Cboe Amazon AMZN VIX Index,CO,CGI,2026-07-31 15:38:06 CDT
VXD,Cboe Dow Jones Industrial Average DJX VIX Index,CO,MAIN,2026-07-31 15:38:06 CDT
VXEEM,Cboe Emerging Markets ETF EEM VIX Index,CO,CGI,2026-07-31 15:38:06 CDT
VXEFA,Cboe EAFE Markets ETF EFA VIX Index,CO,CGI,2026-07-31 15:38:06 CDT
VXEWZ,Cboe Brazil ETF EWZ VIX Index,CO,CGI,2026-07-31 15:38:06 CDT
VXFXI,Cboe China Large-Gap ETF Volatility Index,CO,CGI,2026-07-31 15:38:06 CDT
VXGDX,Cboe Gold Miners ETF Volatility Index,CO,CGI,2026-07-31 15:38:06 CDT
VXGOG,Cboe Google GOOG VIX Index,CO,CGI,2026-07-31 15:38:06 CDT
VXGS,Cboe Goldman Sachs GS VIX Index,CO,CGI,2026-07-31 15:38:06 CDT
VXHYG,HYG Vix Regular Trading hours,CO,CGI,2026-07-31 15:38:06 CDT
VXIBM,Cboe IBM VIX Index,CO,CGI,2026-07-31 15:38:06 CDT
VXIEF,Cboe 7-10 Year Treasury Bond ETF Volatility Index,CO,CGI,2026-07-31 15:38:06 CDT
VXIND1,VX Futures Indicative Settlement Term 1,CO,MAIN,2026-07-31 15:38:06 CDT
VXIND2,VX Futures Indicative Settlement Term 2,CO,MAIN,2026-07-31 15:38:06 CDT
VXIND3,VX Futures Indicative Settlement Term 3,CO,MAIN,2026-07-31 15:38:06 CDT
VXLQD,Cboe Investment Grade Corporate Bond ETF Volatility Index,CO,CGI,2026-07-31 15:38:06 CDT
VXN,Cboe Nasdaq-100 NDXNDXP VIX Index,CO,CGI,2026-07-31 15:38:06 CDT
VXS,CBOE Volatility Index Options Settlement Value,CO,MAIN,2026-07-31 15:38:06 CDT
VXSLV,SLV Vix Regular Trading hours,CO,CGI,2026-07-31 15:38:06 CDT
VXSMH,Cboe Semiconductor ETF Volatility Index,CO,CGI,2026-07-31 15:38:06 CDT
VXTA1,CBOE 1st VIX Futures TAS Ask Price Index,CO,MAIN,2026-07-31 15:38:06 CDT
VXTA2,CBOE 2nd VIX Futures TAS Ask Price Index,CO,MAIN,2026-07-31 15:38:06 CDT
VXTA3,CBOE 3rd VIX Futures TAS Ask Price Index,CO,MAIN,2026-07-31 15:38:06 CDT
VXTB1,CBOE 1st VIX Futures TAS Bid Price Index,CO,MAIN,2026-07-31 15:38:06 CDT
VXTB2,CBOE 2nd VIX Futures TAS Bid Price Index,CO,MAIN,2026-07-31 15:38:06 CDT
VXTB3,CBOE 3rd VIX Futures TAS Bid Price Index,CO,MAIN,2026-07-31 15:38:06 CDT
VXTH,CBOE VIX Tail Hedge Index,CO,MAIN,2026-07-31 15:38:06 CDT
VXTLT,Cboe 20 Year Treasury Bond ETF TLT VIX Index,CO,CGI,2026-07-31 15:38:06 CDT
VXUNG,UNG Vix Regular Trading hours,CO,CGI,2026-07-31 15:38:06 CDT
WAVES1K,Cboe 1000 Waves / US Dollar RealPrice Index,TP,CCCY,2026-07-31 15:38:06 CDT
WAVES20K,Cboe 20K Waves / US Dollar RealPrice Index,TP,CCCY,2026-07-31 15:38:06 CDT
WAVES250,Cboe 250 Waves / US Dollar RealPrice Index,TP,CCCY,2026-07-31 15:38:06 CDT
WAVES5K,Cboe 5000 Waves / US Dollar RealPrice Index,TP,CCCY,2026-07-31 15:38:06 CDT
WEEIIV,Westwood Enhanced Energy Income ETF Intraday Indicative Value,TP,INAV,2026-07-31 15:38:06 CDT
WPTR,CBOE Russell 2000 One-Week Putwrite Index,CO,FTSE,2026-07-31 15:38:06 CDT
WPUT,The CBOE S&P 500 One-Week PutWrite Index,CO,MAIN,2026-07-31 15:38:06 CDT
WTREUNR,TSC Euro Water Security Net Return Index,MC,MSTAR,2026-07-31 15:38:06 CDT
WTREUPR,TSC Euro Water Security Price Return Index,MC,MSTAR,2026-07-31 15:38:06 CDT
WTRUSNR,TSC US Water Security Net Return Index,MC,MSTAR,2026-07-31 15:38:06 CDT
WTRUSPR,TSC US Water Security Price Return Index,MC,MSTAR,2026-07-31 15:38:06 CDT
WTUSBLU,WisdomTree US Bluechip Select Index PR USD,MC,MSTAR,2026-07-31 15:38:06 CDT
WTUSBLUN,WisdomTree US Bluechip Select NR USD,MC,MSTAR,2026-07-31 15:38:06 CDT
WTUSBLUT,WisdomTree US Bluechip Select GR USD,MC,MSTAR,2026-07-31 15:38:06 CDT
XBCIGTR,Bitwise Crypto Innovators Total Return Index,MC,MSTAR,2026-07-31 15:38:06 CDT
XBCINTR,Bitwise Crypto Innovators Net Return Index,MC,MSTAR,2026-07-31 15:38:06 CDT
XBCIP,Bitwise Crypto Innovators Price Return Index,MC,MSTAR,2026-07-31 15:38:06 CDT
XBILIV,F/M US TREASURY 6 MONTH BILL ETF Intraday Indicative Value,TP,INAV,2026-07-31 15:38:06 CDT
XBITQ,Bitwise Crypto Innovators 30 Price Return Index,MC,MSTAR,2026-07-31 15:38:06 CDT
XBITQG,Bitwise Crypto Innovators 30 Total Return Index,MC,MSTAR,2026-07-31 15:38:06 CDT
XBITQN,Bitwise Crypto Innovators 30 Net Total Return Index,MC,MSTAR,2026-07-31 15:38:06 CDT
XBTFS,FTSE Bitcoin Reduced Value 1/10th Settlement Index,TP,FTSE,2026-07-31 15:38:06 CDT
XBTOK,Bitwise Stablecoin and Tokenization Emerging Ecosystem PR USD,MC,MSTAR,2026-07-31 15:38:06 CDT
XBTOKG,Bitwise Stablecoin and Tokenization Emerging Ecosystem GR USD,MC,MSTAR,2026-07-31 15:38:06 CDT
XBTOKN,Bitwise Stablecoin and Tokenization Emerging Ecosystem NR USD,MC,MSTAR,2026-07-31 15:38:06 CDT
XCLRIV,Global X S&P 500 Collar 95-110 ETF Intraday Indicative Value,CC,INAV,2026-07-31 15:38:06 CDT
XEO,Euro-OEX,TP,MAIN,2026-07-31 15:38:06 CDT
XLM2KRP,Cboe 2000 Stellar / US Dollar RealPrice Index,TP,CCCY,2026-07-31 15:38:06 CDT
XLM500RP,Cboe 500 Stellar / US Dollar RealPrice Index,TP,CCCY,2026-07-31 15:38:06 CDT
XLM9KRP,Cboe 9000 Stellar / US Dollar RealPrice Index,TP,CCCY,2026-07-31 15:38:06 CDT
XPPIV,IHS-Mkt Proshares Ultra Ftse China 50 ETF,TP,INAV,2026-07-31 15:38:06 CDT
XRMIIV,Global X S&P 500 Risk Managed Income ETF Intraday Indicative Value,CC,INAV,2026-07-31 15:38:06 CDT
XRP100K,Cboe 100K Ripple / US Dollar RealPrice Index,TP,CCCY,2026-07-31 15:38:06 CDT
XRP200K,Cboe 200K Ripple / US Dollar RealPrice Index,TP,CCCY,2026-07-31 15:38:06 CDT
XRP25KRP,Cboe 25K Ripple / US Dollar RealPrice Index,TP,CCCY,2026-07-31 15:38:06 CDT
XRP50KRP,Cboe 50K Ripple / US Dollar RealPrice Index,TP,CCCY,2026-07-31 15:38:06 CDT
XRP5KRP,Cboe 5000 Ripple / US Dollar RealPrice Index,TP,CCCY,2026-07-31 15:38:06 CDT
XSM,S&P 600 SETTLEMENT,TP,MAIN,2026-07-31 15:38:06 CDT
XSP,Mini-SPX,TP,MAIN,2026-07-31 15:38:06 CDT
XSPBX,Mini-SPX Binary Options,TP,MAIN,2026-07-31 15:38:06 CDT
XSR,S&P 500 SETTLEMENT REDUCED,TP,MAIN,2026-07-31 15:38:06 CDT
XTRIV,Global X S&P 500 Tail Risk ETF Intraday Indicative Value,CC,INAV,2026-07-31 15:38:06 CDT
XTZ100RP,Cboe 100 Tezos / US Dollar RealPrice Index,TP,CCCY,2026-07-31 15:38:06 CDT
XTZ200RP,Cboe 200 Tezos / US Dollar RealPrice Index,TP,CCCY,2026-07-31 15:38:06 CDT
XTZ50RP,Cboe 50 Tezos / US Dollar RealPrice Index,TP,CCCY,2026-07-31 15:38:06 CDT
XTZ5KRP,Cboe 5000 Tezos / US Dollar RealPrice Index,TP,CCCY,2026-07-31 15:38:06 CDT
XTZ75RP,Cboe 75 Tezos / US Dollar RealPrice Index,TP,CCCY,2026-07-31 15:38:06 CDT
XYLGIV,Global X S&P 500 Covered Call & Growth ETF Intraday Indicative Value,CC,INAV,2026-07-31 15:38:06 CDT
YCLIV,IHS-Mkt Proshares Ultra Yen ETF,TP,INAV,2026-07-31 15:38:06 CDT
YCSIV,IHS-Mkt Proshares Ultrashort Yen ETF,TP,INAV,2026-07-31 15:38:06 CDT
YLDWIV,Westwood Enhanced Income Opportunity ETF Intraday Indicative Value,TP,INAV,2026-07-31 15:38:06 CDT
YXIIV,IHS-Mkt Proshares Short Ftse China 50 ETF,TP,INAV,2026-07-31 15:38:06 CDT
ZEC100RP,Cboe 100 Zcash / US Dollar RealPrice Index,TP,CCCY,2026-07-31 15:38:06 CDT
ZEC10RP,Cboe 10 Zcash / US Dollar RealPrice Index,TP,CCCY,2026-07-31 15:38:06 CDT
ZEC20RP,Cboe 20 Zcash / US Dollar RealPrice Index,TP,CCCY,2026-07-31 15:38:06 CDT
ZEC50RP,Cboe 50 Zcash / US Dollar RealPrice Index,TP,CCCY,2026-07-31 15:38:06 CDT
ZEC5RP,Cboe 5 Zcash / US Dollar RealPrice Index,TP,CCCY,2026-07-31 15:38:06 CDT
ZHOGIV,F/M OPPORTUNISTIC INCOME ETF Intraday Indicative Value,TP,INAV,2026-07-31 15:38:06 CDT
ZMUNIV,F/M ULTRASHORT TAX-FREE MUNICIPAL ETF Intraday Indicative Value,TP,INAV,2026-07-31 15:38:06 CDT
ZRX10KRP,Cboe 10K 0x / US Dollar RealPrice Index,TP,CCCY,2026-07-31 15:38:06 CDT
ZRX1KRP,Cboe 1000 0x / US Dollar RealPrice Index,TP,CCCY,2026-07-31 15:38:06 CDT
ZRX200K,Cboe 200K 0x / US Dollar RealPrice Index,TP,CCCY,2026-07-31 15:38:06 CDT
ZRX3KRP,Cboe 3000 0x / US Dollar RealPrice Index,TP,CCCY,2026-07-31 15:38:06 CDT
ZSLIV,IHS-Mkt Proshares Ultrashort Silver ETF,TP,INAV,2026-07-31 15:38:06 CDT
ZTENIV,F/M 10-YEAR INVESTMENT GRADE CORPORATE BOND ETF Intraday Indicative Value,TP,INAV,2026-07-31 15:38:06 CDT
ZTOPIV,F/M HIGH YIELD 100 ETF Intraday Indicative Value,TP,INAV,2026-07-31 15:38:06 CDT
ZTREIV,F/M 3-YEAR INVESTMENT GRADE CORPORATE BOND ETF Intraday Indicative Value,TP,INAV,2026-07-31 15:38:06 CDT
ZTWOIV,F/M 2-YEAR INVESTMENT GRADE CORPORATE BOND ETF Intraday Indicative Value,TP,INAV,2026-07-31 15:38:06 CDT
