date,close
1991-03-04,153.500000
1991-08-07,163.670000
1994-09-27,234.310000
1997-02-03,343.440000
1997-11-18,406.310000
2001-01-12,697.960000
2004-03-16,694.530000
2007-01-03,923.600000
2007-01-04,925.100000
2007-01-05,921.330000
2007-01-08,924.050000
2007-01-09,923.720000
2007-01-10,925.290000
2007-01-11,929.750000
2007-01-12,932.790000
2007-01-16,933.970000
2007-01-17,934.330000
2007-01-18,933.700000
2007-01-19,936.080000
2007-01-22,934.550000
2007-01-23,936.400000
2007-01-24,939.680000
2007-01-25,935.140000
2007-01-26,935.170000
2007-01-29,934.970000
2007-01-30,937.850000
2007-01-31,941.030000
2007-02-01,942.690000
2007-02-02,943.650000
2007-02-05,944.040000
2007-02-06,944.600000
2007-02-07,945.230000
2007-02-08,945.430000
2007-02-09,944.300000
2007-02-12,944.030000
2007-02-13,946.660000
2007-02-14,947.320000
2007-02-15,947.690000
2007-02-16,948.200000
2007-02-20,950.060000
2007-02-21,949.930000
2007-02-22,949.930000
2007-02-23,949.010000
2007-02-26,949.050000
2007-02-27,921.600000
2007-02-28,928.290000
2007-03-01,926.270000
2007-03-02,916.090000
2007-03-05,908.420000
2007-03-06,922.050000
2007-03-07,919.940000
2007-03-08,926.820000
2007-03-09,927.290000
2007-03-12,930.340000
2007-03-13,911.320000
2007-03-14,917.610000
2007-03-15,920.590000
2007-03-16,920.640000
2007-03-19,926.080000
2007-03-20,929.220000
2007-03-21,933.280000
2007-03-22,933.180000
2007-03-23,933.510000
2007-03-26,934.420000
2007-03-27,933.740000
2007-03-28,931.470000
2007-03-29,932.270000
2007-03-30,932.750000
2007-04-02,934.560000
2007-04-03,936.390000
2007-04-04,937.130000
2007-04-05,937.740000
2007-04-09,938.490000
2007-04-10,938.960000
2007-04-11,938.920000
2007-04-12,939.410000
2007-04-13,939.660000
2007-04-16,940.190000
2007-04-17,940.390000
2007-04-18,940.590000
2007-04-19,940.790000
2007-04-20,941.750000
2007-04-23,941.510000
2007-04-24,941.540000
2007-04-25,944.480000
2007-04-26,945.160000
2007-04-27,945.750000
2007-04-30,942.960000
2007-05-01,944.510000
2007-05-02,947.130000
2007-05-03,948.490000
2007-05-04,949.330000
2007-05-07,950.470000
2007-05-08,950.710000
2007-05-09,951.680000
2007-05-10,949.490000
2007-05-11,952.140000
2007-05-14,952.410000
2007-05-15,952.870000
2007-05-16,953.880000
2007-05-17,954.220000
2007-05-18,955.420000
2007-05-21,956.540000
2007-05-22,956.760000
2007-05-23,956.600000
2007-05-24,952.510000
2007-05-25,956.150000
2007-05-29,957.710000
2007-05-30,960.940000
2007-05-31,961.100000
2007-06-01,962.560000
2007-06-04,963.580000
2007-06-05,962.980000
2007-06-06,960.160000
2007-06-07,949.940000
2007-06-08,958.310000
2007-06-11,960.130000
2007-06-12,953.010000
2007-06-13,963.690000
2007-06-14,966.960000
2007-06-15,966.630000
2007-06-18,966.470000
2007-06-19,966.210000
2007-06-20,960.700000
2007-06-21,965.060000
2007-06-22,956.910000
2007-06-25,955.050000
2007-06-26,952.230000
2007-06-27,960.700000
2007-06-28,960.440000
2007-06-29,958.900000
2007-07-02,967.630000
2007-07-03,970.260000
2007-07-05,971.100000
2007-07-06,973.510000
2007-07-09,974.820000
2007-07-10,965.390000
2007-07-11,970.080000
2007-07-12,979.350000
2007-07-13,981.110000
2007-07-16,981.950000
2007-07-17,982.830000
2007-07-18,982.990000
2007-07-19,984.420000
2007-07-20,983.300000
2007-07-23,986.760000
2007-07-24,976.160000
2007-07-25,979.300000
2007-07-26,963.120000
2007-07-27,947.860000
2007-07-30,958.170000
2007-07-31,946.160000
2007-08-01,953.990000
2007-08-02,958.630000
2007-08-03,932.860000
2007-08-06,956.090000
2007-08-07,961.630000
2007-08-08,974.030000
2007-08-09,947.940000
2007-08-10,947.810000
2007-08-13,948.010000
2007-08-14,930.070000
2007-08-15,917.410000
2007-08-16,922.440000
2007-08-17,949.430000
2007-08-20,953.500000
2007-08-21,955.560000
2007-08-22,960.530000
2007-08-23,961.630000
2007-08-24,965.400000
2007-08-27,964.190000
2007-08-28,955.470000
2007-08-29,963.570000
2007-08-30,962.260000
2007-08-31,965.420000
2007-09-04,970.660000
2007-09-05,967.740000
2007-09-06,969.970000
2007-09-07,965.740000
2007-09-10,966.660000
2007-09-11,971.570000
2007-09-12,972.290000
2007-09-13,973.690000
2007-09-14,975.030000
2007-09-17,975.190000
2007-09-18,977.850000
2007-09-19,978.070000
2007-09-20,978.220000
2007-09-21,977.990000
2007-09-24,976.410000
2007-09-25,977.890000
2007-09-26,981.020000
2007-09-27,983.050000
2007-09-28,981.420000
2007-10-01,987.380000
2007-10-02,987.160000
2007-10-03,986.720000
2007-10-04,987.790000
2007-10-05,991.300000
2007-10-08,991.640000
2007-10-09,993.900000
2007-10-10,993.740000
2007-10-11,992.330000
2007-10-12,994.560000
2007-10-15,993.930000
2007-10-16,993.620000
2007-10-17,995.220000
2007-10-18,996.530000
2007-10-19,988.270000
2007-10-22,992.950000
2007-10-23,998.530000
2007-10-24,997.520000
2007-10-25,995.950000
2007-10-26,1003.370000
2007-10-29,1005.330000
2007-10-30,1002.880000
2007-10-31,1008.830000
2007-11-01,996.070000
2007-11-02,998.700000
2007-11-05,997.090000
2007-11-06,1005.760000
2007-11-07,985.240000
2007-11-08,986.690000
2007-11-09,973.860000
2007-11-12,965.950000
2007-11-13,993.560000
2007-11-14,986.310000
2007-11-15,974.860000
2007-11-16,983.940000
2007-11-19,978.020000
2007-11-20,980.780000
2007-11-21,971.490000
2007-11-23,981.270000
2007-11-26,967.540000
2007-11-27,978.980000
2007-11-28,992.870000
2007-11-29,993.810000
2007-11-30,998.170000
2007-12-03,997.120000
2007-12-04,995.500000
2007-12-05,1001.550000
2007-12-06,1005.600000
2007-12-07,1005.690000
2007-12-10,1007.940000
2007-12-11,1002.710000
2007-12-12,1005.880000
2007-12-13,1007.130000
2007-12-14,1004.600000
2007-12-17,1000.890000
2007-12-18,1005.750000
2007-12-19,1007.450000
2007-12-20,1010.850000
2007-12-21,1014.830000
2007-12-24,1018.150000
2007-12-26,1019.460000
2007-12-27,1013.770000
2007-12-28,1013.900000
2007-12-31,1010.610000
2008-01-02,1003.510000
2008-01-03,1004.380000
2008-01-04,985.290000
2008-01-07,989.950000
2008-01-08,972.860000
2008-01-09,986.290000
2008-01-10,993.010000
2008-01-11,981.480000
2008-01-14,991.890000
2008-01-15,967.230000
2008-01-16,961.330000
2008-01-17,933.520000
2008-01-18,935.820000
2008-01-22,929.580000
2008-01-23,940.990000
2008-01-24,946.590000
2008-01-25,939.360000
2008-01-28,949.130000
2008-01-29,951.250000
2008-01-30,950.180000
2008-01-31,956.300000
2008-02-01,961.540000
2008-02-04,960.630000
2008-02-05,950.140000
2008-02-06,947.550000
2008-02-07,953.230000
2008-02-08,952.300000
2008-02-11,957.940000
2008-02-12,962.530000
2008-02-13,967.380000
2008-02-14,967.250000
2008-02-15,971.770000
2008-02-19,973.300000
2008-02-20,978.290000
2008-02-21,973.430000
2008-02-22,978.840000
2008-02-25,985.080000
2008-02-26,988.320000
2008-02-27,988.120000
2008-02-28,985.610000
2008-02-29,972.680000
2008-03-03,974.670000
2008-03-04,974.210000
2008-03-05,978.650000
2008-03-06,964.560000
2008-03-07,959.990000
2008-03-10,949.250000
2008-03-11,977.060000
2008-03-12,972.050000
2008-03-13,976.000000
2008-03-14,957.200000
2008-03-17,951.310000
2008-03-18,987.600000
2008-03-19,969.820000
2008-03-20,979.770000
2008-03-24,987.390000
2008-03-25,988.520000
2008-03-26,986.400000
2008-03-27,983.480000
2008-03-28,981.240000
2008-03-31,984.810000
2008-04-01,997.140000
2008-04-02,997.280000
2008-04-03,997.920000
2008-04-04,999.400000
2008-04-07,1000.550000
2008-04-08,1000.700000
2008-04-09,999.920000
2008-04-10,1001.380000
2008-04-11,997.630000
2008-04-14,998.670000
2008-04-15,1001.380000
2008-04-16,1003.840000
2008-04-17,1004.020000
2008-04-18,1003.850000
2008-04-21,1003.990000
2008-04-22,1000.120000
2008-04-23,1002.510000
2008-04-24,1006.020000
2008-04-25,1009.560000
2008-04-28,1010.230000
2008-04-29,1008.970000
2008-04-30,1007.000000
2008-05-01,1015.500000
2008-05-02,1017.820000
2008-05-05,1017.530000
2008-05-06,1020.180000
2008-05-07,1014.370000
2008-05-08,1017.210000
2008-05-09,1015.720000
2008-05-12,1021.350000
2008-05-13,1022.040000
2008-05-14,1023.290000
2008-05-15,1024.280000
2008-05-16,1028.450000
2008-05-19,1029.680000
2008-05-20,1025.850000
2008-05-21,1016.500000
2008-05-22,1018.880000
2008-05-23,1009.940000
2008-05-27,1015.700000
2008-05-28,1019.230000
2008-05-29,1023.580000
2008-05-30,1024.700000
2008-06-02,1018.160000
2008-06-03,1013.920000
2008-06-04,1014.050000
2008-06-05,1028.750000
2008-06-06,1003.350000
2008-06-09,1006.060000
2008-06-10,1003.520000
2008-06-11,987.550000
2008-06-12,991.520000
2008-06-13,1005.930000
2008-06-16,1006.310000
2008-06-17,999.440000
2008-06-18,990.500000
2008-06-19,993.740000
2008-06-20,987.180000
2008-06-23,989.480000
2008-06-24,988.720000
2008-06-25,993.520000
2008-06-26,974.380000
2008-06-27,973.130000
2008-06-30,973.940000
2008-07-01,977.890000
2008-07-02,962.740000
2008-07-03,965.660000
2008-07-07,957.250000
2008-07-08,974.070000
2008-07-09,952.750000
2008-07-10,959.660000
2008-07-11,949.790000
2008-07-14,940.790000
2008-07-15,930.530000
2008-07-16,953.800000
2008-07-17,964.610000
2008-07-18,968.760000
2008-07-21,971.160000
2008-07-22,978.770000
2008-07-23,979.570000
2008-07-24,970.240000
2008-07-25,972.820000
2008-07-28,963.790000
2008-07-29,977.020000
2008-07-30,983.520000
2008-07-31,979.410000
2008-08-01,978.150000
2008-08-04,974.380000
2008-08-05,986.740000
2008-08-06,989.080000
2008-08-07,985.020000
2008-08-08,990.690000
2008-08-11,992.140000
2008-08-12,991.790000
2008-08-13,992.000000
2008-08-14,993.040000
2008-08-15,993.080000
2008-08-18,986.210000
2008-08-19,980.540000
2008-08-20,985.260000
2008-08-21,987.660000
2008-08-22,995.240000
2008-08-25,983.590000
2008-08-26,986.740000
2008-08-27,992.280000
2008-08-28,1000.050000
2008-08-29,993.160000
2008-09-02,991.170000
2008-09-03,991.300000
2008-09-04,966.420000
2008-09-05,971.100000
2008-09-08,988.180000
2008-09-09,958.680000
2008-09-10,964.100000
2008-09-11,978.070000
2008-09-12,979.060000
2008-09-15,939.460000
2008-09-16,951.510000
2008-09-17,907.190000
2008-09-18,940.870000
2008-09-19,1004.470000
2008-09-22,986.830000
2008-09-23,976.580000
2008-09-24,978.050000
2008-09-25,992.590000
2008-09-26,992.220000
2008-09-29,936.100000
2008-09-30,967.470000
2008-10-01,962.670000
2008-10-02,928.890000
2008-10-03,920.810000
2008-10-06,888.730000
2008-10-07,835.100000
2008-10-08,824.690000
2008-10-09,768.380000
2008-10-10,758.050000
2008-10-13,845.870000
2008-10-14,836.710000
2008-10-15,758.300000
2008-10-16,792.350000
2008-10-17,768.780000
2008-10-20,795.840000
2008-10-21,786.940000
2008-10-22,754.970000
2008-10-23,761.310000
2008-10-24,737.960000
2008-10-27,726.720000
2008-10-28,779.690000
2008-10-29,768.800000
2008-10-30,785.930000
2008-10-31,796.710000
2008-11-03,801.490000
2008-11-04,815.010000
2008-11-05,799.410000
2008-11-06,773.780000
2008-11-07,791.870000
2008-11-10,788.690000
2008-11-11,777.590000
2008-11-12,746.100000
2008-11-13,788.450000
2008-11-14,761.370000
2008-11-17,745.320000
2008-11-18,753.990000
2008-11-19,711.670000
2008-11-20,663.890000
2008-11-21,690.800000
2008-11-24,706.600000
2008-11-25,711.140000
2008-11-26,717.580000
2008-11-28,718.700000
2008-12-01,703.930000
2008-12-02,713.000000
2008-12-03,717.980000
2008-12-04,714.270000
2008-12-05,720.950000
2008-12-08,723.560000
2008-12-09,723.710000
2008-12-10,725.170000
2008-12-11,725.150000
2008-12-12,725.570000
2008-12-15,725.910000
2008-12-16,726.450000
2008-12-17,726.720000
2008-12-18,726.720000
2008-12-19,722.110000
2008-12-22,716.820000
2008-12-23,712.760000
2008-12-24,716.270000
2008-12-26,720.420000
2008-12-29,720.590000
2008-12-30,732.650000
2008-12-31,740.100000
2009-01-02,750.090000
2009-01-05,749.920000
2009-01-06,753.050000
2009-01-07,744.800000
2009-01-08,747.970000
2009-01-09,742.350000
2009-01-12,731.600000
2009-01-13,734.400000
2009-01-14,713.490000
2009-01-15,714.550000
2009-01-16,730.490000
2009-01-20,705.990000
2009-01-21,729.680000
2009-01-22,725.130000
2009-01-23,728.000000
2009-01-26,732.680000
2009-01-27,738.910000
2009-01-28,750.050000
2009-01-29,739.270000
2009-01-30,730.320000
2009-02-02,731.410000
2009-02-03,739.910000
2009-02-04,738.280000
2009-02-05,744.230000
2009-02-06,752.140000
2009-02-09,754.780000
2009-02-10,737.960000
2009-02-11,743.740000
2009-02-12,747.370000
2009-02-13,742.780000
2009-02-17,715.830000
2009-02-18,715.380000
2009-02-19,708.380000
2009-02-20,701.070000
2009-02-23,688.110000
2009-02-24,706.140000
2009-02-25,704.170000
2009-02-26,699.280000
2009-02-27,690.060000
2009-03-02,665.950000
2009-03-03,663.650000
2009-03-04,678.070000
2009-03-05,653.000000
2009-03-06,653.960000
2009-03-09,647.730000
2009-03-10,684.740000
2009-03-11,688.490000
2009-03-12,710.600000
2009-03-13,715.120000
2009-03-16,715.330000
2009-03-17,728.600000
2009-03-18,732.620000
2009-03-19,733.850000
2009-03-20,726.130000
2009-03-23,750.760000
2009-03-24,745.960000
2009-03-25,750.330000
2009-03-26,756.020000
2009-03-27,752.110000
2009-03-30,742.460000
2009-03-31,747.710000
2009-04-01,753.650000
2009-04-02,759.540000
2009-04-03,763.570000
2009-04-06,764.180000
2009-04-07,761.530000
2009-04-08,764.970000
2009-04-09,768.650000
2009-04-13,768.870000
2009-04-14,768.930000
2009-04-15,769.450000
2009-04-16,769.720000
2009-04-17,771.290000
2009-04-20,752.510000
2009-04-21,763.120000
2009-04-22,760.720000
2009-04-23,765.630000
2009-04-24,771.930000
2009-04-27,769.630000
2009-04-28,769.220000
2009-04-29,778.440000
2009-04-30,779.370000
2009-05-01,781.880000
2009-05-04,790.230000
2009-05-05,790.700000
2009-05-06,793.340000
2009-05-07,792.280000
2009-05-08,794.880000
2009-05-11,794.340000
2009-05-12,795.320000
2009-05-13,793.910000
2009-05-14,795.840000
2009-05-15,792.050000
2009-05-18,805.990000
2009-05-19,807.100000
2009-05-20,805.810000
2009-05-21,798.890000
2009-05-22,798.670000
2009-05-26,809.780000
2009-05-27,803.330000
2009-05-28,809.090000
2009-05-29,815.400000
2009-06-01,819.730000
2009-06-02,820.430000
2009-06-03,818.810000
2009-06-04,821.180000
2009-06-05,821.790000
2009-06-08,822.730000
2009-06-09,824.010000
2009-06-10,824.130000
2009-06-11,824.620000
2009-06-12,825.020000
2009-06-15,823.800000
2009-06-16,822.900000
2009-06-17,824.290000
2009-06-18,825.920000
2009-06-19,824.950000
2009-06-22,809.300000
2009-06-23,810.910000
2009-06-24,816.200000
2009-06-25,827.960000
2009-06-26,828.100000
2009-06-29,833.580000
2009-06-30,831.100000
2009-07-01,832.990000
2009-07-02,818.380000
2009-07-06,820.050000
2009-07-07,806.090000
2009-07-08,806.320000
2009-07-09,808.350000
2009-07-10,806.290000
2009-07-13,824.900000
2009-07-14,830.370000
2009-07-15,846.270000
2009-07-16,849.150000
2009-07-17,851.310000
2009-07-20,856.380000
2009-07-21,858.580000
2009-07-22,859.290000
2009-07-23,865.000000
2009-07-24,866.500000
2009-07-27,867.350000
2009-07-28,866.890000
2009-07-29,866.050000
2009-07-30,868.490000
2009-07-31,868.860000
2009-08-03,871.260000
2009-08-04,871.900000
2009-08-05,872.230000
2009-08-06,871.790000
2009-08-07,873.100000
2009-08-10,873.440000
2009-08-11,872.980000
2009-08-12,873.730000
2009-08-13,873.990000
2009-08-14,874.130000
2009-08-17,873.190000
2009-08-18,874.220000
2009-08-19,874.480000
2009-08-20,874.770000
2009-08-21,874.620000
2009-08-24,875.860000
2009-08-25,877.090000
2009-08-26,877.880000
2009-08-27,879.600000
2009-08-28,880.040000
2009-08-31,876.550000
2009-09-01,864.320000
2009-09-02,863.750000
2009-09-03,869.980000
2009-09-04,878.800000
2009-09-08,883.940000
2009-09-09,887.760000
2009-09-10,890.880000
2009-09-11,891.010000
2009-09-14,892.670000
2009-09-15,893.530000
2009-09-16,893.900000
2009-09-17,894.130000
2009-09-18,894.970000
2009-09-21,895.410000
2009-09-22,898.770000
2009-09-23,895.250000
2009-09-24,889.840000
2009-09-25,887.350000
2009-09-28,897.330000
2009-09-29,896.650000
2009-09-30,894.590000
2009-10-01,878.900000
2009-10-02,876.670000
2009-10-05,888.890000
2009-10-06,898.140000
2009-10-07,900.640000
2009-10-08,905.160000
2009-10-09,909.290000
2009-10-12,911.070000
2009-10-13,911.370000
2009-10-14,915.030000
2009-10-15,915.880000
2009-10-16,918.250000
2009-10-19,922.690000
2009-10-20,921.130000
2009-10-21,917.270000
2009-10-22,923.050000
2009-10-23,917.670000
2009-10-26,911.590000
2009-10-27,909.820000
2009-10-28,896.950000
2009-10-29,912.210000
2009-10-30,892.920000
2009-11-02,898.020000
2009-11-03,900.980000
2009-11-04,902.370000
2009-11-05,916.070000
2009-11-06,919.330000
2009-11-09,930.000000
2009-11-10,931.090000
2009-11-11,933.350000
2009-11-12,930.270000
2009-11-13,933.660000
2009-11-16,937.330000
2009-11-17,938.050000
2009-11-18,938.420000
2009-11-19,938.600000
2009-11-20,941.510000
2009-11-23,947.920000
2009-11-24,949.160000
2009-11-25,950.530000
2009-11-27,941.730000
2009-11-30,945.580000
2009-12-01,951.330000
2009-12-02,952.440000
2009-12-03,949.870000
2009-12-04,952.660000
2009-12-07,953.100000
2009-12-08,949.870000
2009-12-09,951.950000
2009-12-10,954.560000
2009-12-11,956.640000
2009-12-14,958.390000
2009-12-15,958.060000
2009-12-16,959.100000
2009-12-17,958.700000
2009-12-18,964.000000
2009-12-21,969.600000
2009-12-22,971.800000
2009-12-23,972.600000
2009-12-24,974.440000
2009-12-28,975.520000
2009-12-29,975.650000
2009-12-30,975.790000
2009-12-31,973.280000
2010-01-04,978.210000
2010-01-05,979.310000
2010-01-06,979.640000
2010-01-07,979.910000
2010-01-08,980.720000
2010-01-11,980.920000
2010-01-12,980.740000
2010-01-13,980.990000
2010-01-14,981.260000
2010-01-15,981.660000
2010-01-19,988.460000
2010-01-20,983.960000
2010-01-21,972.090000
2010-01-22,954.340000
2010-01-25,960.210000
2010-01-26,957.260000
2010-01-27,961.500000
2010-01-28,952.580000
2010-01-29,943.670000
2010-02-01,957.080000
2010-02-02,968.210000
2010-02-03,964.540000
2010-02-04,935.770000
2010-02-05,939.030000
2010-02-08,930.870000
2010-02-09,943.490000
2010-02-10,941.380000
2010-02-11,951.000000
2010-02-12,950.420000
2010-02-16,965.740000
2010-02-17,970.510000
2010-02-18,976.380000
2010-02-19,972.200000
2010-02-22,973.200000
2010-02-23,966.260000
2010-02-24,972.040000
2010-02-25,972.490000
2010-02-26,973.480000
2010-03-01,978.950000
2010-03-02,980.570000
2010-03-03,981.200000
2010-03-04,982.990000
2010-03-05,987.030000
2010-03-08,987.710000
2010-03-09,988.380000
2010-03-10,988.650000
2010-03-11,989.240000
2010-03-12,989.380000
2010-03-15,989.650000
2010-03-16,989.790000
2010-03-17,990.040000
2010-03-18,990.130000
2010-03-19,991.270000
2010-03-22,995.410000
2010-03-23,998.680000
2010-03-24,997.030000
2010-03-25,994.940000
2010-03-26,996.420000
2010-03-29,999.820000
2010-03-30,1000.480000
2010-03-31,999.480000
2010-04-01,1002.130000
2010-04-05,1005.230000
2010-04-06,1006.100000
2010-04-07,1005.370000
2010-04-08,1006.540000
2010-04-09,1007.240000
2010-04-12,1007.660000
2010-04-13,1007.930000
2010-04-14,1008.280000
2010-04-15,1008.320000
2010-04-16,1010.000000
2010-04-19,1013.710000
2010-04-20,1018.720000
2010-04-21,1017.950000
2010-04-22,1019.380000
2010-04-23,1021.410000
2010-04-26,1020.160000
2010-04-27,1020.160000
2010-04-28,1011.710000
2010-04-29,1019.270000
2010-04-30,1009.170000
2010-05-03,1018.200000
2010-05-04,1003.060000
2010-05-05,998.790000
2010-05-06,968.980000
2010-05-07,955.690000
2010-05-10,995.780000
2010-05-11,993.370000
2010-05-12,1006.010000
2010-05-13,996.180000
2010-05-14,979.100000
2010-05-17,980.180000
2010-05-18,966.810000
2010-05-19,961.550000
2010-05-20,924.620000
2010-05-21,907.560000
2010-05-24,906.390000
2010-05-25,910.070000
2010-05-26,908.500000
2010-05-27,923.170000
2010-05-28,917.700000
2010-06-01,910.540000
2010-06-02,924.640000
2010-06-03,926.660000
2010-06-04,911.470000
2010-06-07,906.750000
2010-06-08,914.810000
2010-06-09,912.580000
2010-06-10,927.610000
2010-06-11,931.250000
2010-06-14,932.310000
2010-06-15,936.390000
2010-06-16,936.880000
2010-06-17,937.120000
2010-06-18,937.820000
2010-06-21,935.390000
2010-06-22,926.260000
2010-06-23,924.940000
2010-06-24,912.900000
2010-06-25,917.620000
2010-06-28,915.660000
2010-06-29,890.040000
2010-06-30,880.910000
2010-07-01,879.080000
2010-07-02,874.750000
2010-07-06,879.950000
2010-07-07,907.510000
2010-07-08,916.390000
2010-07-09,923.070000
2010-07-12,924.030000
2010-07-13,937.150000
2010-07-14,937.920000
2010-07-15,939.170000
2010-07-16,932.430000
2010-07-19,937.120000
2010-07-20,943.640000
2010-07-21,937.130000
2010-07-22,947.470000
2010-07-23,951.510000
2010-07-26,955.570000
2010-07-27,955.710000
2010-07-28,953.910000
2010-07-29,953.740000
2010-07-30,954.370000
2010-08-02,960.990000
2010-08-03,960.140000
2010-08-04,961.670000
2010-08-05,961.630000
2010-08-06,962.220000
2010-08-09,963.440000
2010-08-10,962.860000
2010-08-11,956.760000
2010-08-12,955.640000
2010-08-13,955.280000
2010-08-16,957.990000
2010-08-17,963.500000
2010-08-18,964.290000
2010-08-19,962.270000
2010-08-20,966.690000
2010-08-23,967.120000
2010-08-24,959.550000
2010-08-25,961.700000
2010-08-26,957.980000
2010-08-27,969.000000
2010-08-30,961.390000
2010-08-31,961.580000
2010-09-01,977.520000
2010-09-02,981.290000
2010-09-03,985.900000
2010-09-07,984.100000
2010-09-08,985.960000
2010-09-09,987.410000
2010-09-10,988.410000
2010-09-13,989.210000
2010-09-14,989.260000
2010-09-15,989.450000
2010-09-16,989.640000
2010-09-17,990.180000
2010-09-20,997.740000
2010-09-21,996.310000
2010-09-22,994.880000
2010-09-23,990.830000
2010-09-24,1000.730000
2010-09-27,999.750000
2010-09-28,1002.050000
2010-09-29,1001.290000
2010-09-30,1000.660000
2010-10-01,1003.500000
2010-10-04,1001.530000
2010-10-05,1008.010000
2010-10-06,1008.650000
2010-10-07,1008.670000
2010-10-08,1010.000000
2010-10-11,1010.650000
2010-10-12,1010.920000
2010-10-13,1011.310000
2010-10-14,1011.530000
2010-10-15,1012.780000
2010-10-18,1017.520000
2010-10-19,1009.440000
2010-10-20,1015.540000
2010-10-21,1016.960000
2010-10-22,1018.730000
2010-10-25,1019.810000
2010-10-26,1019.850000
2010-10-27,1019.150000
2010-10-28,1019.730000
2010-10-29,1020.000000
2010-11-01,1020.280000
2010-11-02,1023.470000
2010-11-03,1026.870000
2010-11-04,1031.480000
2010-11-05,1032.700000
2010-11-08,1033.110000
2010-11-09,1032.010000
2010-11-10,1033.050000
2010-11-11,1033.010000
2010-11-12,1030.760000
2010-11-15,1032.230000
2010-11-16,1028.560000
2010-11-17,1031.090000
2010-11-18,1034.280000
2010-11-19,1036.380000
2010-11-22,1036.570000
2010-11-23,1028.310000
2010-11-24,1036.580000
2010-11-26,1029.200000
2010-11-29,1032.970000
2010-11-30,1028.510000
2010-12-01,1040.270000
2010-12-02,1045.310000
2010-12-03,1047.530000
2010-12-06,1048.160000
2010-12-07,1048.510000
2010-12-08,1049.560000
2010-12-09,1050.470000
2010-12-10,1050.870000
2010-12-13,1051.170000
2010-12-14,1051.240000
2010-12-15,1051.330000
2010-12-16,1051.550000
2010-12-17,1053.080000
2010-12-20,1055.120000
2010-12-21,1057.290000
2010-12-22,1059.490000
2010-12-23,1058.850000
2010-12-27,1059.470000
2010-12-28,1060.290000
2010-12-29,1061.200000
2010-12-30,1060.730000
2010-12-31,1061.040000
2011-01-03,1064.630000
2011-01-04,1065.030000
2011-01-05,1066.840000
2011-01-06,1066.460000
2011-01-07,1066.550000
2011-01-10,1067.380000
2011-01-11,1068.510000
2011-01-12,1069.550000
2011-01-13,1069.810000
2011-01-14,1070.030000
2011-01-18,1070.330000
2011-01-19,1070.200000
2011-01-20,1070.480000
2011-01-21,1070.210000
2011-01-24,1074.250000
2011-01-25,1074.850000
2011-01-26,1078.120000
2011-01-27,1079.140000
2011-01-28,1068.290000
2011-01-31,1073.310000
2011-02-01,1081.700000
2011-02-02,1081.410000
2011-02-03,1082.980000
2011-02-04,1084.680000
2011-02-07,1086.130000
2011-02-08,1087.390000
2011-02-09,1087.140000
2011-02-10,1087.650000
2011-02-11,1088.250000
2011-02-14,1088.640000
2011-02-15,1088.650000
2011-02-16,1088.860000
2011-02-17,1089.160000
2011-02-18,1088.830000
2011-02-22,1074.010000
2011-02-23,1069.560000
2011-02-24,1069.810000
2011-02-25,1079.460000
2011-02-28,1084.570000
2011-03-01,1071.020000
2011-03-02,1073.210000
2011-03-03,1087.340000
2011-03-04,1082.400000
2011-03-07,1076.020000
2011-03-08,1083.900000
2011-03-09,1083.320000
2011-03-10,1065.770000
2011-03-11,1073.650000
2011-03-14,1067.930000
2011-03-15,1056.070000
2011-03-16,1035.920000
2011-03-17,1049.230000
2011-03-18,1058.950000
2011-03-21,1069.780000
2011-03-22,1069.150000
2011-03-23,1071.570000
2011-03-24,1075.920000
2011-03-25,1077.410000
2011-03-28,1076.440000
2011-03-29,1079.700000
2011-03-30,1081.900000
2011-03-31,1082.030000
2011-04-01,1083.280000
2011-04-04,1083.710000
2011-04-05,1084.600000
2011-04-06,1085.150000
2011-04-07,1084.900000
2011-04-08,1084.650000
2011-04-11,1085.290000
2011-04-12,1085.000000
2011-04-13,1085.830000
2011-04-14,1086.090000
2011-04-15,1086.660000
2011-04-18,1081.040000
2011-04-19,1085.500000
2011-04-20,1091.630000
2011-04-21,1094.570000
2011-04-25,1094.420000
2011-04-26,1096.980000
2011-04-27,1098.750000
2011-04-28,1100.300000
2011-04-29,1100.520000
2011-05-02,1100.440000
2011-05-03,1099.810000
2011-05-04,1098.640000
2011-05-05,1095.120000
2011-05-06,1096.710000
2011-05-09,1099.870000
2011-05-10,1102.290000
2011-05-11,1100.170000
2011-05-12,1102.060000
2011-05-13,1100.600000
2011-05-16,1099.930000
2011-05-17,1101.030000
2011-05-18,1103.590000
2011-05-19,1104.100000
2011-05-20,1102.880000
2011-05-23,1096.400000
2011-05-24,1096.700000
2011-05-25,1099.650000
2011-05-26,1103.480000
2011-05-27,1106.180000
2011-05-31,1111.830000
2011-06-01,1098.520000
2011-06-02,1097.720000
2011-06-03,1090.610000
2011-06-06,1081.090000
2011-06-07,1080.550000
2011-06-08,1076.550000
2011-06-09,1084.550000
2011-06-10,1069.600000
2011-06-13,1070.830000
2011-06-14,1084.680000
2011-06-15,1065.020000
2011-06-16,1067.590000
2011-06-17,1075.440000
2011-06-20,1080.050000
2011-06-21,1086.570000
2011-06-22,1085.020000
2011-06-23,1083.770000
2011-06-24,1077.130000
2011-06-27,1082.480000
2011-06-28,1089.600000
2011-06-29,1093.740000
2011-06-30,1096.540000
2011-07-01,1098.180000
2011-07-05,1098.640000
2011-07-06,1098.660000
2011-07-07,1099.290000
2011-07-08,1099.290000
2011-07-11,1098.130000
2011-07-12,1098.200000
2011-07-13,1099.170000
2011-07-14,1099.510000
2011-07-15,1102.130000
2011-07-18,1097.830000
2011-07-19,1106.560000
2011-07-20,1106.520000
2011-07-21,1112.250000
2011-07-22,1113.110000
2011-07-25,1110.530000
2011-07-26,1109.330000
2011-07-27,1098.660000
2011-07-28,1096.940000
2011-07-29,1091.390000
2011-08-01,1092.300000
2011-08-02,1072.430000
2011-08-03,1078.840000
2011-08-04,1030.450000
2011-08-05,1029.500000
2011-08-08,962.660000
2011-08-09,1007.570000
2011-08-10,962.740000
2011-08-11,1006.020000
2011-08-12,1013.460000
2011-08-15,1035.150000
2011-08-16,1025.730000
2011-08-17,1026.720000
2011-08-18,982.370000
2011-08-19,961.950000
2011-08-22,964.730000
2011-08-23,983.390000
2011-08-24,989.670000
2011-08-25,979.680000
2011-08-26,989.940000
2011-08-29,1000.990000
2011-08-30,1002.410000
2011-08-31,1003.860000
2011-09-01,1002.850000
2011-09-02,997.190000
2011-09-06,995.110000
2011-09-07,1005.550000
2011-09-08,1004.440000
2011-09-09,993.960000
2011-09-12,1001.350000
2011-09-13,1007.670000
2011-09-14,1011.290000
2011-09-15,1012.330000
2011-09-16,1014.820000
2011-09-19,1011.470000
2011-09-20,1011.430000
2011-09-21,992.730000
2011-09-22,969.290000
2011-09-23,973.290000
2011-09-26,991.990000
2011-09-27,999.730000
2011-09-28,985.430000
2011-09-29,992.690000
2011-09-30,973.160000
2011-10-03,949.990000
2011-10-04,970.730000
2011-10-05,986.210000
2011-10-06,1001.130000
2011-10-07,997.080000
2011-10-10,1022.780000
2011-10-11,1025.260000
2011-10-12,1031.780000
2011-10-13,1032.390000
2011-10-14,1040.610000
2011-10-17,1033.310000
2011-10-18,1042.350000
2011-10-19,1039.830000
2011-10-20,1045.960000
2011-10-21,1048.500000
2011-10-24,1057.290000
2011-10-25,1046.750000
2011-10-26,1054.010000
2011-10-27,1068.670000
2011-10-28,1070.370000
2011-10-31,1060.530000
2011-11-01,1043.730000
2011-11-02,1054.450000
2011-11-03,1065.170000
2011-11-04,1063.500000
2011-11-07,1068.140000
2011-11-08,1074.090000
2011-11-09,1055.190000
2011-11-10,1063.370000
2011-11-11,1073.350000
2011-11-14,1072.340000
2011-11-15,1075.450000
2011-11-16,1071.600000
2011-11-17,1064.120000
2011-11-18,1069.240000
2011-11-21,1058.950000
2011-11-22,1057.950000
2011-11-23,1041.770000
2011-11-25,1043.590000
2011-11-28,1064.840000
2011-11-29,1067.930000
2011-11-30,1090.770000
2011-12-01,1090.990000
2011-12-02,1091.360000
2011-12-05,1095.980000
2011-12-06,1097.290000
2011-12-07,1097.520000
2011-12-08,1091.130000
2011-12-09,1100.780000
2011-12-12,1099.060000
2011-12-13,1097.660000
2011-12-14,1093.260000
2011-12-15,1099.240000
2011-12-16,1104.320000
2011-12-19,1098.600000
2011-12-20,1116.270000
2011-12-21,1119.010000
2011-12-22,1122.870000
2011-12-23,1126.730000
2011-12-27,1127.890000
2011-12-28,1123.430000
2011-12-29,1127.700000
2011-12-30,1126.540000
2012-01-03,1132.490000
2012-01-04,1133.750000
2012-01-05,1135.370000
2012-01-06,1135.750000
2012-01-09,1136.950000
2012-01-10,1137.670000
2012-01-11,1137.880000
2012-01-12,1138.350000
2012-01-13,1138.420000
2012-01-17,1138.560000
2012-01-18,1138.770000
2012-01-19,1138.930000
2012-01-20,1142.750000
2012-01-23,1144.210000
2012-01-24,1142.880000
2012-01-25,1147.930000
2012-01-26,1145.270000
2012-01-27,1145.490000
2012-01-30,1144.210000
2012-01-31,1145.010000
2012-02-01,1149.970000
2012-02-02,1151.560000
2012-02-03,1156.750000
2012-02-06,1156.660000
2012-02-07,1157.970000
2012-02-08,1158.370000
2012-02-09,1158.830000
2012-02-10,1156.880000
2012-02-13,1159.810000
2012-02-14,1160.030000
2012-02-15,1159.700000
2012-02-16,1160.630000
2012-02-17,1162.440000
2012-02-21,1164.020000
2012-02-22,1163.150000
2012-02-23,1166.590000
2012-02-24,1167.940000
2012-02-27,1168.820000
2012-02-28,1170.570000
2012-02-29,1168.920000
2012-03-01,1172.620000
2012-03-02,1172.280000
2012-03-05,1171.760000
2012-03-06,1161.790000
2012-03-07,1167.850000
2012-03-08,1173.250000
2012-03-09,1176.130000
2012-03-12,1177.620000
2012-03-13,1179.270000
2012-03-14,1179.540000
2012-03-15,1179.760000
2012-03-16,1180.150000
2012-03-19,1182.600000
2012-03-20,1181.490000
2012-03-21,1181.620000
2012-03-22,1176.830000
2012-03-23,1180.130000
2012-03-26,1187.370000
2012-03-27,1185.790000
2012-03-28,1184.340000
2012-03-29,1184.000000
2012-03-30,1186.610000
2012-04-02,1189.920000
2012-04-03,1189.110000
2012-04-04,1184.570000
2012-04-05,1184.830000
2012-04-09,1177.400000
2012-04-10,1161.010000
2012-04-11,1169.700000
2012-04-12,1183.100000
2012-04-13,1171.370000
2012-04-16,1173.310000
2012-04-17,1187.010000
2012-04-18,1184.960000
2012-04-19,1180.680000
2012-04-20,1180.920000
2012-04-23,1175.270000
2012-04-24,1179.280000
2012-04-25,1188.900000
2012-04-26,1192.200000
2012-04-27,1194.080000
2012-04-30,1192.390000
2012-05-01,1196.090000
2012-05-02,1195.180000
2012-05-03,1191.880000
2012-05-04,1181.220000
2012-05-07,1183.140000
2012-05-08,1180.540000
2012-05-09,1174.100000
2012-05-10,1178.240000
2012-05-11,1173.850000
2012-05-14,1163.160000
2012-05-15,1157.370000
2012-05-16,1152.460000
2012-05-17,1140.110000
2012-05-18,1133.910000
2012-05-21,1147.040000
2012-05-22,1147.750000
2012-05-23,1149.270000
2012-05-24,1151.110000
2012-05-25,1150.350000
2012-05-29,1157.770000
2012-05-30,1150.090000
2012-05-31,1150.050000
2012-06-01,1132.380000
2012-06-04,1134.530000
2012-06-05,1140.020000
2012-06-06,1157.570000
2012-06-07,1158.770000
2012-06-08,1162.930000
2012-06-11,1158.920000
2012-06-12,1165.350000
2012-06-13,1163.830000
2012-06-14,1168.300000
2012-06-15,1172.980000
2012-06-18,1177.250000
2012-06-19,1181.970000
2012-06-20,1182.960000
2012-06-21,1169.320000
2012-06-22,1177.350000
2012-06-25,1166.140000
2012-06-26,1170.050000
2012-06-27,1175.750000
2012-06-28,1174.540000
2012-06-29,1189.400000
2012-07-02,1190.940000
2012-07-03,1193.050000
2012-07-05,1192.470000
2012-07-06,1191.260000
2012-07-09,1190.690000
2012-07-10,1187.820000
2012-07-11,1188.140000
2012-07-12,1187.960000
2012-07-13,1195.770000
2012-07-16,1195.420000
2012-07-17,1197.490000
2012-07-18,1198.190000
2012-07-19,1198.480000
2012-07-20,1197.870000
2012-07-23,1191.180000
2012-07-24,1183.150000
2012-07-25,1183.420000
2012-07-26,1197.570000
2012-07-27,1207.120000
2012-07-30,1206.730000
2012-07-31,1204.410000
2012-08-01,1203.840000
2012-08-02,1200.670000
2012-08-03,1212.860000
2012-08-06,1214.200000
2012-08-07,1215.770000
2012-08-08,1216.420000
2012-08-09,1217.110000
2012-08-10,1217.400000
2012-08-13,1217.770000
2012-08-14,1217.930000
2012-08-15,1218.040000
2012-08-16,1218.250000
2012-08-17,1220.210000
2012-08-20,1220.530000
2012-08-21,1218.340000
2012-08-22,1218.480000
2012-08-23,1213.180000
2012-08-24,1218.260000
2012-08-27,1218.180000
2012-08-28,1218.100000
2012-08-29,1218.450000
2012-08-30,1213.340000
2012-08-31,1217.280000
2012-09-04,1217.030000
2012-09-05,1217.210000
2012-09-06,1229.720000
2012-09-07,1232.750000
2012-09-10,1230.440000
2012-09-11,1231.930000
2012-09-12,1233.020000
2012-09-13,1236.900000
2012-09-14,1237.470000
2012-09-17,1237.650000
2012-09-18,1237.990000
2012-09-19,1238.140000
2012-09-20,1238.170000
2012-09-21,1237.050000
2012-09-24,1236.290000
2012-09-25,1228.440000
2012-09-26,1223.250000
2012-09-27,1232.610000
2012-09-28,1228.580000
2012-10-01,1230.650000
2012-10-02,1232.540000
2012-10-03,1236.320000
2012-10-04,1240.270000
2012-10-05,1242.590000
2012-10-08,1240.880000
2012-10-09,1232.900000
2012-10-10,1227.290000
2012-10-11,1229.430000
2012-10-12,1224.800000
2012-10-15,1234.980000
2012-10-16,1245.410000
2012-10-17,1249.190000
2012-10-18,1249.670000
2012-10-19,1243.690000
2012-10-22,1244.670000
2012-10-23,1232.900000
2012-10-24,1229.390000
2012-10-25,1232.550000
2012-10-26,1231.900000
2012-10-31,1232.660000
2012-11-01,1244.350000
2012-11-02,1235.700000
2012-11-05,1237.810000
2012-11-06,1245.590000
2012-11-07,1222.360000
2012-11-08,1212.660000
2012-11-09,1212.620000
2012-11-12,1211.090000
2012-11-13,1206.920000
2012-11-14,1194.230000
2012-11-15,1186.850000
2012-11-16,1192.190000
2012-11-19,1202.880000
2012-11-20,1203.650000
2012-11-21,1204.150000
2012-11-23,1207.400000
2012-11-26,1207.550000
2012-11-27,1206.830000
2012-11-28,1208.450000
2012-11-29,1209.490000
2012-11-30,1208.950000
2012-12-03,1208.740000
2012-12-04,1208.690000
2012-12-05,1209.780000
2012-12-06,1210.210000
2012-12-07,1210.930000
2012-12-10,1211.550000
2012-12-11,1211.820000
2012-12-12,1211.870000
2012-12-13,1211.870000
2012-12-14,1211.600000
2012-12-17,1212.200000
2012-12-18,1212.430000
2012-12-19,1212.380000
2012-12-20,1212.500000
2012-12-21,1216.950000
2012-12-24,1215.830000
2012-12-26,1213.710000
2012-12-27,1212.890000
2012-12-28,1202.790000
2012-12-31,1218.240000
2013-01-02,1231.690000
2013-01-03,1232.120000
2013-01-04,1233.920000
2013-01-07,1234.210000
2013-01-08,1234.000000
2013-01-09,1234.520000
2013-01-10,1235.220000
2013-01-11,1235.220000
2013-01-14,1235.380000
2013-01-15,1235.670000
2013-01-16,1235.690000
2013-01-17,1235.820000
2013-01-18,1239.290000
2013-01-22,1242.230000
2013-01-23,1243.210000
2013-01-24,1243.460000
2013-01-25,1244.950000
2013-01-28,1244.790000
2013-01-29,1246.320000
2013-01-30,1245.010000
2013-01-31,1244.840000
2013-02-01,1248.450000
2013-02-04,1245.360000
2013-02-05,1248.800000
2013-02-06,1249.250000
2013-02-07,1249.310000
2013-02-08,1250.210000
2013-02-11,1250.550000
2013-02-12,1250.790000
2013-02-13,1250.900000
2013-02-14,1251.090000
2013-02-15,1250.720000
2013-02-19,1255.690000
2013-02-20,1246.490000
2013-02-21,1241.240000
2013-02-22,1249.200000
2013-02-25,1237.220000
2013-02-26,1239.890000
2013-02-27,1251.090000
2013-02-28,1250.350000
2013-03-01,1252.890000
2013-03-04,1257.570000
2013-03-05,1261.820000
2013-03-06,1262.860000
2013-03-07,1263.820000
2013-03-08,1264.930000
2013-03-11,1265.480000
2013-03-12,1265.280000
2013-03-13,1265.740000
2013-03-14,1265.910000
2013-03-15,1265.740000
2013-03-18,1261.260000
2013-03-19,1259.370000
2013-03-20,1265.350000
2013-03-21,1259.670000
2013-03-22,1263.540000
2013-03-25,1262.240000
2013-03-26,1268.580000
2013-03-27,1268.170000
2013-03-28,1270.520000
2013-04-01,1269.010000
2013-04-02,1272.310000
2013-04-03,1266.510000
2013-04-04,1269.150000
2013-04-05,1267.260000
2013-04-08,1272.210000
2013-04-09,1274.760000
2013-04-10,1278.160000
2013-04-11,1278.970000
2013-04-12,1278.930000
2013-04-15,1271.450000
2013-04-16,1278.410000
2013-04-17,1272.650000
2013-04-18,1270.430000
2013-04-19,1272.860000
2013-04-22,1276.160000
2013-04-23,1281.090000
2013-04-24,1281.180000
2013-04-25,1282.390000
2013-04-26,1282.540000
2013-04-29,1284.460000
2013-04-30,1285.200000
2013-05-01,1283.040000
2013-05-02,1285.840000
2013-05-03,1287.610000
2013-05-06,1288.210000
2013-05-07,1288.420000
2013-05-08,1288.530000
2013-05-09,1288.490000
2013-05-10,1288.620000
2013-05-13,1288.710000
2013-05-14,1288.780000
2013-05-15,1288.820000
2013-05-16,1288.870000
2013-05-17,1291.180000
2013-05-20,1291.260000
2013-05-21,1291.890000
2013-05-22,1286.920000
2013-05-23,1285.740000
2013-05-24,1285.420000
2013-05-28,1290.440000
2013-05-29,1286.220000
2013-05-30,1289.340000
2013-05-31,1278.010000
2013-06-03,1283.500000
2013-06-04,1279.040000
2013-06-05,1265.630000
2013-06-06,1275.100000
2013-06-07,1288.480000
2013-06-10,1288.720000
2013-06-11,1279.570000
2013-06-12,1270.370000
2013-06-13,1287.420000
2013-06-14,1281.340000
2013-06-17,1290.350000
2013-06-18,1296.980000
2013-06-19,1284.860000
2013-06-20,1254.160000
2013-06-21,1269.820000
2013-06-24,1261.930000
2013-06-25,1270.100000
2013-06-26,1277.310000
2013-06-27,1280.680000
2013-06-28,1278.810000
2013-07-01,1283.250000
2013-07-02,1283.860000
2013-07-03,1284.480000
2013-07-05,1289.600000
2013-07-08,1291.030000
2013-07-09,1292.540000
2013-07-10,1292.700000
2013-07-11,1293.290000
2013-07-12,1293.330000
2013-07-15,1293.620000
2013-07-16,1293.660000
2013-07-17,1293.690000
2013-07-18,1293.710000
2013-07-19,1295.160000
2013-07-22,1297.920000
2013-07-23,1297.150000
2013-07-24,1294.780000
2013-07-25,1297.030000
2013-07-26,1297.930000
2013-07-29,1296.260000
2013-07-30,1296.920000
2013-07-31,1297.000000
2013-08-01,1303.420000
2013-08-02,1305.830000
2013-08-05,1306.570000
2013-08-06,1304.240000
2013-08-07,1303.230000
2013-08-08,1305.600000
2013-08-09,1304.280000
2013-08-12,1305.340000
2013-08-13,1307.820000
2013-08-14,1306.430000
2013-08-15,1290.490000
2013-08-16,1285.890000
2013-08-19,1282.070000
2013-08-20,1285.500000
2013-08-21,1281.130000
2013-08-22,1288.070000
2013-08-23,1291.420000
2013-08-26,1289.530000
2013-08-27,1276.090000
2013-08-28,1279.640000
2013-08-29,1281.140000
2013-08-30,1278.740000
2013-09-03,1283.750000
2013-09-04,1291.290000
2013-09-05,1292.510000
2013-09-06,1293.180000
2013-09-09,1300.210000
2013-09-10,1304.190000
2013-09-11,1306.360000
2013-09-12,1305.690000
2013-09-13,1306.960000
2013-09-16,1308.170000
2013-09-17,1308.580000
2013-09-18,1309.040000
2013-09-19,1309.160000
2013-09-20,1306.430000
2013-09-23,1303.030000
2013-09-24,1301.690000
2013-09-25,1299.870000
2013-09-26,1302.620000
2013-09-27,1298.600000
2013-09-30,1292.900000
2013-10-01,1301.930000
2013-10-02,1300.200000
2013-10-03,1292.130000
2013-10-04,1300.120000
2013-10-07,1290.590000
2013-10-08,1276.510000
2013-10-09,1277.750000
2013-10-10,1303.610000
2013-10-11,1311.210000
2013-10-14,1314.810000
2013-10-15,1307.510000
2013-10-16,1323.380000
2013-10-17,1327.300000
2013-10-18,1328.360000
2013-10-21,1329.370000
2013-10-22,1332.040000
2013-10-23,1330.150000
2013-10-24,1332.200000
2013-10-25,1334.250000
2013-10-28,1335.570000
2013-10-29,1337.040000
2013-10-30,1335.730000
2013-10-31,1335.350000
2013-11-01,1337.130000
2013-11-04,1339.110000
2013-11-05,1338.330000
2013-11-06,1339.960000
2013-11-07,1336.020000
2013-11-08,1340.600000
2013-11-11,1341.210000
2013-11-12,1341.190000
2013-11-13,1341.750000
2013-11-14,1342.010000
2013-11-15,1343.350000
2013-11-18,1341.720000
2013-11-19,1340.630000
2013-11-20,1339.030000
2013-11-21,1344.920000
2013-11-22,1348.230000
2013-11-25,1348.280000
2013-11-26,1348.700000
2013-11-27,1350.070000
2013-11-29,1349.660000
2013-12-02,1348.530000
2013-12-03,1346.970000
2013-12-04,1346.480000
2013-12-05,1343.560000
2013-12-06,1351.730000
2013-12-09,1353.450000
2013-12-10,1352.310000
2013-12-11,1344.560000
2013-12-12,1342.710000
2013-12-13,1342.100000
2013-12-16,1348.790000
2013-12-17,1346.750000
2013-12-18,1358.050000
2013-12-19,1359.300000
2013-12-20,1358.870000
2013-12-23,1362.770000
2013-12-24,1364.670000
2013-12-26,1367.060000
2013-12-27,1367.180000
2013-12-30,1366.810000
2013-12-31,1367.790000
2014-01-02,1365.450000
2014-01-03,1366.590000
2014-01-06,1367.050000
2014-01-07,1370.010000
2014-01-08,1370.280000
2014-01-09,1370.960000
2014-01-10,1372.380000
2014-01-13,1367.680000
2014-01-14,1372.890000
2014-01-15,1373.630000
2014-01-16,1373.710000
2014-01-17,1371.570000
2014-01-21,1374.230000
2014-01-22,1375.250000
2014-01-23,1368.670000
2014-01-24,1346.460000
2014-01-27,1341.240000
2014-01-28,1349.030000
2014-01-29,1336.640000
2014-01-30,1350.210000
2014-01-31,1341.670000
2014-02-03,1312.840000
2014-02-04,1323.500000
2014-02-05,1321.310000
2014-02-06,1338.660000
2014-02-07,1354.880000
2014-02-10,1357.540000
2014-02-11,1370.920000
2014-02-12,1371.910000
2014-02-13,1378.190000
2014-02-14,1383.670000
2014-02-18,1385.800000
2014-02-19,1381.490000
2014-02-20,1388.640000
2014-02-21,1388.140000
2014-02-24,1392.240000
2014-02-25,1392.240000
2014-02-26,1392.700000
2014-02-27,1397.410000
2014-02-28,1397.180000
2014-03-03,1391.940000
2014-03-04,1401.050000
2014-03-05,1401.890000
2014-03-06,1402.430000
2014-03-07,1402.660000
2014-03-10,1403.810000
2014-03-11,1402.930000
2014-03-12,1403.590000
2014-03-13,1397.050000
2014-03-14,1392.990000
2014-03-17,1403.860000
2014-03-18,1406.870000
2014-03-19,1406.770000
2014-03-20,1407.750000
2014-03-21,1400.910000
2014-03-24,1397.880000
2014-03-25,1403.720000
2014-03-26,1396.290000
2014-03-27,1394.480000
2014-03-28,1399.210000
2014-03-31,1407.860000
2014-04-01,1413.470000
2014-04-02,1415.700000
2014-04-03,1415.250000
2014-04-04,1406.990000
2014-04-07,1395.520000
2014-04-08,1400.940000
2014-04-09,1412.870000
2014-04-10,1387.750000
2014-04-11,1376.350000
2014-04-14,1387.000000
2014-04-15,1396.320000
2014-04-16,1411.180000
2014-04-17,1409.740000
2014-04-21,1412.590000
2014-04-22,1415.010000
2014-04-23,1414.700000
2014-04-24,1417.270000
2014-04-25,1410.870000
2014-04-28,1414.130000
2014-04-29,1416.320000
2014-04-30,1419.050000
2014-05-01,1420.010000
2014-05-02,1420.660000
2014-05-05,1422.120000
2014-05-06,1417.900000
2014-05-07,1421.550000
2014-05-08,1421.740000
2014-05-09,1424.360000
2014-05-12,1426.870000
2014-05-13,1427.160000
2014-05-14,1427.110000
2014-05-15,1426.470000
2014-05-16,1429.600000
2014-05-19,1432.550000
2014-05-20,1429.290000
2014-05-21,1434.410000
2014-05-22,1435.620000
2014-05-23,1438.450000
2014-05-27,1440.780000
2014-05-28,1441.210000
2014-05-29,1442.530000
2014-05-30,1443.340000
2014-06-02,1443.870000
2014-06-03,1443.830000
2014-06-04,1443.990000
2014-06-05,1445.050000
2014-06-06,1445.750000
2014-06-09,1445.790000
2014-06-10,1445.870000
2014-06-11,1445.890000
2014-06-12,1445.430000
2014-06-13,1445.600000
2014-06-16,1446.070000
2014-06-17,1446.010000
2014-06-18,1446.310000
2014-06-19,1446.360000
2014-06-20,1445.810000
2014-06-23,1446.640000
2014-06-24,1441.200000
2014-06-25,1445.740000
2014-06-26,1445.080000
2014-06-27,1447.270000
2014-06-30,1447.720000
2014-07-01,1452.410000
2014-07-02,1453.050000
2014-07-03,1455.690000
2014-07-07,1454.580000
2014-07-08,1450.890000
2014-07-09,1454.500000
2014-07-10,1452.460000
2014-07-11,1454.250000
2014-07-14,1457.300000
2014-07-15,1457.230000
2014-07-16,1458.620000
2014-07-17,1454.850000
2014-07-18,1460.510000
2014-07-21,1459.770000
2014-07-22,1463.210000
2014-07-23,1464.490000
2014-07-24,1464.940000
2014-07-25,1462.200000
2014-07-28,1463.330000
2014-07-29,1460.750000
2014-07-30,1461.090000
2014-07-31,1439.720000
2014-08-01,1437.100000
2014-08-04,1448.290000
2014-08-05,1434.150000
2014-08-06,1435.420000
2014-08-07,1427.940000
2014-08-08,1444.140000
2014-08-11,1448.520000
2014-08-12,1446.840000
2014-08-13,1456.980000
2014-08-14,1463.340000
2014-08-15,1475.460000
2014-08-18,1481.830000
2014-08-19,1484.710000
2014-08-20,1485.780000
2014-08-21,1487.130000
2014-08-22,1486.970000
2014-08-25,1489.350000
2014-08-26,1489.930000
2014-08-27,1490.050000
2014-08-28,1489.890000
2014-08-29,1490.810000
2014-09-02,1491.740000
2014-09-03,1491.780000
2014-09-04,1491.090000
2014-09-05,1492.590000
2014-09-08,1492.630000
2014-09-09,1490.900000
2014-09-10,1492.550000
2014-09-11,1493.130000
2014-09-12,1491.830000
2014-09-15,1492.210000
2014-09-16,1494.290000
2014-09-17,1494.630000
2014-09-18,1494.940000
2014-09-19,1494.310000
2014-09-22,1486.810000
2014-09-23,1480.470000
2014-09-24,1489.620000
2014-09-25,1470.760000
2014-09-26,1481.260000
2014-09-29,1478.720000
2014-09-30,1475.940000
2014-10-01,1457.710000
2014-10-02,1457.940000
2014-10-03,1473.840000
2014-10-06,1472.200000
2014-10-07,1450.330000
2014-10-08,1475.090000
2014-10-09,1445.120000
2014-10-10,1429.860000
2014-10-13,1406.270000
2014-10-14,1410.620000
2014-10-15,1399.670000
2014-10-16,1397.200000
2014-10-17,1406.550000
2014-10-20,1415.890000
2014-10-21,1426.720000
2014-10-22,1422.330000
2014-10-23,1428.660000
2014-10-24,1431.370000
2014-10-27,1432.020000
2014-10-28,1435.830000
2014-10-29,1436.030000
2014-10-30,1437.250000
2014-10-31,1438.720000
2014-11-03,1439.040000
2014-11-04,1438.800000
2014-11-05,1439.660000
2014-11-06,1439.940000
2014-11-07,1440.270000
2014-11-10,1440.440000
2014-11-11,1440.310000
2014-11-12,1440.330000
2014-11-13,1440.480000
2014-11-14,1440.540000
2014-11-17,1440.720000
2014-11-18,1440.790000
2014-11-19,1440.810000
2014-11-20,1440.850000
2014-11-21,1440.810000
2014-11-24,1444.170000
2014-11-25,1444.170000
2014-11-26,1446.070000
2014-11-28,1443.430000
2014-12-01,1438.340000
2014-12-02,1444.420000
2014-12-03,1447.770000
2014-12-04,1447.310000
2014-12-05,1448.480000
2014-12-08,1444.800000
2014-12-09,1444.490000
2014-12-10,1425.700000
2014-12-11,1432.230000
2014-12-12,1413.520000
2014-12-15,1404.060000
2014-12-16,1393.040000
2014-12-17,1421.460000
2014-12-18,1453.250000
2014-12-19,1456.610000
2014-12-22,1460.040000
2014-12-23,1461.760000
2014-12-24,1462.440000
2014-12-26,1464.830000
2014-12-29,1465.970000
2014-12-30,1463.650000
2014-12-31,1455.010000
2015-01-02,1457.290000
2015-01-05,1440.470000
2015-01-06,1428.570000
2015-01-07,1444.080000
2015-01-08,1462.760000
2015-01-09,1456.970000
2015-01-12,1447.940000
2015-01-13,1444.290000
2015-01-14,1436.470000
2015-01-15,1423.430000
2015-01-16,1429.000000
2015-01-20,1431.620000
2015-01-21,1436.320000
2015-01-22,1445.020000
2015-01-23,1443.380000
2015-01-26,1446.400000
2015-01-27,1439.080000
2015-01-28,1430.170000
2015-01-29,1437.270000
2015-01-30,1426.890000
2015-02-02,1438.940000
2015-02-03,1447.460000
2015-02-04,1446.110000
2015-02-05,1450.370000
2015-02-06,1449.610000
2015-02-09,1449.680000
2015-02-10,1453.390000
2015-02-11,1453.920000
2015-02-12,1455.360000
2015-02-13,1455.810000
2015-02-17,1455.910000
2015-02-18,1456.000000
2015-02-19,1456.030000
2015-02-20,1461.560000
2015-02-23,1462.450000
2015-02-24,1465.630000
2015-02-25,1465.450000
2015-02-26,1465.240000
2015-02-27,1464.500000
2015-03-02,1468.460000
2015-03-03,1466.020000
2015-03-04,1464.330000
2015-03-05,1465.250000
2015-03-06,1454.090000
2015-03-09,1459.920000
2015-03-10,1442.500000
2015-03-11,1439.430000
2015-03-12,1454.690000
2015-03-13,1449.000000
2015-03-16,1463.670000
2015-03-17,1461.160000
2015-03-18,1473.170000
2015-03-19,1472.780000
2015-03-20,1475.920000
2015-03-23,1475.570000
2015-03-24,1470.960000
2015-03-25,1455.290000
2015-03-26,1452.630000
2015-03-27,1456.390000
2015-03-30,1470.290000
2015-03-31,1461.320000
2015-04-01,1456.930000
2015-04-02,1462.390000
2015-04-06,1470.440000
2015-04-07,1468.740000
2015-04-08,1472.500000
2015-04-09,1478.740000
2015-04-10,1484.910000
2015-04-13,1481.400000
2015-04-14,1483.920000
2015-04-15,1489.840000
2015-04-16,1490.770000
2015-04-17,1482.580000
2015-04-20,1490.030000
2015-04-21,1489.850000
2015-04-22,1492.820000
2015-04-23,1494.550000
2015-04-24,1495.930000
2015-04-27,1494.230000
2015-04-28,1496.400000
2015-04-29,1494.920000
2015-04-30,1488.200000
2015-05-01,1496.440000
2015-05-04,1499.010000
2015-05-05,1492.070000
2015-05-06,1489.360000
2015-05-07,1492.790000
2015-05-08,1501.580000
2015-05-11,1500.890000
2015-05-12,1500.210000
2015-05-13,1501.800000
2015-05-14,1503.460000
2015-05-15,1505.360000
2015-05-18,1507.950000
2015-05-19,1508.240000
2015-05-20,1508.100000
2015-05-21,1510.510000
2015-05-22,1509.970000
2015-05-26,1501.580000
2015-05-27,1510.010000
2015-05-28,1509.150000
2015-05-29,1504.360000
2015-06-01,1506.700000
2015-06-02,1506.200000
2015-06-03,1509.150000
2015-06-04,1500.620000
2015-06-05,1500.330000
2015-06-08,1493.740000
2015-06-09,1494.030000
2015-06-10,1509.260000
2015-06-11,1512.320000
2015-06-12,1504.980000
2015-06-15,1499.040000
2015-06-16,1507.320000
2015-06-17,1511.420000
2015-06-18,1524.020000
2015-06-19,1520.460000
2015-06-22,1527.390000
2015-06-23,1529.180000
2015-06-24,1523.490000
2015-06-25,1520.210000
2015-06-26,1520.570000
2015-06-29,1495.440000
2015-06-30,1499.740000
2015-07-01,1509.270000
2015-07-02,1509.410000
2015-07-06,1506.390000
2015-07-07,1515.220000
2015-07-08,1491.940000
2015-07-09,1495.770000
2015-07-10,1513.060000
2015-07-13,1529.520000
2015-07-14,1535.650000
2015-07-15,1535.470000
2015-07-16,1542.900000
2015-07-17,1544.510000
2015-07-20,1545.660000
2015-07-21,1543.080000
2015-07-22,1542.490000
2015-07-23,1537.220000
2015-07-24,1525.520000
2015-07-27,1517.970000
2015-07-28,1534.050000
2015-07-29,1542.640000
2015-07-30,1542.710000
2015-07-31,1542.490000
2015-08-03,1539.290000
2015-08-04,1537.740000
2015-08-05,1541.870000
2015-08-06,1532.390000
2015-08-07,1529.150000
2015-08-10,1546.330000
2015-08-11,1534.570000
2015-08-12,1535.900000
2015-08-13,1535.380000
2015-08-14,1541.100000
2015-08-17,1549.180000
2015-08-18,1546.010000
2015-08-19,1534.720000
2015-08-20,1502.670000
2015-08-21,1473.970000
2015-08-24,1425.310000
2015-08-25,1413.290000
2015-08-26,1460.440000
2015-08-27,1483.900000
2015-08-28,1485.340000
2015-08-31,1480.290000
2015-09-01,1447.900000
2015-09-02,1472.310000
2015-09-03,1474.170000
2015-09-04,1455.920000
2015-09-08,1487.180000
2015-09-09,1471.860000
2015-09-10,1478.510000
2015-09-11,1486.310000
2015-09-14,1482.280000
2015-09-15,1499.050000
2015-09-16,1507.790000
2015-09-17,1512.050000
2015-09-18,1490.310000
2015-09-21,1497.690000
2015-09-22,1486.130000
2015-09-23,1486.560000
2015-09-24,1482.910000
2015-09-25,1483.260000
2015-09-28,1452.510000
2015-09-29,1455.270000
2015-09-30,1477.680000
2015-10-01,1482.300000
2015-10-02,1498.390000
2015-10-05,1514.760000
2015-10-06,1513.990000
2015-10-07,1520.350000
2015-10-08,1523.880000
2015-10-09,1525.970000
2015-10-12,1526.810000
2015-10-13,1526.210000
2015-10-14,1526.290000
2015-10-15,1527.860000
2015-10-16,1529.690000
2015-10-19,1532.840000
2015-10-20,1531.460000
2015-10-21,1526.390000
2015-10-22,1538.250000
2015-10-23,1543.780000
2015-10-26,1542.520000
2015-10-27,1541.600000
2015-10-28,1546.980000
2015-10-29,1546.940000
2015-10-30,1545.360000
2015-11-02,1550.510000
2015-11-03,1550.940000
2015-11-04,1550.170000
2015-11-05,1550.630000
2015-11-06,1551.630000
2015-11-09,1549.410000
2015-11-10,1550.940000
2015-11-11,1550.440000
2015-11-12,1545.110000
2015-11-13,1538.540000
2015-11-16,1550.290000
2015-11-17,1551.140000
2015-11-18,1554.560000
2015-11-19,1554.750000
2015-11-20,1553.940000
2015-11-23,1555.200000
2015-11-24,1556.190000
2015-11-25,1557.290000
2015-11-27,1558.090000
2015-11-30,1554.660000
2015-12-01,1563.540000
2015-12-02,1555.770000
2015-12-03,1540.210000
2015-12-04,1561.970000
2015-12-07,1556.850000
2015-12-08,1550.320000
2015-12-09,1540.240000
2015-12-10,1544.930000
2015-12-11,1517.100000
2015-12-14,1524.820000
2015-12-15,1540.760000
2015-12-16,1561.760000
2015-12-17,1541.780000
2015-12-18,1525.950000
2015-12-21,1534.860000
2015-12-22,1543.020000
2015-12-23,1551.150000
2015-12-24,1551.110000
2015-12-28,1550.590000
2015-12-29,1555.350000
2015-12-30,1553.260000
2015-12-31,1548.160000
2016-01-04,1538.360000
2016-01-05,1542.310000
2016-01-06,1531.440000
2016-01-07,1500.050000
2016-01-08,1484.540000
2016-01-11,1487.030000
2016-01-12,1499.290000
2016-01-13,1461.590000
2016-01-14,1487.240000
2016-01-15,1446.330000
2016-01-19,1450.310000
2016-01-20,1442.300000
2016-01-21,1445.800000
2016-01-22,1463.740000
2016-01-25,1453.990000
2016-01-26,1464.470000
2016-01-27,1458.480000
2016-01-28,1463.250000
2016-01-29,1476.350000
2016-02-01,1478.110000
2016-02-02,1469.340000
2016-02-03,1472.800000
2016-02-04,1474.430000
2016-02-05,1463.600000
2016-02-08,1453.100000
2016-02-09,1452.780000
2016-02-10,1455.250000
2016-02-11,1443.070000
2016-02-12,1467.320000
2016-02-16,1482.930000
2016-02-17,1487.480000
2016-02-18,1487.540000
2016-02-19,1489.310000
2016-02-22,1500.210000
2016-02-23,1492.030000
2016-02-24,1494.500000
2016-02-25,1502.910000
2016-02-26,1502.040000
2016-02-29,1498.860000
2016-03-01,1511.320000
2016-03-02,1514.000000
2016-03-03,1514.840000
2016-03-04,1515.450000
2016-03-07,1516.280000
2016-03-08,1514.580000
2016-03-09,1516.070000
2016-03-10,1516.930000
2016-03-11,1518.520000
2016-03-14,1518.930000
2016-03-15,1518.720000
2016-03-16,1519.070000
2016-03-17,1519.150000
2016-03-18,1518.970000
2016-03-21,1521.490000
2016-03-22,1521.420000
2016-03-23,1516.320000
2016-03-24,1516.550000
2016-03-28,1518.710000
2016-03-29,1527.040000
2016-03-30,1530.210000
2016-03-31,1529.060000
2016-04-01,1533.290000
2016-04-04,1532.420000
2016-04-05,1525.960000
2016-04-06,1533.910000
2016-04-07,1526.020000
2016-04-08,1530.470000
2016-04-11,1529.120000
2016-04-12,1536.690000
2016-04-13,1539.020000
2016-04-14,1539.260000
2016-04-15,1538.640000
2016-04-18,1544.690000
2016-04-19,1546.690000
2016-04-20,1547.160000
2016-04-21,1547.170000
2016-04-22,1545.640000
2016-04-25,1544.550000
2016-04-26,1545.990000
2016-04-27,1547.690000
2016-04-28,1540.490000
2016-04-29,1536.590000
2016-05-02,1545.010000
2016-05-03,1537.360000
2016-05-04,1531.620000
2016-05-05,1532.160000
2016-05-06,1537.540000
2016-05-09,1539.680000
2016-05-10,1551.870000
2016-05-11,1544.780000
2016-05-12,1545.360000
2016-05-13,1535.260000
2016-05-16,1549.160000
2016-05-17,1537.450000
2016-05-18,1537.730000
2016-05-19,1532.630000
2016-05-20,1537.580000
2016-05-23,1537.590000
2016-05-24,1547.530000
2016-05-25,1551.310000
2016-05-26,1552.090000
2016-05-27,1554.350000
2016-05-31,1554.250000
2016-06-01,1554.950000
2016-06-02,1556.710000
2016-06-03,1557.030000
2016-06-06,1558.460000
2016-06-07,1558.800000
2016-06-08,1559.510000
2016-06-09,1559.550000
2016-06-10,1557.960000
2016-06-13,1556.520000
2016-06-14,1557.750000
2016-06-15,1558.750000
2016-06-16,1560.210000
2016-06-17,1562.440000
2016-06-20,1568.530000
2016-06-21,1569.460000
2016-06-22,1565.440000
2016-06-23,1576.460000
2016-06-24,1549.020000
2016-06-27,1532.820000
2016-06-28,1556.160000
2016-06-29,1572.340000
2016-06-30,1581.250000
2016-07-01,1583.810000
2016-07-05,1581.820000
2016-07-06,1585.140000
2016-07-07,1585.740000
2016-07-08,1589.190000
2016-07-11,1589.640000
2016-07-12,1589.670000
2016-07-13,1589.950000
2016-07-14,1589.970000
2016-07-15,1591.160000
2016-07-18,1594.300000
2016-07-19,1594.130000
2016-07-20,1597.610000
2016-07-21,1594.380000
2016-07-22,1598.900000
2016-07-25,1597.120000
2016-07-26,1597.500000
2016-07-27,1597.740000
2016-07-28,1598.870000
2016-07-29,1601.460000
2016-08-01,1601.240000
2016-08-02,1595.850000
2016-08-03,1599.700000
2016-08-04,1601.100000
2016-08-05,1608.270000
2016-08-08,1608.570000
2016-08-09,1609.030000
2016-08-10,1608.080000
2016-08-11,1611.450000
2016-08-12,1611.800000
2016-08-15,1613.370000
2016-08-16,1612.360000
2016-08-17,1613.600000
2016-08-18,1614.360000
2016-08-19,1615.570000
2016-08-22,1615.880000
2016-08-23,1616.940000
2016-08-24,1612.500000
2016-08-25,1611.690000
2016-08-26,1610.920000
2016-08-29,1617.470000
2016-08-30,1616.360000
2016-08-31,1614.010000
2016-09-01,1614.070000
2016-09-02,1620.510000
2016-09-06,1623.750000
2016-09-07,1624.400000
2016-09-08,1623.360000
2016-09-09,1590.450000
2016-09-12,1613.200000
2016-09-13,1591.250000
2016-09-14,1590.330000
2016-09-15,1606.700000
2016-09-16,1603.130000
2016-09-19,1604.040000
2016-09-20,1603.980000
2016-09-21,1614.070000
2016-09-22,1618.890000
2016-09-23,1617.000000
2016-09-26,1610.050000
2016-09-27,1616.480000
2016-09-28,1620.040000
2016-09-29,1612.570000
2016-09-30,1618.920000
2016-10-03,1618.280000
2016-10-04,1616.270000
2016-10-05,1619.950000
2016-10-06,1621.410000
2016-10-07,1620.430000
2016-10-10,1624.590000
2016-10-11,1616.670000
2016-10-12,1618.550000
2016-10-13,1616.620000
2016-10-14,1619.000000
2016-10-17,1617.470000
2016-10-18,1624.740000
2016-10-19,1627.270000
2016-10-20,1628.660000
2016-10-21,1629.340000
2016-10-24,1633.670000
2016-10-25,1630.590000
2016-10-26,1629.090000
2016-10-27,1626.360000
2016-10-28,1624.290000
2016-10-31,1622.280000
2016-11-01,1615.330000
2016-11-02,1608.660000
2016-11-03,1603.300000
2016-11-04,1600.840000
2016-11-07,1625.580000
2016-11-08,1630.120000
2016-11-09,1643.050000
2016-11-10,1645.340000
2016-11-11,1646.090000
2016-11-14,1648.100000
2016-11-15,1650.170000
2016-11-16,1650.470000
2016-11-17,1650.700000
2016-11-18,1651.590000
2016-11-21,1658.130000
2016-11-22,1659.650000
2016-11-23,1660.700000
2016-11-25,1662.660000
2016-11-28,1660.990000
2016-11-29,1662.200000
2016-11-30,1660.840000
2016-12-01,1658.670000
2016-12-02,1659.500000
2016-12-05,1666.350000
2016-12-06,1668.780000
2016-12-07,1670.780000
2016-12-08,1671.010000
2016-12-09,1671.760000
2016-12-12,1671.970000
2016-12-13,1672.240000
2016-12-14,1672.060000
2016-12-15,1672.330000
2016-12-16,1671.560000
2016-12-19,1675.320000
2016-12-20,1678.410000
2016-12-21,1676.790000
2016-12-22,1675.830000
2016-12-23,1677.130000
2016-12-27,1679.900000
2016-12-28,1672.210000
2016-12-29,1671.890000
2016-12-30,1668.390000
2017-01-03,1677.940000
2017-01-04,1684.100000
2017-01-05,1684.530000
2017-01-06,1687.890000
2017-01-09,1687.420000
2017-01-10,1688.300000
2017-01-11,1690.340000
2017-01-12,1689.910000
2017-01-13,1692.180000
2017-01-17,1691.440000
2017-01-18,1693.160000
2017-01-19,1692.260000
2017-01-20,1695.470000
2017-01-23,1693.940000
2017-01-24,1699.660000
2017-01-25,1704.290000
2017-01-26,1704.420000
2017-01-27,1704.670000
2017-01-30,1700.690000
2017-01-31,1701.010000
2017-02-01,1702.010000
2017-02-02,1702.830000
2017-02-03,1708.130000
2017-02-06,1708.110000
2017-02-07,1708.890000
2017-02-08,1709.850000
2017-02-09,1711.640000
2017-02-10,1712.190000
2017-02-13,1712.460000
2017-02-14,1712.690000
2017-02-15,1712.780000
2017-02-16,1713.010000
2017-02-17,1716.280000
2017-02-21,1720.260000
2017-02-22,1719.840000
2017-02-23,1720.530000
2017-02-24,1721.960000
2017-02-27,1722.700000
2017-02-28,1721.060000
2017-03-01,1726.900000
2017-03-02,1726.440000
2017-03-03,1728.020000
2017-03-06,1728.090000
2017-03-07,1727.230000
2017-03-08,1726.810000
2017-03-09,1726.760000
2017-03-10,1728.650000
2017-03-13,1729.610000
2017-03-14,1729.100000
2017-03-15,1730.770000
2017-03-16,1731.090000
2017-03-17,1730.410000
2017-03-20,1729.820000
2017-03-21,1715.870000
2017-03-22,1718.140000
2017-03-23,1716.440000
2017-03-24,1716.650000
2017-03-27,1716.430000
2017-03-28,1726.090000
2017-03-29,1728.210000
2017-03-30,1731.730000
2017-03-31,1729.660000
2017-04-03,1728.410000
2017-04-04,1730.050000
2017-04-05,1725.480000
2017-04-06,1729.440000
2017-04-07,1728.800000
2017-04-10,1730.390000
2017-04-11,1728.760000
2017-04-12,1723.300000
2017-04-13,1712.550000
2017-04-17,1727.070000
2017-04-18,1721.940000
2017-04-19,1719.390000
2017-04-20,1732.840000
2017-04-21,1730.030000
2017-04-24,1743.090000
2017-04-25,1746.250000
2017-04-26,1746.280000
2017-04-27,1747.010000
2017-04-28,1746.140000
2017-05-01,1748.310000
2017-05-02,1748.260000
2017-05-03,1747.980000
2017-05-04,1748.640000
2017-05-05,1749.530000
2017-05-08,1751.580000
2017-05-09,1751.550000
2017-05-10,1751.890000
2017-05-11,1751.630000
2017-05-12,1752.280000
2017-05-15,1753.000000
2017-05-16,1753.160000
2017-05-17,1747.440000
2017-05-18,1752.990000
2017-05-19,1752.720000
2017-05-22,1759.030000
2017-05-23,1760.640000
2017-05-24,1762.880000
2017-05-25,1764.790000
2017-05-26,1765.390000
2017-05-30,1765.900000
2017-05-31,1765.720000
2017-06-01,1768.300000
2017-06-02,1769.350000
2017-06-05,1769.820000
2017-06-06,1769.300000
2017-06-07,1769.960000
2017-06-08,1770.660000
2017-06-09,1770.360000
2017-06-12,1770.870000
2017-06-13,1771.900000
2017-06-14,1771.950000
2017-06-15,1772.050000
2017-06-16,1774.530000
2017-06-19,1779.550000
2017-06-20,1775.600000
2017-06-21,1775.760000
2017-06-22,1776.320000
2017-06-23,1778.250000
2017-06-26,1779.680000
2017-06-27,1773.290000
2017-06-28,1780.510000
2017-06-29,1773.190000
2017-06-30,1775.680000
2017-07-03,1778.030000
2017-07-05,1780.190000
2017-07-06,1772.240000
2017-07-07,1780.020000
2017-07-10,1782.150000
2017-07-11,1782.310000
2017-07-12,1787.200000
2017-07-13,1788.170000
2017-07-14,1789.210000
2017-07-17,1789.550000
2017-07-18,1789.810000
2017-07-19,1790.140000
2017-07-20,1790.220000
2017-07-21,1791.850000
2017-07-24,1792.680000
2017-07-25,1794.330000
2017-07-26,1794.850000
2017-07-27,1794.020000
2017-07-28,1793.410000
2017-07-31,1793.760000
2017-08-01,1796.330000
2017-08-02,1796.960000
2017-08-03,1795.870000
2017-08-04,1797.930000
2017-08-07,1799.720000
2017-08-08,1797.710000
2017-08-09,1797.540000
2017-08-10,1780.670000
2017-08-11,1784.370000
2017-08-14,1797.830000
2017-08-15,1799.310000
2017-08-16,1801.810000
2017-08-17,1779.590000
2017-08-18,1773.760000
2017-08-21,1776.910000
2017-08-22,1786.000000
2017-08-23,1783.600000
2017-08-24,1782.540000
2017-08-25,1785.700000
2017-08-28,1787.190000
2017-08-29,1787.900000
2017-08-30,1790.810000
2017-08-31,1793.410000
2017-09-01,1794.420000
2017-09-05,1792.030000
2017-09-06,1794.450000
2017-09-07,1794.830000
2017-09-08,1793.950000
2017-09-11,1796.920000
2017-09-12,1797.100000
2017-09-13,1797.240000
2017-09-14,1797.400000
2017-09-15,1798.260000
2017-09-18,1800.370000
2017-09-19,1801.180000
2017-09-20,1801.890000
2017-09-21,1800.550000
2017-09-22,1800.970000
2017-09-25,1799.950000
2017-09-26,1800.730000
2017-09-27,1803.470000
2017-09-28,1805.010000
2017-09-29,1807.100000
2017-10-02,1809.460000
2017-10-03,1810.060000
2017-10-04,1810.540000
2017-10-05,1811.880000
2017-10-06,1811.880000
2017-10-09,1811.660000
2017-10-10,1812.480000
2017-10-11,1813.020000
2017-10-12,1813.200000
2017-10-13,1813.540000
2017-10-16,1813.940000
2017-10-17,1814.060000
2017-10-18,1814.310000
2017-10-19,1814.470000
2017-10-20,1815.630000
2017-10-23,1812.250000
2017-10-24,1813.230000
2017-10-25,1808.610000
2017-10-26,1809.940000
2017-10-27,1818.080000
2017-10-30,1816.170000
2017-10-31,1817.570000
2017-11-01,1818.870000
2017-11-02,1819.740000
2017-11-03,1822.490000
2017-11-06,1824.000000
2017-11-07,1823.660000
2017-11-08,1825.020000
2017-11-09,1822.760000
2017-11-10,1823.060000
2017-11-13,1825.020000
2017-11-14,1824.830000
2017-11-15,1822.060000
2017-11-16,1827.630000
2017-11-17,1827.260000
2017-11-20,1830.100000
2017-11-21,1835.460000
2017-11-22,1835.240000
2017-11-24,1837.120000
2017-11-27,1837.520000
2017-11-28,1840.770000
2017-11-29,1840.330000
2017-11-30,1841.610000
2017-12-01,1840.890000
2017-12-04,1841.470000
2017-12-05,1842.070000
2017-12-06,1842.640000
2017-12-07,1844.130000
2017-12-08,1844.970000
2017-12-11,1845.390000
2017-12-12,1845.540000
2017-12-13,1845.660000
2017-12-14,1845.620000
2017-12-15,1847.120000
2017-12-18,1849.720000
2017-12-19,1847.370000
2017-12-20,1848.070000
2017-12-21,1849.630000
2017-12-22,1849.770000
2017-12-26,1850.130000
2017-12-27,1849.880000
2017-12-28,1851.200000
2017-12-29,1849.340000
2018-01-02,1854.800000
2018-01-03,1857.060000
2018-01-04,1858.040000
2018-01-05,1858.710000
2018-01-08,1859.460000
2018-01-09,1859.610000
2018-01-10,1859.820000
2018-01-11,1860.070000
2018-01-12,1860.170000
2018-01-16,1860.310000
2018-01-17,1860.560000
2018-01-18,1860.730000
2018-01-19,1863.540000
2018-01-22,1868.430000
2018-01-23,1869.470000
2018-01-24,1868.600000
2018-01-25,1869.000000
2018-01-26,1873.530000
2018-01-29,1869.290000
2018-01-30,1863.510000
2018-01-31,1866.000000
2018-02-01,1866.330000
2018-02-02,1843.260000
2018-02-05,1772.020000
2018-02-06,1801.590000
2018-02-07,1797.160000
2018-02-08,1730.350000
2018-02-09,1757.410000
2018-02-12,1781.570000
2018-02-13,1786.740000
2018-02-14,1811.750000
2018-02-15,1833.870000
2018-02-16,1825.170000
2018-02-20,1820.570000
2018-02-21,1815.250000
2018-02-22,1818.390000
2018-02-23,1837.250000
2018-02-26,1845.090000
2018-02-27,1834.860000
2018-02-28,1825.770000
2018-03-01,1809.220000
2018-03-02,1818.730000
2018-03-05,1833.030000
2018-03-06,1837.320000
2018-03-07,1838.020000
2018-03-08,1843.500000
2018-03-09,1854.070000
2018-03-12,1854.840000
2018-03-13,1853.990000
2018-03-14,1852.780000
2018-03-15,1855.590000
2018-03-16,1854.510000
2018-03-19,1838.850000
2018-03-20,1841.060000
2018-03-21,1840.280000
2018-03-22,1801.580000
2018-03-23,1772.350000
2018-03-26,1811.380000
2018-03-27,1783.630000
2018-03-28,1780.220000
2018-03-29,1801.340000
2018-04-02,1762.540000
2018-04-03,1785.880000
2018-04-04,1805.630000
2018-04-05,1817.750000
2018-04-06,1780.720000
2018-04-09,1786.680000
2018-04-10,1814.950000
2018-04-11,1806.100000
2018-04-12,1821.540000
2018-04-13,1817.110000
2018-04-16,1832.270000
2018-04-17,1850.550000
2018-04-18,1852.580000
2018-04-19,1841.890000
2018-04-20,1840.690000
2018-04-23,1841.960000
2018-04-24,1826.250000
2018-04-25,1829.410000
2018-04-26,1842.450000
2018-04-27,1845.750000
2018-04-30,1838.220000
2018-05-01,1841.810000
2018-05-02,1833.870000
2018-05-03,1831.820000
2018-05-04,1849.510000
2018-05-07,1852.550000
2018-05-08,1855.120000
2018-05-09,1864.400000
2018-05-10,1868.790000
2018-05-11,1870.200000
2018-05-14,1871.010000
2018-05-15,1869.880000
2018-05-16,1871.700000
2018-05-17,1872.180000
2018-05-18,1871.210000
2018-05-21,1878.000000
2018-05-22,1876.700000
2018-05-23,1880.090000
2018-05-24,1879.910000
2018-05-25,1877.730000
2018-05-29,1865.050000
2018-05-30,1880.010000
2018-05-31,1874.720000
2018-06-01,1884.540000
2018-06-04,1888.300000
2018-06-05,1889.270000
2018-06-06,1891.890000
2018-06-07,1891.640000
2018-06-08,1892.820000
2018-06-11,1893.660000
2018-06-12,1894.230000
2018-06-13,1894.360000
2018-06-14,1894.880000
2018-06-15,1898.540000
2018-06-18,1897.690000
2018-06-19,1893.570000
2018-06-20,1896.330000
2018-06-21,1888.640000
2018-06-22,1891.540000
2018-06-25,1873.750000
2018-06-26,1877.700000
2018-06-27,1864.490000
2018-06-28,1874.430000
2018-06-29,1877.720000
2018-07-02,1882.210000
2018-07-03,1875.930000
2018-07-05,1889.370000
2018-07-06,1901.500000
2018-07-09,1911.290000
2018-07-10,1913.680000
2018-07-11,1909.310000
2018-07-12,1915.540000
2018-07-13,1916.860000
2018-07-16,1917.950000
2018-07-17,1919.150000
2018-07-18,1919.680000
2018-07-19,1919.900000
2018-07-20,1918.250000
2018-07-23,1921.120000
2018-07-24,1924.640000
2018-07-25,1929.720000
2018-07-26,1928.680000
2018-07-27,1925.320000
2018-07-30,1921.300000
2018-07-31,1926.630000
2018-08-01,1926.170000
2018-08-02,1930.810000
2018-08-03,1934.370000
2018-08-06,1936.750000
2018-08-07,1938.130000
2018-08-08,1938.630000
2018-08-09,1938.430000
2018-08-10,1935.420000
2018-08-13,1934.480000
2018-08-14,1939.130000
2018-08-15,1937.310000
2018-08-16,1940.610000
2018-08-17,1943.180000
2018-08-20,1945.870000
2018-08-21,1947.120000
2018-08-22,1948.060000
2018-08-23,1947.310000
2018-08-24,1951.230000
2018-08-27,1955.650000
2018-08-28,1955.790000
2018-08-29,1957.670000
2018-08-30,1955.530000
2018-08-31,1956.400000
2018-09-04,1957.320000
2018-09-05,1956.710000
2018-09-06,1955.190000
2018-09-07,1955.020000
2018-09-10,1958.220000
2018-09-11,1960.760000
2018-09-12,1961.290000
2018-09-13,1962.940000
2018-09-14,1963.310000
2018-09-17,1962.790000
2018-09-18,1964.110000
2018-09-19,1964.380000
2018-09-20,1964.750000
2018-09-21,1962.320000
2018-09-24,1959.840000
2018-09-25,1958.730000
2018-09-26,1955.830000
2018-09-27,1959.900000
2018-09-28,1960.520000
2018-10-01,1965.660000
2018-10-02,1965.730000
2018-10-03,1966.890000
2018-10-04,1955.400000
2018-10-05,1948.400000
2018-10-08,1949.440000
2018-10-09,1947.630000
2018-10-10,1886.890000
2018-10-11,1846.330000
2018-10-12,1871.340000
2018-10-15,1861.590000
2018-10-16,1901.700000
2018-10-17,1901.070000
2018-10-18,1874.380000
2018-10-19,1872.030000
2018-10-22,1869.980000
2018-10-23,1861.950000
2018-10-24,1815.250000
2018-10-25,1843.830000
2018-10-26,1816.020000
2018-10-29,1808.230000
2018-10-30,1833.240000
2018-10-31,1850.960000
2018-11-01,1868.440000
2018-11-02,1860.030000
2018-11-05,1870.550000
2018-11-06,1879.070000
2018-11-07,1904.280000
2018-11-08,1904.460000
2018-11-09,1897.630000
2018-11-12,1870.340000
2018-11-13,1868.040000
2018-11-14,1855.620000
2018-11-15,1874.680000
2018-11-16,1870.620000
2018-11-19,1854.120000
2018-11-20,1831.780000
2018-11-21,1837.460000
2018-11-23,1828.820000
2018-11-26,1853.690000
2018-11-27,1857.310100
2018-11-28,1879.480000
2018-11-29,1877.610000
2018-11-30,1882.000000
2018-12-03,1896.230000
2018-12-04,1866.250000
2018-12-06,1866.110000
2018-12-07,1834.350000
2018-12-10,1840.430100
2018-12-11,1841.630000
2018-12-12,1850.819900
2018-12-13,1851.470000
2018-12-14,1819.010000
2018-12-17,1781.960000
2018-12-18,1781.840000
2018-12-19,1754.910000
2018-12-20,1726.550000
2018-12-21,1696.380000
2018-12-24,1661.620000
2018-12-26,1716.810100
2018-12-27,1722.819900
2018-12-28,1726.680100
2018-12-31,1739.670000
2019-01-02,1747.290000
2019-01-03,1725.300000
2019-01-04,1755.770000
2019-01-07,1760.819900
2019-01-08,1764.970000
2019-01-09,1767.020000
2019-01-10,1768.740000
2019-01-11,1769.939900
2019-01-14,1770.390000
2019-01-15,1771.000000
2019-01-16,1771.240000
2019-01-17,1771.410000
2019-01-18,1771.670000
2019-01-22,1758.360000
2019-01-23,1761.080000
2019-01-24,1764.920000
2019-01-25,1773.220000
2019-01-28,1766.770000
2019-01-29,1765.670000
2019-01-30,1780.870000
2019-01-31,1787.920000
2019-02-01,1789.760000
2019-02-04,1794.750000
2019-02-05,1795.880000
2019-02-06,1796.330000
2019-02-07,1793.910000
2019-02-08,1795.720000
2019-02-11,1797.810000
2019-02-12,1799.110000
2019-02-13,1799.480000
2019-02-14,1799.680000
2019-02-15,1802.490000
2019-02-19,1805.710000
2019-02-20,1808.340000
2019-02-21,1806.350000
2019-02-22,1811.990000
2019-02-25,1813.640000
2019-02-26,1813.200000
2019-02-27,1814.050000
2019-02-28,1813.010000
2019-03-01,1818.980000
2019-03-04,1817.490000
2019-03-05,1817.980000
2019-03-06,1813.700000
2019-03-07,1806.320000
2019-03-08,1806.840000
2019-03-11,1821.910000
2019-03-12,1823.470000
2019-03-13,1826.530000
2019-03-14,1826.980000
2019-03-15,1827.340000
2019-03-18,1830.040000
2019-03-19,1829.900000
2019-03-20,1827.790000
2019-03-21,1834.130000
2019-03-22,1816.290000
2019-03-25,1817.740000
2019-03-26,1826.940000
2019-03-27,1822.950000
2019-03-28,1828.270000
2019-03-29,1835.010000
2019-04-01,1843.110000
2019-04-02,1844.150000
2019-04-03,1844.730000
2019-04-04,1846.240000
2019-04-05,1848.270000
2019-04-08,1849.250000
2019-04-09,1848.400000
2019-04-10,1849.990000
2019-04-11,1850.440000
2019-04-12,1851.170000
2019-04-15,1851.680000
2019-04-16,1851.820000
2019-04-17,1852.010000
2019-04-18,1853.540000
2019-04-22,1855.950000
2019-04-23,1861.120000
2019-04-24,1859.470000
2019-04-25,1859.750000
2019-04-26,1862.950000
2019-04-29,1864.390000
2019-04-30,1864.000000
2019-05-01,1860.590000
2019-05-02,1860.300000
2019-05-03,1866.990000
2019-05-06,1863.930000
2019-05-07,1846.020000
2019-05-08,1845.400000
2019-05-09,1843.480000
2019-05-10,1855.070000
2019-05-13,1819.110000
2019-05-14,1834.230000
2019-05-15,1846.140000
2019-05-16,1861.870000
2019-05-17,1840.280000
2019-05-20,1834.340000
2019-05-21,1845.800000
2019-05-22,1844.130000
2019-05-23,1828.340000
2019-05-24,1832.180000
2019-05-28,1821.010000
2019-05-29,1811.490000
2019-05-30,1815.340000
2019-05-31,1794.190000
2019-06-03,1789.040000
2019-06-04,1825.260000
2019-06-05,1838.750000
2019-06-06,1847.400000
2019-06-07,1859.540000
2019-06-10,1864.190000
2019-06-11,1865.030000
2019-06-12,1865.180000
2019-06-13,1869.950000
2019-06-14,1870.980000
2019-06-17,1873.540000
2019-06-18,1878.270000
2019-06-19,1880.910000
2019-06-20,1881.500000
2019-06-21,1878.420000
2019-06-24,1878.890000
2019-06-25,1868.990000
2019-06-26,1869.020000
2019-06-27,1873.380000
2019-06-28,1879.810000
2019-07-01,1892.210000
2019-07-02,1896.570000
2019-07-03,1900.800000
2019-07-05,1901.500000
2019-07-08,1900.450000
2019-07-09,1901.480000
2019-07-10,1904.260000
2019-07-11,1905.260000
2019-07-12,1906.370000
2019-07-15,1907.130000
2019-07-16,1907.330000
2019-07-17,1907.240000
2019-07-18,1908.060000
2019-07-19,1902.320000
2019-07-22,1907.440000
2019-07-23,1914.450000
2019-07-24,1918.380000
2019-07-25,1914.730000
2019-07-26,1920.510000
2019-07-29,1920.500000
2019-07-30,1917.360000
2019-07-31,1906.700000
2019-08-01,1894.870000
2019-08-02,1886.470000
2019-08-05,1834.750000
2019-08-06,1858.840000
2019-08-07,1860.610000
2019-08-08,1894.390000
2019-08-09,1883.280000
2019-08-12,1861.500000
2019-08-13,1889.110000
2019-08-14,1834.360000
2019-08-15,1837.490000
2019-08-16,1855.510000
2019-08-19,1869.000000
2019-08-20,1863.220000
2019-08-21,1871.490000
2019-08-22,1870.670000
2019-08-23,1843.940000
2019-08-26,1857.960000
2019-08-27,1854.410000
2019-08-28,1862.650000
2019-08-29,1873.680000
2019-08-30,1873.580000
2019-09-03,1871.770000
2019-09-04,1881.820000
2019-09-05,1889.790000
2019-09-06,1891.270000
2019-09-09,1893.070000
2019-09-10,1893.860000
2019-09-11,1895.350000
2019-09-12,1895.840000
2019-09-13,1896.300000
2019-09-16,1896.760000
2019-09-17,1897.180000
2019-09-18,1897.430000
2019-09-19,1897.740000
2019-09-20,1889.590000
2019-09-23,1892.450000
2019-09-24,1881.710000
2019-09-25,1890.500000
2019-09-26,1888.170000
2019-09-27,1880.950000
2019-09-30,1890.450000
2019-10-01,1873.100000
2019-10-02,1843.120000
2019-10-03,1857.410000
2019-10-04,1881.160000
2019-10-07,1875.160000
2019-10-08,1848.350000
2019-10-09,1864.390000
2019-10-10,1876.130000
2019-10-11,1893.580000
2019-10-14,1895.660000
2019-10-15,1911.330000
2019-10-16,1910.560000
2019-10-17,1916.030000
2019-10-18,1913.980000
2019-10-21,1921.950000
2019-10-22,1919.390000
2019-10-23,1922.830000
2019-10-24,1925.630000
2019-10-25,1929.890000
2019-10-28,1933.440000
2019-10-29,1933.050000
2019-10-30,1936.040000
2019-10-31,1934.550000
2019-11-01,1938.940000
2019-11-04,1940.470000
2019-11-05,1940.800000
2019-11-06,1941.730000
2019-11-07,1942.270000
2019-11-08,1942.850000
2019-11-11,1943.230000
2019-11-12,1943.410000
2019-11-13,1943.510000
2019-11-14,1943.690000
2019-11-15,1945.750000
2019-11-18,1947.010000
2019-11-19,1946.810000
2019-11-20,1944.650000
2019-11-21,1942.830000
2019-11-22,1945.700000
2019-11-25,1953.720000
2019-11-26,1955.930000
2019-11-27,1958.390000
2019-11-29,1956.280000
2019-12-02,1948.960000
2019-12-03,1941.880000
2019-12-04,1948.780000
2019-12-05,1951.900000
2019-12-06,1959.560000
2019-12-09,1957.600000
2019-12-10,1957.780000
2019-12-11,1960.900000
2019-12-12,1965.680000
2019-12-13,1967.660000
2019-12-16,1969.980000
2019-12-17,1970.650000
2019-12-18,1970.940000
2019-12-19,1971.090000
2019-12-20,1970.160000
2019-12-23,1971.780000
2019-12-24,1972.260000
2019-12-26,1976.520000
2019-12-27,1974.840000
2019-12-30,1970.580000
2019-12-31,1974.620000
2020-01-02,1982.530000
2020-01-03,1976.640000
2020-01-06,1981.440000
2020-01-07,1980.880000
2020-01-08,1983.930000
2020-01-09,1987.920000
2020-01-10,1987.850000
2020-01-13,1990.620000
2020-01-14,1990.710000
2020-01-15,1991.200000
2020-01-16,1991.420000
2020-01-17,1993.370000
2020-01-21,1990.710000
2020-01-22,1991.860000
2020-01-23,1992.860000
2020-01-24,1982.390000
2020-01-27,1960.250000
2020-01-28,1975.750000
2020-01-29,1974.440000
2020-01-30,1980.600000
2020-01-31,1953.180000
2020-02-03,1966.480000
2020-02-04,1988.240000
2020-02-05,2000.850000
2020-02-06,2004.520000
2020-02-07,2000.440000
2020-02-10,2007.880000
2020-02-11,2009.550000
2020-02-12,2014.100000
2020-02-13,2013.790000
2020-02-14,2015.460000
2020-02-18,2016.580000
2020-02-19,2017.900000
2020-02-20,2018.140000
2020-02-21,2015.210000
2020-02-24,1969.050000
2020-02-25,1916.490000
2020-02-26,1908.780000
2020-02-27,1824.920000
2020-02-28,1808.960000
2020-03-02,1894.790000
2020-03-03,1840.130000
2020-03-04,1917.040000
2020-03-05,1853.790000
2020-03-06,1821.360000
2020-03-09,1679.880000
2020-03-10,1767.470000
2020-03-11,1680.580000
2020-03-12,1515.210000
2020-03-13,1658.430000
2020-03-16,1468.310000
2020-03-17,1553.940000
2020-03-18,1478.070000
2020-03-19,1480.370000
2020-03-20,1455.370000
2020-03-23,1434.380000
2020-03-24,1513.740000
2020-03-25,1514.260000
2020-03-26,1548.980000
2020-03-27,1533.910000
2020-03-30,1565.310000
2020-03-31,1566.260000
2020-04-01,1539.940000
2020-04-02,1562.380000
2020-04-03,1562.080000
2020-04-06,1592.410000
2020-04-07,1593.940000
2020-04-08,1603.530000
2020-04-09,1606.720000
2020-04-13,1608.830000
2020-04-14,1609.190000
2020-04-15,1609.340000
2020-04-16,1609.490000
2020-04-17,1619.940000
2020-04-20,1603.820000
2020-04-21,1575.880000
2020-04-22,1602.800000
2020-04-23,1605.400000
2020-04-24,1625.360000
2020-04-27,1640.750000
2020-04-28,1637.480000
2020-04-29,1653.930000
2020-04-30,1648.180000
2020-05-01,1630.390000
2020-05-04,1639.380000
2020-05-05,1648.480000
2020-05-06,1645.740000
2020-05-07,1657.460000
2020-05-08,1669.390000
2020-05-11,1672.420000
2020-05-12,1665.020000
2020-05-13,1655.200000
2020-05-14,1671.820000
2020-05-15,1680.840000
2020-05-18,1702.110000
2020-05-19,1695.990000
2020-05-20,1707.790000
2020-05-21,1703.970000
2020-05-22,1707.040000
2020-05-26,1714.410000
2020-05-27,1719.410000
2020-05-28,1718.220000
2020-05-29,1721.440000
2020-06-01,1723.540000
2020-06-02,1726.360000
2020-06-03,1729.560000
2020-06-04,1729.740000
2020-06-05,1731.710000
2020-06-08,1732.170000
2020-06-09,1731.920000
2020-06-10,1732.120000
2020-06-11,1719.490000
2020-06-12,1727.890000
2020-06-15,1731.750000
2020-06-16,1732.970000
2020-06-17,1733.230000
2020-06-18,1733.330000
2020-06-19,1721.810000
2020-06-22,1732.290000
2020-06-23,1737.080000
2020-06-24,1711.520000
2020-06-25,1726.430000
2020-06-26,1698.820000
2020-06-29,1722.410000
2020-06-30,1739.400000
2020-07-01,1747.450000
2020-07-02,1756.600000
2020-07-06,1766.660000
2020-07-07,1760.710000
2020-07-08,1768.440000
2020-07-09,1765.880000
2020-07-10,1775.600000
2020-07-13,1769.440000
2020-07-14,1778.680000
2020-07-15,1783.070000
2020-07-16,1783.990000
2020-07-17,1787.130000
2020-07-20,1796.880000
2020-07-21,1797.080000
2020-07-22,1802.820000
2020-07-23,1793.500000
2020-07-24,1791.250000
2020-07-27,1800.000000
2020-07-28,1795.560000
2020-07-29,1806.650000
2020-07-30,1803.010000
2020-07-31,1810.740000
2020-08-03,1815.870000
2020-08-04,1818.840000
2020-08-05,1822.700000
2020-08-06,1825.670000
2020-08-07,1826.760000
2020-08-10,1828.740000
2020-08-11,1825.670000
2020-08-12,1830.720000
2020-08-13,1831.330000
2020-08-14,1832.370000
2020-08-17,1833.180000
2020-08-18,1833.300000
2020-08-19,1833.230000
2020-08-20,1833.570000
2020-08-21,1837.280000
2020-08-24,1845.330000
2020-08-25,1847.850000
2020-08-26,1851.000000
2020-08-27,1851.370000
2020-08-28,1856.700000
2020-08-31,1847.360000
2020-09-01,1857.860000
2020-09-02,1861.070000
2020-09-03,1842.540000
2020-09-04,1840.950000
2020-09-08,1819.950000
2020-09-09,1841.860000
2020-09-10,1826.840000
2020-09-11,1831.350000
2020-09-14,1850.810000
2020-09-15,1858.070000
2020-09-16,1858.690000
2020-09-17,1851.850000
2020-09-18,1848.530000
2020-09-21,1836.680000
2020-09-22,1848.980000
2020-09-23,1822.470000
2020-09-24,1827.000000
2020-09-25,1848.170000
2020-09-28,1863.490000
2020-09-29,1859.200000
2020-09-30,1867.030000
2020-10-01,1871.790000
2020-10-02,1867.240000
2020-10-05,1882.140000
2020-10-06,1874.240000
2020-10-07,1887.450000
2020-10-08,1893.030000
2020-10-09,1896.010000
2020-10-12,1897.060000
2020-10-13,1897.340000
2020-10-14,1897.360000
2020-10-15,1897.640000
2020-10-16,1892.410000
2020-10-19,1877.060000
2020-10-20,1881.890000
2020-10-21,1881.370000
2020-10-22,1887.990000
2020-10-23,1893.240000
2020-10-26,1868.070000
2020-10-27,1864.650000
2020-10-28,1811.580000
2020-10-29,1830.300000
2020-10-30,1812.090000
2020-11-02,1834.200000
2020-11-03,1860.640000
2020-11-04,1894.840000
2020-11-05,1917.320000
2020-11-06,1922.880000
2020-11-09,1932.570000
2020-11-10,1935.650000
2020-11-11,1943.210000
2020-11-12,1937.310000
2020-11-13,1947.600000
2020-11-16,1953.230000
2020-11-17,1953.450000
2020-11-18,1952.760000
2020-11-19,1954.680000
2020-11-20,1948.670000
2020-11-23,1957.680000
2020-11-24,1970.840000
2020-11-25,1970.840000
2020-11-27,1973.220000
2020-11-30,1972.700000
2020-12-01,1979.300000
2020-12-02,1980.480000
2020-12-03,1981.320000
2020-12-04,1986.770000
2020-12-07,1987.930000
2020-12-08,1989.720000
2020-12-09,1987.660000
2020-12-10,1988.530000
2020-12-11,1988.250000
2020-12-14,1988.430000
2020-12-15,1992.780000
2020-12-16,1993.880000
2020-12-17,1994.180000
2020-12-18,2000.410000
2020-12-21,1992.210000
2020-12-22,1992.950000
2020-12-23,1996.780000
2020-12-24,2003.320000
2020-12-28,2012.410000
2020-12-29,2010.490000
2020-12-30,2012.630000
2020-12-31,2016.700000
2021-01-04,2006.250000
2021-01-05,2013.870000
2021-01-06,2017.800000
2021-01-07,2030.310000
2021-01-08,2032.540000
2021-01-11,2031.830000
2021-01-12,2034.090000
2021-01-13,2035.500000
2021-01-14,2035.840000
2021-01-15,2035.440000
2021-01-19,2044.290000
2021-01-20,2056.090000
2021-01-21,2057.260000
2021-01-22,2056.100000
2021-01-25,2058.330000
2021-01-26,2057.440000
2021-01-27,2027.740000
2021-01-28,2039.590000
2021-01-29,2021.540000
2021-02-01,2043.100000
2021-02-02,2058.830000
2021-02-03,2063.290000
2021-02-04,2071.380000
2021-02-05,2075.070000
2021-02-08,2077.820000
2021-02-09,2078.020000
2021-02-10,2077.830000
2021-02-11,2079.190000
2021-02-12,2081.350000
2021-02-16,2079.520000
2021-02-17,2081.970000
2021-02-18,2082.240000
2021-02-19,2076.250000
2021-02-22,2067.970000
2021-02-23,2070.130000
2021-02-24,2084.770000
2021-02-25,2044.940000
2021-02-26,2050.230000
2021-03-01,2081.000000
2021-03-02,2070.900000
2021-03-03,2051.570000
2021-03-04,2030.370000
2021-03-05,2062.530000
2021-03-08,2054.710000
2021-03-09,2077.550000
2021-03-10,2089.110000
2021-03-11,2101.780000
2021-03-12,2106.800000
2021-03-15,2113.420000
2021-03-16,2113.480000
2021-03-17,2117.130000
2021-03-18,2110.540000
2021-03-19,2112.350000
2021-03-22,2124.710000
2021-03-23,2115.990000
2021-03-24,2111.260000
2021-03-25,2119.160000
2021-03-26,2132.880000
2021-03-29,2131.240000
2021-03-30,2133.030000
2021-03-31,2137.620000
2021-04-01,2143.590000
2021-04-05,2147.340000
2021-04-06,2147.700000
2021-04-07,2148.890000
2021-04-08,2149.800000
2021-04-09,2150.580000
2021-04-12,2150.900000
2021-04-13,2150.930000
2021-04-14,2150.890000
2021-04-15,2151.050000
2021-04-16,2152.370000
2021-04-19,2147.800000
2021-04-20,2138.060000
2021-04-21,2149.970000
2021-04-22,2139.160000
2021-04-23,2154.040000
2021-04-26,2156.920000
2021-04-27,2157.600000
2021-04-28,2159.020000
2021-04-29,2163.920000
2021-04-30,2158.890000
2021-05-03,2163.170000
2021-05-04,2157.200000
2021-05-05,2158.090000
2021-05-06,2167.750000
2021-05-07,2174.850000
2021-05-10,2167.130000
2021-05-11,2156.530000
2021-05-12,2121.810000
2021-05-13,2144.640000
2021-05-14,2169.840000
2021-05-17,2169.580000
2021-05-18,2158.270000
2021-05-19,2154.820000
2021-05-20,2175.790000
2021-05-21,2182.810000
2021-05-24,2197.340000
2021-05-25,2195.690000
2021-05-26,2200.240000
2021-05-27,2203.200000
2021-05-28,2205.500000
2021-06-01,2204.990000
2021-06-02,2208.800000
2021-06-03,2205.290000
2021-06-04,2214.560000
2021-06-07,2216.320000
2021-06-08,2215.930000
2021-06-09,2214.590000
2021-06-10,2220.400000
2021-06-11,2221.950000
2021-06-14,2223.050000
2021-06-15,2222.670000
2021-06-16,2220.780000
2021-06-17,2224.380000
2021-06-18,2219.980000
2021-06-21,2238.120000
2021-06-22,2244.110000
2021-06-23,2245.000000
2021-06-24,2248.440000
2021-06-25,2251.550000
2021-06-28,2253.070000
2021-06-29,2253.340000
2021-06-30,2254.160000
2021-07-01,2256.240000
2021-07-02,2257.950000
2021-07-06,2257.900000
2021-07-07,2258.900000
2021-07-08,2256.520000
2021-07-09,2259.740000
2021-07-12,2260.600000
2021-07-13,2260.480000
2021-07-14,2260.800000
2021-07-15,2259.800000
2021-07-16,2254.480000
2021-07-19,2233.650000
2021-07-20,2254.110000
2021-07-21,2265.900000
2021-07-22,2268.430000
2021-07-23,2277.290000
2021-07-26,2279.750000
2021-07-27,2275.920000
2021-07-28,2277.560000
2021-07-29,2282.130000
2021-07-30,2278.460000
2021-08-02,2277.690000
2021-08-03,2286.230000
2021-08-04,2283.800000
2021-08-05,2288.660000
2021-08-06,2291.990000
2021-08-09,2292.840000
2021-08-10,2293.710000
2021-08-11,2295.910000
2021-08-12,2297.020000
2021-08-13,2298.060000
2021-08-16,2298.420000
2021-08-17,2297.880000
2021-08-18,2294.490000
2021-08-19,2298.370000
2021-08-20,2303.330000
2021-08-23,2314.370000
2021-08-24,2316.030000
2021-08-25,2318.570000
2021-08-26,2312.530000
2021-08-27,2322.270000
2021-08-30,2325.740000
2021-08-31,2325.110000
2021-09-01,2326.250000
2021-09-02,2327.330000
2021-09-03,2328.710000
2021-09-07,2328.280000
2021-09-08,2328.990000
2021-09-09,2326.890000
2021-09-10,2320.450000
2021-09-13,2327.090000
2021-09-14,2326.400000
2021-09-15,2333.140000
2021-09-16,2334.300000
2021-09-17,2332.900000
2021-09-20,2308.380000
2021-09-21,2308.650000
2021-09-22,2326.920000
2021-09-23,2344.450000
2021-09-24,2348.760000
2021-09-27,2347.650000
2021-09-28,2314.350000
2021-09-29,2318.690000
2021-09-30,2296.170000
2021-10-01,2320.540000
2021-10-04,2296.930000
2021-10-05,2317.750000
2021-10-06,2327.110000
2021-10-07,2343.510000
2021-10-08,2343.760000
2021-10-11,2330.580000
2021-10-12,2326.150000
2021-10-13,2334.580000
2021-10-14,2370.430000
2021-10-15,2376.600000
2021-10-18,2380.830000
2021-10-19,2388.430000
2021-10-20,2391.620000
2021-10-21,2394.410000
2021-10-22,2393.410000
2021-10-25,2398.100000
2021-10-26,2397.590000
2021-10-27,2393.760000
2021-10-28,2400.440000
2021-10-29,2401.200000
2021-11-01,2403.750000
2021-11-02,2405.920000
2021-11-03,2408.740000
2021-11-04,2409.870000
2021-11-05,2410.390000
2021-11-08,2411.300000
2021-11-09,2411.110000
2021-11-10,2410.390000
2021-11-11,2411.900000
2021-11-12,2413.310000
2021-11-15,2413.730000
2021-11-16,2413.750000
2021-11-17,2413.870000
2021-11-18,2413.960000
2021-11-19,2411.130000
2021-11-22,2407.780000
2021-11-23,2411.170000
2021-11-24,2414.560000
2021-11-26,2374.900000
2021-11-29,2401.210000
2021-11-30,2368.660000
2021-12-01,2340.980000
2021-12-02,2372.860000
2021-12-03,2357.210000
2021-12-06,2383.660000
2021-12-07,2419.580000
2021-12-08,2426.430000
2021-12-09,2417.320000
2021-12-10,2433.470000
2021-12-13,2423.320000
2021-12-14,2411.970000
2021-12-15,2439.090000
2021-12-16,2429.690000
2021-12-17,2410.350000
2021-12-20,2396.420000
2021-12-21,2421.180000
2021-12-22,2436.080000
2021-12-23,2443.490000
2021-12-27,2454.740000
2021-12-28,2455.250000
2021-12-29,2457.540000
2021-12-30,2456.500000
2021-12-31,2456.080000
2022-01-03,2461.140000
2022-01-04,2461.330000
2022-01-05,2447.020000
2022-01-06,2447.600000
2022-01-07,2447.850000
2022-01-10,2449.260000
2022-01-11,2457.000000
2022-01-12,2461.200000
2022-01-13,2448.690000
2022-01-14,2453.630000
2022-01-18,2429.110000
2022-01-19,2408.210000
2022-01-20,2380.830000
2022-01-21,2350.630000
2022-01-24,2354.970000
2022-01-25,2342.720000
2022-01-26,2336.680000
2022-01-27,2332.270000
2022-01-28,2371.600000
2022-01-31,2397.860000
2022-02-01,2409.980000
2022-02-02,2418.370000
2022-02-03,2393.400000
2022-02-04,2404.000000
2022-02-07,2405.230000
2022-02-08,2415.830000
2022-02-09,2427.540000
2022-02-10,2412.380000
2022-02-11,2386.970000
2022-02-14,2387.340000
2022-02-15,2416.670000
2022-02-16,2424.080000
2022-02-17,2385.280000
2022-02-18,2387.560000
2022-02-22,2377.770000
2022-02-23,2352.310000
2022-02-24,2376.800000
2022-02-25,2406.170000
2022-02-28,2402.780000
2022-03-01,2379.720000
2022-03-02,2407.760000
2022-03-03,2404.270000
2022-03-04,2395.670000
2022-03-07,2351.710000
2022-03-08,2339.790000
2022-03-09,2389.220000
2022-03-10,2386.910000
2022-03-11,2362.190000
2022-03-14,2349.610000
2022-03-15,2396.390000
2022-03-16,2440.900000
2022-03-17,2456.600000
2022-03-18,2467.600000
2022-03-21,2471.660000
2022-03-22,2482.430000
2022-03-23,2472.000000
2022-03-24,2486.500000
2022-03-25,2492.420000
2022-03-28,2499.990000
2022-03-29,2505.230000
2022-03-30,2504.230000
2022-03-31,2498.240000
2022-04-01,2504.310000
2022-04-04,2509.280000
2022-04-05,2504.130000
2022-04-06,2500.020000
2022-04-07,2504.580000
2022-04-08,2506.080000
2022-04-11,2495.130000
2022-04-12,2495.840000
2022-04-13,2511.650000
2022-04-14,2501.320000
2022-04-18,2505.230000
2022-04-19,2525.140000
2022-04-20,2526.600000
2022-04-21,2506.940000
2022-04-22,2460.020000
2022-04-25,2473.240000
2022-04-26,2414.570000
2022-04-27,2421.890000
2022-04-28,2471.160000
2022-04-29,2393.800000
2022-05-02,2409.000000
2022-05-03,2420.010000
2022-05-04,2484.780000
2022-05-05,2407.160000
2022-05-06,2394.310000
2022-05-09,2318.920000
2022-05-10,2324.120000
2022-05-11,2287.810000
2022-05-12,2283.470000
2022-05-13,2338.590000
2022-05-16,2332.010000
2022-05-17,2377.300000
2022-05-18,2283.720000
2022-05-19,2267.550000
2022-05-20,2297.780000
2022-05-23,2318.440000
2022-05-24,2312.070000
2022-05-25,2322.600000
2022-05-26,2338.610000
2022-05-27,2351.200000
2022-05-31,2351.170000
2022-06-01,2351.120000
2022-06-02,2357.770000
2022-06-03,2355.130000
2022-06-06,2358.040000
2022-06-07,2361.280000
2022-06-08,2360.950000
2022-06-09,2352.700000
2022-06-10,2332.710000
2022-06-13,2274.920000
2022-06-14,2271.390000
2022-06-15,2304.590000
2022-06-16,2237.960000
2022-06-17,2234.400000
2022-06-21,2260.090000
2022-06-22,2261.700000
2022-06-23,2269.010000
2022-06-24,2284.610000
2022-06-27,2287.140000
2022-06-28,2279.620000
2022-06-29,2280.570000
2022-06-30,2277.290000
2022-07-01,2286.340000
2022-07-05,2289.350000
2022-07-06,2292.440000
2022-07-07,2296.350000
2022-07-08,2297.810000
2022-07-11,2298.390000
2022-07-12,2297.250000
2022-07-13,2298.860000
2022-07-14,2299.440000
2022-07-15,2301.750000
2022-07-18,2293.910000
2022-07-19,2319.070000
2022-07-20,2325.910000
2022-07-21,2335.510000
2022-07-22,2331.710000
2022-07-25,2335.060000
2022-07-26,2324.830000
2022-07-27,2344.270000
2022-07-28,2350.740000
2022-07-29,2356.100000
2022-08-01,2355.570000
2022-08-02,2353.860000
2022-08-03,2359.070000
2022-08-04,2359.820000
2022-08-05,2360.560000
2022-08-08,2361.420000
2022-08-09,2361.370000
2022-08-10,2362.900000
2022-08-11,2363.070000
2022-08-12,2363.460000
2022-08-15,2363.800000
2022-08-16,2363.900000
2022-08-17,2364.020000
2022-08-18,2364.120000
2022-08-19,2364.720000
2022-08-22,2336.330000
2022-08-23,2333.340000
2022-08-24,2341.140000
2022-08-25,2362.370000
2022-08-26,2305.720000
2022-08-29,2293.570000
2022-08-30,2271.540000
2022-08-31,2255.350000
2022-09-01,2263.550000
2022-09-02,2239.960000
2022-09-06,2232.490000
2022-09-07,2272.060000
2022-09-08,2286.500000
2022-09-09,2321.780000
2022-09-12,2344.940000
2022-09-13,2245.690000
2022-09-14,2254.270000
2022-09-15,2228.850000
2022-09-16,2219.940000
2022-09-19,2230.210000
2022-09-20,2218.310000
2022-09-21,2198.130000
2022-09-22,2191.080000
2022-09-23,2166.470000
2022-09-26,2150.570000
2022-09-27,2147.530000
2022-09-28,2180.670000
2022-09-29,2148.310000
2022-09-30,2122.150000
2022-10-03,2170.720000
2022-10-04,2217.310000
2022-10-05,2216.980000
2022-10-06,2201.550000
2022-10-07,2156.020000
2022-10-10,2141.400000
2022-10-11,2129.060000
2022-10-12,2122.810000
2022-10-13,2175.260000
2022-10-14,2130.960000
2022-10-17,2183.680000
2022-10-18,2209.510000
2022-10-19,2196.190000
2022-10-20,2177.640000
2022-10-21,2183.560000
2022-10-24,2195.100000
2022-10-25,2207.780000
2022-10-26,2206.390000
2022-10-27,2204.940000
2022-10-28,2218.470000
2022-10-31,2218.930000
2022-11-01,2218.270000
2022-11-02,2206.110000
2022-11-03,2200.670000
2022-11-04,2213.590000
2022-11-07,2222.670000
2022-11-08,2224.810000
2022-11-09,2215.020000
2022-11-10,2234.760000
2022-11-11,2235.740000
2022-11-14,2236.600000
2022-11-15,2236.890000
2022-11-16,2237.230000
2022-11-17,2237.460000
2022-11-18,2240.870000
2022-11-21,2241.580000
2022-11-22,2256.610000
2022-11-23,2264.000000
2022-11-25,2265.870000
2022-11-28,2252.440000
2022-11-29,2251.400000
2022-11-30,2277.800000
2022-12-01,2278.530000
2022-12-02,2280.250000
2022-12-05,2269.180000
2022-12-06,2253.420000
2022-12-07,2252.090000
2022-12-08,2262.360000
2022-12-09,2256.020000
2022-12-12,2268.940000
2022-12-13,2285.340000
2022-12-14,2290.490000
2022-12-15,2265.720000
2022-12-16,2255.090000
2022-12-19,2249.590000
2022-12-20,2252.960000
2022-12-21,2270.980000
2022-12-22,2254.420000
2022-12-23,2262.980000
2022-12-27,2261.720000
2022-12-28,2246.370000
2022-12-29,2269.070000
2022-12-30,2267.980000
2023-01-03,2266.150000
2023-01-04,2277.330000
2023-01-05,2264.420000
2023-01-06,2292.180000
2023-01-09,2293.910000
2023-01-10,2301.170000
2023-01-11,2306.740000
2023-01-12,2313.460000
2023-01-13,2314.950000
2023-01-17,2316.690000
2023-01-18,2316.630000
2023-01-19,2317.330000
2023-01-20,2325.790000
2023-01-23,2336.310000
2023-01-24,2336.860000
2023-01-25,2338.520000
2023-01-26,2345.170000
2023-01-27,2347.770000
2023-01-30,2341.060000
2023-01-31,2349.590000
2023-02-01,2355.390000
2023-02-02,2358.360000
2023-02-03,2358.030000
2023-02-06,2358.450000
2023-02-07,2361.570000
2023-02-08,2360.630000
2023-02-09,2358.430000
2023-02-10,2360.970000
2023-02-13,2364.180000
2023-02-14,2365.300000
2023-02-15,2365.780000
2023-02-16,2365.830000
2023-02-17,2373.580000
2023-02-21,2351.020000
2023-02-22,2351.750000
2023-02-23,2361.240000
2023-02-24,2346.740000
2023-02-27,2355.100000
2023-02-28,2350.820000
2023-03-01,2345.100000
2023-03-02,2358.800000
2023-03-03,2383.870000
2023-03-06,2387.240000
2023-03-07,2365.970000
2023-03-08,2370.410000
2023-03-09,2333.880000
2023-03-10,2303.290000
2023-03-13,2301.170000
2023-03-14,2339.110000
2023-03-15,2326.410000
2023-03-16,2364.800000
2023-03-17,2363.440000
2023-03-20,2378.030000
2023-03-21,2394.220000
2023-03-22,2379.940000
2023-03-23,2381.190000
2023-03-24,2390.910000
2023-03-27,2398.030000
2023-03-28,2399.400000
2023-03-29,2410.930000
2023-03-30,2414.980000
2023-03-31,2421.180000
2023-04-03,2425.740000
2023-04-04,2425.320000
2023-04-05,2425.980000
2023-04-06,2428.320000
2023-04-10,2430.960000
2023-04-11,2431.590000
2023-04-12,2432.160000
2023-04-13,2433.840000
2023-04-14,2434.540000
2023-04-17,2435.710000
2023-04-18,2436.060000
2023-04-19,2436.460000
2023-04-20,2436.880000
2023-04-21,2439.600000
2023-04-24,2443.430000
2023-04-25,2422.320000
2023-04-26,2419.260000
2023-04-27,2445.480000
2023-04-28,2455.200000
2023-05-01,2457.310000
2023-05-02,2445.000000
2023-05-03,2437.850000
2023-05-04,2427.860000
2023-05-05,2455.700000
2023-05-08,2460.860000
2023-05-09,2457.050000
2023-05-10,2464.610000
2023-05-11,2465.230000
2023-05-12,2466.030000
2023-05-15,2473.540000
2023-05-16,2467.740000
2023-05-17,2478.830000
2023-05-18,2480.420000
2023-05-19,2482.350000
2023-05-22,2484.580000
2023-05-23,2469.360000
2023-05-24,2457.300000
2023-05-25,2471.680000
2023-05-26,2489.910000
2023-05-30,2494.850000
2023-05-31,2490.670000
2023-06-01,2504.480000
2023-06-02,2516.370000
2023-06-05,2517.910000
2023-06-06,2520.370000
2023-06-07,2520.500000
2023-06-08,2523.240000
2023-06-09,2524.710000
2023-06-12,2526.870000
2023-06-13,2527.970000
2023-06-14,2528.770000
2023-06-15,2529.270000
2023-06-16,2527.320000
2023-06-20,2523.820000
2023-06-21,2518.960000
2023-06-22,2525.640000
2023-06-23,2514.810000
2023-06-26,2508.680000
2023-06-27,2528.870000
2023-06-28,2530.290000
2023-06-29,2536.620000
2023-06-30,2552.280000
2023-07-03,2553.850000
2023-07-05,2553.280000
2023-07-06,2544.230000
2023-07-07,2543.930000
2023-07-10,2548.700000
2023-07-11,2557.470000
2023-07-12,2565.960000
2023-07-13,2570.160000
2023-07-14,2571.350000
2023-07-17,2573.620000
2023-07-18,2574.310000
2023-07-19,2574.820000
2023-07-20,2575.250000
2023-07-21,2572.360000
2023-07-24,2579.060000
2023-07-25,2581.590000
2023-07-26,2584.700000
2023-07-27,2576.870000
2023-07-28,2588.550000
2023-07-31,2592.870000
2023-08-01,2590.630000
2023-08-02,2573.660000
2023-08-03,2569.080000
2023-08-04,2563.790000
2023-08-07,2582.150000
2023-08-08,2575.820000
2023-08-09,2563.880000
2023-08-10,2565.380000
2023-08-11,2565.040000
2023-08-14,2579.910000
2023-08-15,2553.100000
2023-08-16,2533.920000
2023-08-17,2514.500000
2023-08-18,2496.020000
2023-08-21,2505.140000
2023-08-22,2504.720000
2023-08-23,2515.220000
2023-08-24,2504.920000
2023-08-25,2514.010000
2023-08-28,2521.640000
2023-08-29,2528.850000
2023-08-30,2531.150000
2023-08-31,2532.050000
2023-09-01,2533.330000
2023-09-05,2534.710000
2023-09-06,2534.300000
2023-09-07,2534.670000
2023-09-08,2536.450000
2023-09-11,2538.840000
2023-09-12,2539.000000
2023-09-13,2539.980000
2023-09-14,2540.420000
2023-09-15,2536.320000
2023-09-18,2538.590000
2023-09-19,2536.800000
2023-09-20,2523.800000
2023-09-21,2493.800000
2023-09-22,2489.630000
2023-09-25,2500.560000
2023-09-26,2469.630000
2023-09-27,2469.750000
2023-09-28,2483.200000
2023-09-29,2479.180000
2023-10-02,2480.350000
2023-10-03,2449.100000
2023-10-04,2465.530000
2023-10-05,2464.350000
2023-10-06,2491.610000
2023-10-09,2508.070000
2023-10-10,2520.650000
2023-10-11,2531.460000
2023-10-12,2518.050000
2023-10-13,2506.210000
2023-10-16,2532.260000
2023-10-17,2532.820000
2023-10-18,2499.570000
2023-10-19,2477.160000
2023-10-20,2473.860000
2023-10-23,2476.260000
2023-10-24,2487.350000
2023-10-25,2470.340000
2023-10-26,2452.730000
2023-10-27,2446.010000
2023-10-30,2469.720000
2023-10-31,2482.460000
2023-11-01,2499.350000
2023-11-02,2517.470000
2023-11-03,2523.320000
2023-11-06,2526.570000
2023-11-07,2528.050000
2023-11-08,2529.320000
2023-11-09,2528.320000
2023-11-10,2531.330000
2023-11-13,2532.750000
2023-11-14,2533.310000
2023-11-15,2533.830000
2023-11-16,2534.330000
2023-11-17,2536.490000
2023-11-20,2546.070000
2023-11-21,2545.190000
2023-11-22,2549.530000
2023-11-24,2552.260000
2023-11-27,2553.440000
2023-11-28,2554.730000
2023-11-29,2553.570000
2023-11-30,2557.140000
2023-12-01,2561.260000
2023-12-04,2560.850000
2023-12-05,2561.970000
2023-12-06,2560.410000
2023-12-07,2564.810000
2023-12-08,2568.190000
2023-12-11,2570.630000
2023-12-12,2571.550000
2023-12-13,2572.020000
2023-12-14,2572.480000
2023-12-15,2571.140000
2023-12-18,2577.820000
2023-12-19,2583.050000
2023-12-20,2567.930000
2023-12-21,2578.550000
2023-12-22,2582.090000
2023-12-26,2589.040000
2023-12-27,2592.500000
2023-12-28,2592.940000
2023-12-29,2592.760000
2024-01-02,2590.810000
2024-01-03,2582.080000
2024-01-04,2578.700000
2024-01-05,2582.660000
2024-01-08,2600.080000
2024-01-09,2600.680000
2024-01-10,2604.690000
2024-01-11,2606.020000
2024-01-12,2607.510000
2024-01-16,2609.370000
2024-01-17,2608.200000
2024-01-18,2612.140000
2024-01-19,2620.860000
2024-01-22,2625.400000
2024-01-23,2629.300000
2024-01-24,2629.660000
2024-01-25,2632.760000
2024-01-26,2633.530000
2024-01-29,2638.290000
2024-01-30,2639.150000
2024-01-31,2629.720000
2024-02-01,2638.880000
2024-02-02,2642.720000
2024-02-05,2644.410000
2024-02-06,2646.160000
2024-02-07,2647.380000
2024-02-08,2648.010000
2024-02-09,2648.430000
2024-02-12,2649.730000
2024-02-13,2649.700000
2024-02-14,2650.730000
2024-02-15,2651.220000
2024-02-16,2645.310000
2024-02-20,2640.260000
2024-02-21,2642.740000
2024-02-22,2664.930000
2024-02-23,2667.920000
2024-02-26,2667.890000
2024-02-27,2670.670000
2024-02-28,2670.250000
2024-02-29,2673.170000
2024-03-01,2678.360000
2024-03-04,2679.720000
2024-03-05,2674.730000
2024-03-06,2678.390000
2024-03-07,2682.560000
2024-03-08,2682.150000
2024-03-11,2683.840000
2024-03-12,2686.940000
2024-03-13,2687.550000
2024-03-14,2687.840000
2024-03-15,2688.130000
2024-03-18,2697.340000
2024-03-19,2704.470000
2024-03-20,2713.170000
2024-03-21,2716.050000
2024-03-22,2716.000000
2024-03-25,2716.980000
2024-03-26,2716.470000
2024-03-27,2722.610000
2024-03-28,2722.640000
2024-04-01,2724.260000
2024-04-02,2720.740000
2024-04-03,2722.470000
2024-04-04,2709.090000
2024-04-05,2720.200000
2024-04-08,2725.300000
2024-04-09,2727.410000
2024-04-10,2719.990000
2024-04-11,2728.690000
2024-04-12,2714.590000
2024-04-15,2696.540000
2024-04-16,2695.100000
2024-04-17,2681.900000
2024-04-18,2675.820000
2024-04-19,2670.210000
2024-04-22,2688.600000
2024-04-23,2702.280000
2024-04-24,2703.470000
2024-04-25,2699.800000
2024-04-26,2710.180000
2024-04-29,2715.140000
2024-04-30,2701.790000
2024-05-01,2700.770000
2024-05-02,2711.530000
2024-05-03,2722.340000
2024-05-06,2726.960000
2024-05-07,2727.990000
2024-05-08,2729.000000
2024-05-09,2730.030000
2024-05-10,2730.690000
2024-05-13,2732.050000
2024-05-14,2732.420000
2024-05-15,2732.960000
2024-05-16,2733.390000
2024-05-17,2736.600000
2024-05-20,2739.940000
2024-05-21,2744.120000
2024-05-22,2740.990000
2024-05-23,2732.010000
2024-05-24,2743.110000
2024-05-28,2745.760000
2024-05-29,2735.810000
2024-05-30,2726.260000
2024-05-31,2741.130000
2024-06-03,2743.400000
2024-06-04,2745.100000
2024-06-05,2758.510000
2024-06-06,2760.330000
2024-06-07,2761.260000
2024-06-10,2765.440000
2024-06-11,2767.790000
2024-06-12,2773.470000
2024-06-13,2774.700000
2024-06-14,2775.150000
2024-06-17,2776.950000
2024-06-18,2777.620000
2024-06-20,2778.490000
2024-06-21,2776.760000
2024-06-24,2775.730000
2024-06-25,2781.630000
2024-06-26,2784.950000
2024-06-27,2788.090000
2024-06-28,2784.200000
2024-07-01,2790.770000
2024-07-02,2798.030000
2024-07-03,2801.790000
2024-07-05,2806.280000
2024-07-08,2808.830000
2024-07-09,2810.120000
2024-07-10,2811.740000
2024-07-11,2811.970000
2024-07-12,2813.750000
2024-07-15,2815.220000
2024-07-16,2815.840000
2024-07-17,2816.170000
2024-07-18,2816.420000
2024-07-19,2815.470000
2024-07-22,2831.910000
2024-07-23,2831.420000
2024-07-24,2794.620000
2024-07-25,2784.680000
2024-07-26,2807.610000
2024-07-29,2811.250000
2024-07-30,2801.600000
2024-07-31,2828.470000
2024-08-01,2805.970000
2024-08-02,2764.860000
2024-08-05,2691.470000
2024-08-06,2716.730000
2024-08-07,2698.540000
2024-08-08,2758.900000
2024-08-09,2771.750000
2024-08-12,2774.860000
2024-08-13,2818.390000
2024-08-14,2828.960000
2024-08-15,2865.590000
2024-08-16,2869.590000
2024-08-19,2881.630000
2024-08-20,2878.530000
2024-08-21,2881.560000
2024-08-22,2873.760000
2024-08-23,2885.790000
2024-08-26,2887.110000
2024-08-27,2889.740000
2024-08-28,2883.580000
2024-08-29,2887.140000
2024-08-30,2895.990000
2024-09-03,2875.010000
2024-09-04,2872.120000
2024-09-05,2871.110000
2024-09-06,2840.810000
2024-09-09,2867.200000
2024-09-10,2876.270000
2024-09-11,2891.890000
2024-09-12,2903.840000
2024-09-13,2909.030000
2024-09-16,2911.940000
2024-09-17,2912.690000
2024-09-18,2915.190000
2024-09-19,2918.140000
2024-09-20,2920.340000
2024-09-23,2927.360000
2024-09-24,2932.030000
2024-09-25,2930.710000
2024-09-26,2935.060000
2024-09-27,2932.200000
2024-09-30,2939.430000
2024-10-01,2927.440000
2024-10-02,2929.740000
2024-10-03,2927.470000
2024-10-04,2941.770000
2024-10-07,2932.360000
2024-10-08,2945.140000
2024-10-09,2952.190000
2024-10-10,2954.200000
2024-10-11,2958.450000
2024-10-14,2962.200000
2024-10-15,2962.770000
2024-10-16,2963.830000
2024-10-17,2964.420000
2024-10-18,2966.270000
2024-10-21,2966.360000
2024-10-22,2966.430000
2024-10-23,2952.230000
2024-10-24,2957.090000
2024-10-25,2955.840000
2024-10-28,2963.010000
2024-10-29,2966.300000
2024-10-30,2962.340000
2024-10-31,2925.440000
2024-11-01,2935.670000
2024-11-04,2933.800000
2024-11-05,2959.720000
2024-11-06,3003.830000
2024-11-07,3010.910000
2024-11-08,3013.330000
2024-11-11,3015.600000
2024-11-12,3016.380000
2024-11-13,3017.270000
2024-11-14,3017.770000
2024-11-15,3018.750000
2024-11-18,3027.270000
2024-11-19,3030.030000
2024-11-20,3028.970000
2024-11-21,3035.990000
2024-11-22,3042.730000
2024-11-25,3049.470000
2024-11-26,3054.300000
2024-11-27,3053.760000
2024-11-29,3058.390000
2024-12-02,3061.460000
2024-12-03,3062.860000
2024-12-04,3065.090000
2024-12-05,3065.840000
2024-12-06,3067.740000
2024-12-09,3068.220000
2024-12-10,3068.310000
2024-12-11,3070.780000
2024-12-12,3071.050000
2024-12-13,3072.030000
2024-12-16,3073.340000
2024-12-17,3073.590000
2024-12-18,3049.030000
2024-12-19,3062.470000
2024-12-20,3052.080000
2024-12-23,3063.150000
2024-12-24,3076.440000
2024-12-26,3077.860000
2024-12-27,3069.500000
2024-12-30,3058.570000
2024-12-31,3055.400000
2025-01-02,3051.550000
2025-01-03,3073.210000
2025-01-06,3081.700000
2025-01-07,3068.880000
2025-01-08,3072.490000
2025-01-10,3047.980000
2025-01-13,3054.480000
2025-01-14,3059.010000
2025-01-15,3094.400000
2025-01-16,3097.580000
2025-01-17,3096.940000
2025-01-21,3112.980000
2025-01-22,3119.380000
2025-01-23,3124.400000
2025-01-24,3123.260000
2025-01-27,3105.540000
2025-01-28,3118.420000
2025-01-29,3114.070000
2025-01-30,3122.800000
2025-01-31,3116.430000
2025-02-03,3106.910000
2025-02-04,3120.820000
2025-02-05,3128.480000
2025-02-06,3133.790000
2025-02-07,3125.760000
2025-02-10,3137.630000
2025-02-11,3139.670000
2025-02-12,3138.850000
2025-02-13,3147.230000
2025-02-14,3149.350000
2025-02-18,3152.780000
2025-02-19,3153.550000
2025-02-20,3154.140000
2025-02-21,3134.480000
2025-02-24,3126.680000
2025-02-25,3116.410000
2025-02-26,3117.420000
2025-02-27,3079.370000
2025-02-28,3117.240000
2025-03-03,3075.290000
2025-03-04,3041.880000
2025-03-05,3072.820000
2025-03-06,3021.470000
2025-03-07,3037.970000
2025-03-10,2959.600000
2025-03-11,2935.730000
2025-03-12,2949.730000
2025-03-13,2910.550000
2025-03-14,2969.090000
2025-03-17,2992.560000
2025-03-18,2960.500000
2025-03-19,2992.130000
2025-03-20,2985.130000
2025-03-21,2974.280000
2025-03-24,2996.660000
2025-03-25,3000.730000
2025-03-26,2989.770000
2025-03-27,2987.430000
2025-03-28,2957.330000
2025-03-31,2969.260000
2025-04-01,2975.280000
2025-04-02,2984.670000
2025-04-03,2889.730000
2025-04-04,2725.780000
2025-04-07,2720.040000
2025-04-08,2679.110000
2025-04-09,2914.980000
2025-04-10,2826.790000
2025-04-11,2875.830000
2025-04-14,2906.410000
2025-04-15,2902.310000
2025-04-16,2836.320000
2025-04-17,2851.120000
2025-04-21,2815.300000
2025-04-22,2857.320000
2025-04-23,2880.000000
2025-04-24,2900.200000
2025-04-25,2909.400000
2025-04-28,2913.570000
2025-04-29,2918.830000
2025-04-30,2920.960000
2025-05-01,2924.150000
2025-05-02,2930.080000
2025-05-05,2932.400000
2025-05-06,2931.440000
2025-05-07,2933.820000
2025-05-08,2936.040000
2025-05-09,2937.290000
2025-05-12,2939.320000
2025-05-13,2939.590000
2025-05-14,2940.050000
2025-05-15,2940.440000
2025-05-16,2946.140000
2025-05-19,2947.920000
2025-05-20,2945.640000
2025-05-21,2919.640000
2025-05-22,2921.650000
2025-05-23,2907.900000
2025-05-27,2949.550000
2025-05-28,2942.500000
2025-05-29,2949.150000
2025-05-30,2948.970000
2025-06-02,2959.910000
2025-06-03,2969.140000
2025-06-04,2970.490000
2025-06-05,2965.340000
2025-06-06,2980.060000
2025-06-09,2983.760000
2025-06-10,2988.690000
2025-06-11,2987.370000
2025-06-12,2990.210000
2025-06-13,2981.470000
2025-06-16,2994.560000
2025-06-17,2988.680000
2025-06-18,2995.780000
2025-06-20,2996.770000
2025-06-23,3013.440000
2025-06-24,3027.410000
2025-06-25,3030.240000
2025-06-26,3036.420000
2025-06-27,3039.810000
2025-06-30,3043.440000
2025-07-01,3044.310000
2025-07-02,3046.420000
2025-07-03,3048.450000
2025-07-07,3049.980000
2025-07-08,3051.830000
2025-07-09,3053.480000
2025-07-10,3054.160000
2025-07-11,3054.630000
2025-07-14,3056.120000
2025-07-15,3056.480000
2025-07-16,3057.040000
2025-07-17,3057.470000
2025-07-18,3057.000000
2025-07-21,3062.080000
2025-07-22,3063.660000
2025-07-23,3075.470000
2025-07-24,3077.660000
2025-07-25,3082.350000
2025-07-28,3085.220000
2025-07-29,3082.750000
2025-07-30,3083.170000
2025-07-31,3079.950000
2025-08-01,3053.650000
2025-08-04,3082.870000
2025-08-05,3078.300000
2025-08-06,3089.830000
2025-08-07,3090.620000
2025-08-08,3099.040000
2025-08-11,3099.710000
2025-08-12,3104.960000
2025-08-13,3105.890000
2025-08-14,3106.420000
2025-08-15,3106.850000
2025-08-18,3109.890000
2025-08-19,3102.460000
2025-08-20,3098.190000
2025-08-21,3090.100000
2025-08-22,3118.180000
2025-08-25,3115.320000
2025-08-26,3121.620000
2025-08-27,3124.210000
2025-08-28,3130.800000
2025-08-29,3123.140000
2025-09-02,3113.590000
2025-09-03,3124.080000
2025-09-04,3136.250000
2025-09-05,3136.100000
2025-09-08,3141.530000
2025-09-09,3144.680000
2025-09-10,3147.500000
2025-09-11,3153.640000
2025-09-12,3154.500000
2025-09-15,3157.080000
2025-09-16,3157.420000
2025-09-17,3159.170000
2025-09-18,3160.270000
2025-09-19,3166.320000
2025-09-22,3172.550000
2025-09-23,3166.650000
2025-09-24,3164.870000
2025-09-25,3159.480000
2025-09-26,3171.410000
2025-09-29,3177.810000
2025-09-30,3182.240000
2025-10-01,3187.180000
2025-10-02,3188.590000
2025-10-03,3190.480000
2025-10-06,3196.980000
2025-10-07,3194.260000
2025-10-08,3201.130000
2025-10-09,3200.460000
2025-10-10,3155.340000
2025-10-13,3194.050000
2025-10-14,3193.110000
2025-10-15,3201.780000
2025-10-16,3197.920000
2025-10-17,3209.400000
2025-10-20,3229.890000
2025-10-21,3232.050000
2025-10-22,3226.630000
2025-10-23,3235.790000
2025-10-24,3244.000000
2025-10-27,3253.390000
2025-10-28,3254.140000
2025-10-29,3253.850000
2025-10-30,3249.720000
2025-10-31,3252.470000
2025-11-03,3257.510000
2025-11-04,3249.320000
2025-11-05,3255.220000
2025-11-06,3245.590000
2025-11-07,3249.210000
2025-11-10,3264.750000
2025-11-11,3267.800000
2025-11-12,3268.720000
2025-11-13,3258.350000
2025-11-14,3261.300000
2025-11-17,3255.170000
2025-11-18,3247.010000
2025-11-19,3257.590000
2025-11-20,3236.940000
2025-11-21,3252.210000
2025-11-24,3276.520000
2025-11-25,3288.100000
2025-11-26,3294.570000
2025-11-28,3299.880000
2025-12-01,3299.870000
2025-12-02,3302.950000
2025-12-03,3305.710000
2025-12-04,3307.360000
2025-12-05,3309.100000
2025-12-08,3310.050000
2025-12-09,3310.910000
2025-12-10,3312.880000
2025-12-11,3314.330000
2025-12-12,3314.180000
2025-12-15,3315.940000
2025-12-16,3316.500000
2025-12-17,3316.100000
2025-12-18,3317.580000
2025-12-19,3320.160000
2025-12-22,3332.310000
2025-12-23,3337.700000
2025-12-24,3341.760000
2025-12-26,3344.030000
2025-12-29,3344.000000
2025-12-30,3343.910000
2025-12-31,3336.140000
2026-01-02,3341.320000
2026-01-05,3350.930000
2026-01-06,3355.850000
2026-01-07,3354.820000
2026-01-08,3355.770000
2026-01-09,3361.190000
2026-01-12,3363.350000
2026-01-13,3363.840000
2026-01-14,3364.530000
2026-01-15,3365.690000
2026-01-16,3363.650000
2026-01-20,3323.120000
2026-01-21,3352.000000
2026-01-22,3364.650000
2026-01-23,3366.070000
2026-01-26,3376.420000
2026-01-27,3382.580000
2026-01-28,3382.180000
2026-01-29,3380.120000
2026-01-30,3376.110000
2026-02-02,3389.230000
2026-02-03,3374.890000
2026-02-04,3364.140000
2026-02-05,3334.700000
2026-02-06,3383.300000
2026-02-09,3395.230000
2026-02-10,3393.250000
2026-02-11,3395.460000
2026-02-12,3361.160000
2026-02-13,3366.180000
2026-02-17,3375.440000
2026-02-18,3392.190000
2026-02-19,3386.700000
2026-02-20,3376.240000
2026-02-23,3359.310000
2026-02-24,3376.600000
2026-02-25,3393.010000
2026-02-26,3386.910000
2026-02-27,3378.430000
2026-03-02,3379.200000
2026-03-03,3361.700000
2026-03-04,3380.390000
2026-03-05,3369.450000
2026-03-06,3333.940000
2026-03-09,3363.980000
2026-03-10,3360.490000
2026-03-11,3363.100000
2026-03-12,3318.930000
2026-03-13,3303.100000
2026-03-16,3337.480000
2026-03-17,3348.460000
2026-03-18,3301.170000
2026-03-19,3292.280000
2026-03-20,3271.040000
2026-03-23,3294.280000
2026-03-24,3289.980000
2026-03-25,3301.880000
2026-03-26,3271.200000
2026-03-27,3235.310000
2026-03-30,3236.740000
2026-03-31,3299.950000
2026-04-01,3314.630000
2026-04-02,3319.650000
2026-04-06,3331.380000
2026-04-07,3327.580000
2026-04-08,3358.240000
2026-04-09,3363.630000
2026-04-10,3364.740000
2026-04-13,3367.510000
2026-04-14,3368.470000
2026-04-15,3369.080000
2026-04-16,3369.580000
2026-04-17,3366.470000
2026-04-20,3364.300000
2026-04-21,3351.610000
2026-04-22,3371.840000
2026-04-23,3366.580000
2026-04-24,3378.160000
2026-04-27,3385.320000
2026-04-28,3381.630000
2026-04-29,3381.750000
2026-04-30,3398.710000
2026-05-01,3403.150000
2026-05-04,3401.750000
2026-05-05,3411.710000
2026-05-06,3418.480000
2026-05-07,3419.520000
2026-05-08,3422.220000
2026-05-11,3423.760000
2026-05-12,3424.620000
2026-05-13,3425.330000
2026-05-14,3425.890000
2026-05-15,3425.090000
2026-05-18,3429.160000
2026-05-19,3419.210000
2026-05-20,3436.670000
2026-05-21,3443.500000
2026-05-22,3448.940000
2026-05-26,3461.210000
2026-05-27,3464.530000
2026-05-28,3472.580000
2026-05-29,3475.030000
2026-06-01,3478.840000
2026-06-02,3481.380000
2026-06-03,3478.200000
2026-06-04,3483.640000
2026-06-05,3446.150000
2026-06-08,3456.820000
2026-06-09,3449.890000
2026-06-10,3411.450000
2026-06-11,3454.520000
2026-06-12,3472.290000
2026-06-15,3494.460000
2026-06-16,3494.080000
2026-06-17,3486.770000
2026-06-18,3500.520000
2026-06-22,3499.620000
2026-06-23,3470.380000
2026-06-24,3470.240000
2026-06-25,3472.870000
2026-06-26,3502.730000
2026-06-29,3501.950000
2026-06-30,3517.120000
2026-07-01,3520.020000
2026-07-02,3519.360000
2026-07-06,3539.290000
2026-07-07,3532.970000
2026-07-08,3528.340000
2026-07-09,3543.990000
2026-07-10,3550.670000
2026-07-13,3543.860000
2026-07-14,3552.690000
2026-07-15,3557.560000
2026-07-16,3557.710000
2026-07-17,3525.120000
2026-07-20,3527.360000
2026-07-21,3543.840000
2026-07-22,3543.480000
2026-07-23,3521.190000
2026-07-24,3525.530000
2026-07-27,3529.210000
2026-07-28,3535.090000
2026-07-29,3499.570000
2026-07-30,3544.940000
2026-07-31,3557.590000
