date,close
2006-01-03,100.000000
2006-01-04,100.010000
2006-01-05,100.020000
2006-01-06,100.030000
2006-01-09,100.070000
2006-01-10,100.080000
2006-01-11,100.090000
2006-01-12,100.100000
2006-01-13,100.110000
2006-01-17,100.130000
2006-01-18,100.070000
2006-01-19,100.190000
2006-01-20,99.260000
2006-01-23,99.530000
2006-01-24,99.670000
2006-01-25,99.760000
2006-01-26,100.150000
2006-01-27,100.650000
2006-01-30,100.680000
2006-01-31,100.470000
2006-02-01,100.720000
2006-02-02,100.010000
2006-02-03,99.740000
2006-02-06,100.020000
2006-02-07,99.300000
2006-02-08,100.090000
2006-02-09,99.970000
2006-02-10,100.180000
2006-02-13,100.070000
2006-02-14,100.870000
2006-02-15,101.190000
2006-02-16,101.590000
2006-02-17,101.580000
2006-02-21,101.620000
2006-02-22,101.850000
2006-02-23,101.840000
2006-02-24,101.980000
2006-02-27,102.080000
2006-02-28,101.760000
2006-03-01,102.100000
2006-03-02,102.100000
2006-03-03,102.010000
2006-03-06,101.880000
2006-03-07,101.850000
2006-03-08,102.020000
2006-03-09,101.740000
2006-03-10,102.230000
2006-03-13,102.420000
2006-03-14,102.700000
2006-03-15,102.860000
2006-03-16,102.960000
2006-03-17,102.990000
2006-03-20,103.050000
2006-03-21,102.840000
2006-03-22,103.140000
2006-03-23,103.080000
2006-03-24,103.170000
2006-03-27,103.160000
2006-03-28,102.910000
2006-03-29,103.280000
2006-03-30,103.150000
2006-03-31,103.000000
2006-04-03,103.230000
2006-04-04,103.570000
2006-04-05,103.720000
2006-04-06,103.700000
2006-04-07,103.260000
2006-04-10,103.450000
2006-04-11,102.940000
2006-04-12,103.110000
2006-04-13,103.150000
2006-04-17,103.180000
2006-04-18,104.140000
2006-04-19,104.380000
2006-04-20,104.540000
2006-04-21,104.550000
2006-04-24,104.580000
2006-04-25,104.440000
2006-04-26,104.490000
2006-04-27,104.700000
2006-04-28,104.780000
2006-05-01,104.560000
2006-05-02,104.940000
2006-05-03,104.800000
2006-05-04,105.020000
2006-05-05,105.340000
2006-05-08,105.380000
2006-05-09,105.450000
2006-05-10,105.480000
2006-05-11,105.120000
2006-05-12,104.290000
2006-05-15,104.580000
2006-05-16,104.570000
2006-05-17,102.770000
2006-05-18,102.220000
2006-05-19,102.640000
2006-05-22,102.240000
2006-05-23,101.690000
2006-05-24,102.320000
2006-05-25,103.250000
2006-05-26,103.660000
2006-05-30,102.340000
2006-05-31,103.230000
2006-06-01,104.000000
2006-06-02,104.150000
2006-06-05,103.240000
2006-06-06,103.030000
2006-06-07,102.500000
2006-06-08,102.450000
2006-06-09,102.140000
2006-06-12,101.070000
2006-06-13,99.860000
2006-06-14,100.500000
2006-06-15,102.350000
2006-06-16,102.120000
2006-06-19,101.710000
2006-06-20,102.050000
2006-06-21,102.510000
2006-06-22,102.290000
2006-06-23,102.290000
2006-06-26,102.610000
2006-06-27,102.160000
2006-06-28,102.560000
2006-06-29,103.520000
2006-06-30,103.500000
2006-07-03,103.750000
2006-07-05,103.630000
2006-07-06,103.750000
2006-07-07,103.620000
2006-07-10,103.780000
2006-07-11,103.970000
2006-07-12,103.590000
2006-07-13,102.570000
2006-07-14,102.480000
2006-07-17,102.480000
2006-07-18,102.830000
2006-07-19,103.640000
2006-07-20,103.510000
2006-07-21,103.120000
2006-07-24,104.300000
2006-07-25,104.480000
2006-07-26,104.600000
2006-07-27,104.560000
2006-07-28,104.940000
2006-07-31,104.950000
2006-08-01,104.900000
2006-08-02,105.130000
2006-08-03,105.200000
2006-08-04,105.270000
2006-08-07,105.270000
2006-08-08,105.250000
2006-08-09,105.230000
2006-08-10,105.390000
2006-08-11,105.410000
2006-08-14,105.560000
2006-08-15,105.800000
2006-08-16,106.070000
2006-08-17,106.220000
2006-08-18,106.420000
2006-08-21,106.450000
2006-08-22,106.490000
2006-08-23,106.400000
2006-08-24,106.410000
2006-08-25,106.520000
2006-08-28,106.780000
2006-08-29,106.850000
2006-08-30,106.880000
2006-08-31,106.920000
2006-09-01,107.100000
2006-09-05,107.220000
2006-09-06,107.050000
2006-09-07,106.990000
2006-09-08,107.160000
2006-09-11,107.290000
2006-09-12,107.580000
2006-09-13,107.720000
2006-09-14,107.760000
2006-09-15,107.930000
2006-09-18,108.040000
2006-09-19,107.960000
2006-09-20,108.190000
2006-09-21,107.980000
2006-09-22,107.850000
2006-09-25,108.300000
2006-09-26,108.570000
2006-09-27,108.610000
2006-09-28,108.630000
2006-09-29,108.630000
2006-10-02,108.640000
2006-10-03,108.740000
2006-10-04,108.940000
2006-10-05,108.990000
2006-10-06,109.050000
2006-10-09,109.120000
2006-10-10,109.170000
2006-10-11,109.180000
2006-10-12,109.230000
2006-10-13,109.260000
2006-10-16,109.320000
2006-10-17,109.290000
2006-10-18,109.350000
2006-10-19,109.460000
2006-10-20,109.530000
2006-10-23,109.810000
2006-10-24,109.970000
2006-10-25,110.090000
2006-10-26,110.230000
2006-10-27,110.080000
2006-10-30,110.120000
2006-10-31,110.200000
2006-11-01,109.890000
2006-11-02,109.910000
2006-11-03,109.900000
2006-11-06,110.480000
2006-11-07,110.600000
2006-11-08,110.700000
2006-11-09,110.630000
2006-11-10,110.720000
2006-11-13,110.860000
2006-11-14,110.970000
2006-11-15,111.140000
2006-11-16,111.220000
2006-11-17,111.250000
2006-11-20,111.390000
2006-11-21,111.470000
2006-11-22,111.570000
2006-11-24,111.470000
2006-11-27,110.710000
2006-11-28,111.050000
2006-11-29,111.630000
2006-11-30,111.680000
2006-12-01,111.610000
2006-12-04,111.990000
2006-12-05,112.130000
2006-12-06,112.140000
2006-12-07,112.030000
2006-12-08,112.180000
2006-12-11,112.340000
2006-12-12,112.380000
2006-12-13,112.500000
2006-12-14,112.780000
2006-12-15,112.840000
2006-12-18,112.820000
2006-12-19,112.950000
2006-12-20,112.950000
2006-12-21,112.790000
2006-12-22,112.450000
2006-12-26,112.920000
2006-12-27,113.270000
2006-12-28,113.190000
2006-12-29,113.000000
2007-01-03,113.010000
2007-01-04,113.230000
2007-01-05,112.730000
2007-01-08,113.160000
2007-01-09,113.110000
2007-01-10,113.370000
2007-01-11,113.700000
2007-01-12,114.020000
2007-01-16,114.120000
2007-01-17,114.180000
2007-01-18,114.100000
2007-01-19,114.340000
2007-01-22,114.250000
2007-01-23,114.500000
2007-01-24,114.870000
2007-01-25,114.270000
2007-01-26,114.260000
2007-01-29,114.260000
2007-01-30,114.650000
2007-01-31,115.020000
2007-02-01,115.240000
2007-02-02,115.340000
2007-02-05,115.420000
2007-02-06,115.480000
2007-02-07,115.560000
2007-02-08,115.590000
2007-02-09,115.430000
2007-02-12,115.380000
2007-02-13,115.760000
2007-02-14,115.950000
2007-02-15,116.030000
2007-02-16,116.110000
2007-02-20,116.360000
2007-02-21,116.350000
2007-02-22,116.380000
2007-02-23,116.210000
2007-02-26,116.250000
2007-02-27,112.630000
2007-02-28,113.740000
2007-03-01,113.500000
2007-03-02,112.110000
2007-03-05,111.110000
2007-03-06,112.950000
2007-03-07,112.820000
2007-03-08,113.730000
2007-03-09,113.790000
2007-03-12,114.030000
2007-03-13,112.050000
2007-03-14,112.540000
2007-03-15,112.800000
2007-03-16,112.580000
2007-03-19,113.360000
2007-03-20,113.750000
2007-03-21,114.300000
2007-03-22,114.250000
2007-03-23,114.320000
2007-03-26,114.400000
2007-03-27,114.340000
2007-03-28,114.040000
2007-03-29,114.110000
2007-03-30,114.210000
2007-04-02,114.410000
2007-04-03,114.740000
2007-04-04,114.830000
2007-04-05,114.920000
2007-04-09,115.040000
2007-04-10,115.110000
2007-04-11,115.080000
2007-04-12,115.170000
2007-04-13,115.200000
2007-04-16,115.280000
2007-04-17,115.350000
2007-04-18,115.380000
2007-04-19,115.390000
2007-04-20,115.740000
2007-04-23,115.660000
2007-04-24,115.710000
2007-04-25,115.990000
2007-04-26,116.110000
2007-04-27,116.160000
2007-04-30,115.810000
2007-05-01,116.050000
2007-05-02,116.310000
2007-05-03,116.460000
2007-05-04,116.580000
2007-05-07,116.670000
2007-05-08,116.690000
2007-05-09,116.780000
2007-05-10,116.620000
2007-05-11,116.850000
2007-05-14,116.890000
2007-05-15,116.960000
2007-05-16,117.100000
2007-05-17,117.140000
2007-05-18,117.500000
2007-05-21,117.590000
2007-05-22,117.610000
2007-05-23,117.620000
2007-05-24,117.170000
2007-05-25,117.510000
2007-05-29,117.800000
2007-05-30,118.160000
2007-05-31,118.180000
2007-06-01,118.370000
2007-06-04,118.460000
2007-06-05,118.400000
2007-06-06,117.950000
2007-06-07,116.570000
2007-06-08,117.800000
2007-06-11,118.080000
2007-06-12,117.140000
2007-06-13,118.350000
2007-06-14,118.860000
2007-06-15,119.080000
2007-06-18,119.190000
2007-06-19,119.370000
2007-06-20,118.590000
2007-06-21,118.940000
2007-06-22,118.330000
2007-06-25,118.100000
2007-06-26,117.190000
2007-06-27,118.530000
2007-06-28,118.520000
2007-06-29,118.450000
2007-07-02,119.310000
2007-07-03,119.570000
2007-07-05,119.590000
2007-07-06,119.940000
2007-07-09,120.030000
2007-07-10,119.160000
2007-07-11,119.700000
2007-07-12,120.410000
2007-07-13,120.570000
2007-07-16,120.670000
2007-07-17,120.710000
2007-07-18,120.660000
2007-07-19,120.940000
2007-07-20,120.300000
2007-07-23,120.600000
2007-07-24,119.200000
2007-07-25,119.410000
2007-07-26,117.030000
2007-07-27,114.800000
2007-07-30,116.670000
2007-07-31,115.260000
2007-08-01,115.880000
2007-08-02,116.820000
2007-08-03,113.940000
2007-08-06,115.850000
2007-08-07,117.010000
2007-08-08,118.640000
2007-08-09,115.100000
2007-08-10,114.630000
2007-08-13,114.990000
2007-08-14,113.350000
2007-08-15,111.740000
2007-08-16,112.100000
2007-08-17,113.830000
2007-08-20,114.300000
2007-08-21,114.470000
2007-08-22,115.530000
2007-08-23,115.570000
2007-08-24,116.440000
2007-08-27,115.930000
2007-08-28,114.300000
2007-08-29,115.750000
2007-08-30,115.510000
2007-08-31,116.270000
2007-09-04,117.010000
2007-09-05,116.530000
2007-09-06,116.780000
2007-09-07,115.930000
2007-09-10,115.850000
2007-09-11,116.830000
2007-09-12,117.070000
2007-09-13,117.450000
2007-09-14,117.580000
2007-09-17,117.410000
2007-09-18,118.840000
2007-09-19,119.240000
2007-09-20,119.040000
2007-09-21,119.320000
2007-09-24,119.330000
2007-09-25,119.330000
2007-09-26,119.730000
2007-09-27,120.080000
2007-09-28,119.860000
2007-10-01,120.570000
2007-10-02,120.540000
2007-10-03,120.520000
2007-10-04,120.630000
2007-10-05,121.150000
2007-10-08,121.130000
2007-10-09,121.440000
2007-10-10,121.450000
2007-10-11,121.270000
2007-10-12,121.580000
2007-10-15,121.470000
2007-10-16,121.120000
2007-10-17,121.550000
2007-10-18,121.440000
2007-10-19,119.000000
2007-10-22,119.500000
2007-10-23,120.300000
2007-10-24,120.090000
2007-10-25,120.260000
2007-10-26,121.370000
2007-10-29,121.670000
2007-10-30,121.130000
2007-10-31,122.230000
2007-11-01,120.010000
2007-11-02,120.260000
2007-11-05,119.590000
2007-11-06,121.020000
2007-11-07,117.980000
2007-11-08,117.450000
2007-11-09,115.830000
2007-11-12,114.740000
2007-11-13,117.850000
2007-11-14,117.640000
2007-11-15,116.190000
2007-11-16,116.450000
2007-11-19,115.490000
2007-11-20,116.060000
2007-11-21,114.150000
2007-11-23,115.730000
2007-11-26,113.640000
2007-11-27,114.950000
2007-11-28,117.610000
2007-11-29,117.680000
2007-11-30,118.450000
2007-12-03,118.230000
2007-12-04,117.650000
2007-12-05,118.960000
2007-12-06,119.910000
2007-12-07,119.960000
2007-12-10,120.500000
2007-12-11,118.810000
2007-12-12,119.640000
2007-12-13,119.650000
2007-12-14,118.670000
2007-12-17,117.320000
2007-12-18,117.990000
2007-12-19,118.000000
2007-12-20,118.680000
2007-12-21,120.030000
2007-12-24,120.520000
2007-12-26,120.710000
2007-12-27,119.920000
2007-12-28,119.770000
2007-12-31,119.470000
2008-01-02,118.580000
2008-01-03,118.700000
2008-01-04,116.280000
2008-01-07,116.330000
2008-01-08,114.490000
2008-01-09,115.670000
2008-01-10,116.400000
2008-01-11,115.480000
2008-01-14,116.510000
2008-01-15,114.170000
2008-01-16,113.180000
2008-01-17,110.510000
2008-01-18,109.330000
2008-01-22,108.080000
2008-01-23,110.440000
2008-01-24,111.170000
2008-01-25,109.940000
2008-01-28,111.520000
2008-01-29,112.010000
2008-01-30,111.320000
2008-01-31,113.070000
2008-02-01,114.440000
2008-02-04,113.490000
2008-02-05,111.050000
2008-02-06,110.140000
2008-02-07,110.960000
2008-02-08,110.250000
2008-02-11,110.870000
2008-02-12,111.980000
2008-02-13,112.920000
2008-02-14,112.280000
2008-02-15,112.200000
2008-02-19,112.650000
2008-02-20,112.980000
2008-02-21,112.400000
2008-02-22,113.040000
2008-02-25,113.970000
2008-02-26,114.570000
2008-02-27,114.470000
2008-02-28,113.880000
2008-02-29,111.860000
2008-03-03,112.120000
2008-03-04,111.860000
2008-03-05,112.550000
2008-03-06,110.560000
2008-03-07,109.480000
2008-03-10,108.110000
2008-03-11,111.990000
2008-03-12,110.910000
2008-03-13,111.220000
2008-03-14,109.340000
2008-03-17,108.360000
2008-03-18,112.500000
2008-03-19,110.340000
2008-03-20,111.880000
2008-03-24,113.470000
2008-03-25,113.530000
2008-03-26,112.880000
2008-03-27,112.780000
2008-03-28,112.310000
2008-03-31,112.780000
2008-04-01,114.810000
2008-04-02,114.830000
2008-04-03,115.000000
2008-04-04,115.160000
2008-04-07,115.330000
2008-04-08,115.400000
2008-04-09,115.190000
2008-04-10,115.400000
2008-04-11,114.350000
2008-04-14,114.310000
2008-04-15,114.690000
2008-04-16,116.250000
2008-04-17,116.530000
2008-04-18,117.080000
2008-04-21,117.220000
2008-04-22,116.930000
2008-04-23,116.960000
2008-04-24,117.320000
2008-04-25,117.790000
2008-04-28,117.940000
2008-04-29,117.750000
2008-04-30,117.550000
2008-05-01,118.570000
2008-05-02,118.840000
2008-05-05,118.740000
2008-05-06,119.070000
2008-05-07,118.460000
2008-05-08,118.460000
2008-05-09,118.490000
2008-05-12,119.120000
2008-05-13,119.310000
2008-05-14,119.550000
2008-05-15,120.130000
2008-05-16,120.280000
2008-05-19,120.480000
2008-05-20,120.090000
2008-05-21,118.960000
2008-05-22,119.130000
2008-05-23,117.940000
2008-05-27,118.770000
2008-05-28,119.170000
2008-05-29,119.650000
2008-05-30,119.900000
2008-06-02,119.070000
2008-06-03,118.650000
2008-06-04,118.600000
2008-06-05,120.360000
2008-06-06,117.300000
2008-06-09,117.720000
2008-06-10,117.230000
2008-06-11,115.550000
2008-06-12,115.970000
2008-06-13,117.380000
2008-06-16,117.500000
2008-06-17,117.060000
2008-06-18,115.840000
2008-06-19,116.130000
2008-06-20,114.750000
2008-06-23,114.760000
2008-06-24,114.570000
2008-06-25,115.180000
2008-06-26,112.410000
2008-06-27,112.200000
2008-06-30,112.270000
2008-07-01,112.730000
2008-07-02,110.770000
2008-07-03,111.000000
2008-07-07,109.860000
2008-07-08,111.820000
2008-07-09,109.600000
2008-07-10,110.150000
2008-07-11,108.860000
2008-07-14,107.900000
2008-07-15,106.300000
2008-07-16,108.760000
2008-07-17,109.860000
2008-07-18,110.480000
2008-07-21,110.840000
2008-07-22,111.610000
2008-07-23,111.900000
2008-07-24,110.590000
2008-07-25,110.740000
2008-07-28,109.690000
2008-07-29,111.350000
2008-07-30,112.370000
2008-07-31,111.680000
2008-08-01,111.460000
2008-08-04,110.940000
2008-08-05,112.700000
2008-08-06,113.040000
2008-08-07,112.370000
2008-08-08,113.320000
2008-08-11,113.670000
2008-08-12,113.530000
2008-08-13,113.290000
2008-08-14,113.960000
2008-08-15,114.350000
2008-08-18,113.570000
2008-08-19,112.760000
2008-08-20,113.220000
2008-08-21,113.440000
2008-08-22,114.530000
2008-08-25,112.960000
2008-08-26,113.380000
2008-08-27,114.170000
2008-08-28,115.030000
2008-08-29,114.170000
2008-09-02,113.840000
2008-09-03,113.890000
2008-09-04,110.890000
2008-09-05,111.270000
2008-09-08,113.350000
2008-09-09,110.170000
2008-09-10,110.760000
2008-09-11,112.320000
2008-09-12,112.720000
2008-09-15,107.420000
2008-09-16,108.740000
2008-09-17,104.540000
2008-09-18,107.380000
2008-09-19,110.550000
2008-09-22,108.890000
2008-09-23,107.070000
2008-09-24,107.480000
2008-09-25,109.040000
2008-09-26,108.900000
2008-09-29,101.480000
2008-09-30,105.520000
2008-10-01,105.520000
2008-10-02,102.110000
2008-10-03,100.820000
2008-10-06,95.790000
2008-10-07,91.610000
2008-10-08,89.340000
2008-10-09,83.310000
2008-10-10,81.090000
2008-10-13,92.510000
2008-10-14,92.320000
2008-10-15,83.460000
2008-10-16,85.680000
2008-10-17,86.050000
2008-10-20,91.010000
2008-10-21,88.840000
2008-10-22,84.020000
2008-10-23,85.080000
2008-10-24,80.960000
2008-10-27,78.240000
2008-10-28,87.120000
2008-10-29,86.130000
2008-10-30,88.920000
2008-10-31,89.550000
2008-11-03,90.170000
2008-11-04,92.820000
2008-11-05,89.340000
2008-11-06,84.650000
2008-11-07,87.630000
2008-11-10,86.290000
2008-11-11,83.750000
2008-11-12,80.100000
2008-11-13,85.120000
2008-11-14,80.790000
2008-11-17,79.850000
2008-11-18,81.290000
2008-11-19,76.460000
2008-11-20,70.000000
2008-11-21,73.290000
2008-11-24,78.390000
2008-11-25,79.010000
2008-11-26,81.430000
2008-11-28,82.040000
2008-12-01,76.300000
2008-12-02,78.930000
2008-12-03,80.420000
2008-12-04,79.020000
2008-12-05,80.910000
2008-12-08,83.190000
2008-12-09,82.420000
2008-12-10,83.100000
2008-12-11,81.760000
2008-12-12,82.620000
2008-12-15,81.800000
2008-12-16,84.430000
2008-12-17,84.550000
2008-12-18,84.370000
2008-12-19,83.540000
2008-12-22,82.690000
2008-12-23,81.680000
2008-12-24,82.220000
2008-12-26,82.730000
2008-12-29,82.910000
2008-12-30,84.500000
2008-12-31,85.590000
2009-01-02,87.570000
2009-01-05,87.780000
2009-01-06,88.090000
2009-01-07,86.180000
2009-01-08,86.460000
2009-01-09,84.610000
2009-01-12,83.120000
2009-01-13,83.040000
2009-01-14,80.520000
2009-01-15,80.540000
2009-01-16,81.530000
2009-01-20,78.130000
2009-01-21,80.860000
2009-01-22,80.100000
2009-01-23,80.020000
2009-01-26,80.720000
2009-01-27,81.550000
2009-01-28,83.820000
2009-01-29,81.740000
2009-01-30,80.120000
2009-02-02,80.130000
2009-02-03,81.140000
2009-02-04,81.010000
2009-02-05,81.820000
2009-02-06,83.820000
2009-02-09,83.780000
2009-02-10,80.810000
2009-02-11,81.250000
2009-02-12,81.740000
2009-02-13,80.350000
2009-02-17,77.130000
2009-02-18,76.500000
2009-02-19,76.630000
2009-02-20,75.680000
2009-02-23,73.600000
2009-02-24,75.860000
2009-02-25,75.320000
2009-02-26,74.480000
2009-02-27,72.850000
2009-03-02,70.080000
2009-03-03,68.530000
2009-03-04,70.380000
2009-03-05,68.250000
2009-03-06,68.450000
2009-03-09,67.190000
2009-03-10,71.160000
2009-03-11,71.640000
2009-03-12,74.690000
2009-03-13,75.340000
2009-03-16,75.270000
2009-03-17,77.270000
2009-03-18,78.910000
2009-03-19,78.400000
2009-03-20,77.050000
2009-03-23,80.230000
2009-03-24,79.550000
2009-03-25,79.940000
2009-03-26,80.970000
2009-03-27,80.490000
2009-03-30,78.690000
2009-03-31,79.540000
2009-04-01,80.510000
2009-04-02,81.700000
2009-04-03,82.210000
2009-04-06,82.070000
2009-04-07,81.530000
2009-04-08,82.100000
2009-04-09,83.220000
2009-04-13,83.320000
2009-04-14,83.090000
2009-04-15,83.540000
2009-04-16,84.340000
2009-04-17,84.870000
2009-04-20,82.540000
2009-04-21,83.720000
2009-04-22,82.890000
2009-04-23,83.910000
2009-04-24,85.140000
2009-04-27,84.600000
2009-04-28,84.330000
2009-04-29,85.610000
2009-04-30,85.790000
2009-05-01,86.300000
2009-05-04,87.740000
2009-05-05,87.920000
2009-05-06,88.450000
2009-05-07,88.230000
2009-05-08,88.810000
2009-05-11,88.600000
2009-05-12,88.650000
2009-05-13,87.700000
2009-05-14,88.060000
2009-05-15,87.610000
2009-05-18,89.410000
2009-05-19,89.490000
2009-05-20,89.050000
2009-05-21,88.230000
2009-05-22,87.980000
2009-05-26,89.910000
2009-05-27,88.730000
2009-05-28,89.710000
2009-05-29,90.720000
2009-06-01,91.770000
2009-06-02,92.030000
2009-06-03,91.550000
2009-06-04,92.060000
2009-06-05,92.180000
2009-06-08,92.290000
2009-06-09,92.500000
2009-06-10,92.610000
2009-06-11,92.740000
2009-06-12,92.960000
2009-06-15,91.890000
2009-06-16,91.130000
2009-06-17,90.880000
2009-06-18,91.610000
2009-06-19,91.980000
2009-06-22,89.770000
2009-06-23,89.900000
2009-06-24,90.690000
2009-06-25,92.290000
2009-06-26,92.150000
2009-06-29,92.810000
2009-06-30,92.420000
2009-07-01,92.740000
2009-07-02,90.580000
2009-07-06,90.860000
2009-07-07,89.280000
2009-07-08,88.720000
2009-07-09,89.320000
2009-07-10,88.860000
2009-07-13,91.000000
2009-07-14,91.800000
2009-07-15,93.790000
2009-07-16,94.460000
2009-07-17,94.770000
2009-07-20,95.430000
2009-07-21,95.700000
2009-07-22,95.620000
2009-07-23,96.250000
2009-07-24,96.610000
2009-07-27,96.650000
2009-07-28,96.570000
2009-07-29,96.540000
2009-07-30,96.780000
2009-07-31,96.830000
2009-08-03,97.150000
2009-08-04,97.250000
2009-08-05,97.270000
2009-08-06,97.190000
2009-08-07,97.360000
2009-08-10,97.440000
2009-08-11,97.340000
2009-08-12,97.450000
2009-08-13,97.510000
2009-08-14,97.520000
2009-08-17,97.340000
2009-08-18,97.650000
2009-08-19,97.950000
2009-08-20,98.410000
2009-08-21,99.110000
2009-08-24,99.290000
2009-08-25,99.380000
2009-08-26,99.490000
2009-08-27,99.680000
2009-08-28,99.650000
2009-08-31,99.440000
2009-09-01,98.010000
2009-09-02,97.950000
2009-09-03,98.640000
2009-09-04,99.500000
2009-09-08,100.180000
2009-09-09,100.550000
2009-09-10,100.870000
2009-09-11,100.910000
2009-09-14,101.110000
2009-09-15,101.320000
2009-09-16,101.750000
2009-09-17,102.010000
2009-09-18,101.930000
2009-09-21,102.070000
2009-09-22,102.560000
2009-09-23,102.150000
2009-09-24,101.230000
2009-09-25,101.030000
2009-09-28,102.320000
2009-09-29,102.090000
2009-09-30,102.010000
2009-10-01,100.110000
2009-10-02,99.770000
2009-10-05,101.160000
2009-10-06,102.070000
2009-10-07,102.550000
2009-10-08,103.260000
2009-10-09,103.700000
2009-10-12,103.890000
2009-10-13,103.800000
2009-10-14,104.850000
2009-10-15,105.260000
2009-10-16,105.130000
2009-10-19,105.700000
2009-10-20,105.710000
2009-10-21,105.020000
2009-10-22,105.920000
2009-10-23,105.020000
2009-10-26,104.310000
2009-10-27,103.940000
2009-10-28,102.110000
2009-10-29,104.120000
2009-10-30,101.660000
2009-11-02,102.310000
2009-11-03,102.600000
2009-11-04,103.100000
2009-11-05,104.540000
2009-11-06,104.860000
2009-11-09,106.710000
2009-11-10,106.820000
2009-11-11,107.120000
2009-11-12,106.650000
2009-11-13,107.080000
2009-11-16,107.970000
2009-11-17,108.130000
2009-11-18,108.290000
2009-11-19,107.690000
2009-11-20,107.580000
2009-11-23,108.550000
2009-11-24,108.690000
2009-11-25,108.980000
2009-11-27,107.580000
2009-11-30,108.140000
2009-12-01,109.120000
2009-12-02,109.220000
2009-12-03,108.600000
2009-12-04,109.350000
2009-12-07,109.190000
2009-12-08,108.260000
2009-12-09,108.780000
2009-12-10,109.340000
2009-12-11,109.790000
2009-12-14,110.230000
2009-12-15,110.120000
2009-12-16,110.270000
2009-12-17,109.600000
2009-12-18,109.940000
2009-12-21,110.800000
2009-12-22,111.270000
2009-12-23,111.340000
2009-12-24,111.710000
2009-12-28,111.870000
2009-12-29,111.870000
2009-12-30,111.940000
2009-12-31,111.340000
2010-01-04,112.380000
2010-01-05,112.610000
2010-01-06,112.680000
2010-01-07,112.810000
2010-01-08,113.000000
2010-01-11,113.080000
2010-01-12,112.950000
2010-01-13,113.170000
2010-01-14,113.450000
2010-01-15,112.910000
2010-01-19,113.780000
2010-01-20,113.130000
2010-01-21,111.390000
2010-01-22,109.550000
2010-01-25,109.900000
2010-01-26,109.360000
2010-01-27,110.110000
2010-01-28,108.760000
2010-01-29,107.890000
2010-02-01,109.490000
2010-02-02,110.620000
2010-02-03,110.440000
2010-02-04,107.060000
2010-02-05,106.960000
2010-02-08,106.440000
2010-02-09,107.590000
2010-02-10,107.380000
2010-02-11,108.580000
2010-02-12,108.860000
2010-02-16,110.240000
2010-02-17,110.900000
2010-02-18,111.410000
2010-02-19,111.500000
2010-02-22,111.750000
2010-02-23,111.160000
2010-02-24,111.580000
2010-02-25,111.640000
2010-02-26,111.760000
2010-03-01,112.370000
2010-03-02,112.580000
2010-03-03,112.650000
2010-03-04,112.840000
2010-03-05,113.250000
2010-03-08,113.340000
2010-03-09,113.430000
2010-03-10,113.470000
2010-03-11,113.550000
2010-03-12,113.560000
2010-03-15,113.590000
2010-03-16,113.760000
2010-03-17,114.020000
2010-03-18,114.130000
2010-03-19,113.970000
2010-03-22,114.400000
2010-03-23,114.750000
2010-03-24,114.490000
2010-03-25,114.370000
2010-03-26,114.540000
2010-03-29,114.870000
2010-03-30,114.980000
2010-03-31,114.850000
2010-04-01,115.180000
2010-04-05,115.600000
2010-04-06,115.720000
2010-04-07,115.610000
2010-04-08,115.750000
2010-04-09,115.880000
2010-04-12,115.910000
2010-04-13,115.900000
2010-04-14,116.260000
2010-04-15,116.390000
2010-04-16,115.650000
2010-04-19,116.030000
2010-04-20,116.620000
2010-04-21,116.310000
2010-04-22,116.420000
2010-04-23,116.880000
2010-04-26,116.690000
2010-04-27,114.940000
2010-04-28,115.730000
2010-04-29,116.710000
2010-04-30,115.240000
2010-05-03,116.390000
2010-05-04,114.570000
2010-05-05,113.920000
2010-05-06,110.200000
2010-05-07,108.710000
2010-05-10,113.380000
2010-05-11,112.980000
2010-05-12,114.650000
2010-05-13,113.530000
2010-05-14,111.490000
2010-05-17,111.420000
2010-05-18,109.930000
2010-05-19,108.920000
2010-05-20,105.250000
2010-05-21,106.050000
2010-05-24,105.330000
2010-05-25,105.680000
2010-05-26,104.700000
2010-05-27,108.050000
2010-05-28,107.080000
2010-06-01,105.420000
2010-06-02,107.900000
2010-06-03,108.480000
2010-06-04,105.320000
2010-06-07,103.650000
2010-06-08,104.810000
2010-06-09,104.450000
2010-06-10,107.130000
2010-06-11,107.720000
2010-06-14,107.900000
2010-06-15,109.660000
2010-06-16,109.980000
2010-06-17,110.320000
2010-06-18,110.600000
2010-06-21,110.540000
2010-06-22,109.170000
2010-06-23,109.030000
2010-06-24,107.670000
2010-06-25,108.180000
2010-06-28,107.940000
2010-06-29,104.610000
2010-06-30,103.850000
2010-07-01,103.400000
2010-07-02,102.640000
2010-07-06,103.700000
2010-07-07,107.120000
2010-07-08,107.920000
2010-07-09,108.430000
2010-07-12,108.930000
2010-07-13,110.080000
2010-07-14,110.320000
2010-07-15,110.340000
2010-07-16,109.080000
2010-07-19,109.090000
2010-07-20,110.400000
2010-07-21,109.180000
2010-07-22,110.900000
2010-07-23,111.620000
2010-07-26,112.310000
2010-07-27,112.360000
2010-07-28,112.010000
2010-07-29,111.780000
2010-07-30,111.990000
2010-08-02,113.190000
2010-08-03,113.090000
2010-08-04,113.370000
2010-08-05,113.420000
2010-08-06,113.410000
2010-08-09,113.700000
2010-08-10,113.570000
2010-08-11,111.720000
2010-08-12,111.390000
2010-08-13,111.200000
2010-08-16,111.460000
2010-08-17,112.590000
2010-08-18,112.510000
2010-08-19,111.460000
2010-08-20,111.500000
2010-08-23,111.430000
2010-08-24,110.160000
2010-08-25,110.660000
2010-08-26,109.760000
2010-08-27,111.570000
2010-08-30,109.940000
2010-08-31,110.240000
2010-09-01,113.040000
2010-09-02,113.630000
2010-09-03,114.610000
2010-09-07,114.020000
2010-09-08,114.580000
2010-09-09,114.850000
2010-09-10,115.270000
2010-09-13,115.620000
2010-09-14,115.680000
2010-09-15,115.780000
2010-09-16,116.010000
2010-09-17,115.890000
2010-09-20,116.840000
2010-09-21,116.720000
2010-09-22,116.570000
2010-09-23,116.090000
2010-09-24,117.260000
2010-09-27,117.150000
2010-09-28,117.350000
2010-09-29,117.300000
2010-09-30,117.240000
2010-10-01,117.620000
2010-10-04,117.430000
2010-10-05,118.200000
2010-10-06,118.290000
2010-10-07,118.320000
2010-10-08,118.480000
2010-10-11,118.590000
2010-10-12,118.600000
2010-10-13,118.940000
2010-10-14,118.940000
2010-10-15,119.050000
2010-10-18,119.430000
2010-10-19,118.570000
2010-10-20,119.250000
2010-10-21,119.430000
2010-10-22,119.730000
2010-10-25,119.830000
2010-10-26,119.840000
2010-10-27,119.670000
2010-10-28,119.720000
2010-10-29,119.740000
2010-11-01,119.970000
2010-11-02,120.390000
2010-11-03,120.840000
2010-11-04,121.430000
2010-11-05,121.570000
2010-11-08,121.680000
2010-11-09,121.500000
2010-11-10,121.650000
2010-11-11,121.630000
2010-11-12,121.250000
2010-11-15,121.460000
2010-11-16,120.460000
2010-11-17,120.700000
2010-11-18,121.970000
2010-11-19,122.150000
2010-11-22,122.170000
2010-11-23,120.650000
2010-11-24,122.080000
2010-11-26,120.990000
2010-11-29,121.420000
2010-11-30,120.750000
2010-12-01,122.710000
2010-12-02,123.810000
2010-12-03,124.030000
2010-12-06,124.150000
2010-12-07,124.200000
2010-12-08,124.510000
2010-12-09,124.760000
2010-12-10,124.940000
2010-12-13,125.030000
2010-12-14,125.050000
2010-12-15,124.900000
2010-12-16,125.100000
2010-12-17,125.310000
2010-12-20,125.690000
2010-12-21,126.170000
2010-12-22,126.460000
2010-12-23,126.320000
2010-12-27,126.390000
2010-12-28,126.520000
2010-12-29,126.660000
2010-12-30,126.630000
2010-12-31,126.540000
2011-01-03,127.220000
2011-01-04,127.300000
2011-01-05,127.560000
2011-01-06,127.530000
2011-01-07,127.560000
2011-01-10,127.600000
2011-01-11,127.840000
2011-01-12,128.140000
2011-01-13,128.150000
2011-01-14,128.280000
2011-01-18,128.480000
2011-01-19,128.110000
2011-01-20,127.970000
2011-01-21,128.240000
2011-01-24,128.850000
2011-01-25,128.880000
2011-01-26,129.260000
2011-01-27,129.440000
2011-01-28,127.780000
2011-01-31,128.670000
2011-02-01,129.760000
2011-02-02,129.780000
2011-02-03,129.980000
2011-02-04,130.240000
2011-02-07,130.530000
2011-02-08,130.700000
2011-02-09,130.700000
2011-02-10,130.730000
2011-02-11,130.850000
2011-02-14,130.910000
2011-02-15,130.950000
2011-02-16,131.160000
2011-02-17,131.400000
2011-02-18,131.640000
2011-02-22,129.890000
2011-02-23,129.210000
2011-02-24,129.120000
2011-02-25,130.460000
2011-02-28,131.040000
2011-03-01,129.180000
2011-03-02,129.630000
2011-03-03,131.380000
2011-03-04,130.850000
2011-03-07,130.050000
2011-03-08,130.970000
2011-03-09,130.650000
2011-03-10,128.870000
2011-03-11,130.050000
2011-03-14,129.100000
2011-03-15,127.660000
2011-03-16,125.900000
2011-03-17,126.830000
2011-03-18,127.570000
2011-03-21,129.120000
2011-03-22,128.900000
2011-03-23,129.300000
2011-03-24,130.070000
2011-03-25,130.410000
2011-03-28,130.270000
2011-03-29,130.790000
2011-03-30,131.330000
2011-03-31,131.360000
2011-04-01,131.660000
2011-04-04,131.740000
2011-04-05,131.890000
2011-04-06,132.130000
2011-04-07,132.060000
2011-04-08,131.900000
2011-04-11,131.860000
2011-04-12,131.360000
2011-04-13,131.510000
2011-04-14,131.660000
2011-04-15,132.000000
2011-04-18,131.190000
2011-04-19,131.810000
2011-04-20,132.850000
2011-04-21,133.250000
2011-04-25,133.180000
2011-04-26,133.670000
2011-04-27,133.920000
2011-04-28,134.210000
2011-04-29,134.270000
2011-05-02,134.250000
2011-05-03,134.160000
2011-05-04,133.900000
2011-05-05,133.260000
2011-05-06,133.560000
2011-05-09,134.080000
2011-05-10,134.500000
2011-05-11,134.100000
2011-05-12,134.420000
2011-05-13,134.060000
2011-05-16,133.790000
2011-05-17,133.810000
2011-05-18,134.620000
2011-05-19,134.960000
2011-05-20,134.530000
2011-05-23,133.440000
2011-05-24,133.400000
2011-05-25,133.820000
2011-05-26,134.220000
2011-05-27,134.680000
2011-05-31,135.700000
2011-06-01,133.530000
2011-06-02,133.350000
2011-06-03,132.290000
2011-06-06,131.000000
2011-06-07,130.890000
2011-06-08,130.400000
2011-06-09,131.380000
2011-06-10,129.480000
2011-06-13,129.640000
2011-06-14,131.080000
2011-06-15,129.060000
2011-06-16,129.010000
2011-06-17,129.500000
2011-06-20,130.100000
2011-06-21,131.240000
2011-06-22,130.910000
2011-06-23,130.640000
2011-06-24,129.570000
2011-06-27,130.600000
2011-06-28,131.680000
2011-06-29,132.490000
2011-06-30,133.060000
2011-07-01,133.470000
2011-07-05,133.550000
2011-07-06,133.600000
2011-07-07,133.800000
2011-07-08,133.780000
2011-07-11,133.310000
2011-07-12,133.120000
2011-07-13,133.300000
2011-07-14,132.840000
2011-07-15,133.270000
2011-07-18,132.530000
2011-07-19,134.090000
2011-07-20,134.110000
2011-07-21,135.270000
2011-07-22,135.380000
2011-07-25,134.870000
2011-07-26,134.580000
2011-07-27,132.740000
2011-07-28,132.360000
2011-07-29,131.690000
2011-08-01,131.210000
2011-08-02,128.320000
2011-08-03,128.900000
2011-08-04,122.970000
2011-08-05,122.840000
2011-08-08,114.040000
2011-08-09,120.180000
2011-08-10,114.580000
2011-08-11,120.530000
2011-08-12,120.680000
2011-08-15,123.320000
2011-08-16,122.250000
2011-08-17,122.460000
2011-08-18,117.180000
2011-08-19,115.620000
2011-08-22,115.180000
2011-08-23,118.770000
2011-08-24,120.270000
2011-08-25,118.400000
2011-08-26,120.180000
2011-08-29,122.870000
2011-08-30,123.310000
2011-08-31,123.600000
2011-09-01,122.950000
2011-09-02,120.760000
2011-09-06,119.600000
2011-09-07,122.690000
2011-09-08,121.910000
2011-09-09,118.950000
2011-09-12,119.530000
2011-09-13,120.980000
2011-09-14,122.600000
2011-09-15,124.340000
2011-09-16,125.270000
2011-09-19,124.720000
2011-09-20,124.720000
2011-09-21,122.360000
2011-09-22,118.590000
2011-09-23,119.210000
2011-09-26,121.890000
2011-09-27,122.640000
2011-09-28,120.840000
2011-09-29,121.480000
2011-09-30,119.190000
2011-10-03,116.650000
2011-10-04,118.160000
2011-10-05,120.580000
2011-10-06,122.530000
2011-10-07,121.940000
2011-10-10,125.410000
2011-10-11,125.730000
2011-10-12,126.960000
2011-10-13,126.800000
2011-10-14,128.420000
2011-10-17,126.570000
2011-10-18,128.830000
2011-10-19,127.830000
2011-10-20,127.940000
2011-10-21,129.600000
2011-10-24,130.880000
2011-10-25,129.180000
2011-10-26,130.300000
2011-10-27,132.780000
2011-10-28,133.150000
2011-10-31,131.570000
2011-11-01,128.660000
2011-11-02,130.390000
2011-11-03,132.060000
2011-11-04,131.550000
2011-11-07,132.420000
2011-11-08,133.590000
2011-11-09,130.280000
2011-11-10,131.450000
2011-11-11,133.220000
2011-11-14,132.620000
2011-11-15,133.330000
2011-11-16,131.750000
2011-11-17,129.380000
2011-11-18,129.640000
2011-11-21,127.530000
2011-11-22,127.280000
2011-11-23,124.800000
2011-11-25,123.870000
2011-11-28,127.610000
2011-11-29,128.260000
2011-11-30,133.010000
2011-12-01,132.880000
2011-12-02,133.120000
2011-12-05,133.980000
2011-12-06,134.360000
2011-12-07,134.730000
2011-12-08,131.950000
2011-12-09,134.550000
2011-12-12,132.720000
2011-12-13,131.740000
2011-12-14,130.340000
2011-12-15,130.640000
2011-12-16,131.130000
2011-12-19,129.860000
2011-12-20,132.910000
2011-12-21,133.170000
2011-12-22,133.950000
2011-12-23,134.710000
2011-12-27,134.980000
2011-12-28,133.910000
2011-12-29,134.840000
2011-12-30,134.670000
2012-01-03,135.870000
2012-01-04,136.080000
2012-01-05,136.400000
2012-01-06,136.420000
2012-01-09,136.740000
2012-01-10,137.160000
2012-01-11,137.280000
2012-01-12,137.490000
2012-01-13,137.310000
2012-01-17,137.640000
2012-01-18,138.080000
2012-01-19,138.480000
2012-01-20,138.820000
2012-01-23,139.030000
2012-01-24,138.880000
2012-01-25,139.600000
2012-01-26,139.130000
2012-01-27,139.280000
2012-01-30,138.960000
2012-01-31,139.080000
2012-02-01,139.750000
2012-02-02,139.980000
2012-02-03,140.750000
2012-02-06,140.770000
2012-02-07,140.960000
2012-02-08,141.020000
2012-02-09,141.110000
2012-02-10,140.810000
2012-02-13,141.240000
2012-02-14,141.320000
2012-02-15,141.050000
2012-02-16,142.000000
2012-02-17,142.310000
2012-02-21,142.410000
2012-02-22,142.280000
2012-02-23,142.820000
2012-02-24,142.980000
2012-02-27,143.210000
2012-02-28,143.390000
2012-02-29,143.180000
2012-03-01,143.640000
2012-03-02,143.580000
2012-03-05,143.480000
2012-03-06,142.000000
2012-03-07,142.810000
2012-03-08,143.670000
2012-03-09,144.060000
2012-03-12,144.330000
2012-03-13,144.800000
2012-03-14,144.940000
2012-03-15,145.300000
2012-03-16,145.560000
2012-03-19,145.850000
2012-03-20,145.710000
2012-03-21,145.750000
2012-03-22,145.160000
2012-03-23,145.560000
2012-03-26,146.450000
2012-03-27,146.240000
2012-03-28,146.100000
2012-03-29,146.120000
2012-03-30,146.310000
2012-04-02,146.790000
2012-04-03,146.670000
2012-04-04,146.140000
2012-04-05,146.120000
2012-04-09,145.270000
2012-04-10,143.380000
2012-04-11,144.220000
2012-04-12,145.820000
2012-04-13,144.530000
2012-04-16,144.560000
2012-04-17,146.340000
2012-04-18,146.150000
2012-04-19,145.580000
2012-04-20,145.820000
2012-04-23,144.920000
2012-04-24,145.350000
2012-04-25,146.780000
2012-04-26,147.440000
2012-04-27,147.660000
2012-04-30,147.380000
2012-05-01,147.990000
2012-05-02,147.780000
2012-05-03,147.220000
2012-05-04,145.730000
2012-05-07,145.670000
2012-05-08,145.280000
2012-05-09,144.490000
2012-05-10,144.550000
2012-05-11,144.370000
2012-05-14,142.860000
2012-05-15,142.350000
2012-05-16,142.050000
2012-05-17,140.410000
2012-05-18,139.240000
2012-05-21,141.260000
2012-05-22,141.200000
2012-05-23,141.570000
2012-05-24,141.770000
2012-05-25,141.600000
2012-05-29,143.010000
2012-05-30,141.460000
2012-05-31,141.270000
2012-06-01,137.920000
2012-06-04,138.050000
2012-06-05,138.790000
2012-06-06,141.730000
2012-06-07,142.020000
2012-06-08,142.900000
2012-06-11,141.410000
2012-06-12,142.870000
2012-06-13,141.990000
2012-06-14,143.170000
2012-06-15,144.590000
2012-06-18,145.000000
2012-06-19,145.730000
2012-06-20,145.760000
2012-06-21,143.900000
2012-06-22,144.910000
2012-06-25,143.320000
2012-06-26,143.860000
2012-06-27,144.640000
2012-06-28,144.590000
2012-06-29,146.640000
2012-07-02,146.980000
2012-07-03,147.320000
2012-07-05,147.210000
2012-07-06,146.910000
2012-07-09,146.810000
2012-07-10,146.270000
2012-07-11,146.430000
2012-07-12,146.030000
2012-07-13,147.560000
2012-07-16,147.420000
2012-07-17,148.110000
2012-07-18,148.550000
2012-07-19,148.890000
2012-07-20,148.310000
2012-07-23,147.400000
2012-07-24,146.240000
2012-07-25,146.180000
2012-07-26,148.260000
2012-07-27,149.600000
2012-07-30,149.540000
2012-07-31,149.300000
2012-08-01,149.070000
2012-08-02,148.830000
2012-08-03,150.410000
2012-08-06,150.610000
2012-08-07,150.900000
2012-08-08,151.040000
2012-08-09,151.150000
2012-08-10,151.270000
2012-08-13,151.360000
2012-08-14,151.360000
2012-08-15,151.460000
2012-08-16,151.970000
2012-08-17,152.300000
2012-08-20,152.380000
2012-08-21,152.120000
2012-08-22,152.180000
2012-08-23,151.460000
2012-08-24,152.100000
2012-08-27,152.080000
2012-08-28,152.080000
2012-08-29,152.160000
2012-08-30,151.500000
2012-08-31,152.170000
2012-09-04,152.000000
2012-09-05,152.000000
2012-09-06,153.560000
2012-09-07,153.960000
2012-09-10,153.650000
2012-09-11,153.840000
2012-09-12,154.000000
2012-09-13,154.430000
2012-09-14,154.530000
2012-09-17,154.600000
2012-09-18,154.600000
2012-09-19,154.750000
2012-09-20,154.720000
2012-09-21,154.830000
2012-09-24,154.740000
2012-09-25,153.630000
2012-09-26,152.960000
2012-09-27,154.160000
2012-09-28,153.670000
2012-10-01,153.820000
2012-10-02,154.080000
2012-10-03,154.670000
2012-10-04,155.340000
2012-10-05,155.440000
2012-10-08,155.290000
2012-10-09,154.110000
2012-10-10,153.220000
2012-10-11,153.560000
2012-10-12,153.110000
2012-10-15,154.200000
2012-10-16,155.430000
2012-10-17,155.850000
2012-10-18,155.960000
2012-10-19,154.440000
2012-10-22,154.390000
2012-10-23,152.700000
2012-10-24,152.210000
2012-10-25,152.530000
2012-10-26,152.650000
2012-10-31,152.710000
2012-11-01,154.180000
2012-11-02,153.060000
2012-11-05,153.350000
2012-11-06,154.240000
2012-11-07,151.360000
2012-11-08,149.750000
2012-11-09,149.640000
2012-11-12,149.800000
2012-11-13,149.440000
2012-11-14,147.650000
2012-11-15,147.840000
2012-11-16,148.210000
2012-11-19,150.290000
2012-11-20,150.430000
2012-11-21,150.640000
2012-11-23,151.530000
2012-11-26,151.480000
2012-11-27,151.230000
2012-11-28,151.770000
2012-11-29,152.060000
2012-11-30,152.100000
2012-12-03,151.880000
2012-12-04,151.830000
2012-12-05,152.010000
2012-12-06,152.240000
2012-12-07,152.490000
2012-12-10,152.690000
2012-12-11,152.880000
2012-12-12,152.940000
2012-12-13,152.890000
2012-12-14,152.790000
2012-12-17,153.170000
2012-12-18,153.590000
2012-12-19,153.290000
2012-12-20,153.480000
2012-12-21,153.020000
2012-12-24,152.870000
2012-12-26,152.420000
2012-12-27,152.410000
2012-12-28,150.980000
2012-12-31,152.860000
2013-01-02,155.570000
2013-01-03,155.500000
2013-01-04,156.030000
2013-01-07,156.020000
2013-01-08,155.900000
2013-01-09,156.110000
2013-01-10,156.490000
2013-01-11,156.540000
2013-01-14,156.540000
2013-01-15,156.730000
2013-01-16,156.820000
2013-01-17,157.200000
2013-01-18,157.500000
2013-01-22,157.950000
2013-01-23,158.080000
2013-01-24,158.140000
2013-01-25,158.300000
2013-01-28,158.330000
2013-01-29,158.540000
2013-01-30,158.320000
2013-01-31,158.370000
2013-02-01,158.800000
2013-02-04,158.380000
2013-02-05,158.830000
2013-02-06,158.900000
2013-02-07,158.910000
2013-02-08,159.030000
2013-02-11,159.100000
2013-02-12,159.170000
2013-02-13,159.180000
2013-02-14,159.290000
2013-02-15,159.340000
2013-02-19,159.970000
2013-02-20,158.800000
2013-02-21,158.070000
2013-02-22,159.080000
2013-02-25,156.880000
2013-02-26,157.910000
2013-02-27,159.440000
2013-02-28,159.430000
2013-03-01,159.540000
2013-03-04,160.160000
2013-03-05,160.740000
2013-03-06,160.910000
2013-03-07,161.060000
2013-03-08,161.220000
2013-03-11,161.280000
2013-03-12,161.350000
2013-03-13,161.480000
2013-03-14,161.800000
2013-03-15,161.740000
2013-03-18,161.200000
2013-03-19,160.970000
2013-03-20,161.660000
2013-03-21,160.900000
2013-03-22,161.370000
2013-03-25,161.460000
2013-03-26,162.110000
2013-03-27,162.080000
2013-03-28,162.480000
2013-04-01,162.180000
2013-04-02,162.610000
2013-04-03,161.960000
2013-04-04,162.190000
2013-04-05,162.030000
2013-04-08,162.610000
2013-04-09,163.000000
2013-04-10,163.470000
2013-04-11,163.610000
2013-04-12,163.580000
2013-04-15,162.430000
2013-04-16,163.500000
2013-04-17,162.530000
2013-04-18,161.700000
2013-04-19,162.630000
2013-04-22,163.240000
2013-04-23,164.260000
2013-04-24,164.270000
2013-04-25,164.510000
2013-04-26,164.570000
2013-04-29,165.020000
2013-04-30,165.200000
2013-05-01,164.600000
2013-05-02,165.300000
2013-05-03,165.850000
2013-05-06,165.990000
2013-05-07,166.080000
2013-05-08,166.160000
2013-05-09,166.130000
2013-05-10,166.200000
2013-05-13,166.190000
2013-05-14,166.460000
2013-05-15,166.590000
2013-05-16,166.510000
2013-05-17,167.100000
2013-05-20,167.120000
2013-05-21,167.230000
2013-05-22,166.550000
2013-05-23,166.470000
2013-05-24,166.290000
2013-05-28,167.040000
2013-05-29,166.490000
2013-05-30,166.900000
2013-05-31,165.630000
2013-06-03,166.050000
2013-06-04,165.690000
2013-06-05,164.050000
2013-06-06,164.970000
2013-06-07,166.830000
2013-06-10,166.780000
2013-06-11,165.620000
2013-06-12,164.600000
2013-06-13,166.690000
2013-06-14,165.970000
2013-06-17,166.980000
2013-06-18,167.740000
2013-06-19,167.060000
2013-06-20,163.110000
2013-06-21,163.350000
2013-06-24,161.670000
2013-06-25,163.170000
2013-06-26,164.510000
2013-06-27,165.300000
2013-06-28,164.830000
2013-07-01,165.630000
2013-07-02,165.580000
2013-07-03,165.630000
2013-07-05,167.040000
2013-07-08,167.790000
2013-07-09,168.680000
2013-07-10,168.750000
2013-07-11,169.950000
2013-07-12,170.160000
2013-07-15,170.400000
2013-07-16,170.200000
2013-07-17,170.610000
2013-07-18,170.830000
2013-07-19,171.140000
2013-07-22,171.510000
2013-07-23,171.370000
2013-07-24,170.980000
2013-07-25,171.350000
2013-07-26,171.450000
2013-07-29,171.200000
2013-07-30,171.380000
2013-07-31,171.330000
2013-08-01,172.360000
2013-08-02,172.700000
2013-08-05,172.820000
2013-08-06,172.370000
2013-08-07,172.170000
2013-08-08,172.650000
2013-08-09,172.370000
2013-08-12,172.450000
2013-08-13,172.780000
2013-08-14,172.540000
2013-08-15,170.750000
2013-08-16,170.320000
2013-08-19,169.530000
2013-08-20,170.110000
2013-08-21,169.310000
2013-08-22,170.440000
2013-08-23,171.100000
2013-08-26,170.650000
2013-08-27,168.390000
2013-08-28,168.900000
2013-08-29,169.120000
2013-08-30,168.510000
2013-09-03,169.270000
2013-09-04,170.560000
2013-09-05,170.850000
2013-09-06,170.890000
2013-09-09,172.190000
2013-09-10,173.070000
2013-09-11,173.450000
2013-09-12,173.290000
2013-09-13,173.600000
2013-09-16,174.130000
2013-09-17,174.200000
2013-09-18,174.950000
2013-09-19,175.170000
2013-09-20,174.690000
2013-09-23,174.100000
2013-09-24,173.780000
2013-09-25,173.630000
2013-09-26,173.950000
2013-09-27,173.510000
2013-09-30,172.500000
2013-10-01,173.640000
2013-10-02,173.690000
2013-10-03,172.480000
2013-10-04,173.540000
2013-10-07,172.540000
2013-10-08,170.550000
2013-10-09,170.750000
2013-10-10,173.900000
2013-10-11,174.920000
2013-10-14,175.470000
2013-10-15,174.750000
2013-10-16,176.860000
2013-10-17,177.420000
2013-10-18,178.000000
2013-10-21,178.130000
2013-10-22,178.500000
2013-10-23,178.250000
2013-10-24,178.530000
2013-10-25,178.780000
2013-10-28,178.910000
2013-10-29,179.120000
2013-10-30,178.990000
2013-10-31,178.960000
2013-11-01,179.180000
2013-11-04,179.400000
2013-11-05,179.330000
2013-11-06,179.500000
2013-11-07,179.010000
2013-11-08,179.580000
2013-11-11,179.670000
2013-11-12,179.650000
2013-11-13,179.980000
2013-11-14,180.370000
2013-11-15,180.660000
2013-11-18,180.460000
2013-11-19,180.380000
2013-11-20,180.250000
2013-11-21,180.910000
2013-11-22,181.340000
2013-11-25,181.320000
2013-11-26,181.410000
2013-11-27,181.570000
2013-11-29,181.510000
2013-12-02,181.320000
2013-12-03,181.210000
2013-12-04,181.190000
2013-12-05,180.820000
2013-12-06,181.740000
2013-12-09,181.940000
2013-12-10,181.830000
2013-12-11,180.980000
2013-12-12,180.760000
2013-12-13,180.780000
2013-12-16,181.450000
2013-12-17,181.290000
2013-12-18,183.210000
2013-12-19,183.410000
2013-12-20,183.860000
2013-12-23,184.450000
2013-12-24,184.750000
2013-12-26,185.120000
2013-12-27,185.130000
2013-12-30,185.070000
2013-12-31,185.200000
2014-01-02,184.870000
2014-01-03,185.040000
2014-01-06,185.080000
2014-01-07,185.500000
2014-01-08,185.540000
2014-01-09,185.640000
2014-01-10,185.880000
2014-01-13,185.010000
2014-01-14,185.840000
2014-01-15,186.260000
2014-01-16,186.240000
2014-01-17,186.020000
2014-01-21,186.400000
2014-01-22,186.580000
2014-01-23,185.530000
2014-01-24,182.790000
2014-01-27,181.740000
2014-01-28,182.800000
2014-01-29,181.170000
2014-01-30,182.960000
2014-01-31,181.740000
2014-02-03,177.920000
2014-02-04,179.410000
2014-02-05,179.150000
2014-02-06,181.370000
2014-02-07,183.640000
2014-02-10,183.960000
2014-02-11,185.740000
2014-02-12,185.840000
2014-02-13,186.820000
2014-02-14,187.530000
2014-02-18,187.930000
2014-02-19,187.150000
2014-02-20,187.960000
2014-02-21,187.940000
2014-02-24,188.690000
2014-02-25,188.430000
2014-02-26,188.540000
2014-02-27,188.920000
2014-02-28,189.210000
2014-03-03,188.400000
2014-03-04,189.750000
2014-03-05,189.840000
2014-03-06,189.920000
2014-03-07,189.940000
2014-03-10,190.130000
2014-03-11,189.980000
2014-03-12,190.040000
2014-03-13,189.220000
2014-03-14,188.820000
2014-03-17,190.070000
2014-03-18,190.580000
2014-03-19,190.490000
2014-03-20,190.840000
2014-03-21,190.670000
2014-03-24,190.170000
2014-03-25,190.750000
2014-03-26,189.940000
2014-03-27,189.660000
2014-03-28,190.250000
2014-03-31,191.450000
2014-04-01,192.210000
2014-04-02,192.500000
2014-04-03,192.450000
2014-04-04,191.400000
2014-04-07,189.830000
2014-04-08,190.580000
2014-04-09,192.130000
2014-04-10,189.070000
2014-04-11,187.290000
2014-04-14,188.450000
2014-04-15,189.400000
2014-04-16,191.030000
2014-04-17,191.220000
2014-04-21,191.580000
2014-04-22,192.020000
2014-04-23,191.920000
2014-04-24,192.010000
2014-04-25,191.380000
2014-04-28,191.820000
2014-04-29,192.220000
2014-04-30,192.510000
2014-05-01,192.580000
2014-05-02,192.700000
2014-05-05,192.890000
2014-05-06,192.310000
2014-05-07,192.790000
2014-05-08,192.790000
2014-05-09,193.140000
2014-05-12,193.540000
2014-05-13,193.660000
2014-05-14,193.430000
2014-05-15,192.590000
2014-05-16,193.000000
2014-05-19,193.680000
2014-05-20,192.980000
2014-05-21,193.960000
2014-05-22,194.230000
2014-05-23,194.700000
2014-05-27,195.210000
2014-05-28,195.200000
2014-05-29,195.540000
2014-05-30,195.740000
2014-06-02,195.860000
2014-06-03,195.820000
2014-06-04,195.900000
2014-06-05,196.140000
2014-06-06,196.340000
2014-06-09,196.410000
2014-06-10,196.430000
2014-06-11,196.400000
2014-06-12,196.230000
2014-06-13,196.330000
2014-06-16,196.480000
2014-06-17,196.580000
2014-06-18,197.140000
2014-06-19,197.310000
2014-06-20,197.490000
2014-06-23,197.520000
2014-06-24,196.920000
2014-06-25,197.430000
2014-06-26,197.330000
2014-06-27,197.610000
2014-06-30,197.650000
2014-07-01,198.260000
2014-07-02,198.310000
2014-07-03,198.600000
2014-07-07,198.510000
2014-07-08,198.110000
2014-07-09,198.490000
2014-07-10,198.260000
2014-07-11,198.460000
2014-07-14,198.810000
2014-07-15,198.790000
2014-07-16,199.020000
2014-07-17,197.810000
2014-07-18,199.030000
2014-07-21,198.980000
2014-07-22,199.500000
2014-07-23,199.720000
2014-07-24,199.810000
2014-07-25,199.330000
2014-07-28,199.500000
2014-07-29,199.120000
2014-07-30,199.140000
2014-07-31,196.030000
2014-08-01,195.470000
2014-08-04,197.000000
2014-08-05,195.240000
2014-08-06,195.270000
2014-08-07,194.230000
2014-08-08,196.460000
2014-08-11,197.090000
2014-08-12,196.860000
2014-08-13,197.870000
2014-08-14,198.490000
2014-08-15,198.910000
2014-08-18,199.740000
2014-08-19,200.120000
2014-08-20,200.330000
2014-08-21,200.480000
2014-08-22,200.450000
2014-08-25,200.790000
2014-08-26,200.860000
2014-08-27,200.900000
2014-08-28,200.840000
2014-08-29,200.980000
2014-09-02,201.080000
2014-09-03,201.110000
2014-09-04,201.000000
2014-09-05,201.250000
2014-09-08,201.230000
2014-09-09,201.060000
2014-09-10,201.200000
2014-09-11,201.310000
2014-09-12,201.110000
2014-09-15,201.170000
2014-09-16,201.660000
2014-09-17,202.050000
2014-09-18,202.250000
2014-09-19,202.410000
2014-09-22,201.380000
2014-09-23,200.670000
2014-09-24,201.690000
2014-09-25,199.520000
2014-09-26,200.670000
2014-09-29,200.400000
2014-09-30,200.120000
2014-10-01,197.860000
2014-10-02,197.980000
2014-10-03,199.960000
2014-10-06,199.720000
2014-10-07,196.770000
2014-10-08,200.110000
2014-10-09,196.370000
2014-10-10,194.060000
2014-10-13,191.200000
2014-10-14,191.260000
2014-10-15,190.040000
2014-10-16,190.150000
2014-10-17,192.050000
2014-10-20,193.260000
2014-10-21,195.390000
2014-10-22,194.580000
2014-10-23,195.740000
2014-10-24,196.350000
2014-10-27,196.460000
2014-10-28,197.290000
2014-10-29,197.340000
2014-10-30,197.600000
2014-10-31,198.010000
2014-11-03,198.050000
2014-11-04,198.030000
2014-11-05,198.250000
2014-11-06,198.360000
2014-11-07,198.440000
2014-11-10,198.510000
2014-11-11,198.510000
2014-11-12,198.520000
2014-11-13,198.530000
2014-11-14,198.550000
2014-11-17,198.600000
2014-11-18,198.710000
2014-11-19,198.790000
2014-11-20,198.940000
2014-11-21,199.400000
2014-11-24,199.790000
2014-11-25,199.820000
2014-11-26,200.020000
2014-11-28,199.720000
2014-12-01,199.190000
2014-12-02,199.820000
2014-12-03,200.250000
2014-12-04,200.180000
2014-12-05,200.470000
2014-12-08,199.930000
2014-12-09,199.900000
2014-12-10,197.700000
2014-12-11,198.370000
2014-12-12,196.310000
2014-12-15,195.630000
2014-12-16,193.970000
2014-12-17,197.450000
2014-12-18,200.750000
2014-12-19,201.360000
2014-12-22,201.700000
2014-12-23,202.050000
2014-12-24,202.220000
2014-12-26,202.390000
2014-12-29,202.560000
2014-12-30,202.280000
2014-12-31,201.140000
2015-01-02,201.370000
2015-01-05,199.080000
2015-01-06,197.460000
2015-01-07,199.430000
2015-01-08,202.010000
2015-01-09,201.200000
2015-01-12,199.970000
2015-01-13,199.520000
2015-01-14,198.370000
2015-01-15,197.520000
2015-01-16,198.680000
2015-01-20,199.150000
2015-01-21,200.070000
2015-01-22,202.000000
2015-01-23,201.510000
2015-01-26,202.070000
2015-01-27,200.320000
2015-01-28,198.230000
2015-01-29,199.700000
2015-01-30,197.500000
2015-02-02,199.690000
2015-02-03,201.990000
2015-02-04,201.410000
2015-02-05,202.830000
2015-02-06,202.410000
2015-02-09,202.280000
2015-02-10,203.570000
2015-02-11,203.670000
2015-02-12,204.760000
2015-02-13,205.030000
2015-02-17,205.250000
2015-02-18,205.460000
2015-02-19,205.510000
2015-02-20,206.130000
2015-02-23,206.370000
2015-02-24,206.880000
2015-02-25,206.860000
2015-02-26,206.820000
2015-02-27,206.700000
2015-03-02,207.320000
2015-03-03,206.910000
2015-03-04,206.560000
2015-03-05,206.810000
2015-03-06,204.890000
2015-03-09,205.870000
2015-03-10,203.140000
2015-03-11,202.690000
2015-03-12,204.940000
2015-03-13,204.100000
2015-03-16,206.110000
2015-03-17,205.720000
2015-03-18,207.510000
2015-03-19,207.290000
2015-03-20,208.470000
2015-03-23,208.490000
2015-03-24,207.730000
2015-03-25,205.580000
2015-03-26,205.160000
2015-03-27,205.660000
2015-03-30,207.440000
2015-03-31,206.550000
2015-04-01,205.580000
2015-04-02,206.600000
2015-04-06,207.690000
2015-04-07,207.420000
2015-04-08,207.840000
2015-04-09,208.820000
2015-04-10,209.670000
2015-04-13,209.190000
2015-04-14,209.210000
2015-04-15,210.210000
2015-04-16,210.170000
2015-04-17,208.910000
2015-04-20,210.200000
2015-04-21,210.130000
2015-04-22,210.670000
2015-04-23,210.990000
2015-04-24,211.230000
2015-04-27,210.820000
2015-04-28,211.220000
2015-04-29,210.950000
2015-04-30,209.540000
2015-05-01,211.180000
2015-05-04,211.680000
2015-05-05,210.280000
2015-05-06,209.580000
2015-05-07,210.500000
2015-05-08,212.200000
2015-05-11,212.010000
2015-05-12,211.780000
2015-05-13,212.020000
2015-05-14,212.960000
2015-05-15,213.190000
2015-05-18,213.630000
2015-05-19,213.620000
2015-05-20,213.660000
2015-05-21,213.960000
2015-05-22,213.890000
2015-05-26,212.800000
2015-05-27,213.930000
2015-05-28,213.800000
2015-05-29,213.270000
2015-06-01,213.470000
2015-06-02,213.430000
2015-06-03,213.790000
2015-06-04,212.660000
2015-06-05,212.810000
2015-06-08,211.910000
2015-06-09,212.140000
2015-06-10,213.970000
2015-06-11,214.270000
2015-06-12,213.450000
2015-06-15,212.600000
2015-06-16,213.470000
2015-06-17,214.210000
2015-06-18,215.420000
2015-06-19,215.120000
2015-06-22,215.870000
2015-06-23,216.110000
2015-06-24,215.310000
2015-06-25,214.840000
2015-06-26,214.770000
2015-06-29,211.230000
2015-06-30,212.050000
2015-07-01,213.160000
2015-07-02,213.260000
2015-07-06,212.600000
2015-07-07,213.870000
2015-07-08,210.840000
2015-07-09,211.410000
2015-07-10,213.800000
2015-07-13,216.000000
2015-07-14,216.800000
2015-07-15,216.720000
2015-07-16,217.860000
2015-07-17,218.080000
2015-07-20,218.260000
2015-07-21,217.940000
2015-07-22,217.810000
2015-07-23,217.050000
2015-07-24,215.590000
2015-07-27,214.420000
2015-07-28,216.790000
2015-07-29,217.980000
2015-07-30,218.110000
2015-07-31,217.860000
2015-08-03,217.350000
2015-08-04,217.230000
2015-08-05,217.890000
2015-08-06,216.660000
2015-08-07,216.110000
2015-08-10,218.410000
2015-08-11,216.890000
2015-08-12,217.140000
2015-08-13,217.110000
2015-08-14,217.870000
2015-08-17,218.740000
2015-08-18,218.570000
2015-08-19,217.490000
2015-08-20,213.820000
2015-08-21,207.920000
2015-08-24,199.750000
2015-08-25,197.380000
2015-08-26,204.200000
2015-08-27,208.720000
2015-08-28,208.850000
2015-08-31,207.760000
2015-09-01,202.280000
2015-09-02,205.060000
2015-09-03,206.150000
2015-09-04,203.060000
2015-09-08,207.750000
2015-09-09,204.710000
2015-09-10,205.840000
2015-09-11,206.710000
2015-09-14,206.280000
2015-09-15,208.670000
2015-09-16,210.000000
2015-09-17,210.410000
2015-09-18,206.940000
2015-09-21,208.100000
2015-09-22,205.920000
2015-09-23,205.700000
2015-09-24,205.140000
2015-09-25,204.960000
2015-09-28,199.880000
2015-09-29,200.280000
2015-09-30,203.820000
2015-10-01,204.180000
2015-10-02,206.830000
2015-10-05,210.580000
2015-10-06,209.950000
2015-10-07,211.520000
2015-10-08,213.140000
2015-10-09,213.520000
2015-10-12,213.600000
2015-10-13,212.780000
2015-10-14,212.210000
2015-10-15,214.020000
2015-10-16,214.570000
2015-10-19,214.950000
2015-10-20,214.810000
2015-10-21,214.000000
2015-10-22,215.720000
2015-10-23,216.560000
2015-10-26,216.380000
2015-10-27,216.220000
2015-10-28,216.990000
2015-10-29,216.960000
2015-10-30,216.890000
2015-11-02,217.460000
2015-11-03,217.510000
2015-11-04,217.390000
2015-11-05,217.500000
2015-11-06,217.610000
2015-11-09,217.340000
2015-11-10,217.500000
2015-11-11,217.510000
2015-11-12,216.740000
2015-11-13,215.800000
2015-11-16,217.610000
2015-11-17,217.570000
2015-11-18,218.940000
2015-11-19,219.090000
2015-11-20,219.380000
2015-11-23,219.530000
2015-11-24,219.720000
2015-11-25,219.880000
2015-11-27,220.080000
2015-11-30,219.530000
2015-12-01,220.780000
2015-12-02,219.530000
2015-12-03,217.440000
2015-12-04,220.500000
2015-12-07,219.820000
2015-12-08,218.990000
2015-12-09,217.520000
2015-12-10,218.200000
2015-12-11,214.230000
2015-12-14,215.600000
2015-12-15,217.650000
2015-12-16,221.000000
2015-12-17,218.440000
2015-12-18,214.860000
2015-12-21,216.020000
2015-12-22,217.820000
2015-12-23,220.210000
2015-12-24,219.990000
2015-12-28,219.580000
2015-12-29,221.550000
2015-12-30,220.360000
2015-12-31,218.820000
2016-01-04,215.470000
2016-01-05,216.100000
2016-01-06,213.540000
2016-01-07,209.050000
2016-01-08,205.990000
2016-01-11,206.800000
2016-01-12,208.280000
2016-01-13,204.020000
2016-01-14,206.980000
2016-01-15,202.490000
2016-01-19,203.170000
2016-01-20,201.160000
2016-01-21,202.280000
2016-01-22,205.610000
2016-01-25,202.880000
2016-01-26,205.290000
2016-01-27,203.370000
2016-01-28,204.740000
2016-01-29,208.530000
2016-02-01,208.960000
2016-02-02,205.760000
2016-02-03,206.400000
2016-02-04,207.140000
2016-02-05,203.290000
2016-02-08,200.710000
2016-02-09,201.040000
2016-02-10,200.950000
2016-02-11,198.840000
2016-02-12,202.320000
2016-02-16,205.340000
2016-02-17,208.020000
2016-02-18,207.910000
2016-02-19,207.990000
2016-02-22,209.890000
2016-02-23,208.470000
2016-02-24,208.920000
2016-02-25,210.320000
2016-02-26,210.290000
2016-02-29,209.730000
2016-03-01,211.830000
2016-03-02,212.360000
2016-03-03,212.570000
2016-03-04,212.720000
2016-03-07,212.830000
2016-03-08,212.420000
2016-03-09,212.720000
2016-03-10,212.920000
2016-03-11,213.480000
2016-03-14,213.640000
2016-03-15,213.580000
2016-03-16,214.430000
2016-03-17,214.940000
2016-03-18,215.460000
2016-03-21,215.820000
2016-03-22,215.740000
2016-03-23,215.080000
2016-03-24,214.990000
2016-03-28,215.260000
2016-03-29,216.550000
2016-03-30,217.020000
2016-03-31,216.790000
2016-04-01,217.510000
2016-04-04,217.320000
2016-04-05,216.250000
2016-04-06,217.580000
2016-04-07,216.240000
2016-04-08,216.890000
2016-04-11,216.770000
2016-04-12,217.850000
2016-04-13,218.740000
2016-04-14,218.810000
2016-04-15,218.830000
2016-04-18,219.590000
2016-04-19,219.820000
2016-04-20,219.990000
2016-04-21,219.590000
2016-04-22,219.750000
2016-04-25,219.540000
2016-04-26,219.790000
2016-04-27,220.060000
2016-04-28,218.870000
2016-04-29,218.390000
2016-05-02,219.700000
2016-05-03,218.650000
2016-05-04,217.850000
2016-05-05,217.880000
2016-05-06,218.640000
2016-05-09,219.000000
2016-05-10,220.660000
2016-05-11,219.700000
2016-05-12,219.760000
2016-05-13,218.530000
2016-05-16,220.390000
2016-05-17,218.880000
2016-05-18,218.960000
2016-05-19,218.700000
2016-05-20,219.480000
2016-05-23,219.270000
2016-05-24,221.120000
2016-05-25,221.810000
2016-05-26,221.850000
2016-05-27,222.270000
2016-05-31,222.340000
2016-06-01,222.370000
2016-06-02,222.660000
2016-06-03,222.720000
2016-06-06,223.060000
2016-06-07,223.150000
2016-06-08,223.320000
2016-06-09,223.320000
2016-06-10,222.890000
2016-06-13,222.430000
2016-06-14,222.570000
2016-06-15,222.510000
2016-06-16,223.110000
2016-06-17,222.820000
2016-06-20,223.850000
2016-06-21,224.110000
2016-06-22,223.350000
2016-06-23,225.290000
2016-06-24,220.740000
2016-06-27,217.320000
2016-06-28,220.790000
2016-06-29,223.930000
2016-06-30,225.650000
2016-07-01,226.400000
2016-07-05,225.730000
2016-07-06,226.520000
2016-07-07,226.560000
2016-07-08,227.750000
2016-07-11,227.860000
2016-07-12,228.080000
2016-07-13,228.180000
2016-07-14,228.420000
2016-07-15,228.530000
2016-07-18,228.890000
2016-07-19,228.810000
2016-07-20,229.340000
2016-07-21,228.860000
2016-07-22,229.420000
2016-07-25,229.180000
2016-07-26,229.280000
2016-07-27,229.280000
2016-07-28,229.520000
2016-07-29,229.910000
2016-08-01,229.690000
2016-08-02,229.150000
2016-08-03,229.610000
2016-08-04,229.800000
2016-08-05,230.630000
2016-08-08,230.710000
2016-08-09,230.760000
2016-08-10,230.620000
2016-08-11,231.050000
2016-08-12,231.100000
2016-08-15,231.260000
2016-08-16,231.020000
2016-08-17,231.220000
2016-08-18,231.590000
2016-08-19,231.740000
2016-08-22,231.720000
2016-08-23,231.970000
2016-08-24,231.120000
2016-08-25,230.980000
2016-08-26,230.950000
2016-08-29,231.940000
2016-08-30,231.690000
2016-08-31,231.460000
2016-09-01,231.380000
2016-09-02,232.370000
2016-09-06,232.790000
2016-09-07,232.890000
2016-09-08,232.820000
2016-09-09,228.100000
2016-09-12,230.900000
2016-09-13,228.120000
2016-09-14,227.930000
2016-09-15,229.750000
2016-09-16,229.400000
2016-09-19,229.600000
2016-09-20,229.680000
2016-09-21,231.270000
2016-09-22,232.210000
2016-09-23,231.810000
2016-09-26,230.510000
2016-09-27,231.530000
2016-09-28,232.270000
2016-09-29,230.990000
2016-09-30,232.120000
2016-10-03,231.860000
2016-10-04,231.280000
2016-10-05,232.090000
2016-10-06,232.270000
2016-10-07,232.220000
2016-10-10,232.860000
2016-10-11,230.930000
2016-10-12,231.370000
2016-10-13,230.660000
2016-10-14,231.240000
2016-10-17,230.710000
2016-10-18,231.900000
2016-10-19,232.420000
2016-10-20,232.420000
2016-10-21,232.300000
2016-10-24,233.080000
2016-10-25,232.530000
2016-10-26,232.290000
2016-10-27,231.850000
2016-10-28,231.330000
2016-10-31,231.350000
2016-11-01,230.220000
2016-11-02,229.370000
2016-11-03,228.300000
2016-11-04,228.110000
2016-11-07,231.800000
2016-11-08,232.520000
2016-11-09,234.450000
2016-11-10,234.840000
2016-11-11,234.960000
2016-11-14,235.290000
2016-11-15,235.750000
2016-11-16,235.800000
2016-11-17,236.210000
2016-11-18,236.300000
2016-11-21,237.220000
2016-11-22,237.470000
2016-11-23,237.500000
2016-11-25,237.850000
2016-11-28,237.560000
2016-11-29,237.760000
2016-11-30,237.710000
2016-12-01,237.160000
2016-12-02,237.390000
2016-12-05,238.390000
2016-12-06,238.730000
2016-12-07,239.020000
2016-12-08,239.070000
2016-12-09,239.180000
2016-12-12,239.170000
2016-12-13,239.300000
2016-12-14,239.000000
2016-12-15,239.220000
2016-12-16,239.130000
2016-12-19,239.670000
2016-12-20,240.180000
2016-12-21,240.000000
2016-12-22,239.690000
2016-12-23,239.950000
2016-12-27,240.410000
2016-12-28,239.190000
2016-12-29,239.110000
2016-12-30,238.350000
2017-01-03,239.940000
2017-01-04,241.070000
2017-01-05,241.110000
2017-01-06,241.670000
2017-01-09,241.460000
2017-01-10,241.600000
2017-01-11,241.920000
2017-01-12,241.830000
2017-01-13,242.220000
2017-01-17,241.830000
2017-01-18,242.140000
2017-01-19,241.860000
2017-01-20,242.430000
2017-01-23,242.200000
2017-01-24,243.080000
2017-01-25,243.790000
2017-01-26,243.770000
2017-01-27,243.820000
2017-01-30,243.270000
2017-01-31,243.150000
2017-02-01,243.450000
2017-02-02,243.530000
2017-02-03,244.350000
2017-02-06,244.330000
2017-02-07,244.430000
2017-02-08,244.600000
2017-02-09,244.920000
2017-02-10,244.990000
2017-02-13,245.100000
2017-02-14,245.280000
2017-02-15,245.500000
2017-02-16,245.630000
2017-02-17,245.880000
2017-02-21,246.590000
2017-02-22,246.550000
2017-02-23,246.580000
2017-02-24,246.760000
2017-02-27,246.900000
2017-02-28,246.710000
2017-03-01,247.490000
2017-03-02,247.430000
2017-03-03,247.630000
2017-03-06,247.680000
2017-03-07,247.530000
2017-03-08,247.470000
2017-03-09,247.490000
2017-03-10,247.740000
2017-03-13,247.900000
2017-03-14,247.760000
2017-03-15,248.430000
2017-03-16,248.470000
2017-03-17,248.530000
2017-03-20,248.340000
2017-03-21,246.390000
2017-03-22,246.750000
2017-03-23,246.520000
2017-03-24,246.540000
2017-03-27,246.450000
2017-03-28,247.990000
2017-03-29,248.040000
2017-03-30,248.600000
2017-03-31,248.460000
2017-04-03,248.150000
2017-04-04,248.350000
2017-04-05,247.910000
2017-04-06,248.290000
2017-04-07,248.320000
2017-04-10,248.420000
2017-04-11,248.000000
2017-04-12,247.440000
2017-04-13,246.190000
2017-04-17,247.870000
2017-04-18,247.490000
2017-04-19,247.190000
2017-04-20,248.590000
2017-04-21,248.230000
2017-04-24,250.000000
2017-04-25,250.460000
2017-04-26,250.430000
2017-04-27,250.530000
2017-04-28,250.450000
2017-05-01,250.750000
2017-05-02,250.710000
2017-05-03,250.700000
2017-05-04,250.780000
2017-05-05,250.910000
2017-05-08,251.190000
2017-05-09,251.190000
2017-05-10,251.240000
2017-05-11,251.200000
2017-05-12,251.300000
2017-05-15,251.430000
2017-05-16,251.410000
2017-05-17,249.510000
2017-05-18,250.410000
2017-05-19,251.260000
2017-05-22,252.280000
2017-05-23,252.470000
2017-05-24,252.880000
2017-05-25,253.220000
2017-05-26,253.280000
2017-05-30,253.390000
2017-05-31,253.360000
2017-06-01,253.750000
2017-06-02,253.940000
2017-06-05,254.040000
2017-06-06,253.940000
2017-06-07,254.030000
2017-06-08,254.160000
2017-06-09,254.110000
2017-06-12,254.150000
2017-06-13,254.410000
2017-06-14,254.450000
2017-06-15,254.370000
2017-06-16,254.630000
2017-06-19,255.540000
2017-06-20,254.880000
2017-06-21,254.840000
2017-06-22,254.960000
2017-06-23,255.310000
2017-06-26,255.530000
2017-06-27,254.440000
2017-06-28,255.620000
2017-06-29,254.470000
2017-06-30,254.950000
2017-07-03,255.230000
2017-07-05,255.510000
2017-07-06,254.050000
2017-07-07,255.430000
2017-07-10,255.730000
2017-07-11,255.680000
2017-07-12,256.670000
2017-07-13,256.910000
2017-07-14,257.190000
2017-07-17,257.290000
2017-07-18,257.310000
2017-07-19,257.610000
2017-07-20,257.730000
2017-07-21,257.800000
2017-07-24,257.990000
2017-07-25,258.240000
2017-07-26,258.290000
2017-07-27,258.030000
2017-07-28,258.130000
2017-07-31,258.210000
2017-08-01,258.530000
2017-08-02,258.630000
2017-08-03,258.410000
2017-08-04,258.770000
2017-08-07,259.050000
2017-08-08,258.700000
2017-08-09,258.680000
2017-08-10,256.180000
2017-08-11,256.760000
2017-08-14,258.760000
2017-08-15,258.930000
2017-08-16,259.180000
2017-08-17,256.610000
2017-08-18,256.090000
2017-08-21,256.540000
2017-08-22,258.310000
2017-08-23,257.850000
2017-08-24,257.510000
2017-08-25,258.120000
2017-08-28,258.200000
2017-08-29,258.410000
2017-08-30,259.130000
2017-08-31,259.920000
2017-09-01,260.280000
2017-09-05,259.360000
2017-09-06,260.020000
2017-09-07,260.090000
2017-09-08,259.890000
2017-09-11,260.990000
2017-09-12,261.190000
2017-09-13,261.340000
2017-09-14,261.380000
2017-09-15,261.560000
2017-09-18,261.970000
2017-09-19,262.090000
2017-09-20,262.240000
2017-09-21,261.990000
2017-09-22,262.180000
2017-09-25,261.910000
2017-09-26,262.000000
2017-09-27,262.440000
2017-09-28,262.640000
2017-09-29,262.970000
2017-10-02,263.290000
2017-10-03,263.390000
2017-10-04,263.450000
2017-10-05,263.660000
2017-10-06,263.660000
2017-10-09,263.630000
2017-10-10,263.740000
2017-10-11,263.840000
2017-10-12,263.860000
2017-10-13,263.910000
2017-10-16,264.000000
2017-10-17,264.050000
2017-10-18,264.140000
2017-10-19,264.120000
2017-10-20,264.580000
2017-10-23,264.230000
2017-10-24,264.320000
2017-10-25,263.750000
2017-10-26,264.070000
2017-10-27,265.010000
2017-10-30,264.900000
2017-10-31,265.020000
2017-11-01,265.200000
2017-11-02,265.330000
2017-11-03,265.660000
2017-11-06,265.940000
2017-11-07,265.860000
2017-11-08,266.060000
2017-11-09,265.770000
2017-11-10,265.800000
2017-11-13,266.060000
2017-11-14,265.940000
2017-11-15,265.340000
2017-11-16,266.520000
2017-11-17,266.510000
2017-11-20,266.860000
2017-11-21,267.650000
2017-11-22,267.680000
2017-11-24,267.910000
2017-11-27,267.990000
2017-11-28,268.400000
2017-11-29,268.380000
2017-11-30,268.550000
2017-12-01,268.440000
2017-12-04,268.540000
2017-12-05,268.630000
2017-12-06,268.680000
2017-12-07,268.900000
2017-12-08,269.020000
2017-12-11,269.110000
2017-12-12,269.200000
2017-12-13,269.160000
2017-12-14,268.920000
2017-12-15,269.540000
2017-12-18,270.220000
2017-12-19,269.930000
2017-12-20,270.030000
2017-12-21,270.200000
2017-12-22,270.200000
2017-12-26,270.240000
2017-12-27,270.250000
2017-12-28,270.460000
2017-12-29,270.230000
2018-01-02,270.960000
2018-01-03,271.350000
2018-01-04,271.490000
2018-01-05,271.590000
2018-01-08,271.710000
2018-01-09,271.730000
2018-01-10,271.770000
2018-01-11,271.800000
2018-01-12,271.790000
2018-01-16,271.880000
2018-01-17,272.030000
2018-01-18,272.180000
2018-01-19,272.690000
2018-01-22,273.420000
2018-01-23,273.670000
2018-01-24,273.550000
2018-01-25,273.580000
2018-01-26,274.160000
2018-01-29,273.680000
2018-01-30,272.940000
2018-01-31,273.190000
2018-02-01,273.140000
2018-02-02,270.020000
2018-02-05,261.390000
2018-02-06,263.570000
2018-02-07,264.200000
2018-02-08,254.870000
2018-02-09,257.640000
2018-02-12,261.150000
2018-02-13,261.540000
2018-02-14,265.110000
2018-02-15,266.830000
2018-02-16,267.490000
2018-02-20,266.480000
2018-02-21,265.850000
2018-02-22,266.010000
2018-02-23,268.810000
2018-02-26,270.070000
2018-02-27,268.780000
2018-02-28,267.470000
2018-03-01,264.720000
2018-03-02,266.170000
2018-03-05,268.310000
2018-03-06,268.440000
2018-03-07,268.880000
2018-03-08,269.410000
2018-03-09,271.550000
2018-03-12,271.920000
2018-03-13,271.460000
2018-03-14,270.400000
2018-03-15,270.770000
2018-03-16,271.350000
2018-03-19,268.170000
2018-03-20,268.400000
2018-03-21,268.280000
2018-03-22,262.230000
2018-03-23,256.980000
2018-03-26,263.600000
2018-03-27,259.230000
2018-03-28,258.550000
2018-03-29,262.020000
2018-04-02,255.950000
2018-04-03,259.280000
2018-04-04,262.790000
2018-04-05,264.280000
2018-04-06,258.700000
2018-04-09,259.480000
2018-04-10,263.520000
2018-04-11,262.140000
2018-04-12,264.550000
2018-04-13,263.780000
2018-04-16,266.340000
2018-04-17,268.630000
2018-04-18,269.120000
2018-04-19,267.720000
2018-04-20,266.610000
2018-04-23,266.690000
2018-04-24,263.790000
2018-04-25,264.100000
2018-04-26,266.770000
2018-04-27,267.210000
2018-04-30,265.980000
2018-05-01,266.200000
2018-05-02,264.510000
2018-05-03,263.740000
2018-05-04,267.160000
2018-05-07,268.020000
2018-05-08,268.030000
2018-05-09,270.200000
2018-05-10,271.680000
2018-05-11,272.080000
2018-05-14,272.420000
2018-05-15,271.410000
2018-05-16,272.380000
2018-05-17,272.510000
2018-05-18,272.340000
2018-05-21,273.420000
2018-05-22,273.010000
2018-05-23,273.640000
2018-05-24,273.530000
2018-05-25,273.230000
2018-05-29,271.050000
2018-05-30,273.630000
2018-05-31,272.670000
2018-06-01,274.310000
2018-06-04,275.080000
2018-06-05,275.300000
2018-06-06,275.870000
2018-06-07,275.850000
2018-06-08,276.090000
2018-06-11,276.300000
2018-06-12,276.440000
2018-06-13,276.270000
2018-06-14,276.440000
2018-06-15,276.320000
2018-06-18,276.370000
2018-06-19,275.720000
2018-06-20,276.070000
2018-06-21,274.860000
2018-06-22,275.620000
2018-06-25,272.700000
2018-06-26,272.970000
2018-06-27,271.320000
2018-06-28,272.400000
2018-06-29,273.150000
2018-07-02,273.550000
2018-07-03,272.360000
2018-07-05,274.590000
2018-07-06,276.580000
2018-07-09,278.310000
2018-07-10,278.890000
2018-07-11,277.980000
2018-07-12,279.210000
2018-07-13,279.480000
2018-07-16,279.570000
2018-07-17,280.000000
2018-07-18,280.270000
2018-07-19,279.960000
2018-07-20,279.990000
2018-07-23,280.380000
2018-07-24,280.900000
2018-07-25,281.650000
2018-07-26,281.570000
2018-07-27,280.950000
2018-07-30,280.270000
2018-07-31,281.210000
2018-08-01,281.140000
2018-08-02,281.840000
2018-08-03,282.310000
2018-08-06,282.670000
2018-08-07,282.890000
2018-08-08,282.970000
2018-08-09,282.930000
2018-08-10,282.490000
2018-08-13,282.440000
2018-08-14,282.960000
2018-08-15,282.350000
2018-08-16,283.220000
2018-08-17,283.860000
2018-08-20,284.350000
2018-08-21,284.610000
2018-08-22,284.700000
2018-08-23,284.500000
2018-08-24,285.160000
2018-08-27,285.750000
2018-08-28,285.770000
2018-08-29,286.070000
2018-08-30,285.760000
2018-08-31,285.910000
2018-09-04,285.990000
2018-09-05,285.930000
2018-09-06,285.700000
2018-09-07,285.730000
2018-09-10,286.150000
2018-09-11,286.510000
2018-09-12,286.610000
2018-09-13,286.850000
2018-09-14,286.910000
2018-09-17,286.790000
2018-09-18,287.110000
2018-09-19,287.290000
2018-09-20,287.670000
2018-09-21,287.720000
2018-09-24,287.460000
2018-09-25,287.220000
2018-09-26,286.890000
2018-09-27,287.560000
2018-09-28,287.510000
2018-10-01,288.190000
2018-10-02,288.270000
2018-10-03,288.380000
2018-10-04,286.960000
2018-10-05,286.060000
2018-10-08,286.340000
2018-10-09,286.140000
2018-10-10,277.820000
2018-10-11,272.070000
2018-10-12,276.330000
2018-10-15,274.870000
2018-10-16,279.230000
2018-10-17,279.490000
2018-10-18,276.630000
2018-10-19,276.540000
2018-10-22,275.660000
2018-10-23,273.960000
2018-10-24,266.350000
2018-10-25,271.170000
2018-10-26,266.250000
2018-10-29,264.950000
2018-10-30,269.170000
2018-10-31,272.280000
2018-11-01,274.600000
2018-11-02,272.860000
2018-11-05,274.880000
2018-11-06,276.170000
2018-11-07,281.280000
2018-11-08,280.750000
2018-11-09,279.380000
2018-11-12,274.330000
2018-11-13,274.290000
2018-11-14,272.590000
2018-11-15,274.370000
2018-11-16,275.050000
2018-11-19,271.660000
2018-11-20,267.830000
2018-11-21,268.810000
2018-11-23,266.980000
2018-11-26,270.960000
2018-11-27,271.710000
2018-11-28,276.240000
2018-11-29,276.020000
2018-11-30,277.440000
2018-12-03,279.850000
2018-12-04,273.320000
2018-12-06,273.110000
2018-12-07,267.940000
2018-12-10,268.490000
2018-12-11,268.240000
2018-12-12,269.790000
2018-12-13,269.650000
2018-12-14,264.820000
2018-12-17,259.570000
2018-12-18,259.610000
2018-12-19,258.250000
2018-12-20,251.980000
2018-12-21,248.180000
2018-12-24,241.240000
2018-12-26,251.440000
2018-12-27,252.900000
2018-12-28,253.390000
2018-12-31,254.660000
2019-01-02,256.550000
2019-01-03,251.020000
2019-01-04,258.780000
2019-01-07,260.750000
2019-01-08,262.770000
2019-01-09,263.720000
2019-01-10,264.880000
2019-01-11,264.920000
2019-01-14,264.110000
2019-01-15,265.910000
2019-01-16,266.860000
2019-01-17,267.200000
2019-01-18,268.420000
2019-01-22,266.350000
2019-01-23,267.170000
2019-01-24,267.890000
2019-01-25,268.980000
2019-01-28,268.010000
2019-01-29,267.940000
2019-01-30,269.980000
2019-01-31,271.060000
2019-02-01,271.240000
2019-02-04,271.860000
2019-02-05,272.020000
2019-02-06,272.090000
2019-02-07,271.740000
2019-02-08,271.960000
2019-02-11,272.260000
2019-02-12,272.790000
2019-02-13,273.060000
2019-02-14,273.060000
2019-02-15,274.130000
2019-02-19,274.750000
2019-02-20,275.100000
2019-02-21,274.830000
2019-02-22,275.690000
2019-02-25,275.910000
2019-02-26,275.890000
2019-02-27,275.960000
2019-02-28,275.780000
2019-03-01,276.690000
2019-03-04,276.410000
2019-03-05,276.650000
2019-03-06,275.990000
2019-03-07,274.960000
2019-03-08,275.040000
2019-03-11,277.050000
2019-03-12,277.590000
2019-03-13,278.100000
2019-03-14,278.270000
2019-03-15,278.670000
2019-03-18,279.160000
2019-03-19,279.060000
2019-03-20,278.950000
2019-03-21,279.780000
2019-03-22,277.230000
2019-03-25,277.550000
2019-03-26,278.680000
2019-03-27,278.210000
2019-03-28,279.040000
2019-03-29,279.950000
2019-04-01,281.080000
2019-04-02,281.230000
2019-04-03,281.310000
2019-04-04,281.490000
2019-04-05,281.770000
2019-04-08,281.910000
2019-04-09,281.770000
2019-04-10,282.010000
2019-04-11,282.100000
2019-04-12,282.230000
2019-04-15,282.360000
2019-04-16,282.460000
2019-04-17,282.270000
2019-04-18,282.490000
2019-04-22,282.980000
2019-04-23,283.960000
2019-04-24,283.670000
2019-04-25,283.750000
2019-04-26,284.200000
2019-04-29,284.500000
2019-04-30,284.600000
2019-05-01,283.870000
2019-05-02,283.630000
2019-05-03,284.940000
2019-05-06,284.330000
2019-05-07,281.370000
2019-05-08,281.300000
2019-05-09,280.850000
2019-05-10,282.180000
2019-05-13,277.040000
2019-05-14,279.300000
2019-05-15,280.850000
2019-05-16,282.890000
2019-05-17,281.650000
2019-05-20,280.540000
2019-05-21,282.190000
2019-05-22,282.000000
2019-05-23,279.330000
2019-05-24,280.010000
2019-05-28,278.480000
2019-05-29,276.820000
2019-05-30,277.150000
2019-05-31,274.060000
2019-06-03,273.340000
2019-06-04,278.790000
2019-06-05,280.900000
2019-06-06,282.210000
2019-06-07,284.160000
2019-06-10,285.030000
2019-06-11,285.150000
2019-06-12,285.030000
2019-06-13,285.710000
2019-06-14,286.090000
2019-06-17,286.340000
2019-06-18,287.180000
2019-06-19,288.470000
2019-06-20,289.120000
2019-06-21,288.680000
2019-06-24,288.620000
2019-06-25,287.180000
2019-06-26,287.080000
2019-06-27,287.930000
2019-06-28,288.940000
2019-07-01,290.690000
2019-07-02,291.330000
2019-07-03,292.150000
2019-07-05,292.120000
2019-07-08,292.020000
2019-07-09,292.260000
2019-07-10,292.700000
2019-07-11,292.910000
2019-07-12,293.150000
2019-07-15,293.280000
2019-07-16,293.290000
2019-07-17,292.710000
2019-07-18,293.000000
2019-07-19,292.400000
2019-07-22,292.900000
2019-07-23,293.970000
2019-07-24,294.670000
2019-07-25,293.920000
2019-07-26,295.090000
2019-07-29,295.110000
2019-07-30,294.420000
2019-07-31,292.940000
2019-08-01,290.770000
2019-08-02,289.380000
2019-08-05,281.610000
2019-08-06,284.870000
2019-08-07,285.650000
2019-08-08,290.150000
2019-08-09,288.860000
2019-08-12,285.670000
2019-08-13,289.520000
2019-08-14,282.560000
2019-08-15,283.280000
2019-08-16,286.200000
2019-08-19,288.890000
2019-08-20,287.500000
2019-08-21,289.120000
2019-08-22,289.090000
2019-08-23,282.770000
2019-08-26,285.750000
2019-08-27,285.500000
2019-08-28,286.990000
2019-08-29,289.410000
2019-08-30,289.630000
2019-09-03,288.730000
2019-09-04,291.030000
2019-09-05,293.020000
2019-09-06,293.410000
2019-09-09,293.790000
2019-09-10,293.760000
2019-09-11,294.430000
2019-09-12,294.790000
2019-09-13,294.880000
2019-09-16,294.810000
2019-09-17,295.080000
2019-09-18,295.580000
2019-09-19,295.510000
2019-09-20,294.770000
2019-09-23,294.750000
2019-09-24,292.900000
2019-09-25,294.460000
2019-09-26,293.870000
2019-09-27,292.660000
2019-09-30,294.270000
2019-10-01,291.360000
2019-10-02,286.500000
2019-10-03,288.530000
2019-10-04,292.630000
2019-10-07,291.980000
2019-10-08,287.170000
2019-10-09,289.930000
2019-10-10,291.700000
2019-10-11,294.760000
2019-10-14,294.720000
2019-10-15,297.200000
2019-10-16,297.130000
2019-10-17,297.700000
2019-10-18,297.330000
2019-10-21,298.370000
2019-10-22,298.020000
2019-10-23,298.460000
2019-10-24,299.020000
2019-10-25,299.710000
2019-10-28,300.260000
2019-10-29,300.250000
2019-10-30,300.630000
2019-10-31,300.340000
2019-11-01,301.140000
2019-11-04,301.430000
2019-11-05,301.480000
2019-11-06,301.630000
2019-11-07,301.730000
2019-11-08,301.830000
2019-11-11,301.880000
2019-11-12,302.020000
2019-11-13,302.020000
2019-11-14,302.160000
2019-11-15,303.040000
2019-11-18,303.320000
2019-11-19,303.380000
2019-11-20,303.000000
2019-11-21,302.780000
2019-11-22,303.340000
2019-11-25,304.390000
2019-11-26,304.690000
2019-11-27,305.050000
2019-11-29,304.670000
2019-12-02,303.730000
2019-12-03,302.720000
2019-12-04,303.800000
2019-12-05,304.080000
2019-12-06,305.190000
2019-12-09,304.970000
2019-12-10,304.960000
2019-12-11,305.440000
2019-12-12,306.070000
2019-12-13,306.340000
2019-12-16,306.630000
2019-12-17,306.710000
2019-12-18,306.690000
2019-12-19,306.970000
2019-12-20,307.470000
2019-12-23,307.610000
2019-12-24,307.660000
2019-12-26,308.190000
2019-12-27,308.070000
2019-12-30,307.390000
2019-12-31,307.980000
2020-01-02,309.080000
2020-01-03,308.340000
2020-01-06,308.960000
2020-01-07,308.990000
2020-01-08,309.300000
2020-01-09,309.800000
2020-01-10,309.860000
2020-01-13,310.110000
2020-01-14,310.180000
2020-01-15,310.340000
2020-01-16,310.970000
2020-01-17,311.460000
2020-01-21,311.120000
2020-01-22,311.310000
2020-01-23,311.340000
2020-01-24,309.910000
2020-01-27,307.010000
2020-01-28,309.170000
2020-01-29,309.000000
2020-01-30,309.730000
2020-01-31,306.150000
2020-02-03,307.860000
2020-02-04,310.800000
2020-02-05,312.470000
2020-02-06,313.020000
2020-02-07,312.540000
2020-02-10,313.450000
2020-02-11,313.680000
2020-02-12,314.270000
2020-02-13,314.220000
2020-02-14,314.450000
2020-02-18,314.570000
2020-02-19,315.080000
2020-02-20,314.760000
2020-02-21,312.950000
2020-02-24,304.740000
2020-02-25,296.010000
2020-02-26,295.160000
2020-02-27,282.820000
2020-02-28,277.180000
2020-03-02,291.710000
2020-03-03,283.880000
2020-03-04,295.650000
2020-03-05,286.090000
2020-03-06,282.100000
2020-03-09,260.790000
2020-03-10,271.730000
2020-03-11,260.290000
2020-03-12,236.030000
2020-03-13,253.870000
2020-03-16,227.100000
2020-03-17,236.830000
2020-03-18,225.970000
2020-03-19,230.080000
2020-03-20,222.350000
2020-03-23,216.070000
2020-03-24,233.270000
2020-03-25,235.880000
2020-03-26,246.570000
2020-03-27,240.840000
2020-03-30,248.570000
2020-03-31,246.830000
2020-04-01,237.000000
2020-04-02,242.580000
2020-04-03,239.160000
2020-04-06,254.480000
2020-04-07,254.330000
2020-04-08,259.760000
2020-04-09,261.810000
2020-04-13,262.120000
2020-04-14,266.100000
2020-04-15,263.670000
2020-04-16,265.260000
2020-04-17,269.190000
2020-04-20,266.360000
2020-04-21,259.920000
2020-04-22,265.200000
2020-04-23,265.330000
2020-04-24,268.810000
2020-04-27,272.740000
2020-04-28,271.570000
2020-04-29,276.670000
2020-04-30,275.250000
2020-05-01,268.660000
2020-05-04,270.430000
2020-05-05,272.850000
2020-05-06,271.570000
2020-05-07,274.140000
2020-05-08,278.370000
2020-05-11,279.440000
2020-05-12,274.910000
2020-05-13,270.340000
2020-05-14,272.570000
2020-05-15,273.700000
2020-05-18,279.430000
2020-05-19,277.970000
2020-05-20,280.580000
2020-05-21,279.370000
2020-05-22,279.990000
2020-05-26,282.170000
2020-05-27,283.970000
2020-05-28,283.760000
2020-05-29,284.630000
2020-06-01,285.070000
2020-06-02,286.030000
2020-06-03,287.150000
2020-06-04,287.080000
2020-06-05,288.190000
2020-06-08,288.420000
2020-06-09,288.280000
2020-06-10,288.350000
2020-06-11,283.210000
2020-06-12,285.760000
2020-06-15,286.930000
2020-06-16,288.610000
2020-06-17,289.490000
2020-06-18,289.660000
2020-06-19,288.600000
2020-06-22,289.580000
2020-06-23,290.890000
2020-06-24,284.560000
2020-06-25,287.230000
2020-06-26,281.230000
2020-06-29,284.540000
2020-06-30,289.410000
2020-07-01,290.800000
2020-07-02,291.930000
2020-07-06,296.070000
2020-07-07,293.710000
2020-07-08,295.690000
2020-07-09,294.450000
2020-07-10,297.290000
2020-07-13,295.020000
2020-07-14,298.120000
2020-07-15,300.830000
2020-07-16,300.500000
2020-07-17,301.620000
2020-07-20,303.790000
2020-07-21,303.690000
2020-07-22,305.240000
2020-07-23,302.720000
2020-07-24,301.740000
2020-07-27,303.870000
2020-07-28,302.500000
2020-07-29,305.130000
2020-07-30,304.360000
2020-07-31,305.990000
2020-08-03,307.670000
2020-08-04,308.390000
2020-08-05,309.700000
2020-08-06,310.540000
2020-08-07,310.820000
2020-08-10,311.420000
2020-08-11,310.330000
2020-08-12,312.170000
2020-08-13,312.310000
2020-08-14,312.570000
2020-08-17,313.240000
2020-08-18,313.470000
2020-08-19,313.050000
2020-08-20,313.890000
2020-08-21,314.440000
2020-08-24,315.860000
2020-08-25,316.600000
2020-08-26,317.260000
2020-08-27,317.370000
2020-08-28,318.310000
2020-08-31,318.100000
2020-09-01,318.600000
2020-09-02,319.380000
2020-09-03,315.670000
2020-09-04,315.430000
2020-09-08,310.990000
2020-09-09,315.530000
2020-09-10,312.280000
2020-09-11,312.840000
2020-09-14,316.950000
2020-09-15,317.920000
2020-09-16,317.710000
2020-09-17,314.910000
2020-09-18,312.680000
2020-09-21,308.730000
2020-09-22,312.150000
2020-09-23,305.370000
2020-09-24,306.330000
2020-09-25,311.130000
2020-09-28,315.260000
2020-09-29,314.250000
2020-09-30,317.000000
2020-10-01,317.560000
2020-10-02,315.720000
2020-10-05,320.410000
2020-10-06,317.260000
2020-10-07,321.840000
2020-10-08,324.080000
2020-10-09,326.150000
2020-10-12,328.700000
2020-10-13,328.680000
2020-10-14,328.020000
2020-10-15,327.440000
2020-10-16,327.730000
2020-10-19,323.360000
2020-10-20,324.920000
2020-10-21,324.610000
2020-10-22,325.800000
2020-10-23,326.850000
2020-10-26,321.450000
2020-10-27,321.140000
2020-10-28,310.830000
2020-10-29,315.490000
2020-10-30,309.910000
2020-11-02,314.480000
2020-11-03,320.270000
2020-11-04,326.470000
2020-11-05,331.400000
2020-11-06,332.180000
2020-11-09,335.090000
2020-11-10,335.010000
2020-11-11,336.930000
2020-11-12,334.880000
2020-11-13,338.270000
2020-11-16,340.140000
2020-11-17,340.210000
2020-11-18,338.890000
2020-11-19,339.560000
2020-11-20,338.440000
2020-11-23,339.940000
2020-11-24,343.430000
2020-11-25,343.270000
2020-11-27,343.800000
2020-11-30,343.230000
2020-12-01,345.470000
2020-12-02,345.790000
2020-12-03,345.570000
2020-12-04,347.490000
2020-12-07,347.790000
2020-12-08,348.480000
2020-12-09,347.840000
2020-12-10,347.760000
2020-12-11,347.480000
2020-12-14,347.580000
2020-12-15,349.170000
2020-12-16,350.290000
2020-12-17,350.870000
2020-12-18,350.940000
2020-12-21,349.070000
2020-12-22,349.370000
2020-12-23,350.500000
2020-12-24,351.200000
2020-12-28,353.280000
2020-12-29,352.670000
2020-12-30,353.290000
2020-12-31,354.400000
2021-01-04,351.570000
2021-01-05,353.430000
2021-01-06,354.540000
2021-01-07,357.370000
2021-01-08,357.900000
2021-01-11,357.520000
2021-01-12,358.460000
2021-01-13,359.170000
2021-01-14,358.170000
2021-01-15,357.050000
2021-01-19,359.410000
2021-01-20,362.230000
2021-01-21,362.490000
2021-01-22,361.960000
2021-01-25,362.560000
2021-01-26,362.310000
2021-01-27,355.590000
2021-01-28,359.000000
2021-01-29,354.820000
2021-02-01,359.030000
2021-02-02,362.450000
2021-02-03,363.310000
2021-02-04,365.270000
2021-02-05,366.390000
2021-02-08,367.270000
2021-02-09,367.380000
2021-02-10,367.260000
2021-02-11,367.830000
2021-02-12,368.680000
2021-02-16,369.270000
2021-02-17,369.440000
2021-02-18,369.060000
2021-02-19,368.820000
2021-02-22,366.950000
2021-02-23,367.510000
2021-02-24,370.430000
2021-02-25,363.270000
2021-02-26,363.170000
2021-03-01,369.020000
2021-03-02,367.650000
2021-03-03,363.720000
2021-03-04,358.300000
2021-03-05,365.630000
2021-03-08,364.290000
2021-03-09,368.490000
2021-03-10,370.550000
2021-03-11,373.160000
2021-03-12,374.210000
2021-03-15,375.880000
2021-03-16,376.160000
2021-03-17,376.930000
2021-03-18,373.480000
2021-03-19,373.830000
2021-03-22,376.050000
2021-03-23,373.600000
2021-03-24,372.700000
2021-03-25,374.310000
2021-03-26,378.180000
2021-03-29,378.220000
2021-03-30,377.360000
2021-03-31,379.410000
2021-04-01,381.710000
2021-04-05,383.640000
2021-04-06,383.560000
2021-04-07,384.010000
2021-04-08,384.440000
2021-04-09,384.880000
2021-04-12,385.240000
2021-04-13,385.490000
2021-04-14,385.030000
2021-04-15,386.220000
2021-04-16,387.060000
2021-04-19,385.900000
2021-04-20,384.530000
2021-04-21,386.670000
2021-04-22,384.800000
2021-04-23,387.280000
2021-04-26,387.600000
2021-04-27,388.020000
2021-04-28,387.970000
2021-04-29,388.870000
2021-04-30,387.850000
2021-05-03,388.710000
2021-05-04,387.470000
2021-05-05,387.950000
2021-05-06,389.460000
2021-05-07,390.860000
2021-05-10,389.480000
2021-05-11,387.640000
2021-05-12,381.870000
2021-05-13,386.140000
2021-05-14,390.210000
2021-05-17,390.120000
2021-05-18,388.820000
2021-05-19,387.090000
2021-05-20,390.800000
2021-05-21,391.090000
2021-05-24,393.700000
2021-05-25,393.280000
2021-05-26,393.920000
2021-05-27,394.850000
2021-05-28,395.200000
2021-06-01,395.020000
2021-06-02,395.670000
2021-06-03,395.110000
2021-06-04,397.000000
2021-06-07,397.360000
2021-06-08,397.330000
2021-06-09,397.030000
2021-06-10,398.280000
2021-06-11,398.690000
2021-06-14,398.830000
2021-06-15,398.730000
2021-06-16,398.100000
2021-06-17,398.680000
2021-06-18,395.530000
2021-06-21,399.070000
2021-06-22,400.530000
2021-06-23,400.440000
2021-06-24,401.710000
2021-06-25,402.600000
2021-06-28,403.020000
2021-06-29,403.170000
2021-06-30,403.550000
2021-07-01,403.970000
2021-07-02,404.650000
2021-07-06,404.600000
2021-07-07,404.870000
2021-07-08,403.880000
2021-07-09,405.190000
2021-07-12,405.530000
2021-07-13,405.220000
2021-07-14,405.490000
2021-07-15,404.950000
2021-07-16,403.220000
2021-07-19,398.400000
2021-07-20,403.250000
2021-07-21,405.380000
2021-07-22,405.890000
2021-07-23,407.850000
2021-07-26,408.270000
2021-07-27,407.470000
2021-07-28,407.910000
2021-07-29,408.760000
2021-07-30,407.810000
2021-08-02,407.680000
2021-08-03,409.500000
2021-08-04,409.100000
2021-08-05,409.970000
2021-08-06,410.700000
2021-08-09,410.880000
2021-08-10,411.070000
2021-08-11,411.570000
2021-08-12,411.890000
2021-08-13,412.120000
2021-08-16,412.200000
2021-08-17,412.010000
2021-08-18,409.910000
2021-08-19,410.110000
2021-08-20,412.970000
2021-08-23,414.940000
2021-08-24,415.330000
2021-08-25,415.950000
2021-08-26,414.680000
2021-08-27,416.550000
2021-08-30,417.320000
2021-08-31,417.240000
2021-09-01,417.350000
2021-09-02,417.590000
2021-09-03,417.910000
2021-09-07,417.790000
2021-09-08,417.850000
2021-09-09,417.390000
2021-09-10,415.840000
2021-09-13,417.160000
2021-09-14,416.530000
2021-09-15,418.780000
2021-09-16,419.170000
2021-09-17,417.010000
2021-09-20,411.260000
2021-09-21,411.600000
2021-09-22,414.620000
2021-09-23,418.660000
2021-09-24,419.500000
2021-09-27,418.830000
2021-09-28,412.000000
2021-09-29,412.290000
2021-09-30,408.370000
2021-10-01,412.740000
2021-10-04,407.330000
2021-10-05,411.920000
2021-10-06,413.280000
2021-10-07,416.470000
2021-10-08,416.410000
2021-10-11,414.240000
2021-10-12,413.260000
2021-10-13,414.210000
2021-10-14,419.480000
2021-10-15,421.110000
2021-10-18,421.840000
2021-10-19,422.990000
2021-10-20,423.470000
2021-10-21,424.050000
2021-10-22,423.960000
2021-10-25,424.590000
2021-10-26,424.670000
2021-10-27,423.940000
2021-10-28,425.010000
2021-10-29,425.240000
2021-11-01,425.550000
2021-11-02,425.890000
2021-11-03,426.400000
2021-11-04,426.510000
2021-11-05,426.650000
2021-11-08,426.790000
2021-11-09,426.770000
2021-11-10,426.700000
2021-11-11,426.920000
2021-11-12,427.120000
2021-11-15,427.230000
2021-11-16,427.360000
2021-11-17,427.360000
2021-11-18,427.720000
2021-11-19,427.630000
2021-11-22,427.160000
2021-11-23,427.520000
2021-11-24,428.250000
2021-11-26,421.770000
2021-11-29,426.220000
2021-11-30,420.050000
2021-12-01,416.360000
2021-12-02,420.490000
2021-12-03,418.150000
2021-12-06,422.900000
2021-12-07,428.860000
2021-12-08,430.390000
2021-12-09,428.900000
2021-12-10,431.560000
2021-12-13,430.050000
2021-12-14,427.370000
2021-12-15,432.460000
2021-12-16,430.890000
2021-12-17,427.680000
2021-12-20,423.920000
2021-12-21,429.440000
2021-12-22,432.940000
2021-12-23,435.070000
2021-12-27,437.810000
2021-12-28,437.740000
2021-12-29,438.550000
2021-12-30,437.860000
2021-12-31,437.810000
2022-01-03,439.090000
2022-01-04,439.350000
2022-01-05,434.990000
2022-01-06,434.800000
2022-01-07,434.450000
2022-01-10,433.560000
2022-01-11,436.480000
2022-01-12,437.760000
2022-01-13,433.240000
2022-01-14,434.180000
2022-01-18,427.420000
2022-01-19,424.990000
2022-01-20,421.370000
2022-01-21,414.310000
2022-01-24,413.970000
2022-01-25,409.760000
2022-01-26,409.000000
2022-01-27,407.540000
2022-01-28,415.830000
2022-01-31,423.500000
2022-02-01,426.540000
2022-02-02,429.770000
2022-02-03,421.050000
2022-02-04,423.520000
2022-02-07,421.500000
2022-02-08,425.690000
2022-02-09,430.430000
2022-02-10,423.870000
2022-02-11,417.050000
2022-02-14,415.920000
2022-02-15,420.560000
2022-02-16,422.300000
2022-02-17,414.990000
2022-02-18,412.260000
2022-02-22,408.200000
2022-02-23,401.370000
2022-02-24,406.790000
2022-02-25,415.230000
2022-02-28,414.340000
2022-03-01,408.660000
2022-03-02,415.840000
2022-03-03,414.060000
2022-03-04,411.640000
2022-03-07,400.780000
2022-03-08,397.520000
2022-03-09,406.980000
2022-03-10,406.090000
2022-03-11,400.860000
2022-03-14,398.650000
2022-03-15,405.630000
2022-03-16,414.010000
2022-03-17,418.090000
2022-03-18,420.980000
2022-03-21,421.630000
2022-03-22,424.410000
2022-03-23,422.110000
2022-03-24,425.450000
2022-03-25,426.690000
2022-03-28,428.570000
2022-03-29,430.170000
2022-03-30,429.560000
2022-03-31,427.930000
2022-04-01,429.110000
2022-04-04,430.610000
2022-04-05,428.500000
2022-04-06,427.230000
2022-04-07,428.190000
2022-04-08,428.070000
2022-04-11,423.050000
2022-04-12,422.770000
2022-04-13,426.670000
2022-04-14,423.270000
2022-04-18,422.840000
2022-04-19,427.850000
2022-04-20,428.220000
2022-04-21,423.710000
2022-04-22,412.590000
2022-04-25,416.010000
2022-04-26,405.440000
2022-04-27,405.850000
2022-04-28,414.810000
2022-04-29,400.150000
2022-05-02,403.100000
2022-05-03,405.260000
2022-05-04,416.450000
2022-05-05,401.800000
2022-05-06,400.500000
2022-05-09,388.150000
2022-05-10,388.490000
2022-05-11,382.040000
2022-05-12,381.140000
2022-05-13,390.430000
2022-05-16,389.920000
2022-05-17,396.330000
2022-05-18,383.550000
2022-05-19,383.040000
2022-05-20,381.010000
2022-05-23,387.000000
2022-05-24,384.470000
2022-05-25,387.710000
2022-05-26,393.760000
2022-05-27,400.220000
2022-05-31,399.410000
2022-06-01,398.250000
2022-06-02,402.840000
2022-06-03,399.380000
2022-06-06,400.460000
2022-06-07,403.350000
2022-06-08,400.790000
2022-06-09,393.400000
2022-06-10,383.660000
2022-06-13,368.780000
2022-06-14,367.500000
2022-06-15,372.530000
2022-06-16,361.250000
2022-06-17,361.940000
2022-06-21,369.800000
2022-06-22,369.420000
2022-06-23,372.630000
2022-06-24,381.260000
2022-06-27,380.970000
2022-06-28,375.450000
2022-06-29,375.240000
2022-06-30,372.840000
2022-07-01,376.390000
2022-07-05,377.190000
2022-07-06,378.620000
2022-07-07,383.240000
2022-07-08,383.400000
2022-07-11,380.130000
2022-07-12,377.780000
2022-07-13,376.400000
2022-07-14,375.860000
2022-07-15,381.040000
2022-07-18,378.960000
2022-07-19,385.320000
2022-07-20,386.820000
2022-07-21,389.210000
2022-07-22,389.600000
2022-07-25,388.620000
2022-07-26,385.930000
2022-07-27,391.250000
2022-07-28,393.210000
2022-07-29,394.950000
2022-08-01,394.720000
2022-08-02,394.060000
2022-08-03,395.860000
2022-08-04,396.100000
2022-08-05,396.330000
2022-08-08,396.620000
2022-08-09,396.500000
2022-08-10,397.520000
2022-08-11,397.600000
2022-08-12,397.780000
2022-08-15,398.210000
2022-08-16,398.590000
2022-08-17,397.930000
2022-08-18,398.860000
2022-08-19,396.090000
2022-08-22,389.570000
2022-08-23,388.790000
2022-08-24,390.190000
2022-08-25,394.880000
2022-08-26,382.950000
2022-08-29,380.450000
2022-08-30,376.420000
2022-08-31,373.480000
2022-09-01,374.960000
2022-09-02,370.850000
2022-09-06,369.600000
2022-09-07,376.180000
2022-09-08,378.520000
2022-09-09,384.460000
2022-09-12,388.540000
2022-09-13,372.800000
2022-09-14,374.110000
2022-09-15,370.700000
2022-09-16,368.600000
2022-09-19,371.130000
2022-09-20,367.740000
2022-09-21,362.230000
2022-09-22,359.700000
2022-09-23,354.250000
2022-09-26,350.810000
2022-09-27,350.040000
2022-09-28,356.600000
2022-09-29,349.580000
2022-09-30,344.440000
2022-10-03,353.120000
2022-10-04,363.480000
2022-10-05,363.040000
2022-10-06,359.450000
2022-10-07,349.760000
2022-10-10,347.130000
2022-10-11,344.950000
2022-10-12,343.770000
2022-10-13,352.760000
2022-10-14,344.920000
2022-10-17,353.700000
2022-10-18,357.750000
2022-10-19,355.730000
2022-10-20,353.590000
2022-10-21,358.910000
2022-10-24,361.910000
2022-10-25,365.700000
2022-10-26,364.800000
2022-10-27,363.850000
2022-10-28,368.820000
2022-10-31,368.230000
2022-11-01,367.610000
2022-11-02,362.220000
2022-11-03,359.630000
2022-11-04,363.900000
2022-11-07,366.900000
2022-11-08,368.130000
2022-11-09,362.940000
2022-11-10,375.110000
2022-11-11,376.710000
2022-11-14,376.460000
2022-11-15,377.250000
2022-11-16,376.450000
2022-11-17,376.360000
2022-11-18,377.920000
2022-11-21,377.450000
2022-11-22,381.210000
2022-11-23,383.150000
2022-11-25,383.550000
2022-11-28,379.410000
2022-11-29,378.920000
2022-11-30,386.470000
2022-12-01,386.630000
2022-12-02,386.930000
2022-12-05,382.820000
2022-12-06,378.460000
2022-12-07,377.870000
2022-12-08,380.420000
2022-12-09,378.300000
2022-12-12,382.200000
2022-12-13,385.600000
2022-12-14,384.720000
2022-12-15,376.250000
2022-12-16,372.350000
2022-12-19,369.720000
2022-12-20,370.170000
2022-12-21,375.010000
2022-12-22,370.350000
2022-12-23,372.230000
2022-12-27,371.110000
2022-12-28,367.040000
2022-12-29,372.800000
2022-12-30,372.020000
2023-01-03,370.880000
2023-01-04,373.470000
2023-01-05,369.540000
2023-01-06,377.360000
2023-01-09,377.370000
2023-01-10,379.680000
2023-01-11,383.750000
2023-01-12,385.480000
2023-01-13,386.660000
2023-01-17,386.570000
2023-01-18,382.880000
2023-01-19,381.090000
2023-01-20,385.730000
2023-01-23,388.480000
2023-01-24,388.520000
2023-01-25,388.810000
2023-01-26,390.770000
2023-01-27,391.430000
2023-01-30,389.230000
2023-01-31,391.850000
2023-02-01,393.720000
2023-02-02,394.980000
2023-02-03,394.450000
2023-02-06,394.240000
2023-02-07,395.630000
2023-02-08,394.830000
2023-02-09,393.560000
2023-02-10,394.360000
2023-02-13,396.250000
2023-02-14,396.970000
2023-02-15,397.870000
2023-02-16,395.280000
2023-02-17,395.120000
2023-02-21,389.010000
2023-02-22,388.690000
2023-02-23,390.550000
2023-02-24,386.880000
2023-02-27,388.260000
2023-02-28,387.070000
2023-03-01,385.630000
2023-03-02,388.390000
2023-03-03,394.240000
2023-03-06,394.690000
2023-03-07,389.100000
2023-03-08,389.780000
2023-03-09,382.770000
2023-03-10,377.160000
2023-03-13,376.810000
2023-03-14,382.790000
2023-03-15,380.620000
2023-03-16,385.680000
2023-03-17,382.390000
2023-03-20,385.430000
2023-03-21,389.060000
2023-03-22,385.110000
2023-03-23,385.620000
2023-03-24,387.780000
2023-03-27,388.990000
2023-03-28,388.880000
2023-03-29,392.300000
2023-03-30,393.550000
2023-03-31,395.640000
2023-04-03,396.950000
2023-04-04,396.490000
2023-04-05,396.370000
2023-04-06,397.240000
2023-04-10,398.030000
2023-04-11,398.210000
2023-04-12,398.130000
2023-04-13,399.590000
2023-04-14,399.840000
2023-04-17,400.360000
2023-04-18,400.570000
2023-04-19,400.890000
2023-04-20,400.130000
2023-04-21,400.660000
2023-04-24,401.300000
2023-04-25,397.030000
2023-04-26,396.170000
2023-04-27,401.650000
2023-04-28,403.520000
2023-05-01,403.790000
2023-05-02,401.210000
2023-05-03,399.450000
2023-05-04,397.270000
2023-05-05,403.150000
2023-05-08,403.870000
2023-05-09,402.710000
2023-05-10,404.430000
2023-05-11,404.240000
2023-05-12,404.240000
2023-05-15,405.590000
2023-05-16,403.770000
2023-05-17,406.740000
2023-05-18,408.240000
2023-05-19,407.880000
2023-05-22,408.230000
2023-05-23,406.170000
2023-05-24,404.460000
2023-05-25,406.630000
2023-05-26,409.070000
2023-05-30,409.930000
2023-05-31,409.460000
2023-06-01,411.320000
2023-06-02,412.830000
2023-06-05,413.080000
2023-06-06,413.390000
2023-06-07,413.450000
2023-06-08,413.760000
2023-06-09,413.950000
2023-06-12,414.540000
2023-06-13,415.080000
2023-06-14,415.240000
2023-06-15,416.860000
2023-06-16,416.480000
2023-06-20,415.880000
2023-06-21,415.020000
2023-06-22,416.140000
2023-06-23,414.300000
2023-06-26,413.330000
2023-06-27,416.550000
2023-06-28,416.790000
2023-06-29,417.870000
2023-06-30,420.380000
2023-07-03,420.790000
2023-07-05,420.730000
2023-07-06,419.120000
2023-07-07,418.920000
2023-07-10,419.810000
2023-07-11,421.160000
2023-07-12,422.890000
2023-07-13,423.650000
2023-07-14,423.850000
2023-07-17,424.370000
2023-07-18,424.960000
2023-07-19,425.080000
2023-07-20,424.350000
2023-07-21,424.550000
2023-07-24,425.700000
2023-07-25,426.150000
2023-07-26,426.650000
2023-07-27,425.310000
2023-07-28,427.310000
2023-07-31,428.020000
2023-08-01,427.640000
2023-08-02,424.740000
2023-08-03,423.940000
2023-08-04,423.000000
2023-08-07,426.090000
2023-08-08,425.000000
2023-08-09,422.950000
2023-08-10,423.170000
2023-08-11,423.130000
2023-08-14,425.540000
2023-08-15,421.370000
2023-08-16,419.050000
2023-08-17,416.410000
2023-08-18,416.380000
2023-08-21,418.640000
2023-08-22,418.040000
2023-08-23,421.240000
2023-08-24,417.460000
2023-08-25,419.900000
2023-08-28,422.060000
2023-08-29,425.320000
2023-08-30,426.320000
2023-08-31,426.420000
2023-09-01,426.920000
2023-09-05,426.750000
2023-09-06,425.570000
2023-09-07,424.930000
2023-09-08,425.640000
2023-09-11,427.530000
2023-09-12,426.450000
2023-09-13,427.050000
2023-09-14,428.830000
2023-09-15,426.400000
2023-09-18,426.810000
2023-09-19,426.400000
2023-09-20,423.690000
2023-09-21,418.040000
2023-09-22,417.300000
2023-09-25,419.140000
2023-09-26,413.650000
2023-09-27,413.560000
2023-09-28,415.890000
2023-09-29,415.090000
2023-10-02,415.190000
2023-10-03,409.850000
2023-10-04,412.610000
2023-10-05,412.340000
2023-10-06,417.100000
2023-10-09,419.960000
2023-10-10,422.040000
2023-10-11,423.970000
2023-10-12,421.420000
2023-10-13,419.360000
2023-10-16,423.650000
2023-10-17,423.540000
2023-10-18,418.980000
2023-10-19,415.900000
2023-10-20,412.340000
2023-10-23,412.240000
2023-10-24,414.950000
2023-10-25,409.920000
2023-10-26,405.280000
2023-10-27,403.580000
2023-10-30,408.370000
2023-10-31,410.880000
2023-11-01,415.010000
2023-11-02,421.740000
2023-11-03,424.800000
2023-11-06,425.880000
2023-11-07,426.780000
2023-11-08,427.230000
2023-11-09,424.920000
2023-11-10,429.340000
2023-11-13,429.430000
2023-11-14,432.330000
2023-11-15,432.660000
2023-11-16,433.010000
2023-11-17,433.440000
2023-11-20,435.290000
2023-11-21,435.070000
2023-11-22,435.930000
2023-11-24,436.400000
2023-11-27,436.540000
2023-11-28,436.790000
2023-11-29,436.640000
2023-11-30,437.300000
2023-12-01,438.170000
2023-12-04,437.930000
2023-12-05,438.120000
2023-12-06,437.690000
2023-12-07,438.710000
2023-12-08,439.500000
2023-12-11,440.240000
2023-12-12,441.040000
2023-12-13,442.520000
2023-12-14,442.870000
2023-12-15,442.640000
2023-12-18,443.730000
2023-12-19,444.580000
2023-12-20,442.140000
2023-12-21,443.870000
2023-12-22,444.440000
2023-12-26,445.580000
2023-12-27,446.130000
2023-12-28,446.240000
2023-12-29,446.170000
2024-01-02,445.850000
2024-01-03,444.470000
2024-01-04,443.970000
2024-01-05,444.590000
2024-01-08,447.300000
2024-01-09,447.360000
2024-01-10,448.040000
2024-01-11,448.190000
2024-01-12,448.450000
2024-01-16,448.400000
2024-01-17,447.450000
2024-01-18,449.220000
2024-01-19,451.490000
2024-01-22,452.250000
2024-01-23,452.890000
2024-01-24,452.970000
2024-01-25,453.440000
2024-01-26,453.570000
2024-01-29,454.360000
2024-01-30,454.500000
2024-01-31,453.060000
2024-02-01,454.470000
2024-02-02,455.080000
2024-02-05,455.370000
2024-02-06,455.650000
2024-02-07,455.850000
2024-02-08,455.960000
2024-02-09,456.020000
2024-02-12,456.230000
2024-02-13,455.510000
2024-02-14,456.780000
2024-02-15,457.850000
2024-02-16,457.050000
2024-02-20,456.090000
2024-02-21,456.530000
2024-02-22,460.740000
2024-02-23,461.280000
2024-02-26,461.220000
2024-02-27,461.740000
2024-02-28,461.660000
2024-02-29,462.230000
2024-03-01,463.320000
2024-03-04,463.540000
2024-03-05,462.470000
2024-03-06,463.220000
2024-03-07,464.090000
2024-03-08,463.960000
2024-03-11,464.400000
2024-03-12,465.790000
2024-03-13,465.840000
2024-03-14,465.600000
2024-03-15,464.200000
2024-03-18,466.060000
2024-03-19,467.530000
2024-03-20,469.460000
2024-03-21,470.100000
2024-03-22,470.040000
2024-03-25,470.110000
2024-03-26,469.950000
2024-03-27,471.430000
2024-03-28,471.450000
2024-04-01,471.650000
2024-04-02,470.700000
2024-04-03,471.050000
2024-04-04,467.990000
2024-04-05,470.550000
2024-04-08,471.490000
2024-04-09,471.820000
2024-04-10,469.940000
2024-04-11,472.010000
2024-04-12,468.400000
2024-04-15,464.310000
2024-04-16,463.830000
2024-04-17,461.790000
2024-04-18,461.040000
2024-04-19,458.220000
2024-04-22,462.200000
2024-04-23,466.340000
2024-04-24,466.460000
2024-04-25,464.980000
2024-04-26,468.370000
2024-04-29,469.790000
2024-04-30,464.750000
2024-05-01,463.700000
2024-05-02,467.070000
2024-05-03,471.420000
2024-05-06,474.080000
2024-05-07,474.620000
2024-05-08,474.850000
2024-05-09,475.940000
2024-05-10,476.300000
2024-05-13,476.480000
2024-05-14,477.260000
2024-05-15,478.970000
2024-05-16,478.740000
2024-05-17,479.240000
2024-05-20,479.820000
2024-05-21,480.530000
2024-05-22,480.000000
2024-05-23,478.490000
2024-05-24,480.370000
2024-05-28,480.830000
2024-05-29,479.150000
2024-05-30,477.540000
2024-05-31,480.100000
2024-06-03,480.470000
2024-06-04,480.760000
2024-06-05,483.010000
2024-06-06,483.330000
2024-06-07,483.500000
2024-06-10,484.200000
2024-06-11,484.600000
2024-06-12,485.520000
2024-06-13,485.730000
2024-06-14,485.950000
2024-06-17,486.780000
2024-06-18,487.140000
2024-06-20,486.740000
2024-06-21,486.710000
2024-06-24,486.480000
2024-06-25,487.550000
2024-06-26,488.090000
2024-06-27,488.620000
2024-06-28,487.960000
2024-07-01,489.060000
2024-07-02,490.340000
2024-07-03,491.000000
2024-07-05,491.790000
2024-07-08,492.270000
2024-07-09,492.490000
2024-07-10,492.830000
2024-07-11,492.810000
2024-07-12,493.170000
2024-07-15,493.370000
2024-07-16,493.910000
2024-07-17,492.220000
2024-07-18,490.070000
2024-07-19,487.800000
2024-07-22,491.780000
2024-07-23,491.300000
2024-07-24,482.490000
2024-07-25,480.140000
2024-07-26,484.950000
2024-07-29,485.540000
2024-07-30,483.310000
2024-07-31,489.810000
2024-08-01,484.090000
2024-08-02,475.600000
2024-08-05,462.370000
2024-08-06,466.540000
2024-08-07,463.410000
2024-08-08,473.850000
2024-08-09,475.820000
2024-08-12,476.290000
2024-08-13,483.140000
2024-08-14,484.640000
2024-08-15,489.960000
2024-08-16,490.300000
2024-08-19,492.310000
2024-08-20,491.800000
2024-08-21,492.330000
2024-08-22,491.010000
2024-08-23,493.030000
2024-08-26,493.250000
2024-08-27,493.690000
2024-08-28,492.660000
2024-08-29,493.270000
2024-08-30,494.740000
2024-09-03,491.280000
2024-09-04,490.800000
2024-09-05,490.620000
2024-09-06,485.600000
2024-09-09,489.980000
2024-09-10,491.340000
2024-09-11,494.070000
2024-09-12,496.040000
2024-09-13,496.920000
2024-09-16,497.460000
2024-09-17,497.360000
2024-09-18,496.960000
2024-09-19,500.830000
2024-09-20,500.690000
2024-09-23,501.890000
2024-09-24,502.960000
2024-09-25,502.500000
2024-09-26,503.530000
2024-09-27,502.930000
2024-09-30,504.440000
2024-10-01,501.730000
2024-10-02,502.060000
2024-10-03,501.510000
2024-10-04,504.680000
2024-10-07,502.130000
2024-10-08,505.270000
2024-10-09,507.150000
2024-10-10,507.370000
2024-10-11,508.800000
2024-10-14,510.210000
2024-10-15,509.260000
2024-10-16,510.430000
2024-10-17,510.780000
2024-10-18,511.860000
2024-10-21,511.810000
2024-10-22,511.790000
2024-10-23,509.100000
2024-10-24,510.010000
2024-10-25,509.780000
2024-10-28,511.080000
2024-10-29,511.610000
2024-10-30,510.800000
2024-10-31,503.900000
2024-11-01,505.780000
2024-11-04,505.310000
2024-11-05,510.110000
2024-11-06,518.580000
2024-11-07,520.130000
2024-11-08,520.660000
2024-11-11,521.090000
2024-11-12,520.980000
2024-11-13,521.490000
2024-11-14,520.480000
2024-11-15,516.470000
2024-11-18,518.340000
2024-11-19,519.350000
2024-11-20,519.200000
2024-11-21,521.100000
2024-11-22,522.670000
2024-11-25,524.260000
2024-11-26,525.850000
2024-11-27,525.320000
2024-11-29,526.950000
2024-12-02,527.770000
2024-12-03,528.110000
2024-12-04,529.170000
2024-12-05,529.260000
2024-12-06,529.860000
2024-12-09,529.350000
2024-12-10,529.070000
2024-12-11,530.540000
2024-12-12,530.120000
2024-12-13,530.420000
2024-12-16,531.150000
2024-12-17,530.700000
2024-12-18,520.270000
2024-12-19,520.460000
2024-12-20,524.950000
2024-12-23,527.640000
2024-12-24,531.580000
2024-12-26,531.710000
2024-12-27,528.440000
2024-12-30,524.370000
2024-12-31,522.990000
2025-01-02,521.890000
2025-01-03,527.380000
2025-01-06,529.880000
2025-01-07,525.350000
2025-01-08,525.950000
2025-01-10,518.940000
2025-01-13,519.750000
2025-01-14,520.500000
2025-01-15,527.910000
2025-01-16,527.770000
2025-01-17,529.730000
2025-01-21,532.420000
2025-01-22,533.470000
2025-01-23,534.300000
2025-01-24,534.110000
2025-01-27,531.150000
2025-01-28,533.290000
2025-01-29,532.630000
2025-01-30,534.040000
2025-01-31,532.980000
2025-02-03,531.400000
2025-02-04,533.710000
2025-02-05,535.000000
2025-02-06,535.940000
2025-02-07,534.530000
2025-02-10,536.500000
2025-02-11,536.830000
2025-02-12,536.690000
2025-02-13,538.090000
2025-02-14,538.420000
2025-02-18,539.280000
2025-02-19,539.880000
2025-02-20,539.810000
2025-02-21,534.500000
2025-02-24,532.980000
2025-02-25,531.040000
2025-02-26,531.160000
2025-02-27,524.120000
2025-02-28,531.200000
2025-03-03,523.280000
2025-03-04,517.370000
2025-03-05,522.780000
2025-03-06,513.830000
2025-03-07,516.540000
2025-03-10,503.130000
2025-03-11,499.130000
2025-03-12,501.520000
2025-03-13,494.880000
2025-03-14,504.780000
2025-03-17,508.730000
2025-03-18,503.570000
2025-03-19,508.590000
2025-03-20,507.990000
2025-03-21,508.010000
2025-03-24,514.140000
2025-03-25,515.170000
2025-03-26,511.600000
2025-03-27,510.770000
2025-03-28,502.720000
2025-03-31,505.360000
2025-04-01,506.940000
2025-04-02,509.580000
2025-04-03,487.560000
2025-04-04,458.830000
2025-04-07,457.810000
2025-04-08,450.850000
2025-04-09,492.390000
2025-04-10,476.060000
2025-04-11,483.940000
2025-04-14,489.220000
2025-04-15,488.600000
2025-04-16,478.390000
2025-04-17,479.620000
2025-04-21,469.350000
2025-04-22,480.330000
2025-04-23,486.880000
2025-04-24,494.840000
2025-04-25,497.840000
2025-04-28,498.640000
2025-04-29,500.830000
2025-04-30,501.050000
2025-05-01,503.420000
2025-05-02,507.560000
2025-05-05,507.190000
2025-05-06,505.110000
2025-05-07,506.730000
2025-05-08,508.840000
2025-05-09,508.870000
2025-05-12,514.440000
2025-05-13,515.090000
2025-05-14,515.260000
2025-05-15,516.800000
2025-05-16,518.420000
2025-05-19,518.790000
2025-05-20,518.250000
2025-05-21,513.050000
2025-05-22,513.380000
2025-05-23,510.760000
2025-05-27,518.720000
2025-05-28,517.210000
2025-05-29,518.550000
2025-05-30,518.470000
2025-06-02,520.630000
2025-06-03,522.510000
2025-06-04,522.710000
2025-06-05,521.540000
2025-06-06,524.660000
2025-06-09,525.340000
2025-06-10,526.600000
2025-06-11,526.300000
2025-06-12,527.010000
2025-06-13,524.720000
2025-06-16,528.020000
2025-06-17,525.560000
2025-06-18,526.220000
2025-06-20,525.900000
2025-06-23,529.730000
2025-06-24,533.120000
2025-06-25,533.640000
2025-06-26,535.350000
2025-06-27,536.250000
2025-06-30,537.180000
2025-07-01,537.340000
2025-07-02,537.980000
2025-07-03,538.700000
2025-07-07,538.700000
2025-07-08,539.260000
2025-07-09,539.900000
2025-07-10,540.150000
2025-07-11,540.190000
2025-07-14,540.690000
2025-07-15,540.240000
2025-07-16,540.990000
2025-07-17,542.400000
2025-07-18,542.440000
2025-07-21,543.360000
2025-07-22,543.650000
2025-07-23,545.890000
2025-07-24,546.310000
2025-07-25,547.210000
2025-07-28,547.720000
2025-07-29,547.260000
2025-07-30,547.310000
2025-07-31,546.610000
2025-08-01,541.620000
2025-08-04,547.150000
2025-08-05,546.180000
2025-08-06,548.440000
2025-08-07,548.540000
2025-08-08,550.260000
2025-08-11,550.230000
2025-08-12,552.100000
2025-08-13,552.660000
2025-08-14,552.880000
2025-08-15,552.400000
2025-08-18,552.950000
2025-08-19,551.560000
2025-08-20,550.770000
2025-08-21,549.290000
2025-08-22,554.460000
2025-08-25,553.880000
2025-08-26,555.070000
2025-08-27,555.550000
2025-08-28,556.780000
2025-08-29,555.340000
2025-09-02,553.530000
2025-09-03,555.470000
2025-09-04,557.760000
2025-09-05,557.680000
2025-09-08,558.690000
2025-09-09,559.290000
2025-09-10,559.840000
2025-09-11,561.050000
2025-09-12,561.220000
2025-09-15,561.730000
2025-09-16,561.620000
2025-09-17,561.890000
2025-09-18,562.720000
2025-09-19,563.900000
2025-09-22,565.130000
2025-09-23,563.930000
2025-09-24,563.490000
2025-09-25,562.380000
2025-09-26,564.670000
2025-09-29,565.910000
2025-09-30,566.850000
2025-10-01,567.830000
2025-10-02,568.130000
2025-10-03,568.480000
2025-10-06,569.740000
2025-10-07,569.130000
2025-10-08,570.590000
2025-10-09,570.390000
2025-10-10,561.180000
2025-10-13,568.600000
2025-10-14,568.230000
2025-10-15,569.820000
2025-10-16,566.810000
2025-10-17,569.670000
2025-10-20,574.270000
2025-10-21,574.660000
2025-10-22,573.180000
2025-10-23,575.380000
2025-10-24,577.610000
2025-10-27,580.210000
2025-10-28,580.410000
2025-10-29,580.280000
2025-10-30,578.770000
2025-10-31,579.540000
2025-11-03,580.730000
2025-11-04,578.090000
2025-11-05,579.560000
2025-11-06,576.430000
2025-11-07,577.160000
2025-11-10,582.030000
2025-11-11,582.950000
2025-11-12,583.180000
2025-11-13,578.910000
2025-11-14,579.420000
2025-11-17,576.300000
2025-11-18,572.830000
2025-11-19,574.850000
2025-11-20,567.920000
2025-11-21,573.140000
2025-11-24,580.280000
2025-11-25,584.350000
2025-11-26,586.940000
2025-11-28,589.030000
2025-12-01,588.080000
2025-12-02,589.060000
2025-12-03,590.450000
2025-12-04,591.110000
2025-12-05,591.860000
2025-12-08,591.320000
2025-12-09,591.290000
2025-12-10,593.540000
2025-12-11,594.800000
2025-12-12,592.070000
2025-12-15,592.150000
2025-12-16,591.320000
2025-12-17,587.010000
2025-12-18,590.560000
2025-12-19,593.760000
2025-12-22,596.370000
2025-12-23,597.650000
2025-12-24,598.560000
2025-12-26,598.950000
2025-12-29,598.710000
2025-12-30,598.580000
2025-12-31,596.510000
2026-01-02,597.550000
2026-01-05,599.910000
2026-01-06,601.310000
2026-01-07,600.870000
2026-01-08,601.050000
2026-01-09,602.690000
2026-01-12,603.290000
2026-01-13,603.200000
2026-01-14,602.760000
2026-01-15,603.580000
2026-01-16,603.400000
2026-01-20,595.450000
2026-01-21,600.880000
2026-01-22,603.320000
2026-01-23,603.580000
2026-01-26,605.660000
2026-01-27,606.930000
2026-01-28,606.850000
2026-01-29,606.410000
2026-01-30,605.600000
2026-02-02,608.230000
2026-02-03,605.100000
2026-02-04,603.110000
2026-02-05,597.150000
2026-02-06,606.630000
2026-02-09,609.040000
2026-02-10,608.490000
2026-02-11,608.840000
2026-02-12,601.640000
2026-02-13,602.270000
2026-02-17,603.460000
2026-02-18,606.110000
2026-02-19,605.170000
2026-02-20,607.370000
2026-02-23,603.810000
2026-02-24,607.240000
2026-02-25,610.570000
2026-02-26,609.180000
2026-02-27,607.430000
2026-03-02,607.630000
2026-03-03,604.010000
2026-03-04,607.640000
2026-03-05,605.360000
2026-03-06,598.480000
2026-03-09,603.990000
2026-03-10,603.200000
2026-03-11,603.230000
2026-03-12,594.820000
2026-03-13,591.630000
2026-03-16,597.950000
2026-03-17,599.850000
2026-03-18,592.460000
2026-03-19,591.360000
2026-03-20,584.540000
2026-03-23,590.440000
2026-03-24,588.980000
2026-03-25,591.930000
2026-03-26,582.940000
2026-03-27,573.500000
2026-03-30,572.380000
2026-03-31,587.940000
2026-04-01,592.110000
2026-04-02,592.740000
2026-04-06,595.620000
2026-04-07,595.650000
2026-04-08,607.720000
2026-04-09,610.640000
2026-04-10,610.730000
2026-04-13,614.100000
2026-04-14,616.310000
2026-04-15,617.490000
2026-04-16,618.360000
2026-04-17,620.580000
2026-04-20,620.280000
2026-04-21,618.310000
2026-04-22,621.410000
2026-04-23,620.660000
2026-04-24,622.380000
2026-04-27,623.540000
2026-04-28,623.130000
2026-04-29,623.130000
2026-04-30,625.510000
2026-05-01,626.190000
2026-05-04,626.070000
2026-05-05,627.370000
2026-05-06,628.200000
2026-05-07,628.380000
2026-05-08,628.710000
2026-05-11,628.970000
2026-05-12,629.390000
2026-05-13,630.470000
2026-05-14,632.210000
2026-05-15,629.410000
2026-05-18,630.110000
2026-05-19,627.960000
2026-05-20,631.600000
2026-05-21,632.930000
2026-05-22,634.120000
2026-05-26,636.700000
2026-05-27,637.330000
2026-05-28,639.120000
2026-05-29,639.740000
2026-06-01,640.580000
2026-06-02,641.130000
2026-06-03,640.240000
2026-06-04,641.490000
2026-06-05,632.940000
2026-06-08,634.880000
2026-06-09,633.500000
2026-06-10,625.300000
2026-06-11,634.060000
2026-06-12,637.620000
2026-06-15,644.070000
2026-06-16,642.670000
2026-06-17,637.540000
2026-06-18,642.510000
2026-06-22,642.060000
2026-06-23,635.330000
2026-06-24,635.130000
2026-06-25,635.490000
2026-06-26,639.980000
2026-06-29,641.380000
2026-06-30,645.170000
2026-07-01,645.130000
2026-07-02,644.580000
2026-07-06,649.490000
2026-07-07,647.420000
2026-07-08,645.940000
2026-07-09,650.130000
2026-07-10,652.380000
2026-07-13,648.970000
2026-07-14,651.090000
2026-07-15,652.960000
2026-07-16,651.550000
2026-07-17,646.820000
2026-07-20,647.070000
2026-07-21,650.720000
2026-07-22,650.570000
2026-07-23,645.470000
2026-07-24,646.200000
2026-07-27,646.860000
2026-07-28,647.960000
2026-07-29,640.340000
2026-07-30,649.620000
2026-07-31,652.710000
