date,close
1990-01-19,99.943268
1990-01-22,98.242514
1990-01-23,99.018266
1990-01-24,98.961949
1990-01-25,97.884456
1990-01-26,97.865967
1990-01-29,97.999633
1990-01-30,97.640766
1990-01-31,98.946048
1990-02-01,99.097779
1990-02-02,99.438621
1990-02-05,99.874935
1990-02-06,99.516094
1990-02-07,100.462098
1990-02-08,100.557123
1990-02-09,100.689972
1990-02-12,99.934987
1990-02-13,100.351513
1990-02-14,100.560024
1990-02-15,101.534423
1990-02-16,101.177294
1990-02-20,100.545333
1990-02-21,100.645162
1990-02-22,100.414224
1990-02-23,100.144377
1990-02-26,101.241665
1990-02-27,101.458265
1990-02-28,101.752699
1990-03-01,101.872023
1990-03-02,102.224838
1990-03-05,102.339638
1990-03-06,102.741114
1990-03-07,102.656166
1990-03-08,102.940909
1990-03-09,102.914342
1990-03-12,103.107070
1990-03-13,102.992965
1990-03-14,103.160993
1990-03-15,103.280383
1990-03-16,103.311930
1990-03-19,103.588833
1990-03-20,103.129221
1990-03-21,102.958410
1990-03-22,102.325530
1990-03-23,102.732320
1990-03-26,103.009317
1990-03-27,103.685668
1990-03-28,103.688166
1990-03-29,103.632910
1990-03-30,103.211850
1990-04-02,103.392676
1990-04-03,104.146071
1990-04-04,103.763539
1990-04-05,103.900845
1990-04-06,103.864878
1990-04-09,104.219076
1990-04-10,104.471923
1990-04-11,104.590003
1990-04-12,104.958377
1990-04-16,105.055324
1990-04-17,105.202311
1990-04-18,104.829469
1990-04-19,104.591404
1990-04-20,103.933918
1990-04-23,103.656497
1990-04-24,103.616751
1990-04-25,103.932880
1990-04-26,104.209472
1990-04-27,103.378914
1990-04-30,104.030785
1990-05-01,104.228313
1990-05-02,104.761943
1990-05-03,104.999018
1990-05-04,105.572197
1990-05-07,105.808962
1990-05-08,105.957088
1990-05-09,105.986594
1990-05-10,106.144613
1990-05-11,106.292750
1990-05-14,106.381311
1990-05-15,106.410839
1990-05-16,106.450256
1990-05-17,106.479791
1990-05-18,106.501000
1990-05-21,106.967279
1990-05-22,106.988170
1990-05-23,107.047505
1990-05-24,107.029963
1990-05-25,106.743338
1990-05-29,107.403606
1990-05-30,107.462970
1990-05-31,107.493508
1990-06-01,107.600931
1990-06-04,107.817514
1990-06-05,107.828851
1990-06-06,107.869024
1990-06-07,107.889979
1990-06-08,107.834057
1990-06-11,108.041115
1990-06-12,108.090921
1990-06-13,108.111901
1990-06-14,108.171327
1990-06-15,108.164778
1990-06-18,107.527080
1990-06-19,107.910263
1990-06-20,108.065294
1990-06-21,108.353420
1990-06-22,107.538799
1990-06-25,106.882180
1990-06-26,106.847108
1990-06-27,107.648611
1990-06-28,108.050846
1990-06-29,108.205917
1990-07-02,108.595104
1990-07-03,108.750192
1990-07-05,107.995656
1990-07-06,108.626081
1990-07-09,108.939309
1990-07-10,108.428974
1990-07-11,109.306591
1990-07-12,109.718394
1990-07-13,109.835500
1990-07-16,110.044249
1990-07-17,110.066308
1990-07-18,110.031333
1990-07-19,110.195999
1990-07-20,110.226136
1990-07-23,109.147048
1990-07-24,109.499291
1990-07-25,109.909787
1990-07-26,109.563053
1990-07-27,109.158074
1990-07-30,109.748877
1990-07-31,109.829323
1990-08-01,109.812692
1990-08-02,108.941749
1990-08-03,107.099998
1990-08-06,104.409545
1990-08-07,104.470605
1990-08-08,105.463650
1990-08-09,105.990709
1990-08-10,104.770309
1990-08-13,105.769039
1990-08-14,106.024293
1990-08-15,106.318383
1990-08-16,103.933034
1990-08-17,102.426023
1990-08-20,102.732629
1990-08-21,101.704398
1990-08-22,100.716546
1990-08-23,98.356019
1990-08-24,99.588683
1990-08-27,102.115890
1990-08-28,102.218132
1990-08-29,102.724107
1990-08-30,101.675730
1990-08-31,102.363391
1990-09-04,102.933945
1990-09-05,103.339018
1990-09-06,102.674214
1990-09-07,103.361907
1990-09-10,103.285247
1990-09-11,103.508669
1990-09-12,103.711908
1990-09-13,102.966389
1990-09-14,102.543858
1990-09-17,103.133443
1990-09-18,103.316523
1990-09-19,102.894014
1990-09-20,101.179577
1990-09-21,101.260360
1990-09-24,100.438137
1990-09-25,101.210580
1990-09-26,100.769074
1990-09-27,99.908967
1990-09-28,100.848862
1990-10-01,102.496476
1990-10-02,102.536386
1990-10-03,102.283276
1990-10-04,102.574356
1990-10-05,102.551485
1990-10-08,103.089871
1990-10-09,101.350737
1990-10-10,100.386024
1990-10-11,99.128292
1990-10-12,100.654282
1990-10-15,101.778786
1990-10-16,100.562932
1990-10-17,100.540103
1990-10-18,102.694019
1990-10-19,104.259455
1990-10-22,104.920366
1990-10-23,104.573894
1990-10-24,104.765510
1990-10-25,104.332951
1990-10-26,103.276216
1990-10-29,103.033217
1990-10-30,103.655323
1990-10-31,103.588683
1990-11-01,104.361460
1990-11-02,105.134241
1990-11-05,105.773777
1990-11-06,105.513448
1990-11-07,104.542849
1990-11-08,104.971276
1990-11-09,106.174550
1990-11-12,106.921777
1990-11-13,106.995086
1990-11-14,107.122206
1990-11-15,107.141713
1990-11-16,107.212565
1990-11-19,107.831537
1990-11-20,107.415464
1990-11-21,107.607323
1990-11-23,107.426544
1990-11-26,107.741615
1990-11-27,107.998627
1990-11-28,108.060236
1990-11-29,107.861308
1990-11-30,108.769681
1990-12-03,108.932833
1990-12-04,109.189866
1990-12-05,109.392623
1990-12-06,109.356554
1990-12-07,109.353055
1990-12-10,109.516271
1990-12-11,109.567063
1990-12-12,109.682994
1990-12-13,109.744649
1990-12-14,109.730315
1990-12-17,109.828459
1990-12-18,109.922697
1990-12-19,109.962658
1990-12-20,110.013477
1990-12-21,109.999194
1990-12-24,109.668825
1990-12-26,110.168787
1990-12-27,109.698577
1990-12-28,109.885018
1990-12-31,110.063076
1991-01-02,109.885244
1991-01-03,108.906679
1991-01-04,108.775405
1991-01-07,107.258941
1991-01-08,107.106495
1991-01-09,105.683119
1991-01-10,106.886339
1991-01-11,106.903359
1991-01-14,106.191873
1991-01-15,106.505453
1991-01-16,107.623960
1991-01-17,111.580885
1991-01-18,112.274362
1991-01-21,112.564451
1991-01-22,111.951746
1991-01-23,112.511736
1991-01-24,113.202027
1991-01-25,113.523140
1991-01-28,113.639549
1991-01-29,113.678358
1991-01-30,114.227507
1991-01-31,114.429194
1991-02-01,114.402861
1991-02-04,114.714773
1991-02-05,114.764457
1991-02-06,114.857577
1991-02-07,114.852975
1991-02-08,114.924384
1991-02-11,115.008326
1991-02-12,115.058028
1991-02-13,115.086017
1991-02-14,115.114008
1991-02-15,115.063175
1991-02-19,115.317412
1991-02-20,114.776067
1991-02-21,114.854635
1991-02-22,114.913208
1991-02-25,115.288916
1991-02-26,114.827577
1991-02-27,115.646054
1991-02-28,115.724642
1991-03-04,116.218997
1991-03-05,116.767531
1991-03-06,116.736153
1991-03-07,116.814762
1991-03-08,116.853379
1991-03-11,116.939254
1991-03-12,116.887897
1991-03-13,117.176492
1991-03-14,117.215128
1991-03-15,116.983237
1991-03-18,116.777230
1991-03-19,115.996065
1991-03-20,116.253690
1991-03-21,116.031877
1991-03-22,116.189623
1991-03-25,116.702832
1991-03-26,117.579748
1991-03-27,117.477812
1991-03-28,117.315948
1991-04-01,117.068053
1991-04-02,117.994931
1991-04-03,117.922978
1991-04-04,118.000853
1991-04-05,117.799058
1991-04-08,118.252450
1991-04-09,117.810946
1991-04-10,117.878849
1991-04-11,118.356276
1991-04-12,118.524068
1991-04-15,118.657891
1991-04-16,118.765764
1991-04-17,118.823698
1991-04-18,118.851669
1991-04-19,118.827581
1991-04-22,118.537755
1991-04-23,118.572939
1991-04-24,118.786040
1991-04-25,118.346788
1991-04-26,118.381978
1991-04-29,117.716594
1991-04-30,118.028549
1991-05-01,118.854484
1991-05-02,118.948991
1991-05-03,119.122573
1991-05-06,119.129355
1991-05-07,118.868042
1991-05-08,119.120707
1991-05-09,119.788510
1991-05-10,118.380638
1991-05-13,119.020049
1991-05-14,117.651722
1991-05-15,116.876447
1991-05-16,118.196620
1991-05-17,118.177546
1991-05-20,118.146204
1991-05-21,118.648227
1991-05-22,118.745675
1991-05-23,118.640834
1991-05-24,118.981034
1991-05-28,119.411321
1991-05-29,119.488555
1991-05-30,119.646707
1991-05-31,119.693603
1991-06-03,119.743272
1991-06-04,119.790176
1991-06-05,119.766282
1991-06-06,119.752504
1991-06-07,119.748843
1991-06-10,119.747987
1991-06-11,119.896052
1991-06-12,119.700228
1991-06-13,119.888755
1991-06-14,120.087400
1991-06-17,120.116936
1991-06-18,120.184101
1991-06-19,120.129895
1991-06-20,120.237523
1991-06-21,120.274764
1991-06-24,119.292072
1991-06-25,119.268903
1991-06-26,119.773347
1991-06-27,120.135744
1991-06-28,119.321168
1991-07-01,120.631601
1991-07-02,120.851962
1991-07-03,120.057691
1991-07-05,120.498425
1991-07-08,120.936326
1991-07-09,120.933484
1991-07-10,121.011816
1991-07-11,121.252492
1991-07-12,121.756976
1991-07-15,121.992002
1991-07-16,122.019617
1991-07-17,122.067527
1991-07-18,122.196611
1991-07-19,122.183928
1991-07-22,122.136337
1991-07-23,121.626355
1991-07-24,121.644343
1991-07-25,122.088769
1991-07-26,122.127069
1991-07-29,122.546582
1991-07-30,122.970715
1991-07-31,123.069947
1991-08-01,123.128569
1991-08-02,123.146581
1991-08-05,123.180325
1991-08-06,123.574017
1991-08-07,123.602195
1991-08-08,123.599916
1991-08-09,123.567180
1991-08-12,123.753278
1991-08-13,123.852545
1991-08-14,123.880741
1991-08-15,123.919094
1991-08-16,123.925885
1991-08-19,122.057870
1991-08-20,122.933373
1991-08-21,124.707781
1991-08-22,124.888683
1991-08-23,125.181950
1991-08-26,125.203724
1991-08-27,125.282490
1991-08-28,125.534910
1991-08-29,125.552392
1991-08-30,125.518803
1991-09-03,125.466189
1991-09-04,125.299819
1991-09-05,125.256030
1991-09-06,125.355250
1991-09-09,125.366911
1991-09-10,124.955401
1991-09-11,125.095492
1991-09-12,125.582889
1991-09-13,125.130527
1991-09-16,125.652978
1991-09-17,125.854373
1991-09-18,125.994481
1991-09-19,126.277599
1991-09-20,126.416127
1991-09-23,126.425090
1991-09-24,126.732733
1991-09-25,126.666489
1991-09-26,126.807963
1991-09-27,126.617093
1991-09-30,126.999992
1991-10-01,127.224564
1991-10-02,127.158335
1991-10-03,126.676676
1991-10-04,126.257334
1991-10-07,125.913272
1991-10-08,126.262489
1991-10-09,125.448497
1991-10-10,126.337781
1991-10-11,126.666233
1991-10-14,127.776232
1991-10-15,128.177394
1991-10-16,128.318912
1991-10-17,128.356575
1991-10-18,128.403473
1991-10-21,128.097448
1991-10-22,127.863577
1991-10-23,128.004487
1991-10-24,127.312557
1991-10-25,127.182797
1991-10-28,128.417573
1991-10-29,128.745884
1991-10-30,128.990913
1991-10-31,129.006913
1991-11-01,128.960451
1991-11-04,128.841899
1991-11-05,128.753803
1991-11-06,128.978025
1991-11-07,129.577028
1991-11-08,129.655506
1991-11-11,129.911774
1991-11-12,130.177650
1991-11-13,130.266549
1991-11-14,130.303397
1991-11-15,127.867698
1991-11-18,128.701692
1991-11-19,127.900912
1991-11-20,127.721683
1991-11-21,127.992542
1991-11-22,127.320363
1991-11-25,127.318510
1991-11-26,128.103763
1991-11-27,127.774514
1991-11-29,127.759004
1991-12-02,128.850251
1991-12-03,128.885368
1991-12-04,128.834755
1991-12-05,128.484085
1991-12-06,128.776399
1991-12-09,128.860338
1991-12-10,128.895465
1991-12-11,128.887728
1991-12-12,129.737301
1991-12-13,130.158221
1991-12-16,130.424369
1991-12-17,130.384491
1991-12-18,130.516076
1991-12-19,130.540500
1991-12-20,130.745912
1991-12-23,131.849661
1991-12-24,132.056192
1991-12-26,132.307869
1991-12-27,132.363774
1991-12-30,132.445425
1991-12-31,132.469058
1992-01-02,132.537846
1992-01-03,132.561483
1992-01-06,132.632400
1992-01-07,132.666801
1992-01-08,132.701204
1992-01-09,132.692570
1992-01-10,132.737734
1992-01-13,132.819437
1992-01-14,132.843087
1992-01-15,132.866739
1992-01-16,132.890392
1992-01-17,132.874215
1992-01-20,132.834637
1992-01-21,132.300134
1992-01-22,133.187397
1992-01-23,132.652896
1992-01-24,132.951146
1992-01-27,132.911599
1992-01-28,132.783324
1992-01-29,132.106655
1992-01-30,132.364291
1992-01-31,131.748557
1992-02-03,131.973082
1992-02-04,133.043163
1992-02-05,133.178942
1992-02-06,133.152235
1992-02-07,132.759932
1992-02-10,133.370395
1992-02-11,133.688981
1992-02-12,134.342699
1992-02-13,133.696518
1992-02-14,133.811999
1992-02-18,132.628750
1992-02-19,133.008280
1992-02-20,134.383048
1992-02-21,134.180973
1992-02-24,134.265997
1992-02-25,134.135417
1992-02-26,134.792552
1992-02-27,134.703434
1992-02-28,134.635046
1992-03-02,134.803020
1992-03-03,134.776097
1992-03-04,134.396777
1992-03-05,133.996729
1992-03-06,133.513766
1992-03-09,133.785419
1992-03-10,134.525493
1992-03-11,133.773055
1992-03-12,133.911981
1992-03-13,134.341119
1992-03-16,134.550617
1992-03-17,135.601641
1992-03-18,135.657659
1992-03-19,135.941701
1992-03-20,136.326935
1992-03-23,136.409130
1992-03-24,136.464638
1992-03-25,136.541227
1992-03-26,136.301612
1992-03-27,135.471747
1992-03-30,135.469648
1992-03-31,135.483004
1992-04-01,135.896889
1992-04-02,134.750826
1992-04-03,135.185794
1992-04-06,136.448545
1992-04-07,134.206308
1992-04-08,133.313217
1992-04-09,135.687590
1992-04-10,136.396612
1992-04-13,136.858335
1992-04-14,138.284096
1992-04-15,138.539896
1992-04-16,138.584318
1992-04-20,137.642215
1992-04-21,137.994273
1992-04-22,137.922851
1992-04-23,138.063171
1992-04-24,137.758836
1992-04-27,137.798673
1992-04-28,137.896651
1992-04-29,138.502808
1992-04-30,139.066618
1992-05-01,138.804640
1992-05-04,139.606770
1992-05-05,139.747105
1992-05-06,139.781571
1992-05-07,139.710167
1992-05-08,139.977550
1992-05-11,140.409160
1992-05-12,140.306002
1992-05-13,140.403999
1992-05-14,140.014993
1992-05-15,139.252928
1992-05-18,139.766801
1992-05-19,140.254202
1992-05-20,140.267443
1992-05-21,139.892733
1992-05-22,140.186163
1992-05-26,139.872748
1992-05-27,140.036867
1992-05-28,140.675150
1992-05-29,140.645295
1992-06-01,140.857480
1992-06-02,140.590549
1992-06-03,140.819335
1992-06-04,140.660172
1992-06-05,140.802749
1992-06-08,140.788655
1992-06-09,140.467851
1992-06-10,140.050060
1992-06-11,140.472832
1992-06-12,140.884828
1992-06-15,141.129394
1992-06-16,140.711611
1992-06-17,139.000659
1992-06-18,138.798406
1992-06-19,139.622519
1992-06-22,139.680911
1992-06-23,139.891601
1992-06-24,139.903713
1992-06-25,139.893762
1992-06-26,140.016198
1992-06-29,140.813764
1992-06-30,140.814851
1992-07-01,141.069677
1992-07-02,140.993541
1992-07-06,141.141323
1992-07-07,140.921775
1992-07-08,141.143512
1992-07-09,141.310090
1992-07-10,141.344283
1992-07-13,141.424805
1992-07-14,141.481067
1992-07-15,141.493201
1992-07-16,141.527401
1992-07-17,141.485497
1992-07-20,141.500009
1992-07-21,141.339217
1992-07-22,140.746342
1992-07-23,141.104051
1992-07-24,141.116095
1992-07-27,141.303461
1992-07-28,142.309299
1992-07-29,142.764232
1992-07-30,142.981521
1992-07-31,143.025978
1992-08-03,143.180959
1992-08-04,143.225420
1992-08-05,143.097049
1992-08-06,143.011887
1992-08-07,142.872716
1992-08-10,143.092531
1992-08-11,143.018176
1992-08-12,143.008635
1992-08-13,143.042303
1992-08-14,143.410836
1992-08-17,143.587464
1992-08-18,143.664345
1992-08-19,143.579196
1992-08-20,143.688486
1992-08-21,143.776439
1992-08-24,143.146315
1992-08-25,143.445493
1992-08-26,143.966070
1992-08-27,144.154551
1992-08-28,144.298752
1992-08-31,144.421403
1992-09-01,144.587748
1992-09-02,144.886933
1992-09-03,144.920440
1992-09-04,144.887529
1992-09-08,144.778031
1992-09-09,145.055083
1992-09-10,145.332135
1992-09-11,145.354579
1992-09-14,145.444058
1992-09-15,145.455436
1992-09-16,145.400395
1992-09-17,145.533544
1992-09-18,145.532822
1992-09-21,145.694827
1992-09-22,144.938733
1992-09-23,144.992737
1992-09-24,145.375159
1992-09-25,144.356333
1992-09-28,144.956243
1992-09-29,145.054040
1992-09-30,145.326994
1992-10-01,144.811746
1992-10-02,143.311246
1992-10-05,142.706973
1992-10-06,142.585830
1992-10-07,141.501329
1992-10-08,143.000381
1992-10-09,141.259046
1992-10-12,142.953712
1992-10-13,143.576987
1992-10-14,143.587217
1992-10-15,144.079126
1992-10-16,144.475596
1992-10-19,145.224527
1992-10-20,145.302231
1992-10-21,145.469644
1992-10-22,145.345505
1992-10-23,145.423210
1992-10-26,146.037594
1992-10-27,146.070448
1992-10-28,146.305148
1992-10-29,146.382858
1992-10-30,146.281152
1992-11-02,146.648853
1992-11-03,146.401373
1992-11-04,146.400593
1992-11-05,146.635298
1992-11-06,146.701801
1992-11-09,146.957381
1992-11-10,147.012673
1992-11-11,147.202529
1992-11-12,147.212968
1992-11-13,147.257049
1992-11-16,147.277160
1992-11-17,147.287603
1992-11-18,147.432609
1992-11-19,147.465481
1992-11-20,147.641587
1992-11-23,147.609928
1992-11-24,148.016381
1992-11-25,148.247254
1992-11-27,148.401737
1992-11-30,148.611520
1992-12-01,148.666817
1992-12-02,148.645299
1992-12-03,148.733520
1992-12-04,148.986349
1992-12-07,149.218098
1992-12-08,149.284375
1992-12-09,149.262863
1992-12-10,149.241352
1992-12-11,149.307632
1992-12-14,149.374792
1992-12-15,149.430102
1992-12-16,149.419570
1992-12-17,149.540724
1992-12-18,150.790066
1992-12-21,150.593924
1992-12-22,150.460997
1992-12-23,150.027017
1992-12-24,150.358831
1992-12-28,150.158476
1992-12-29,149.766282
1992-12-30,150.057280
1992-12-31,148.999609
1993-01-04,148.947972
1993-01-05,148.619888
1993-01-06,148.681479
1993-01-07,147.384640
1993-01-08,146.813551
1993-01-11,147.476017
1993-01-12,147.506816
1993-01-13,148.201505
1993-01-14,149.197432
1993-01-15,149.626263
1993-01-18,149.520157
1993-01-19,148.939656
1993-01-20,148.337230
1993-01-21,149.062879
1993-01-22,149.275098
1993-01-25,150.643906
1993-01-26,150.639456
1993-01-27,150.009437
1993-01-28,150.197758
1993-01-29,150.245352
1993-02-01,151.555436
1993-02-02,151.610233
1993-02-03,153.206635
1993-02-04,154.111760
1993-02-05,153.911219
1993-02-08,153.603348
1993-02-09,152.775396
1993-02-10,153.092041
1993-02-11,153.585732
1993-02-12,152.562993
1993-02-16,148.925819
1993-02-17,148.722633
1993-02-18,148.252062
1993-02-19,148.994634
1993-02-22,149.290069
1993-02-23,149.169825
1993-02-24,149.705753
1993-02-25,149.924532
1993-02-26,150.143313
1993-03-01,150.099742
1993-03-02,150.384143
1993-03-03,150.417012
1993-03-04,150.362392
1993-03-05,150.351518
1993-03-08,150.504816
1993-03-09,150.581435
1993-03-10,150.614310
1993-03-11,150.625313
1993-03-12,150.570700
1993-03-15,150.669333
1993-03-16,150.702213
1993-03-17,150.735093
1993-03-18,150.767974
1993-03-19,150.705472
1993-03-22,150.464366
1993-03-23,150.751195
1993-03-24,150.741443
1993-03-25,151.303670
1993-03-26,150.785496
1993-03-29,151.285861
1993-03-30,151.572695
1993-03-31,151.562950
1993-04-01,151.235440
1993-04-02,149.403842
1993-04-05,149.840672
1993-04-06,149.597904
1993-04-07,150.117773
1993-04-08,149.896191
1993-04-12,151.827390
1993-04-13,152.029499
1993-04-14,152.104503
1993-04-15,152.211284
1993-04-16,152.703120
1993-04-19,152.214337
1993-04-20,151.415267
1993-04-21,150.915199
1993-04-22,149.496638
1993-04-23,148.669994
1993-04-26,147.519156
1993-04-27,149.058862
1993-04-28,149.062266
1993-04-29,149.358675
1993-04-30,149.802779
1993-05-03,150.615449
1993-05-04,151.197881
1993-05-05,151.386177
1993-05-06,150.994191
1993-05-07,150.738026
1993-05-10,150.989875
1993-05-11,151.528979
1993-05-12,151.687887
1993-05-13,149.798609
1993-05-14,149.994370
1993-05-17,150.306603
1993-05-18,150.313429
1993-05-19,152.796236
1993-05-20,153.833381
1993-05-21,152.557524
1993-05-24,153.049763
1993-05-25,153.170449
1993-05-26,153.790186
1993-05-27,153.758989
1993-05-28,153.510814
1993-06-01,154.058673
1993-06-02,154.038330
1993-06-03,154.017989
1993-06-04,153.900008
1993-06-07,153.763050
1993-06-08,153.384699
1993-06-09,153.744076
1993-06-10,153.821381
1993-06-11,154.245853
1993-06-14,154.369290
1993-06-15,154.392355
1993-06-16,154.589005
1993-06-17,154.742260
1993-06-18,153.818222
1993-06-21,154.702968
1993-06-22,154.603119
1993-06-23,153.653166
1993-06-24,154.915147
1993-06-25,155.256112
1993-06-28,156.759418
1993-06-29,156.363921
1993-06-30,156.308757
1993-07-01,155.793544
1993-07-02,154.770002
1993-07-06,153.248824
1993-07-07,153.734854
1993-07-08,155.751880
1993-07-09,155.586282
1993-07-12,155.883824
1993-07-13,155.575515
1993-07-14,156.270603
1993-07-15,155.983116
1993-07-16,154.778225
1993-07-19,154.890728
1993-07-20,155.342172
1993-07-21,155.297026
1993-07-22,154.369786
1993-07-23,155.269243
1993-07-26,155.984642
1993-07-27,155.716152
1993-07-28,155.351388
1993-07-29,156.410941
1993-07-30,155.680023
1993-08-02,156.427973
1993-08-03,156.179510
1993-08-04,155.939993
1993-08-05,155.819354
1993-08-06,156.020679
1993-08-09,156.847239
1993-08-10,156.418512
1993-08-11,156.779063
1993-08-12,156.266397
1993-08-13,156.688597
1993-08-16,157.509390
1993-08-17,157.797683
1993-08-18,158.813149
1993-08-19,158.961152
1993-08-20,158.870950
1993-08-23,158.562027
1993-08-24,160.151374
1993-08-25,160.297324
1993-08-26,160.651620
1993-08-27,160.478090
1993-08-30,160.983003
1993-08-31,161.586994
1993-09-01,161.464992
1993-09-02,160.838167
1993-09-03,160.880006
1993-09-07,159.899396
1993-09-08,159.252503
1993-09-09,159.613450
1993-09-10,161.088523
1993-09-13,161.270293
1993-09-14,160.524428
1993-09-15,161.126176
1993-09-16,160.375348
1993-09-17,160.165903
1993-09-20,158.877469
1993-09-21,158.144967
1993-09-22,159.281781
1993-09-23,159.820169
1993-09-24,159.850894
1993-09-27,161.330536
1993-09-28,161.237608
1993-09-29,160.752005
1993-09-30,160.347776
1993-10-01,161.188070
1993-10-04,161.270536
1993-10-05,161.232782
1993-10-06,161.073717
1993-10-07,160.532190
1993-10-08,160.942627
1993-10-11,161.141922
1993-10-12,161.226535
1993-10-13,161.355902
1993-10-14,163.237671
1993-10-15,164.171297
1993-10-18,163.820925
1993-10-19,163.043523
1993-10-20,162.994562
1993-10-21,162.746260
1993-10-22,162.015343
1993-10-25,162.365763
1993-10-26,162.427673
1993-10-27,162.536122
1993-10-28,163.627602
1993-10-29,163.664685
1993-11-01,164.146761
1993-11-02,163.964454
1993-11-03,162.079934
1993-11-04,160.201918
1993-11-05,161.023780
1993-11-08,161.279557
1993-11-09,161.337381
1993-11-10,162.532875
1993-11-11,162.154337
1993-11-12,163.122413
1993-11-15,162.593147
1993-11-16,163.669856
1993-11-17,163.004292
1993-11-18,162.592581
1993-11-19,162.254249
1993-11-22,161.824450
1993-11-23,162.506737
1993-11-24,162.809717
1993-11-26,162.991750
1993-11-29,162.896655
1993-11-30,163.021144
1993-12-01,163.078698
1993-12-02,163.381687
1993-12-03,163.606584
1993-12-06,163.968910
1993-12-07,163.981845
1993-12-08,164.039406
1993-12-09,164.007719
1993-12-10,164.065282
1993-12-13,164.316069
1993-12-14,164.139358
1993-12-15,164.252706
1993-12-16,164.444148
1993-12-17,165.135901
1993-12-20,164.951071
1993-12-21,164.758802
1993-12-22,165.475838
1993-12-23,165.497083
1993-12-27,166.729335
1993-12-28,166.874967
1993-12-29,166.751301
1993-12-30,166.071653
1993-12-31,165.304089
1994-01-03,164.981950
1994-01-04,165.557246
1994-01-05,165.797308
1994-01-06,165.644826
1994-01-07,166.631347
1994-01-10,168.552980
1994-01-11,168.148683
1994-01-12,168.162869
1994-01-13,167.575928
1994-01-14,168.456245
1994-01-17,167.885159
1994-01-18,168.224619
1994-01-19,168.245192
1994-01-20,168.486404
1994-01-21,168.394176
1994-01-24,167.438197
1994-01-25,167.083432
1994-01-26,167.899123
1994-01-27,169.265166
1994-01-28,169.857354
1994-01-31,170.923975
1994-02-01,170.268117
1994-02-02,171.120132
1994-02-03,170.681682
1994-02-04,166.898855
1994-02-07,167.631731
1994-02-08,167.385485
1994-02-09,168.040031
1994-02-10,166.687237
1994-02-11,167.139386
1994-02-14,167.197685
1994-02-15,168.049621
1994-02-16,168.154180
1994-02-17,167.285294
1994-02-18,166.731896
1994-02-22,167.623766
1994-02-23,167.548439
1994-02-24,166.009762
1994-02-25,166.789934
1994-02-28,167.126794
1994-03-01,166.466134
1994-03-02,166.773538
1994-03-03,166.292985
1994-03-04,166.893062
1994-03-07,167.567644
1994-03-08,167.267203
1994-03-09,167.822259
1994-03-10,166.891454
1994-03-11,167.784209
1994-03-14,168.076097
1994-03-15,168.090847
1994-03-16,169.084918
1994-03-17,169.459880
1994-03-18,169.666524
1994-03-21,169.532199
1994-03-22,170.050850
1994-03-23,169.975624
1994-03-24,169.009582
1994-03-25,167.929334
1994-03-28,167.886406
1994-03-29,165.549883
1994-03-30,163.647349
1994-03-31,162.841208
1994-04-04,159.982122
1994-04-05,163.698602
1994-04-06,163.943178
1994-04-07,165.238464
1994-04-08,163.747090
1994-04-11,164.800618
1994-04-12,164.268593
1994-04-13,162.822910
1994-04-14,163.387279
1994-04-15,163.333504
1994-04-18,162.823488
1994-04-19,163.073067
1994-04-20,162.926376
1994-04-21,164.271531
1994-04-22,164.264704
1994-04-25,165.036775
1994-04-26,165.076575
1994-04-28,164.783219
1994-04-29,165.056124
1994-05-02,165.431959
1994-05-03,165.413495
1994-05-04,165.395033
1994-05-05,165.364917
1994-05-06,164.868602
1994-05-09,164.218829
1994-05-10,165.214364
1994-05-11,164.391716
1994-05-12,164.757883
1994-05-13,165.170672
1994-05-16,165.360095
1994-05-17,166.145850
1994-05-18,166.453752
1994-05-19,166.516899
1994-05-20,166.577865
1994-05-23,165.967826
1994-05-24,166.589290
1994-05-25,167.195122
1994-05-26,167.458918
1994-05-27,167.590816
1994-05-31,167.290323
1994-06-01,167.717618
1994-06-02,167.764163
1994-06-03,168.681706
1994-06-06,168.258655
1994-06-07,168.022518
1994-06-08,167.603021
1994-06-09,167.974119
1994-06-10,168.272749
1994-06-13,168.438208
1994-06-14,169.646370
1994-06-15,169.009054
1994-06-16,169.505136
1994-06-17,168.228151
1994-06-20,167.140878
1994-06-21,165.623150
1994-06-22,166.266062
1994-06-23,164.997480
1994-06-24,162.563416
1994-06-27,164.240815
1994-06-28,163.827009
1994-06-29,164.416474
1994-06-30,163.189677
1994-07-01,163.935706
1994-07-05,164.043355
1994-07-06,163.959564
1994-07-07,164.786473
1994-07-08,165.216466
1994-07-11,164.689082
1994-07-12,164.649385
1994-07-13,164.936083
1994-07-14,166.673916
1994-07-15,166.949617
1994-07-18,167.356551
1994-07-19,166.863180
1994-07-20,166.032283
1994-07-21,166.403613
1994-07-22,166.587440
1994-07-25,167.035977
1994-07-26,166.727094
1994-07-27,166.448333
1994-07-28,167.058855
1994-07-29,168.548383
1994-08-01,169.605075
1994-08-02,169.493602
1994-08-03,169.827760
1994-08-04,168.753479
1994-08-05,168.276743
1994-08-08,168.608812
1994-08-09,168.704552
1994-08-10,169.593886
1994-08-11,169.078067
1994-08-12,170.215498
1994-08-15,170.006201
1994-08-16,171.426390
1994-08-17,171.493485
1994-08-18,170.762416
1994-08-19,170.955605
1994-08-22,170.475198
1994-08-23,171.284948
1994-08-24,172.961992
1994-08-25,172.637110
1994-08-26,174.785853
1994-08-29,175.109749
1994-08-30,175.666526
1994-08-31,175.458783
1994-09-01,174.631840
1994-09-02,173.878572
1994-09-06,174.207878
1994-09-07,173.878188
1994-09-08,174.688950
1994-09-09,172.935193
1994-09-12,172.218231
1994-09-13,172.705470
1994-09-14,173.182386
1994-09-15,175.415877
1994-09-16,174.078489
1994-09-19,174.021964
1994-09-20,171.261118
1994-09-21,170.561083
1994-09-22,170.490856
1994-09-23,169.900217
1994-09-26,170.435786
1994-09-27,170.894404
1994-09-28,171.927427
1994-09-29,170.991302
1994-09-30,171.168123
1994-10-03,170.877349
1994-10-04,168.270558
1994-10-05,167.874488
1994-10-06,167.447324
1994-10-07,168.480452
1994-10-10,169.939061
1994-10-11,172.443870
1994-10-12,172.325400
1994-10-13,173.176902
1994-10-14,173.685581
1994-10-17,173.650037
1994-10-18,173.172736
1994-10-19,174.145875
1994-10-20,172.875737
1994-10-21,172.380459
1994-10-24,171.785124
1994-10-25,172.111828
1994-10-26,172.462048
1994-10-27,172.953355
1994-10-28,174.197109
1994-10-31,174.166161
1994-11-01,173.881521
1994-11-02,173.573369
1994-11-03,173.782527
1994-11-04,172.651394
1994-11-07,173.090777
1994-11-08,173.840766
1994-11-09,173.861827
1994-11-10,173.882891
1994-11-11,173.621790
1994-11-14,174.378664
1994-11-15,174.482039
1994-11-16,174.973396
1994-11-17,174.853394
1994-11-18,174.586129
1994-11-21,174.049901
1994-11-22,171.645505
1994-11-23,172.147278
1994-11-25,173.174848
1994-11-28,173.743499
1994-11-29,174.125197
1994-11-30,173.762343
1994-12-01,172.438776
1994-12-02,173.661109
1994-12-05,174.013653
1994-12-06,174.083136
1994-12-07,173.696283
1994-12-08,171.724250
1994-12-09,172.274100
1994-12-12,173.443307
1994-12-13,173.921114
1994-12-14,175.287585
1994-12-15,175.669325
1994-12-16,177.189626
1994-12-19,176.851313
1994-12-20,176.546977
1994-12-21,177.519510
1994-12-22,177.544230
1994-12-23,177.738896
1994-12-27,178.763978
1994-12-28,178.141646
1994-12-29,178.265726
1994-12-30,177.583449
1995-01-03,177.526609
1995-01-04,178.195944
1995-01-05,178.074107
1995-01-06,178.206403
1995-01-09,178.285704
1995-01-10,178.616099
1995-01-11,178.608362
1995-01-12,178.600624
1995-01-13,180.309486
1995-01-16,181.629003
1995-01-17,181.892906
1995-01-18,181.767530
1995-01-19,180.698719
1995-01-20,179.858979
1995-01-23,180.267240
1995-01-24,180.303617
1995-01-25,180.942223
1995-01-26,181.289832
1995-01-27,182.093078
1995-01-30,181.399763
1995-01-31,182.188845
1995-02-01,182.192330
1995-02-02,183.143573
1995-02-03,185.426766
1995-02-06,186.485152
1995-02-07,186.375464
1995-02-08,186.540594
1995-02-09,186.192858
1995-02-10,186.720583
1995-02-13,186.839645
1995-02-14,187.223681
1995-02-15,188.013237
1995-02-16,188.279034
1995-02-17,187.055581
1995-02-21,187.362185
1995-02-22,188.290962
1995-02-23,189.047122
1995-02-24,189.520410
1995-02-27,187.890047
1995-02-28,189.288902
1995-03-01,188.667506
1995-03-02,188.472487
1995-03-03,188.623613
1995-03-06,188.739798
1995-03-07,187.384966
1995-03-08,187.783352
1995-03-09,187.887904
1995-03-10,190.383303
1995-03-13,190.582798
1995-03-14,191.694676
1995-03-15,191.312757
1995-03-16,192.698168
1995-03-17,192.743677
1995-03-20,192.989119
1995-03-21,192.572529
1995-03-22,192.806695
1995-03-23,192.915610
1995-03-24,194.869077
1995-03-27,195.820920
1995-03-28,196.095272
1995-03-29,195.792120
1995-03-30,195.456278
1995-03-31,194.874447
1995-04-03,195.357051
1995-04-04,196.728073
1995-04-05,196.894336
1995-04-06,197.092956
1995-04-07,197.243673
1995-04-10,197.480481
1995-04-11,196.904021
1995-04-12,197.558770
1995-04-13,198.362764
1995-04-17,197.176241
1995-04-18,196.886786
1995-04-19,196.714977
1995-04-20,196.859127
1995-04-21,198.105836
1995-04-24,199.860967
1995-04-25,199.577283
1995-04-26,199.812286
1995-04-27,200.159169
1995-04-28,200.612845
1995-05-01,200.485783
1995-05-02,200.750883
1995-05-03,202.951166
1995-05-04,203.037340
1995-05-05,202.889511
1995-05-08,204.455300
1995-05-09,204.381160
1995-05-10,204.712583
1995-05-11,204.746158
1995-05-12,205.212368
1995-05-15,206.123339
1995-05-16,206.328782
1995-05-17,205.892835
1995-05-18,202.981421
1995-05-19,202.922821
1995-05-22,204.685923
1995-05-23,206.625094
1995-05-24,206.653238
1995-05-25,206.699760
1995-05-26,204.803999
1995-05-30,204.786399
1995-05-31,208.630788
1995-06-01,208.684374
1995-06-02,208.335060
1995-06-05,209.543968
1995-06-06,209.558443
1995-06-07,208.611508
1995-06-08,208.332123
1995-06-09,206.608251
1995-06-12,207.768989
1995-06-13,209.892547
1995-06-14,210.058948
1995-06-15,210.315027
1995-06-16,211.376940
1995-06-19,213.500772
1995-06-20,213.410316
1995-06-21,213.021072
1995-06-22,215.810811
1995-06-23,215.280947
1995-06-26,213.097630
1995-06-27,212.432251
1995-06-28,213.421118
1995-06-29,213.085744
1995-06-30,213.476756
1995-07-03,214.405904
1995-07-05,214.507406
1995-07-06,217.199822
1995-07-07,218.169790
1995-07-10,218.492121
1995-07-11,217.552180
1995-07-12,219.964634
1995-07-13,220.014047
1995-07-14,219.578726
1995-07-17,220.688600
1995-07-18,219.039475
1995-07-19,216.128415
1995-07-20,217.136528
1995-07-21,217.171440
1995-07-24,218.352188
1995-07-25,220.105659
1995-07-26,220.319841
1995-07-27,221.770568
1995-07-28,220.879907
1995-07-31,220.556198
1995-08-01,219.608927
1995-08-02,219.326391
1995-08-03,219.365641
1995-08-04,219.455546
1995-08-07,219.905498
1995-08-08,220.068848
1995-08-09,219.834402
1995-08-10,219.004883
1995-08-11,218.125642
1995-08-14,219.965393
1995-08-15,219.535475
1995-08-16,220.139957
1995-08-17,219.786535
1995-08-18,219.878925
1995-08-21,219.451522
1995-08-22,220.017343
1995-08-23,219.114105
1995-08-24,219.245069
1995-08-25,220.288081
1995-08-28,219.878261
1995-08-29,220.282974
1995-08-30,220.716853
1995-08-31,221.110737
1995-09-01,221.888725
1995-09-05,224.024814
1995-09-06,224.462496
1995-09-07,224.524303
1995-09-08,225.468007
1995-09-11,225.962109
1995-09-12,226.988941
1995-09-13,227.987439
1995-09-14,229.901088
1995-09-15,229.799060
1995-09-18,229.648973
1995-09-19,230.219184
1995-09-20,231.240629
1995-09-21,229.766336
1995-09-22,229.266604
1995-09-25,229.300103
1995-09-26,229.142457
1995-09-27,229.108169
1995-09-28,231.017798
1995-09-29,230.442097
1995-10-02,229.387303
1995-10-03,229.641249
1995-10-04,229.334450
1995-10-05,229.872024
1995-10-06,229.838882
1995-10-09,228.213213
1995-10-10,227.877820
1995-10-11,228.675266
1995-10-12,230.119631
1995-10-13,230.672928
1995-10-16,230.092792
1995-10-17,231.572730
1995-10-18,231.873848
1995-10-19,233.146028
1995-10-20,232.342929
1995-10-23,232.238672
1995-10-24,232.446240
1995-10-25,231.701278
1995-10-26,230.304588
1995-10-27,231.339368
1995-10-30,232.488537
1995-10-31,232.295068
1995-11-01,232.903738
1995-11-02,233.875878
1995-11-03,234.121089
1995-11-06,234.142350
1995-11-07,233.898779
1995-11-08,234.708012
1995-11-09,234.790317
1995-11-10,234.734759
1995-11-13,234.981712
1995-11-14,234.838438
1995-11-15,235.334369
1995-11-16,235.479371
1995-11-17,236.397731
1995-11-20,235.164667
1995-11-21,236.529516
1995-11-22,235.809178
1995-11-24,236.434561
1995-11-27,236.967353
1995-11-28,239.017744
1995-11-29,239.594745
1995-11-30,238.702436
1995-12-01,239.341215
1995-12-04,241.998108
1995-12-05,243.596365
1995-12-06,244.641454
1995-12-07,243.069892
1995-12-08,243.588640
1995-12-11,244.401286
1995-12-12,244.110538
1995-12-13,245.363874
1995-12-14,243.499047
1995-12-15,243.272094
1995-12-18,239.531086
1995-12-19,241.552540
1995-12-20,239.199897
1995-12-21,241.005127
1995-12-22,241.587417
1995-12-26,242.513168
1995-12-27,242.733455
1995-12-28,242.578619
1995-12-29,243.300288
1996-01-02,245.196745
1996-01-03,245.474439
1996-01-04,244.046996
1996-01-05,243.655857
1996-01-08,244.417590
1996-01-09,240.879332
1996-01-10,236.563306
1996-01-11,238.238871
1996-01-12,237.891408
1996-01-15,237.104775
1996-01-16,240.512202
1996-01-17,239.716082
1996-01-18,240.477882
1996-01-19,240.310734
1996-01-22,240.422892
1996-01-23,240.551994
1996-01-24,241.306387
1996-01-25,241.010300
1996-01-26,241.614632
1996-01-29,241.839415
1996-01-30,242.081093
1996-01-31,242.135188
1996-02-01,242.226805
1996-02-02,242.205872
1996-02-05,242.430729
1996-02-06,242.447328
1996-02-07,242.513953
1996-02-08,242.580582
1996-02-09,242.622203
1996-02-12,242.772098
1996-02-13,242.826239
1996-02-14,242.855372
1996-02-15,242.884508
1996-02-16,242.833800
1996-02-20,241.486557
1996-02-21,243.758696
1996-02-22,244.815716
1996-02-23,244.919705
1996-02-26,243.802140
1996-02-27,243.620234
1996-02-28,242.937988
1996-02-29,242.327224
1996-03-01,243.479583
1996-03-04,244.792352
1996-03-05,245.396732
1996-03-06,245.024254
1996-03-07,245.485687
1996-03-08,239.514125
1996-03-11,244.091136
1996-03-12,243.242164
1996-03-13,243.870405
1996-03-14,245.427860
1996-03-15,245.031134
1996-03-18,246.663483
1996-03-19,246.186240
1996-03-20,246.146731
1996-03-21,246.326091
1996-03-22,246.772957
1996-03-25,246.800393
1996-03-26,247.150004
1996-03-27,246.794389
1996-03-28,246.876507
1996-03-29,246.447946
1996-04-01,247.861619
1996-04-02,248.259898
1996-04-03,248.439316
1996-04-04,248.521466
1996-04-08,247.512604
1996-04-09,247.740686
1996-04-10,245.269442
1996-04-11,245.692080
1996-04-12,247.500864
1996-04-15,249.060637
1996-04-16,249.458978
1996-04-17,249.298004
1996-04-18,250.024651
1996-04-19,249.798872
1996-04-22,250.488636
1996-04-23,251.160341
1996-04-24,250.973044
1996-04-25,251.472957
1996-04-26,251.678358
1996-04-29,251.803726
1996-04-30,251.812800
1996-05-01,251.846422
1996-05-02,249.990235
1996-05-03,250.293839
1996-05-06,250.566559
1996-05-07,250.232063
1996-05-08,252.180071
1996-05-09,251.943755
1996-05-10,253.155482
1996-05-13,253.771898
1996-05-14,254.001922
1996-05-15,254.096964
1996-05-16,254.179739
1996-05-17,254.179326
1996-05-20,254.723169
1996-05-21,254.759325
1996-05-22,255.376025
1996-05-23,255.170300
1996-05-24,255.641876
1996-05-28,255.012561
1996-05-29,254.589164
1996-05-30,255.351040
1996-05-31,254.927654
1996-06-03,255.181440
1996-06-04,255.967530
1996-06-05,256.608491
1996-06-06,256.112567
1996-06-07,256.463269
1996-06-10,256.475271
1996-06-11,256.777614
1996-06-12,256.620369
1996-06-13,256.729210
1996-06-14,256.620353
1996-06-17,257.188812
1996-06-18,256.596193
1996-06-19,257.237225
1996-06-20,257.346101
1996-06-21,258.492766
1996-06-24,259.186576
1996-06-25,259.343574
1996-06-26,258.955861
1996-06-27,259.781384
1996-06-28,260.161234
1996-07-01,260.805612
1996-07-02,260.690282
1996-07-03,260.748275
1996-07-05,258.462569
1996-07-08,257.596685
1996-07-09,258.768896
1996-07-10,259.520195
1996-07-11,255.889005
1996-07-12,256.318433
1996-07-15,248.618921
1996-07-16,249.568324
1996-07-17,251.929041
1996-07-18,256.121992
1996-07-19,255.051076
1996-07-22,253.707741
1996-07-23,252.018045
1996-07-24,252.355988
1996-07-25,253.859826
1996-07-26,255.414358
1996-07-29,254.096461
1996-07-30,255.194793
1996-07-31,256.419857
1996-08-01,257.999761
1996-08-02,259.351561
1996-08-05,259.326373
1996-08-06,259.677046
1996-08-07,259.824960
1996-08-08,259.972879
1996-08-09,260.032092
1996-08-12,260.235106
1996-08-13,260.218301
1996-08-14,260.378918
1996-08-15,260.438159
1996-08-16,260.461017
1996-08-19,260.741560
1996-08-20,260.901327
1996-08-21,261.085941
1996-08-22,262.015798
1996-08-23,261.529706
1996-08-26,260.965745
1996-08-27,261.547848
1996-08-28,261.434399
1996-08-29,259.855318
1996-08-30,258.301084
1996-09-03,259.437218
1996-09-04,259.671581
1996-09-05,257.471502
1996-09-06,260.488100
1996-09-09,262.582359
1996-09-10,262.841592
1996-09-11,263.523132
1996-09-12,264.154994
1996-09-13,265.084957
1996-09-16,265.278957
1996-09-17,265.314652
1996-09-18,265.400035
1996-09-19,265.510263
1996-09-20,265.706476
1996-09-23,265.814961
1996-09-24,265.900474
1996-09-25,265.862637
1996-09-26,266.046844
1996-09-27,266.181714
1996-09-30,266.339644
1996-10-01,266.721243
1996-10-02,267.324886
1996-10-03,267.336430
1996-10-04,268.359489
1996-10-07,268.591534
1996-10-08,268.479748
1996-10-09,268.441979
1996-10-10,268.478229
1996-10-11,269.007903
1996-10-14,269.178372
1996-10-15,269.189975
1996-10-16,269.300267
1996-10-17,269.385892
1996-10-18,270.015866
1996-10-21,269.911123
1996-10-22,269.416679
1996-10-23,269.672016
1996-10-24,268.790601
1996-10-25,268.538036
1996-10-28,268.167353
1996-10-29,269.027378
1996-10-30,268.919957
1996-10-31,269.997669
1996-11-01,269.793513
1996-11-04,270.825744
1996-11-05,271.855110
1996-11-06,272.981227
1996-11-07,273.031058
1996-11-08,273.383223
1996-11-11,273.593229
1996-11-12,273.667273
1996-11-13,273.765508
1996-11-14,273.827469
1996-11-15,273.126318
1996-11-18,273.120379
1996-11-19,274.118185
1996-11-20,274.061545
1996-11-21,274.145503
1996-11-22,275.213621
1996-11-25,275.840456
1996-11-26,275.690117
1996-11-27,275.844402
1996-11-29,276.106122
1996-12-02,276.428442
1996-12-03,275.247118
1996-12-04,275.729490
1996-12-05,275.508898
1996-12-06,274.819666
1996-12-09,276.946374
1996-12-10,276.725808
1996-12-11,275.778846
1996-12-12,272.980742
1996-12-13,273.556887
1996-12-16,270.786359
1996-12-17,273.424561
1996-12-18,275.102047
1996-12-19,278.595537
1996-12-20,278.713584
1996-12-23,278.753014
1996-12-24,279.501685
1996-12-26,280.287249
1996-12-27,280.324143
1996-12-30,280.245043
1996-12-31,278.573658
1997-01-02,278.172971
1997-01-03,280.582535
1997-01-06,280.456083
1997-01-07,281.513263
1997-01-08,280.767245
1997-01-09,281.658351
1997-01-10,282.549461
1997-01-13,282.968817
1997-01-14,283.504051
1997-01-15,283.624078
1997-01-16,283.755974
1997-01-17,284.228089
1997-01-20,284.671071
1997-01-21,285.741307
1997-01-22,286.318992
1997-01-23,284.879549
1997-01-24,284.073397
1997-01-27,283.179549
1997-01-28,283.194343
1997-01-29,284.827540
1997-01-30,286.578017
1997-02-03,287.247117
1997-02-04,287.660683
1997-02-05,286.033665
1997-02-06,287.010162
1997-02-07,288.432309
1997-02-10,288.078139
1997-02-11,288.702835
1997-02-12,289.421356
1997-02-13,289.694237
1997-02-14,289.838120
1997-02-18,290.061878
1997-02-19,290.158877
1997-02-20,290.255880
1997-02-21,289.936504
1997-02-24,291.759648
1997-02-25,292.098229
1997-02-26,291.144928
1997-02-27,289.453411
1997-02-28,288.800023
1997-03-03,289.954260
1997-03-04,289.347031
1997-03-05,292.015664
1997-03-06,291.270029
1997-03-07,292.762132
1997-03-10,294.447073
1997-03-11,294.347406
1997-03-12,293.624870
1997-03-13,290.987578
1997-03-14,292.502786
1997-03-17,293.449611
1997-03-18,292.058093
1997-03-19,290.943412
1997-03-20,289.459626
1997-03-21,291.393406
1997-03-24,292.745283
1997-03-25,292.927950
1997-03-26,293.347067
1997-03-27,289.841221
1997-03-31,285.843113
1997-04-01,287.018883
1997-04-02,283.607649
1997-04-03,283.837655
1997-04-04,286.763127
1997-04-07,288.635416
1997-04-08,290.236824
1997-04-09,288.102426
1997-04-10,287.339407
1997-04-11,279.577656
1997-04-14,282.301261
1997-04-15,286.645457
1997-04-16,290.185751
1997-04-17,289.044461
1997-04-18,290.155250
1997-04-21,289.260743
1997-04-22,291.579216
1997-04-23,291.329520
1997-04-24,291.176742
1997-04-25,290.345584
1997-04-28,291.728635
1997-04-29,293.804867
1997-04-30,294.039773
1997-05-01,294.105087
1997-05-02,294.824566
1997-05-05,295.093246
1997-05-06,295.085905
1997-05-07,295.102798
1997-05-08,295.277179
1997-05-09,295.378881
1997-05-12,295.562883
1997-05-13,295.616153
1997-05-14,295.669428
1997-05-15,295.710595
1997-05-16,293.907695
1997-05-19,294.920847
1997-05-20,296.808624
1997-05-21,296.619638
1997-05-22,296.430656
1997-05-23,298.318447
1997-05-27,298.600968
1997-05-28,298.592602
1997-05-29,298.245637
1997-05-30,298.982207
1997-06-02,298.957163
1997-06-03,298.813382
1997-06-04,298.353577
1997-06-05,298.774144
1997-06-06,300.978027
1997-06-09,301.427122
1997-06-10,301.802564
1997-06-11,302.042570
1997-06-12,302.327728
1997-06-13,302.477448
1997-06-16,302.644468
1997-06-17,302.703912
1997-06-18,302.785934
1997-06-19,302.822814
1997-06-20,302.722202
1997-06-23,298.388044
1997-06-24,302.900994
1997-06-25,301.563829
1997-06-26,300.699840
1997-06-27,301.857589
1997-06-30,301.287401
1997-07-01,302.961357
1997-07-02,305.280552
1997-07-03,307.148088
1997-07-07,307.026033
1997-07-08,307.689158
1997-07-09,306.631664
1997-07-10,307.466862
1997-07-11,308.065478
1997-07-14,308.484860
1997-07-15,308.846911
1997-07-16,308.961628
1997-07-17,309.022580
1997-07-18,308.193521
1997-07-21,308.241677
1997-07-22,311.907213
1997-07-23,312.253748
1997-07-24,312.902017
1997-07-25,312.946837
1997-07-28,312.995127
1997-07-29,313.557220
1997-07-30,314.485703
1997-07-31,314.724529
1997-08-01,314.338353
1997-08-04,315.270408
1997-08-05,315.703234
1997-08-06,316.028306
1997-08-07,316.030104
1997-08-08,314.997414
1997-08-11,315.908050
1997-08-12,315.349529
1997-08-13,315.437574
1997-08-14,316.538569
1997-08-15,313.489984
1997-08-18,316.577861
1997-08-19,318.789419
1997-08-20,320.823644
1997-08-21,318.601751
1997-08-22,318.374920
1997-08-25,318.669816
1997-08-26,317.245970
1997-08-27,318.083193
1997-08-28,316.260345
1997-08-29,315.811874
1997-09-02,321.200243
1997-09-03,321.062138
1997-09-04,321.589057
1997-09-05,321.938642
1997-09-08,322.943091
1997-09-09,323.603037
1997-09-10,321.758083
1997-09-11,320.844161
1997-09-12,323.366174
1997-09-15,323.395362
1997-09-16,325.540550
1997-09-17,325.723937
1997-09-18,325.851911
1997-09-19,326.628290
1997-09-22,327.958054
1997-09-23,327.777575
1997-09-24,326.716524
1997-09-25,325.787563
1997-09-26,327.324226
1997-09-29,328.984305
1997-09-30,327.967311
1997-10-01,329.503997
1997-10-02,330.116081
1997-10-03,331.036372
1997-10-06,331.970074
1997-10-07,332.868370
1997-10-08,332.533861
1997-10-09,332.617631
1997-10-10,332.613349
1997-10-13,333.172905
1997-10-14,333.498858
1997-10-15,333.560643
1997-10-16,333.688475
1997-10-17,333.186723
1997-10-20,335.516335
1997-10-21,337.797283
1997-10-22,337.550849
1997-10-23,334.573937
1997-10-24,333.447441
1997-10-27,314.181544
1997-10-28,328.174282
1997-10-29,328.537174
1997-10-30,324.070953
1997-10-31,327.322303
1997-11-03,333.736628
1997-11-04,333.964163
1997-11-05,334.124006
1997-11-06,334.261290
1997-11-07,331.171645
1997-11-10,330.500388
1997-11-11,331.675739
1997-11-12,327.074205
1997-11-13,330.776960
1997-11-14,335.134134
1997-11-17,339.585490
1997-11-18,338.571986
1997-11-19,340.762859
1997-11-20,342.649097
1997-11-21,342.886413
1997-11-24,339.828876
1997-11-25,341.244442
1997-11-26,342.020896
1997-11-28,342.432542
1997-12-01,346.793458
1997-12-02,346.519970
1997-12-03,347.981235
1997-12-04,347.593631
1997-12-05,349.077734
1997-12-08,349.398643
1997-12-09,349.399105
1997-12-10,348.737630
1997-12-11,345.816425
1997-12-12,346.159289
1997-12-15,349.013968
1997-12-16,349.927497
1997-12-17,350.064961
1997-12-18,349.289407
1997-12-19,348.381369
1997-12-22,349.928014
1997-12-23,347.679212
1997-12-24,347.246768
1997-12-26,348.652341
1997-12-29,351.919864
1997-12-30,353.877395
1997-12-31,353.970779
1998-01-02,354.611653
1998-01-05,355.035271
1998-01-06,354.579004
1998-01-07,354.768027
1998-01-08,354.550766
1998-01-09,350.509608
1998-01-12,354.016370
1998-01-13,356.141278
1998-01-14,356.641034
1998-01-15,356.734505
1998-01-16,356.450263
1998-01-20,359.319986
1998-01-21,358.371943
1998-01-22,357.376490
1998-01-23,356.902620
1998-01-26,357.282859
1998-01-27,359.653978
1998-01-28,360.578913
1998-01-29,361.551270
1998-01-30,361.527897
1998-02-02,363.283332
1998-02-03,363.828977
1998-02-04,364.019007
1998-02-05,363.877130
1998-02-06,364.434647
1998-02-09,364.637338
1998-02-10,364.993362
1998-02-11,365.136020
1998-02-12,365.254976
1998-02-13,365.279106
1998-02-17,365.577207
1998-02-18,365.684347
1998-02-19,365.767785
1998-02-20,366.597456
1998-02-23,367.466800
1998-02-24,366.789637
1998-02-25,368.424111
1998-02-26,369.152070
1998-02-27,369.381447
1998-03-02,369.457715
1998-03-03,370.027063
1998-03-04,369.757884
1998-03-05,368.491538
1998-03-06,370.805959
1998-03-09,370.905021
1998-03-10,371.746369
1998-03-11,372.066473
1998-03-12,372.227942
1998-03-13,372.185450
1998-03-16,372.613257
1998-03-17,372.718099
1998-03-18,372.879606
1998-03-19,372.961798
1998-03-20,373.762508
1998-03-23,373.353781
1998-03-24,374.491365
1998-03-25,373.544536
1998-03-26,373.683350
1998-03-27,373.040513
1998-03-30,372.935914
1998-03-31,374.268962
1998-04-01,375.515167
1998-04-02,376.956793
1998-04-03,377.399641
1998-04-06,377.686020
1998-04-07,376.999837
1998-04-08,376.747915
1998-04-09,378.319867
1998-04-13,378.788742
1998-04-14,379.492221
1998-04-15,379.848305
1998-04-16,379.922130
1998-04-17,381.653847
1998-04-20,382.513255
1998-04-21,383.243287
1998-04-22,384.060581
1998-04-23,382.696504
1998-04-24,380.808905
1998-04-27,376.084143
1998-04-28,377.315944
1998-04-29,379.354861
1998-04-30,383.095261
1998-05-01,385.156008
1998-05-04,385.492200
1998-05-05,384.542675
1998-05-06,382.720606
1998-05-07,380.898545
1998-05-08,384.878956
1998-05-11,385.389816
1998-05-12,386.970741
1998-05-13,387.973609
1998-05-14,388.638371
1998-05-15,387.050119
1998-05-18,386.973501
1998-05-19,388.043217
1998-05-20,389.734563
1998-05-21,389.405636
1998-05-22,389.209919
1998-05-26,385.674204
1998-05-27,385.944735
1998-05-28,387.414120
1998-05-29,386.219406
1998-06-01,386.453849
1998-06-02,387.212836
1998-06-03,384.197679
1998-06-04,388.375613
1998-06-05,392.642356
1998-06-08,393.209937
1998-06-09,393.813559
1998-06-10,392.885327
1998-06-11,388.782374
1998-06-12,390.584862
1998-06-15,384.026086
1998-06-16,387.715672
1998-06-17,394.246976
1998-06-18,394.828451
1998-06-19,394.078591
1998-06-22,395.299553
1998-06-23,397.745965
1998-06-24,399.050921
1998-06-25,398.940469
1998-06-26,399.537731
1998-06-29,400.279405
1998-06-30,400.123325
1998-07-01,401.337006
1998-07-02,401.489133
1998-07-06,402.063458
1998-07-07,402.090055
1998-07-08,402.459096
1998-07-09,402.474290
1998-07-10,402.626466
1998-07-13,402.854737
1998-07-14,402.972693
1998-07-15,403.067825
1998-07-16,403.117306
1998-07-17,402.964392
1998-07-20,402.906697
1998-07-21,399.235321
1998-07-22,399.288287
1998-07-23,393.624839
1998-07-24,393.851043
1998-07-27,395.677313
1998-07-28,391.551270
1998-07-29,389.915341
1998-07-30,395.121802
1998-07-31,388.072610
1998-08-03,386.629404
1998-08-04,372.867774
1998-08-05,375.735741
1998-08-06,379.036776
1998-08-07,378.959934
1998-08-10,377.257035
1998-08-11,371.766942
1998-08-12,377.276636
1998-08-13,374.255011
1998-08-14,369.674369
1998-08-17,377.065921
1998-08-18,383.225250
1998-08-19,382.368978
1998-08-20,379.867076
1998-08-21,376.786744
1998-08-24,377.156403
1998-08-25,377.379372
1998-08-26,377.843043
1998-08-27,376.648440
1998-08-28,376.429928
1998-08-31,369.213118
1998-09-01,375.311257
1998-09-02,374.179193
1998-09-03,373.031177
1998-09-04,372.764836
1998-09-08,378.637182
1998-09-09,377.680697
1998-09-10,374.321241
1998-09-11,378.203970
1998-09-14,380.760240
1998-09-15,381.654896
1998-09-16,381.971089
1998-09-17,381.902972
1998-09-18,382.147649
1998-09-21,382.807245
1998-09-22,383.552472
1998-09-23,382.213144
1998-09-24,383.955710
1998-09-25,384.102552
1998-09-28,384.187717
1998-09-29,384.761601
1998-09-30,384.713212
1998-10-01,383.984957
1998-10-02,385.359528
1998-10-05,385.002302
1998-10-06,385.291063
1998-10-07,384.436411
1998-10-08,384.625448
1998-10-09,386.842861
1998-10-12,388.237371
1998-10-13,388.479807
1998-10-14,388.692748
1998-10-15,388.812984
1998-10-16,388.525700
1998-10-19,389.742413
1998-10-20,389.692783
1998-10-21,389.927936
1998-10-22,390.359128
1998-10-23,390.419445
1998-10-26,391.028250
1998-10-27,391.031624
1998-10-28,391.389984
1998-10-29,392.188101
1998-10-30,392.097441
1998-11-02,392.106285
1998-11-03,392.107032
1998-11-04,391.951484
1998-11-05,391.058158
1998-11-06,390.482730
1998-11-09,391.761895
1998-11-10,392.377260
1998-11-11,392.925076
1998-11-12,393.259641
1998-11-13,393.155779
1998-11-16,392.721028
1998-11-17,392.997327
1998-11-18,393.404762
1998-11-19,393.141971
1998-11-20,391.625072
1998-11-23,394.764404
1998-11-24,394.164322
1998-11-25,394.960221
1998-11-27,395.778877
1998-11-30,392.389438
1998-12-01,394.409530
1998-12-02,393.981300
1998-12-03,390.159778
1998-12-04,395.272509
1998-12-07,397.144930
1998-12-08,396.738206
1998-12-09,397.233501
1998-12-10,395.495240
1998-12-11,395.646921
1998-12-14,391.119430
1998-12-15,397.005372
1998-12-16,397.479225
1998-12-17,399.681947
1998-12-18,401.850131
1998-12-21,404.306214
1998-12-22,405.052421
1998-12-23,407.190625
1998-12-24,407.066851
1998-12-28,407.246061
1998-12-29,408.144560
1998-12-30,407.803325
1998-12-31,407.679594
1999-01-04,408.141724
1999-01-05,409.062017
1999-01-06,409.634318
1999-01-07,409.652004
1999-01-08,409.778446
1999-01-11,409.798935
1999-01-12,409.849277
1999-01-13,409.877875
1999-01-14,409.993479
1999-01-15,410.889099
1999-01-19,411.368468
1999-01-20,411.793664
1999-01-21,411.561945
1999-01-22,411.978993
1999-01-25,412.773183
1999-01-26,413.605080
1999-01-27,413.679416
1999-01-28,414.028495
1999-01-29,414.155886
1999-02-01,414.634662
1999-02-02,415.127940
1999-02-03,415.203678
1999-02-04,415.431751
1999-02-05,415.677512
1999-02-08,416.243458
1999-02-09,415.896246
1999-02-10,416.453495
1999-02-11,417.150840
1999-02-12,417.004938
1999-02-16,417.468654
1999-02-17,417.466951
1999-02-18,417.644785
1999-02-19,417.967004
1999-02-22,423.350354
1999-02-23,423.047941
1999-02-24,421.178320
1999-02-25,420.549414
1999-02-26,419.724611
1999-03-01,420.166990
1999-03-02,418.993937
1999-03-03,419.605771
1999-03-04,423.047300
1999-03-05,426.706502
1999-03-08,427.540788
1999-03-09,427.673780
1999-03-10,428.198581
1999-03-11,428.832221
1999-03-12,428.856394
1999-03-15,429.298979
1999-03-16,429.442890
1999-03-17,429.510621
1999-03-18,429.600124
1999-03-19,426.493770
1999-03-22,426.690476
1999-03-23,418.864199
1999-03-24,420.333091
1999-03-25,426.262001
1999-03-26,425.438376
1999-03-29,430.928868
1999-03-30,430.021903
1999-03-31,426.614003
1999-04-01,429.291732
1999-04-05,435.125876
1999-04-06,434.469048
1999-04-07,436.104755
1999-04-08,437.907197
1999-04-09,438.375811
1999-04-12,439.239818
1999-04-13,439.083221
1999-04-14,437.926253
1999-04-15,439.603692
1999-04-16,440.079244
1999-04-19,435.410332
1999-04-20,438.358156
1999-04-21,442.557928
1999-04-22,444.987720
1999-04-23,444.784123
1999-04-26,445.813850
1999-04-27,446.171496
1999-04-28,445.234036
1999-04-29,444.814629
1999-04-30,443.941938
1999-05-03,446.763381
1999-05-04,445.048895
1999-05-05,446.658538
1999-05-06,445.116747
1999-05-07,446.942256
1999-05-10,446.979350
1999-05-11,448.373182
1999-05-12,448.817272
1999-05-13,449.390880
1999-05-14,448.194507
1999-05-17,449.246251
1999-05-18,449.582455
1999-05-19,450.544638
1999-05-20,450.783723
1999-05-21,450.048348
1999-05-24,445.586422
1999-05-25,440.841353
1999-05-26,445.783120
1999-05-27,440.821841
1999-05-28,446.628517
1999-06-01,445.638213
1999-06-02,446.212305
1999-06-03,447.435074
1999-06-04,454.236426
1999-06-07,456.066891
1999-06-08,453.549021
1999-06-09,453.863690
1999-06-10,450.589049
1999-06-11,447.876597
1999-06-14,448.690949
1999-06-15,451.297631
1999-06-16,458.963957
1999-06-17,461.354428
1999-06-18,462.510058
1999-06-21,463.828512
1999-06-22,462.732805
1999-06-23,462.567085
1999-06-24,459.700000
1999-06-25,460.752124
1999-06-28,463.377117
1999-06-29,465.558528
1999-06-30,467.651377
1999-07-01,468.614971
1999-07-02,469.246435
1999-07-06,469.513837
1999-07-07,469.857484
1999-07-08,469.979713
1999-07-09,470.323373
1999-07-12,470.557267
1999-07-13,470.624174
1999-07-14,470.779657
1999-07-15,470.913004
1999-07-16,472.214874
1999-07-19,470.976336
1999-07-20,464.767887
1999-07-21,465.335202
1999-07-22,461.214892
1999-07-23,460.418546
1999-07-26,458.114775
1999-07-27,462.943611
1999-07-28,463.894505
1999-07-29,457.473040
1999-07-30,453.395398
1999-08-02,453.563424
1999-08-03,451.616549
1999-08-04,445.919576
1999-08-05,448.702959
1999-08-06,444.454903
1999-08-09,444.111689
1999-08-10,438.627829
1999-08-11,445.502275
1999-08-12,444.279911
1999-08-13,454.691400
1999-08-16,456.010301
1999-08-17,460.455741
1999-08-18,456.292994
1999-08-19,453.621771
1999-08-20,455.590146
1999-08-23,459.336726
1999-08-24,459.654368
1999-08-25,461.761726
1999-08-26,460.442453
1999-08-27,459.341444
1999-08-30,455.667418
1999-08-31,455.810501
1999-09-01,458.288944
1999-09-02,455.965734
1999-09-03,462.481949
1999-09-07,462.050447
1999-09-08,461.451509
1999-09-09,462.511333
1999-09-10,463.833073
1999-09-13,463.738747
1999-09-14,463.139850
1999-09-15,460.489341
1999-09-16,461.985727
1999-09-17,465.290726
1999-09-20,465.893178
1999-09-21,460.967332
1999-09-22,462.054907
1999-09-23,454.781833
1999-09-24,454.796398
1999-09-27,457.254445
1999-09-28,457.090202
1999-09-29,453.393924
1999-09-30,458.103020
1999-10-01,458.475313
1999-10-04,464.353785
1999-10-05,464.480205
1999-10-06,469.502311
1999-10-07,468.309819
1999-10-08,472.482462
1999-10-11,473.375992
1999-10-12,469.545682
1999-10-13,460.573798
1999-10-14,460.499093
1999-10-15,452.409185
1999-10-18,454.903423
1999-10-19,456.495852
1999-10-20,461.303142
1999-10-21,461.031901
1999-10-22,463.695967
1999-10-25,462.882301
1999-10-26,461.819027
1999-10-27,463.458100
1999-10-28,466.774494
1999-10-29,467.109002
1999-11-01,467.460273
1999-11-02,467.095925
1999-11-03,467.570241
1999-11-04,467.811603
1999-11-05,468.239340
1999-11-08,468.683931
1999-11-09,468.645773
1999-11-10,468.887173
1999-11-11,469.035396
1999-11-12,469.206922
1999-11-15,469.395392
1999-11-16,469.473759
1999-11-17,469.575429
1999-11-18,469.642161
1999-11-19,470.046280
1999-11-22,470.257290
1999-11-23,467.912177
1999-11-24,469.990739
1999-11-26,468.755220
1999-11-29,468.460808
1999-11-30,465.483789
1999-12-01,467.815178
1999-12-02,469.851662
1999-12-03,474.205313
1999-12-06,473.658259
1999-12-07,472.787795
1999-12-08,471.074735
1999-12-09,472.142272
1999-12-10,474.705437
1999-12-13,475.190712
1999-12-14,473.014260
1999-12-15,475.514263
1999-12-16,477.424450
1999-12-17,477.341912
1999-12-20,475.818327
1999-12-21,478.704076
1999-12-22,479.429624
1999-12-23,482.358166
1999-12-27,482.159183
1999-12-28,482.777838
1999-12-29,483.139844
1999-12-30,482.817434
1999-12-31,483.628608
2000-01-03,483.452816
2000-01-04,474.917377
2000-01-05,475.963860
2000-01-06,476.497035
2000-01-07,483.831667
2000-01-10,486.286792
2000-01-11,484.723964
2000-01-12,484.316106
2000-01-13,486.859828
2000-01-14,488.654971
2000-01-18,488.713353
2000-01-19,489.246632
2000-01-20,489.683673
2000-01-21,489.587002
2000-01-24,482.472423
2000-01-25,484.983272
2000-01-26,484.399067
2000-01-27,483.596908
2000-01-28,473.683934
2000-01-31,482.219256
2000-02-01,486.299503
2000-02-02,486.587215
2000-02-03,490.493111
2000-02-04,491.085990
2000-02-07,491.251764
2000-02-08,494.373045
2000-02-09,489.734876
2000-02-10,490.741942
2000-02-11,484.381891
2000-02-14,486.291568
2000-02-15,490.589915
2000-02-16,485.603075
2000-02-17,485.149862
2000-02-18,479.111541
2000-02-22,480.750199
2000-02-23,483.705241
2000-02-24,481.344339
2000-02-25,478.127489
2000-02-28,481.676784
2000-02-29,486.073502
2000-03-01,488.983566
2000-03-02,490.181723
2000-03-03,494.082917
2000-03-06,492.361528
2000-03-07,486.081362
2000-03-08,488.946448
2000-03-09,494.199218
2000-03-10,494.361298
2000-03-13,493.541137
2000-03-14,489.603668
2000-03-15,495.261955
2000-03-16,497.428842
2000-03-17,496.595303
2000-03-20,495.879840
2000-03-21,500.517440
2000-03-22,501.034744
2000-03-23,502.751094
2000-03-24,502.679809
2000-03-27,502.596836
2000-03-28,501.980589
2000-03-29,502.563387
2000-03-30,500.333923
2000-03-31,502.464588
2000-04-03,503.711725
2000-04-04,502.354350
2000-04-05,500.822584
2000-04-06,502.909726
2000-04-07,505.171285
2000-04-10,504.761853
2000-04-11,504.625402
2000-04-12,501.349681
2000-04-13,497.637962
2000-04-14,472.343687
2000-04-17,490.116209
2000-04-18,501.708560
2000-04-19,500.743791
2000-04-20,501.907130
2000-04-24,501.846935
2000-04-25,507.909906
2000-04-26,506.003964
2000-04-27,506.754342
2000-04-28,506.041509
2000-05-01,508.540362
2000-05-02,505.598976
2000-05-03,499.956272
2000-05-04,500.031393
2000-05-05,505.419141
2000-05-08,505.306939
2000-05-09,503.333606
2000-05-10,497.150712
2000-05-11,503.709103
2000-05-12,507.296042
2000-05-15,512.384130
2000-05-16,514.203992
2000-05-17,514.110423
2000-05-18,514.816009
2000-05-19,512.226564
2000-05-22,511.638202
2000-05-23,507.382745
2000-05-24,512.967919
2000-05-25,510.629181
2000-05-26,510.324025
2000-05-30,518.499998
2000-05-31,518.148139
2000-06-01,521.582940
2000-06-02,523.288046
2000-06-05,523.354546
2000-06-06,523.283233
2000-06-07,524.006659
2000-06-08,523.888616
2000-06-09,524.191320
2000-06-12,524.374883
2000-06-13,525.110050
2000-06-14,525.295928
2000-06-15,525.435067
2000-06-16,524.646579
2000-06-19,527.077003
2000-06-20,526.369916
2000-06-21,526.904225
2000-06-22,523.392545
2000-06-23,521.628012
2000-06-26,524.426473
2000-06-27,524.661992
2000-06-28,525.954999
2000-06-29,524.627312
2000-06-30,526.793908
2000-07-03,529.822474
2000-07-05,526.155715
2000-07-06,528.115476
2000-07-07,531.799395
2000-07-10,532.092533
2000-07-11,532.764982
2000-07-12,533.851237
2000-07-13,534.155890
2000-07-14,534.828370
2000-07-17,535.328625
2000-07-18,535.380455
2000-07-19,535.409306
2000-07-20,535.817480
2000-07-21,535.681531
2000-07-24,533.356819
2000-07-25,535.235576
2000-07-26,532.466650
2000-07-27,530.940190
2000-07-28,522.833341
2000-07-31,525.662783
2000-08-01,528.277900
2000-08-02,529.558542
2000-08-03,532.817920
2000-08-04,535.755194
2000-08-07,539.919395
2000-08-08,541.246133
2000-08-09,539.995942
2000-08-10,537.457295
2000-08-11,540.394659
2000-08-14,545.111336
2000-08-15,544.781560
2000-08-16,544.359763
2000-08-17,546.998096
2000-08-18,546.365566
2000-08-21,547.940739
2000-08-22,548.124716
2000-08-23,549.145979
2000-08-24,549.981196
2000-08-25,550.211733
2000-08-28,551.740704
2000-08-29,551.413121
2000-08-30,550.341311
2000-08-31,552.665114
2000-09-01,552.942271
2000-09-05,551.911355
2000-09-06,550.141925
2000-09-07,552.419317
2000-09-08,552.045368
2000-09-11,552.412091
2000-09-12,551.805626
2000-09-13,553.059778
2000-09-14,553.616219
2000-09-15,551.805420
2000-09-18,548.419616
2000-09-19,551.296948
2000-09-20,549.847916
2000-09-21,549.792954
2000-09-22,549.738006
2000-09-25,548.515688
2000-09-26,546.105325
2000-09-27,546.146590
2000-09-28,553.879206
2000-09-29,549.594122
2000-10-02,549.766157
2000-10-03,546.779043
2000-10-04,549.993084
2000-10-05,550.851666
2000-10-06,542.865225
2000-10-09,541.403149
2000-10-10,536.060662
2000-10-11,527.401300
2000-10-12,514.511716
2000-10-13,530.656946
2000-10-16,532.175562
2000-10-17,522.458726
2000-10-18,519.279542
2000-10-19,536.963125
2000-10-20,533.626007
2000-10-23,534.476066
2000-10-24,535.252950
2000-10-25,529.318192
2000-10-26,527.874335
2000-10-27,532.895395
2000-10-30,536.410662
2000-10-31,540.099316
2000-11-01,539.543848
2000-11-02,540.592282
2000-11-03,540.703072
2000-11-06,541.677079
2000-11-07,541.837274
2000-11-08,540.344244
2000-11-09,539.492782
2000-11-10,534.372524
2000-11-13,532.583194
2000-11-14,540.664226
2000-11-15,543.415426
2000-11-16,542.490035
2000-11-17,544.272234
2000-11-20,539.088580
2000-11-21,540.405439
2000-11-22,534.629323
2000-11-24,541.141300
2000-11-27,543.408159
2000-11-28,539.673283
2000-11-29,541.755695
2000-11-30,533.224151
2000-12-01,535.816881
2000-12-04,539.819038
2000-12-05,551.545968
2000-12-06,547.556071
2000-12-07,546.117625
2000-12-08,552.894816
2000-12-11,553.886602
2000-12-12,552.754404
2000-12-13,553.816457
2000-12-14,549.010223
2000-12-15,539.347705
2000-12-18,540.642196
2000-12-19,538.949259
2000-12-20,528.200817
2000-12-21,532.376732
2000-12-22,539.951799
2000-12-26,542.156196
2000-12-27,544.181174
2000-12-28,545.914053
2000-12-29,544.593031
2001-01-02,537.237728
2001-01-03,549.433661
2001-01-04,548.033053
2001-01-05,542.755316
2001-01-08,543.280541
2001-01-09,545.385362
2001-01-10,548.764874
2001-01-11,551.135280
2001-01-12,551.168791
2001-01-16,553.639881
2001-01-17,554.735691
2001-01-18,555.287122
2001-01-19,555.563723
2001-01-22,556.731060
2001-01-23,559.741742
2001-01-24,560.299732
2001-01-25,560.004619
2001-01-26,559.789496
2001-01-29,561.468929
2001-01-30,562.442877
2001-01-31,562.627705
2001-02-01,563.495035
2001-02-02,561.568429
2001-02-05,563.125453
2001-02-06,563.416985
2001-02-07,562.578153
2001-02-08,562.101904
2001-02-09,558.853047
2001-02-12,563.182918
2001-02-13,561.405725
2001-02-14,562.358507
2001-02-15,565.636035
2001-02-16,555.668431
2001-02-20,551.145088
2001-02-21,544.106276
2001-02-22,543.395527
2001-02-23,541.288252
2001-02-26,549.717392
2001-02-27,546.868247
2001-02-28,539.873146
2001-03-01,540.951777
2001-03-02,538.626362
2001-03-05,542.560611
2001-03-06,548.090748
2001-03-07,551.176958
2001-03-08,552.081091
2001-03-09,539.238086
2001-03-12,515.590964
2001-03-13,524.961643
2001-03-14,510.853078
2001-03-15,514.288501
2001-03-16,505.215261
2001-03-19,509.949063
2001-03-20,504.476090
2001-03-21,499.910970
2001-03-22,497.887821
2001-03-23,505.306260
2001-03-26,509.722486
2001-03-27,515.257180
2001-03-28,510.192802
2001-03-29,509.531476
2001-03-30,511.934131
2001-04-02,508.588460
2001-04-03,497.850104
2001-04-04,497.188826
2001-04-05,512.324045
2001-04-06,506.488072
2001-04-09,510.132969
2001-04-10,517.506161
2001-04-11,518.365579
2001-04-12,521.471919
2001-04-16,522.118082
2001-04-17,523.317990
2001-04-18,523.905112
2001-04-19,524.185843
2001-04-20,523.427211
2001-04-23,519.658550
2001-04-24,517.320806
2001-04-25,521.886027
2001-04-26,523.576837
2001-04-27,527.292810
2001-04-30,527.139079
2001-05-01,529.700955
2001-05-02,530.150576
2001-05-03,528.161302
2001-05-04,530.810300
2001-05-07,530.961562
2001-05-08,531.476548
2001-05-09,531.338263
2001-05-10,531.831485
2001-05-11,531.279470
2001-05-14,532.236571
2001-05-15,533.274222
2001-05-16,534.823612
2001-05-17,535.044679
2001-05-18,535.055448
2001-05-21,538.861808
2001-05-22,538.406648
2001-05-23,535.683501
2001-05-24,537.157205
2001-05-25,535.048758
2001-05-29,533.079860
2001-05-30,527.368087
2001-05-31,529.880442
2001-06-01,532.435193
2001-06-04,534.673256
2001-06-05,539.707983
2001-06-06,536.645771
2001-06-07,538.713042
2001-06-08,535.650840
2001-06-11,532.293218
2001-06-12,533.321902
2001-06-13,527.949342
2001-06-14,518.295157
2001-06-15,512.839947
2001-06-18,512.528477
2001-06-19,513.928720
2001-06-20,515.917511
2001-06-21,518.821821
2001-06-22,517.192165
2001-06-25,517.076972
2001-06-26,516.559029
2001-06-27,516.455251
2001-06-28,519.032623
2001-06-29,519.866165
2001-07-02,521.364115
2001-07-03,521.587333
2001-07-05,519.897586
2001-07-06,514.235376
2001-07-09,516.757924
2001-07-10,512.774173
2001-07-11,512.256299
2001-07-12,520.065238
2001-07-13,522.054135
2001-07-16,520.565958
2001-07-17,522.685661
2001-07-18,522.429393
2001-07-19,524.440115
2001-07-20,524.327542
2001-07-23,520.634504
2001-07-24,515.459628
2001-07-25,520.848703
2001-07-26,524.636511
2001-07-27,525.510899
2001-07-30,525.754425
2001-07-31,527.585148
2001-08-01,529.015558
2001-08-02,529.778777
2001-08-03,529.696885
2001-08-06,527.583087
2001-08-07,528.969047
2001-08-08,524.016645
2001-08-09,524.601979
2001-08-10,527.255628
2001-08-13,528.477918
2001-08-14,527.573205
2001-08-15,524.755866
2001-08-16,526.564429
2001-08-17,521.302417
2001-08-20,524.241204
2001-08-21,521.597295
2001-08-22,524.112292
2001-08-23,523.794505
2001-08-24,528.474408
2001-08-27,528.212013
2001-08-28,525.130552
2001-08-29,522.118188
2001-08-30,515.904547
2001-08-31,518.074125
2001-09-04,517.540163
2001-09-05,517.890332
2001-09-06,509.166365
2001-09-07,500.603619
2001-09-10,503.842110
2001-09-17,480.107560
2001-09-18,477.440755
2001-09-19,468.785944
2001-09-20,455.202544
2001-09-21,435.896224
2001-09-24,436.654909
2001-09-25,437.011955
2001-09-26,437.522035
2001-09-27,437.413607
2001-09-28,436.610155
2001-10-01,437.222214
2001-10-02,436.527166
2001-10-03,434.180635
2001-10-04,434.518565
2001-10-05,434.435654
2001-10-08,435.781029
2001-10-09,436.820368
2001-10-10,434.620505
2001-10-11,431.827638
2001-10-12,433.083780
2001-10-15,434.078484
2001-10-16,433.166659
2001-10-17,437.451592
2001-10-18,439.645071
2001-10-19,440.861757
2001-10-22,441.007625
2001-10-23,441.900245
2001-10-24,442.504745
2001-10-25,441.869448
2001-10-26,441.932631
2001-10-29,444.060467
2001-10-30,444.499089
2001-10-31,444.701976
2001-11-01,444.232581
2001-11-02,444.941868
2001-11-05,444.310754
2001-11-06,442.758726
2001-11-07,443.799800
2001-11-08,443.880468
2001-11-09,444.519920
2001-11-12,445.172296
2001-11-13,441.795508
2001-11-14,441.369790
2001-11-15,442.367223
2001-11-16,440.362290
2001-11-19,442.976616
2001-11-20,442.327153
2001-11-21,441.439636
2001-11-23,444.604251
2001-11-26,445.770437
2001-11-27,444.585360
2001-11-28,440.424595
2001-11-29,443.385647
2001-11-30,443.926474
2001-12-03,441.938459
2001-12-04,445.871576
2001-12-05,449.328585
2001-12-06,449.194930
2001-12-07,448.525653
2001-12-10,445.922691
2001-12-11,445.828700
2001-12-12,446.429100
2001-12-13,441.990600
2001-12-14,444.039100
2001-12-17,447.843800
2001-12-18,450.368500
2001-12-19,451.841700
2001-12-20,451.410500
2001-12-21,452.772300
2001-12-24,453.503000
2001-12-26,454.840000
2001-12-27,456.034600
2001-12-28,456.703000
2001-12-31,454.742900
2002-01-02,456.363100
2002-01-03,458.306300
2002-01-04,459.339000
2002-01-07,458.997400
2002-01-08,458.917300
2002-01-09,458.473000
2002-01-10,459.040300
2002-01-11,457.989000
2002-01-14,457.566600
2002-01-15,459.712100
2002-01-16,456.516100
2002-01-17,460.199300
2002-01-18,455.698000
2002-01-22,454.459700
2002-01-23,457.243100
2002-01-24,458.191300
2002-01-25,458.582800
2002-01-28,459.283100
2002-01-29,450.808100
2002-01-30,454.869900
2002-01-31,459.199800
2002-02-01,458.271600
2002-02-04,449.816700
2002-02-05,448.476100
2002-02-06,446.681900
2002-02-07,445.258900
2002-02-08,451.836400
2002-02-11,458.062800
2002-02-12,456.784100
2002-02-13,460.845900
2002-02-14,460.701300
2002-02-15,458.869300
2002-02-19,454.067900
2002-02-20,458.641000
2002-02-21,454.048600
2002-02-22,456.907100
2002-02-25,462.244100
2002-02-26,462.308500
2002-02-27,463.092600
2002-02-28,462.606700
2002-03-01,466.819900
2002-03-04,468.770100
2002-03-05,468.686400
2002-03-06,469.481100
2002-03-07,469.566700
2002-03-08,470.012100
2002-03-11,470.247700
2002-03-12,470.322800
2002-03-13,470.387200
2002-03-14,470.494000
2002-03-15,471.179100
2002-03-18,471.063400
2002-03-19,472.451500
2002-03-20,469.332300
2002-03-21,470.058700
2002-03-22,469.337900
2002-03-25,465.314500
2002-03-26,467.405500
2002-03-27,469.331200
2002-03-28,470.099000
2002-04-01,470.068900
2002-04-02,467.776700
2002-04-03,463.830400
2002-04-04,464.474200
2002-04-05,463.712000
2002-04-08,464.940300
2002-04-09,462.400000
2002-04-10,467.385700
2002-04-11,457.236700
2002-04-12,459.534600
2002-04-15,456.958600
2002-04-16,467.154500
2002-04-17,466.805900
2002-04-18,465.712900
2002-04-19,468.004400
2002-04-22,464.588000
2002-04-23,462.656400
2002-04-24,460.448900
2002-04-25,460.003700
2002-04-26,454.929700
2002-04-29,451.088600
2002-04-30,455.781900
2002-05-01,459.498400
2002-05-02,459.053300
2002-05-03,455.380600
2002-05-06,447.038100
2002-05-07,445.573700
2002-05-08,461.138500
2002-05-09,455.427500
2002-05-10,448.527400
2002-05-13,456.407100
2002-05-14,465.644400
2002-05-15,463.755300
2002-05-16,466.962300
2002-05-17,469.320200
2002-05-20,466.745700
2002-05-21,464.191600
2002-05-22,465.720800
2002-05-23,468.560000
2002-05-24,466.115100
2002-05-28,464.196300
2002-05-29,462.297300
2002-05-30,461.752100
2002-05-31,462.844600
2002-06-03,452.802500
2002-06-04,452.934200
2002-06-05,457.127200
2002-06-06,449.289100
2002-06-07,448.918600
2002-06-10,450.077900
2002-06-11,443.025900
2002-06-12,445.887000
2002-06-13,441.411500
2002-06-14,440.560600
2002-06-17,453.161400
2002-06-18,453.446000
2002-06-19,445.913600
2002-06-20,440.084400
2002-06-21,431.220400
2002-06-24,432.822900
2002-06-25,428.822600
2002-06-26,428.262200
2002-06-27,433.330800
2002-06-28,433.663900
2002-07-01,428.408800
2002-07-02,421.236600
2002-07-03,423.624800
2002-07-05,435.370300
2002-07-08,432.393600
2002-07-09,424.417300
2002-07-10,410.812000
2002-07-11,414.629700
2002-07-12,411.835600
2002-07-15,410.065200
2002-07-16,403.161100
2002-07-17,405.683200
2002-07-18,393.641500
2002-07-19,386.192800
2002-07-22,383.788300
2002-07-23,381.236800
2002-07-24,386.355200
2002-07-25,386.783700
2002-07-26,388.622100
2002-07-29,388.417600
2002-07-30,388.166100
2002-07-31,387.254600
2002-08-01,388.663000
2002-08-02,388.661500
2002-08-05,388.127000
2002-08-06,390.155500
2002-08-07,390.873900
2002-08-08,389.572500
2002-08-09,389.880900
2002-08-12,390.896400
2002-08-13,393.194900
2002-08-14,391.183400
2002-08-15,390.831900
2002-08-16,393.600500
2002-08-19,397.383700
2002-08-20,395.516400
2002-08-21,397.771500
2002-08-22,399.851200
2002-08-23,396.799900
2002-08-26,398.214900
2002-08-27,396.325700
2002-08-28,392.660300
2002-08-29,392.744600
2002-08-30,393.135900
2002-09-03,381.127800
2002-09-04,386.847500
2002-09-05,383.116400
2002-09-06,388.419400
2002-09-09,391.808000
2002-09-10,394.545500
2002-09-11,394.651700
2002-09-12,387.894600
2002-09-13,389.645400
2002-09-16,390.402600
2002-09-17,383.535900
2002-09-18,381.668600
2002-09-19,370.109400
2002-09-20,371.874900
2002-09-23,372.277400
2002-09-24,372.049500
2002-09-25,373.221600
2002-09-26,373.965300
2002-09-27,373.592000
2002-09-30,372.938800
2002-10-01,374.914300
2002-10-02,374.189100
2002-10-03,373.907600
2002-10-04,372.975800
2002-10-07,371.748700
2002-10-08,373.731900
2002-10-09,371.606600
2002-10-10,375.005100
2002-10-11,376.842900
2002-10-14,377.299100
2002-10-15,376.979300
2002-10-16,377.531800
2002-10-17,377.640500
2002-10-18,378.029500
2002-10-21,377.484300
2002-10-22,378.073100
2002-10-23,378.285300
2002-10-24,379.237600
2002-10-25,379.878300
2002-10-28,380.605800
2002-10-29,380.662100
2002-10-30,381.082000
2002-10-31,381.605900
2002-11-01,381.545400
2002-11-04,381.675500
2002-11-05,381.134500
2002-11-06,380.788200
2002-11-07,382.584700
2002-11-08,383.381200
2002-11-11,383.641200
2002-11-12,383.879400
2002-11-13,383.974700
2002-11-14,384.044000
2002-11-15,385.901700
2002-11-18,384.610700
2002-11-19,384.624000
2002-11-20,388.186200
2002-11-21,390.772500
2002-11-22,390.918800
2002-11-25,391.269200
2002-11-26,388.997900
2002-11-27,391.074000
2002-11-29,391.144900
2002-12-02,391.694900
2002-12-03,390.399500
2002-12-04,390.191000
2002-12-05,388.673800
2002-12-06,390.062300
2002-12-09,387.285200
2002-12-10,390.315100
2002-12-11,391.304300
2002-12-12,391.273200
2002-12-13,389.245900
2002-12-16,393.766300
2002-12-17,393.336000
2002-12-18,392.173700
2002-12-19,391.943000
2002-12-20,395.834300
2002-12-23,397.160000
2002-12-24,396.552700
2002-12-26,396.004400
2002-12-27,392.846700
2002-12-30,394.494200
2002-12-31,395.472200
2003-01-02,401.196400
2003-01-03,401.577000
2003-01-06,403.454300
2003-01-07,403.329500
2003-01-08,402.607300
2003-01-09,404.021900
2003-01-10,404.126800
2003-01-13,404.257800
2003-01-14,404.546600
2003-01-15,404.571100
2003-01-16,404.630100
2003-01-17,404.123100
2003-01-21,400.782100
2003-01-22,398.209500
2003-01-23,401.108900
2003-01-24,392.694700
2003-01-27,387.239500
2003-01-28,391.916700
2003-01-29,394.746800
2003-01-30,387.764200
2003-01-31,392.025800
2003-02-03,394.236000
2003-02-04,389.608500
2003-02-05,387.636100
2003-02-06,386.033200
2003-02-07,382.167600
2003-02-10,385.647700
2003-02-11,382.544000
2003-02-12,377.985700
2003-02-13,377.675800
2003-02-14,385.862500
2003-02-18,393.442600
2003-02-19,390.777600
2003-02-20,386.681100
2003-02-21,390.809600
2003-02-24,387.788800
2003-02-25,389.199500
2003-02-26,386.971700
2003-02-27,390.045000
2003-02-28,391.503800
2003-03-03,390.748000
2003-03-04,387.821500
2003-03-05,390.268300
2003-03-06,388.667000
2003-03-07,390.631900
2003-03-10,384.864100
2003-03-11,382.756800
2003-03-12,384.432600
2003-03-13,393.553900
2003-03-14,394.386300
2003-03-17,398.473800
2003-03-18,399.547100
2003-03-19,399.957800
2003-03-20,400.320300
2003-03-21,402.840800
2003-03-24,396.180000
2003-03-25,399.848200
2003-03-26,399.111800
2003-03-27,399.078200
2003-03-28,398.060600
2003-03-31,393.414700
2003-04-01,397.598400
2003-04-02,403.609500
2003-04-03,402.896500
2003-04-04,403.401800
2003-04-07,404.706900
2003-04-08,405.446500
2003-04-09,402.203100
2003-04-10,404.840500
2003-04-11,405.088100
2003-04-14,409.954400
2003-04-15,411.584300
2003-04-16,411.293100
2003-04-17,414.144500
2003-04-21,414.508200
2003-04-22,417.657100
2003-04-23,418.484100
2003-04-24,418.090300
2003-04-25,416.762900
2003-04-28,419.100300
2003-04-29,419.400600
2003-04-30,419.222200
2003-05-01,419.474700
2003-05-02,420.493200
2003-05-05,420.628300
2003-05-06,420.928700
2003-05-07,420.977700
2003-05-08,420.787400
2003-05-09,421.315200
2003-05-12,421.486200
2003-05-13,421.547200
2003-05-14,421.584300
2003-05-15,421.657200
2003-05-16,422.367600
2003-05-19,416.355100
2003-05-20,415.954300
2003-05-21,417.317200
2003-05-22,420.237600
2003-05-23,420.821800
2003-05-27,424.853200
2003-05-28,425.254100
2003-05-29,424.578400
2003-05-30,427.109400
2003-06-02,427.441700
2003-06-03,428.025800
2003-06-04,429.090900
2003-06-05,429.400200
2003-06-06,429.457500
2003-06-09,429.125500
2003-06-10,430.076100
2003-06-11,430.499900
2003-06-12,430.568600
2003-06-13,430.625900
2003-06-16,430.912400
2003-06-17,430.923900
2003-06-18,430.969700
2003-06-19,430.992700
2003-06-20,429.978500
2003-06-23,426.703700
2003-06-24,427.264100
2003-06-25,425.401600
2003-06-26,428.957600
2003-06-27,426.324200
2003-06-30,426.221300
2003-07-01,428.786100
2003-07-02,431.549100
2003-07-03,429.488400
2003-07-07,434.439300
2003-07-08,435.330100
2003-07-09,435.119600
2003-07-10,432.486200
2003-07-11,435.227200
2003-07-14,436.556000
2003-07-15,436.675900
2003-07-16,435.870600
2003-07-17,432.818700
2003-07-18,437.380200
2003-07-21,435.168400
2003-07-22,437.194200
2003-07-23,437.725200
2003-07-24,436.625500
2003-07-25,440.259400
2003-07-28,440.017900
2003-07-29,439.031500
2003-07-30,438.837800
2003-07-31,439.346200
2003-08-01,437.295300
2003-08-04,438.163700
2003-08-05,433.848000
2003-08-06,435.217000
2003-08-07,437.990200
2003-08-08,439.449800
2003-08-11,440.567200
2003-08-12,442.819500
2003-08-13,442.399300
2003-08-14,443.994800
2003-08-15,443.683500
2003-08-18,446.235600
2003-08-19,446.933700
2003-08-20,446.716100
2003-08-21,447.345500
2003-08-22,445.502600
2003-08-25,445.696900
2003-08-26,446.578100
2003-08-27,446.978600
2003-08-28,448.500800
2003-08-29,449.336200
2003-09-02,451.121300
2003-09-03,451.453100
2003-09-04,451.853600
2003-09-05,451.933600
2003-09-08,452.700200
2003-09-09,452.436800
2003-09-10,451.715600
2003-09-11,452.551100
2003-09-12,452.974500
2003-09-15,453.031400
2003-09-16,453.512000
2003-09-17,453.546300
2003-09-18,453.626300
2003-09-19,453.559100
2003-09-22,450.506700
2003-09-23,452.082800
2003-09-24,446.772500
2003-09-25,445.084300
2003-09-26,443.127800
2003-09-29,446.581600
2003-09-30,443.127100
2003-10-01,450.471600
2003-10-02,451.667600
2003-10-03,454.562900
2003-10-06,456.116200
2003-10-07,456.954500
2003-10-08,456.585400
2003-10-09,457.870900
2003-10-10,458.284300
2003-10-13,459.725900
2003-10-14,460.251200
2003-10-15,460.564000
2003-10-16,460.809800
2003-10-17,459.669500
2003-10-20,461.306200
2003-10-21,462.333300
2003-10-22,458.575900
2003-10-23,459.670600
2003-10-24,458.847100
2003-10-27,459.558600
2003-10-28,463.542100
2003-10-29,464.185500
2003-10-30,464.106700
2003-10-31,464.975700
2003-11-03,466.341700
2003-11-04,465.879300
2003-11-05,465.665100
2003-11-06,466.714700
2003-11-07,466.410200
2003-11-10,465.722500
2003-11-11,465.914500
2003-11-12,468.115100
2003-11-13,468.329700
2003-11-14,467.664200
2003-11-17,466.795900
2003-11-18,464.866500
2003-11-19,468.195500
2003-11-20,465.882500
2003-11-21,469.468400
2003-11-24,473.351800
2003-11-25,474.059100
2003-11-26,474.557900
2003-11-28,474.860100
2003-12-01,475.800200
2003-12-02,475.812300
2003-12-03,475.847500
2003-12-04,476.253600
2003-12-05,475.871700
2003-12-08,476.649500
2003-12-09,476.290800
2003-12-10,476.418800
2003-12-11,477.172500
2003-12-12,477.300400
2003-12-15,477.220800
2003-12-16,477.522500
2003-12-17,477.650500
2003-12-18,477.697300
2003-12-19,476.777200
2003-12-22,477.812100
2003-12-23,478.801600
2003-12-24,478.502000
2003-12-26,478.836300
2003-12-29,481.293600
2003-12-30,481.283000
2003-12-31,481.183400
2004-01-02,481.206600
2004-01-05,483.086000
2004-01-06,483.631000
2004-01-07,484.009300
2004-01-08,484.209800
2004-01-09,484.043600
2004-01-12,484.467300
2004-01-13,484.456700
2004-01-14,484.701600
2004-01-15,484.813200
2004-01-16,485.487800
2004-01-20,485.944000
2004-01-21,487.674300
2004-01-22,487.053700
2004-01-23,486.585500
2004-01-26,489.033600
2004-01-27,487.629400
2004-01-28,484.658000
2004-01-29,485.735300
2004-01-30,485.571800
2004-02-02,486.648600
2004-02-03,486.833400
2004-02-04,485.298600
2004-02-05,486.027600
2004-02-06,489.238000
2004-02-09,489.204700
2004-02-10,490.281900
2004-02-11,491.348300
2004-02-12,491.359000
2004-02-13,491.162900
2004-02-17,491.934700
2004-02-18,492.076000
2004-02-19,492.141100
2004-02-20,492.897700
2004-02-23,492.563000
2004-02-24,492.575600
2004-02-25,494.013000
2004-02-26,494.661300
2004-02-27,495.090400
2004-03-01,496.794200
2004-03-02,496.083500
2004-03-03,496.578400
2004-03-04,497.182800
2004-03-05,497.721500
2004-03-08,496.575800
2004-03-09,495.273300
2004-03-10,490.573300
2004-03-11,483.944400
2004-03-12,490.467100
2004-03-15,484.060800
2004-03-16,487.098300
2004-03-17,493.073000
2004-03-18,492.384200
2004-03-19,488.812400
2004-03-22,484.230700
2004-03-23,484.980000
2004-03-24,484.033100
2004-03-25,490.205900
2004-03-26,490.665100
2004-03-29,494.185200
2004-03-30,495.157800
2004-03-31,495.103600
2004-04-01,496.187700
2004-04-02,497.874400
2004-04-05,499.028700
2004-04-06,499.063800
2004-04-07,498.719500
2004-04-08,498.598400
2004-04-12,499.676200
2004-04-13,498.327500
2004-04-14,499.322400
2004-04-15,500.027100
2004-04-16,500.397400
2004-04-19,501.313300
2004-04-20,497.477500
2004-04-21,499.245700
2004-04-22,503.039400
2004-04-23,503.457300
2004-04-26,502.505200
2004-04-27,503.463100
2004-04-28,499.537300
2004-04-29,497.547000
2004-04-30,495.669200
2004-05-03,499.060800
2004-05-04,499.838700
2004-05-05,500.841700
2004-05-06,498.401300
2004-05-07,493.192600
2004-05-10,488.594600
2004-05-11,492.568400
2004-05-12,493.706400
2004-05-13,493.179000
2004-05-14,493.056700
2004-05-17,487.918500
2004-05-18,491.577200
2004-05-19,490.509600
2004-05-20,490.860000
2004-05-21,491.866900
2004-05-24,493.301500
2004-05-25,497.300000
2004-05-26,497.633100
2004-05-27,498.745100
2004-05-28,498.826300
2004-06-01,498.990400
2004-06-02,499.621400
2004-06-03,498.694600
2004-06-04,499.806600
2004-06-07,501.275600
2004-06-08,501.414000
2004-06-09,501.208800
2004-06-10,501.553400
2004-06-14,501.431200
2004-06-15,501.810200
2004-06-16,501.868400
2004-06-17,501.995300
2004-06-18,500.969200
2004-06-21,500.384800
2004-06-22,502.010600
2004-06-23,503.860300
2004-06-24,503.046200
2004-06-25,502.769300
2004-06-28,501.893900
2004-06-29,502.937700
2004-06-30,504.406800
2004-07-01,501.869100
2004-07-02,500.898300
2004-07-06,498.537300
2004-07-07,499.715400
2004-07-08,496.237500
2004-07-09,498.064800
2004-07-12,498.935400
2004-07-13,499.397200
2004-07-14,497.844400
2004-07-15,495.709600
2004-07-16,498.353200
2004-07-19,498.745100
2004-07-20,500.575500
2004-07-21,496.870200
2004-07-22,497.850800
2004-07-23,494.788600
2004-07-26,494.744100
2004-07-27,498.159500
2004-07-28,498.772500
2004-07-29,500.488100
2004-07-30,501.101100
2004-08-02,502.595600
2004-08-03,500.842700
2004-08-04,500.766700
2004-08-05,494.856300
2004-08-06,488.302700
2004-08-09,489.131100
2004-08-10,494.889400
2004-08-11,494.078300
2004-08-12,488.673200
2004-08-13,489.699700
2004-08-16,496.316500
2004-08-17,497.251100
2004-08-18,503.147200
2004-08-19,501.463300
2004-08-20,502.530100
2004-08-23,502.749000
2004-08-24,503.094200
2004-08-25,504.793000
2004-08-26,505.091600
2004-08-27,505.483500
2004-08-30,504.535600
2004-08-31,505.394200
2004-09-01,505.926200
2004-09-02,507.391600
2004-09-03,507.386800
2004-09-07,508.207700
2004-09-08,508.272900
2004-09-09,508.443100
2004-09-10,508.835000
2004-09-13,508.937300
2004-09-14,509.084200
2004-09-15,509.091100
2004-09-16,509.214600
2004-09-17,508.985200
2004-09-20,508.136300
2004-09-21,509.875100
2004-09-22,505.937600
2004-09-23,504.769600
2004-09-24,505.890400
2004-09-27,503.851300
2004-09-28,506.574300
2004-09-29,507.786700
2004-09-30,507.946200
2004-10-01,512.202700
2004-10-04,512.864400
2004-10-05,513.001000
2004-10-06,514.121900
2004-10-07,512.564800
2004-10-08,511.671500
2004-10-11,512.882500
2004-10-12,512.607200
2004-10-13,509.951500
2004-10-14,505.785200
2004-10-15,507.572200
2004-10-18,509.062300
2004-10-19,507.171700
2004-10-20,507.427400
2004-10-21,508.242900
2004-10-22,505.769100
2004-10-25,505.276400
2004-10-26,508.844600
2004-10-27,511.806300
2004-10-28,512.295200
2004-10-29,512.317600
2004-11-01,512.711300
2004-11-02,512.780300
2004-11-03,514.785600
2004-11-04,515.461100
2004-11-05,515.541800
2004-11-08,515.807200
2004-11-09,515.946300
2004-11-10,516.003600
2004-11-11,516.026000
2004-11-12,516.001700
2004-11-15,516.162200
2004-11-16,516.091300
2004-11-17,516.265300
2004-11-18,516.299300
2004-11-19,515.005500
2004-11-22,518.050200
2004-11-23,517.933100
2004-11-24,520.084600
2004-11-26,520.539700
2004-11-29,518.829300
2004-11-30,516.747000
2004-12-01,524.639400
2004-12-02,524.187200
2004-12-03,524.559300
2004-12-06,524.171300
2004-12-07,518.382000
2004-12-08,521.028800
2004-12-09,523.882400
2004-12-10,523.336100
2004-12-13,528.093300
2004-12-14,530.164800
2004-12-15,531.244200
2004-12-16,530.162900
2004-12-17,526.209200
2004-12-20,526.410100
2004-12-21,531.169500
2004-12-22,533.180600
2004-12-23,533.427400
2004-12-27,531.130800
2004-12-28,534.935400
2004-12-29,534.986100
2004-12-30,535.062800
2004-12-31,534.344100
2005-01-03,530.007800
2005-01-04,523.879200
2005-01-05,522.027200
2005-01-06,523.975500
2005-01-07,523.228700
2005-01-10,525.026200
2005-01-11,521.858600
2005-01-12,523.998100
2005-01-13,519.475900
2005-01-14,522.595100
2005-01-18,527.658200
2005-01-19,522.682400
2005-01-20,518.623600
2005-01-21,516.747800
2005-01-24,516.051200
2005-01-25,517.801300
2005-01-26,519.529100
2005-01-27,519.781300
2005-01-28,519.027400
2005-01-31,521.639800
2005-02-01,523.166300
2005-02-02,523.888100
2005-02-03,523.670800
2005-02-04,524.973800
2005-02-07,525.070900
2005-02-08,525.300800
2005-02-09,524.759400
2005-02-10,525.358100
2005-02-11,525.722100
2005-02-14,525.987000
2005-02-15,526.038000
2005-02-16,526.066700
2005-02-17,526.095300
2005-02-18,526.576100
2005-02-22,518.905900
2005-02-23,521.853300
2005-02-24,526.142300
2005-02-25,531.099000
2005-02-28,527.701200
2005-03-01,530.696200
2005-03-02,530.732600
2005-03-03,530.908000
2005-03-04,536.019400
2005-03-07,537.439600
2005-03-08,534.916700
2005-03-09,529.519400
2005-03-10,530.522300
2005-03-11,526.640500
2005-03-14,529.621500
2005-03-15,525.638900
2005-03-16,521.439500
2005-03-17,522.384000
2005-03-18,522.780100
2005-03-21,522.114400
2005-03-22,519.672100
2005-03-23,519.822800
2005-03-24,520.442800
2005-03-28,521.581900
2005-03-29,518.692600
2005-03-30,523.179700
2005-03-31,523.106800
2005-04-01,521.469300
2005-04-04,522.927200
2005-04-05,524.553100
2005-04-06,525.240300
2005-04-07,526.754500
2005-04-08,525.497000
2005-04-11,526.194900
2005-04-12,527.809700
2005-04-13,525.155200
2005-04-14,520.813000
2005-04-15,513.382300
2005-04-18,515.176700
2005-04-19,517.645200
2005-04-20,513.094300
2005-04-21,519.719800
2005-04-22,517.917600
2005-04-25,520.870600
2005-04-26,518.864000
2005-04-27,520.105800
2005-04-28,515.804900
2005-04-29,519.977100
2005-05-02,521.930600
2005-05-03,522.150200
2005-05-04,524.754900
2005-05-05,524.656500
2005-05-06,524.694400
2005-05-09,526.261800
2005-05-10,524.300700
2005-05-11,525.701500
2005-05-12,523.354200
2005-05-13,522.619700
2005-05-16,526.118100
2005-05-17,527.598400
2005-05-18,528.079300
2005-05-19,528.242100
2005-05-20,528.449800
2005-05-23,529.804800
2005-05-24,530.181300
2005-05-25,529.769400
2005-05-26,531.137300
2005-05-27,531.311100
2005-05-31,530.564400
2005-06-01,532.292800
2005-06-02,532.827100
2005-06-03,532.167300
2005-06-06,532.891500
2005-06-07,532.817500
2005-06-08,532.766100
2005-06-09,533.672200
2005-06-10,533.778400
2005-06-13,534.356300
2005-06-14,534.620300
2005-06-15,534.861700
2005-06-16,534.956700
2005-06-17,535.608300
2005-06-20,535.230700
2005-06-21,534.143200
2005-06-22,534.273000
2005-06-23,528.597500
2005-06-24,524.565000
2005-06-27,524.177600
2005-06-28,529.061900
2005-06-29,528.371900
2005-06-30,524.629300
2005-07-01,526.057000
2005-07-05,530.709600
2005-07-06,526.409300
2005-07-07,527.731700
2005-07-08,533.895100
2005-07-11,537.241600
2005-07-12,538.487500
2005-07-13,539.027700
2005-07-14,540.442100
2005-07-15,541.069200
2005-07-18,538.077200
2005-07-19,541.699300
2005-07-20,544.328100
2005-07-21,540.734000
2005-07-22,543.680800
2005-07-25,541.631500
2005-07-26,542.570200
2005-07-27,545.122800
2005-07-28,548.331500
2005-07-29,544.136900
2005-08-01,544.655000
2005-08-02,548.521600
2005-08-03,549.039600
2005-08-04,544.998900
2005-08-05,540.851000
2005-08-08,539.435800
2005-08-09,543.076500
2005-08-10,542.314000
2005-08-11,546.211300
2005-08-12,542.942700
2005-08-15,544.549900
2005-08-16,538.140400
2005-08-17,538.682300
2005-08-18,538.172000
2005-08-19,538.525200
2005-08-22,539.417100
2005-08-23,537.598000
2005-08-24,534.098000
2005-08-25,535.330000
2005-08-26,532.127800
2005-08-29,535.370600
2005-08-30,533.723400
2005-08-31,539.163900
2005-09-01,539.721900
2005-09-02,538.159200
2005-09-06,544.968300
2005-09-07,546.372900
2005-09-08,544.314000
2005-09-09,548.649400
2005-09-12,548.269300
2005-09-13,544.276700
2005-09-14,542.502700
2005-09-15,542.777600
2005-09-16,547.284400
2005-09-19,544.238300
2005-09-20,539.963100
2005-09-21,535.053500
2005-09-22,537.124000
2005-09-23,537.420300
2005-09-26,537.570600
2005-09-27,537.592300
2005-09-28,538.234900
2005-09-29,543.029400
2005-09-30,543.531000
2005-10-03,542.599000
2005-10-04,537.247800
2005-10-05,529.444800
2005-10-06,527.279900
2005-10-07,529.239000
2005-10-10,525.446400
2005-10-11,524.394100
2005-10-12,521.273000
2005-10-13,520.906100
2005-10-14,525.214200
2005-10-17,526.776700
2005-10-18,521.488600
2005-10-19,529.332500
2005-10-20,521.398400
2005-10-21,523.869300
2005-10-24,527.590100
2005-10-25,527.753200
2005-10-26,527.215700
2005-10-27,525.028600
2005-10-28,528.219800
2005-10-31,529.319300
2005-11-01,529.188600
2005-11-02,530.346100
2005-11-03,530.836900
2005-11-04,530.977400
2005-11-07,531.342500
2005-11-08,531.392700
2005-11-09,531.578400
2005-11-10,531.820700
2005-11-11,531.916000
2005-11-14,532.134400
2005-11-15,532.218500
2005-11-16,532.280000
2005-11-17,532.386700
2005-11-18,534.462100
2005-11-21,537.283300
2005-11-22,540.043200
2005-11-23,541.954200
2005-11-25,543.091100
2005-11-28,538.541300
2005-11-29,538.645800
2005-11-30,535.431900
2005-12-01,541.908600
2005-12-02,542.084300
2005-12-05,540.827500
2005-12-06,541.527200
2005-12-07,538.919700
2005-12-08,538.314500
2005-12-09,539.833200
2005-12-12,540.306800
2005-12-13,543.346500
2005-12-14,545.654600
2005-12-15,544.919800
2005-12-16,543.374200
2005-12-19,540.201300
2005-12-20,540.086900
2005-12-21,541.455500
2005-12-22,543.870800
2005-12-23,544.181700
2005-12-27,538.983800
2005-12-28,539.789400
2005-12-29,538.219100
2005-12-30,535.590300
2006-01-03,544.390700
2006-01-04,546.498700
2006-01-05,546.511600
2006-01-06,551.781100
2006-01-09,553.799400
2006-01-10,553.632400
2006-01-11,555.625600
2006-01-12,552.144200
2006-01-13,552.813100
2006-01-17,550.803800
2006-01-18,548.716400
2006-01-19,551.773100
2006-01-20,541.666300
2006-01-23,542.674500
2006-01-24,543.987200
2006-01-25,543.062200
2006-01-26,547.008100
2006-01-27,551.308700
2006-01-30,551.969200
2006-01-31,549.771600
2006-02-01,550.858600
2006-02-02,546.014300
2006-02-03,543.127500
2006-02-06,543.561500
2006-02-07,539.177400
2006-02-08,544.074200
2006-02-09,543.298700
2006-02-10,544.686900
2006-02-13,542.990900
2006-02-14,548.504800
2006-02-15,550.553900
2006-02-16,554.632300
2006-02-17,553.716100
2006-02-21,551.907200
2006-02-22,556.106900
2006-02-23,554.152900
2006-02-24,554.894300
2006-02-27,557.006900
2006-02-28,551.220000
2006-03-01,555.923200
2006-03-02,555.026800
2006-03-03,554.215200
2006-03-06,550.376000
2006-03-07,549.377500
2006-03-08,550.647800
2006-03-09,547.970900
2006-03-10,551.999400
2006-03-13,553.262300
2006-03-14,559.014100
2006-03-15,561.438900
2006-03-16,562.447500
2006-03-17,563.277400
2006-03-20,562.343300
2006-03-21,558.967300
2006-03-22,562.343700
2006-03-23,560.893800
2006-03-24,561.445300
2006-03-27,560.867900
2006-03-28,557.261200
2006-03-29,561.522900
2006-03-30,560.417900
2006-03-31,558.084000
2006-04-03,559.372200
2006-04-04,562.929000
2006-04-05,565.413100
2006-04-06,564.462100
2006-04-07,558.628800
2006-04-10,559.124700
2006-04-11,554.886300
2006-04-12,555.560400
2006-04-13,555.993400
2006-04-17,554.358800
2006-04-18,563.987100
2006-04-19,565.023000
2006-04-20,565.701500
2006-04-21,565.631200
2006-04-24,564.272000
2006-04-25,561.524200
2006-04-26,563.165100
2006-04-27,565.180700
2006-04-28,565.576400
2006-05-01,563.238700
2006-05-02,566.699700
2006-05-03,564.492800
2006-05-04,566.412200
2006-05-05,572.255200
2006-05-08,571.829600
2006-05-09,572.045000
2006-05-10,571.304300
2006-05-11,564.090300
2006-05-12,557.768700
2006-05-15,559.236900
2006-05-16,558.199700
2006-05-17,548.950200
2006-05-18,545.301700
2006-05-19,546.928800
2006-05-22,546.727100
2006-05-23,546.007400
2006-05-24,546.431400
2006-05-25,549.802000
2006-05-26,551.259500
2006-05-30,547.413700
2006-05-31,550.014700
2006-06-01,552.681800
2006-06-02,553.237700
2006-06-05,550.441500
2006-06-06,550.491700
2006-06-07,549.486300
2006-06-08,550.108300
2006-06-09,549.081000
2006-06-12,544.283800
2006-06-13,539.650000
2006-06-14,543.196800
2006-06-15,553.736600
2006-06-16,553.085900
2006-06-19,551.158400
2006-06-20,551.995300
2006-06-21,554.589300
2006-06-22,553.556300
2006-06-23,553.739900
2006-06-26,555.327000
2006-06-27,553.032500
2006-06-28,554.545200
2006-06-29,559.392200
2006-06-30,559.328000
2006-07-03,560.532200
2006-07-05,559.998400
2006-07-06,560.587600
2006-07-07,560.095500
2006-07-10,560.804300
2006-07-11,561.686400
2006-07-12,560.090400
2006-07-13,556.241600
2006-07-14,556.312800
2006-07-17,556.323400
2006-07-18,557.205600
2006-07-19,562.672200
2006-07-20,562.765900
2006-07-21,562.059900
2006-07-24,567.042000
2006-07-25,568.243400
2006-07-26,568.480300
2006-07-27,567.821500
2006-07-28,569.711900
2006-07-31,569.894500
2006-08-01,569.832900
2006-08-02,570.781700
2006-08-03,570.949800
2006-08-04,571.416400
2006-08-07,571.507300
2006-08-08,571.606500
2006-08-09,571.545000
2006-08-10,572.298700
2006-08-11,572.386500
2006-08-14,573.028800
2006-08-15,573.552900
2006-08-16,573.617800
2006-08-17,573.866300
2006-08-18,577.007600
2006-08-21,574.889800
2006-08-22,575.465700
2006-08-23,572.931400
2006-08-24,574.304100
2006-08-25,573.935500
2006-08-28,576.900200
2006-08-29,578.102100
2006-08-30,578.356000
2006-08-31,578.164000
2006-09-01,581.361700
2006-09-05,582.384700
2006-09-06,576.716300
2006-09-07,573.972600
2006-09-08,576.146000
2006-09-11,576.448500
2006-09-12,582.475000
2006-09-13,584.844600
2006-09-14,584.078700
2006-09-15,585.672600
2006-09-18,586.258800
2006-09-19,584.991100
2006-09-20,588.053300
2006-09-21,585.012700
2006-09-22,583.570200
2006-09-25,588.714400
2006-09-26,593.151200
2006-09-27,593.373600
2006-09-28,594.523800
2006-09-29,593.063700
2006-10-02,591.064500
2006-10-03,592.306300
2006-10-04,599.594100
2006-10-05,601.093300
2006-10-06,599.476400
2006-10-09,599.956100
2006-10-10,601.201200
2006-10-11,599.721100
2006-10-12,605.450700
2006-10-13,606.692400
2006-10-16,608.224600
2006-10-17,605.998900
2006-10-18,606.901600
2006-10-19,607.342300
2006-10-20,608.105700
2006-10-23,611.855400
2006-10-24,612.015300
2006-10-25,614.173900
2006-10-26,617.227800
2006-10-27,612.095700
2006-10-30,612.381000
2006-10-31,612.385400
2006-11-01,607.962500
2006-11-02,607.915900
2006-11-03,606.606500
2006-11-06,613.507200
2006-11-07,614.881100
2006-11-08,616.314700
2006-11-09,613.156000
2006-11-10,614.299200
2006-11-13,616.009300
2006-11-14,619.997000
2006-11-15,621.632400
2006-11-16,623.069200
2006-11-17,623.712900
2006-11-20,623.415100
2006-11-21,624.473600
2006-11-22,625.987600
2006-11-24,623.764300
2006-11-27,615.300200
2006-11-28,617.554000
2006-11-29,623.507300
2006-11-30,624.037000
2006-12-01,622.286000
2006-12-04,627.827600
2006-12-05,630.358700
2006-12-06,629.692600
2006-12-07,627.209300
2006-12-08,628.357000
2006-12-11,629.796100
2006-12-12,629.151600
2006-12-13,630.004700
2006-12-14,635.525400
2006-12-15,636.242800
2006-12-18,634.188400
2006-12-19,635.583000
2006-12-20,634.704200
2006-12-21,632.520300
2006-12-22,629.242900
2006-12-26,631.987300
2006-12-27,636.556500
2006-12-28,635.642900
2006-12-29,632.781700
2007-01-03,632.142400
2007-01-04,632.918800
2007-01-05,629.067800
2007-01-08,630.660400
2007-01-09,630.334500
2007-01-10,631.633900
2007-01-11,635.643300
2007-01-12,638.729100
2007-01-16,639.251400
2007-01-17,638.737600
2007-01-18,636.854800
2007-01-19,638.706400
2007-01-22,635.348800
2007-01-23,637.599100
2007-01-24,643.036200
2007-01-25,635.795100
2007-01-26,635.027100
2007-01-29,634.398400
2007-01-30,638.070500
2007-01-31,642.350400
2007-02-01,645.943900
2007-02-02,647.042000
2007-02-05,646.479100
2007-02-06,646.934400
2007-02-07,648.103200
2007-02-08,647.352300
2007-02-09,642.794500
2007-02-12,640.728500
2007-02-13,645.710900
2007-02-14,650.807700
2007-02-15,651.549600
2007-02-16,651.000400
2007-02-20,652.853800
2007-02-21,651.975800
2007-02-22,651.565700
2007-02-23,649.315800
2007-02-26,648.582000
2007-02-27,626.180000
2007-02-28,629.786300
2007-03-01,628.162600
2007-03-02,621.001100
2007-03-05,615.184100
2007-03-06,624.742800
2007-03-07,623.379000
2007-03-08,627.861400
2007-03-09,628.291900
2007-03-12,629.992400
2007-03-13,617.332100
2007-03-14,621.505300
2007-03-15,623.822500
2007-03-16,623.674000
2007-03-19,627.343100
2007-03-20,629.463600
2007-03-21,632.200000
2007-03-22,632.130200
2007-03-23,632.357100
2007-03-26,632.969200
2007-03-27,632.511600
2007-03-28,630.981700
2007-03-29,631.528100
2007-03-30,631.846200
2007-04-02,633.074600
2007-04-03,634.305500
2007-04-04,634.806200
2007-04-05,635.215800
2007-04-09,635.724600
2007-04-10,636.042900
2007-04-11,636.019000
2007-04-12,636.348800
2007-04-13,636.518800
2007-04-16,636.880800
2007-04-17,637.016700
2007-04-18,637.152600
2007-04-19,637.288500
2007-04-20,638.945100
2007-04-23,637.483700
2007-04-24,637.264200
2007-04-25,643.783100
2007-04-26,643.341000
2007-04-27,643.285000
2007-04-30,638.249200
2007-05-01,639.941300
2007-05-02,644.155600
2007-05-03,647.128500
2007-05-04,648.536200
2007-05-07,650.219500
2007-05-08,649.516100
2007-05-09,651.784200
2007-05-10,642.793700
2007-05-11,649.058400
2007-05-14,647.932600
2007-05-15,647.147200
2007-05-16,652.921200
2007-05-17,652.365000
2007-05-18,655.114700
2007-05-21,655.875500
2007-05-22,656.027300
2007-05-23,655.917300
2007-05-24,653.123200
2007-05-25,655.609900
2007-05-29,656.675600
2007-05-30,658.878700
2007-05-31,658.986900
2007-06-01,659.989900
2007-06-04,660.685700
2007-06-05,660.270300
2007-06-06,658.349300
2007-06-07,651.365700
2007-06-08,657.082100
2007-06-11,658.323700
2007-06-12,653.456900
2007-06-13,660.755300
2007-06-14,662.991300
2007-06-15,662.759500
2007-06-18,662.635400
2007-06-19,662.455300
2007-06-20,658.684900
2007-06-21,661.657500
2007-06-22,656.091900
2007-06-25,654.807600
2007-06-26,652.876300
2007-06-27,658.651200
2007-06-28,658.471200
2007-06-29,657.415600
2007-07-02,663.356200
2007-07-03,665.146700
2007-07-05,665.706400
2007-07-06,667.343700
2007-07-09,668.227300
2007-07-10,661.786100
2007-07-11,664.977800
2007-07-12,671.300200
2007-07-13,672.499700
2007-07-16,673.055100
2007-07-17,673.652500
2007-07-18,673.757400
2007-07-19,674.727100
2007-07-20,673.298800
2007-07-23,675.638500
2007-07-24,668.474000
2007-07-25,670.591500
2007-07-26,659.657000
2007-07-27,649.339900
2007-07-30,656.309700
2007-07-31,648.197300
2007-08-01,653.489600
2007-08-02,656.621300
2007-08-03,639.205000
2007-08-06,654.905800
2007-08-07,658.654900
2007-08-08,667.033900
2007-08-09,649.397200
2007-08-10,649.310100
2007-08-13,649.445800
2007-08-14,637.321000
2007-08-15,628.767800
2007-08-16,632.164200
2007-08-17,637.116700
2007-08-20,639.806600
2007-08-21,641.170000
2007-08-22,644.484100
2007-08-23,645.204900
2007-08-24,647.715700
2007-08-27,646.871400
2007-08-28,641.028200
2007-08-29,646.430900
2007-08-30,645.545100
2007-08-31,647.642900
2007-09-04,651.099800
2007-09-05,649.135300
2007-09-06,650.613400
2007-09-07,647.776800
2007-09-10,648.355600
2007-09-11,651.624000
2007-09-12,652.092300
2007-09-13,653.019700
2007-09-14,653.901200
2007-09-17,653.975200
2007-09-18,655.740300
2007-09-19,655.875900
2007-09-20,655.965600
2007-09-21,655.839500
2007-09-24,654.737600
2007-09-25,655.740500
2007-09-26,657.858400
2007-09-27,659.232900
2007-09-28,658.115000
2007-10-01,662.151200
2007-10-02,661.995300
2007-10-03,661.686400
2007-10-04,662.405100
2007-10-05,664.785400
2007-10-08,664.995600
2007-10-09,666.523200
2007-10-10,666.411100
2007-10-11,665.446300
2007-10-12,666.952100
2007-10-15,666.506600
2007-10-16,666.285200
2007-10-17,667.364700
2007-10-18,668.083400
2007-10-19,662.550300
2007-10-22,665.646200
2007-10-23,669.364900
2007-10-24,668.683000
2007-10-25,667.619500
2007-10-26,672.573000
2007-10-29,673.850400
2007-10-30,672.203100
2007-10-31,676.168800
2007-11-01,667.628900
2007-11-02,669.371900
2007-11-05,668.269500
2007-11-06,674.053800
2007-11-07,660.327500
2007-11-08,661.284700
2007-11-09,652.700000
2007-11-12,647.376700
2007-11-13,665.823800
2007-11-14,660.966100
2007-11-15,653.301800
2007-11-16,659.372900
2007-11-19,655.447600
2007-11-20,657.296600
2007-11-21,651.100100
2007-11-23,657.651400
2007-11-26,648.510800
2007-11-27,656.160000
2007-11-28,665.446300
2007-11-29,666.079200
2007-11-30,669.004000
2007-12-03,668.330000
2007-12-04,667.255600
2007-12-05,671.303100
2007-12-06,674.017500
2007-12-07,674.089100
2007-12-10,675.613700
2007-12-11,672.130400
2007-12-12,674.260200
2007-12-13,675.103600
2007-12-14,673.421200
2007-12-17,670.970000
2007-12-18,674.222400
2007-12-19,675.370000
2007-12-20,677.651800
2007-12-21,680.290000
2007-12-24,682.578700
2007-12-26,683.417800
2007-12-27,679.529600
2007-12-28,679.597900
2007-12-31,677.274600
2008-01-02,672.495000
2008-01-03,673.055000
2008-01-04,660.270500
2008-01-07,663.331800
2008-01-08,651.881800
2008-01-09,660.846500
2008-01-10,665.316300
2008-01-11,657.588700
2008-01-14,664.489600
2008-01-15,647.982700
2008-01-16,644.024300
2008-01-17,625.410400
2008-01-18,626.936300
2008-01-22,622.725600
2008-01-23,630.339300
2008-01-24,634.074300
2008-01-25,629.227800
2008-01-28,635.730200
2008-01-29,637.138000
2008-01-30,636.412700
2008-01-31,640.487100
2008-02-01,643.979800
2008-02-04,643.161200
2008-02-05,636.327000
2008-02-06,634.583500
2008-02-07,638.367100
2008-02-08,637.738700
2008-02-11,641.477600
2008-02-12,644.534000
2008-02-13,647.760000
2008-02-14,647.665000
2008-02-15,650.694200
2008-02-19,651.704200
2008-02-20,655.037800
2008-02-21,651.785100
2008-02-22,655.393100
2008-02-25,659.556000
2008-02-26,661.717100
2008-02-27,661.582900
2008-02-28,659.901900
2008-02-29,651.260500
2008-03-03,652.579400
2008-03-04,652.270600
2008-03-05,655.230000
2008-03-06,645.815200
2008-03-07,642.762100
2008-03-10,635.573800
2008-03-11,654.150600
2008-03-12,650.798200
2008-03-13,653.433300
2008-03-14,640.875000
2008-03-17,636.930000
2008-03-18,661.170100
2008-03-19,649.285500
2008-03-20,655.912200
2008-03-24,660.907400
2008-03-25,661.643900
2008-03-26,660.203600
2008-03-27,658.225500
2008-03-28,656.708400
2008-03-31,659.020600
2008-04-01,667.235400
2008-04-02,667.306100
2008-04-03,667.709800
2008-04-04,668.676900
2008-04-07,669.375600
2008-04-08,669.446300
2008-04-09,668.902400
2008-04-10,669.856700
2008-04-11,667.327900
2008-04-14,667.949900
2008-04-15,669.736500
2008-04-16,671.356700
2008-04-17,671.453000
2008-04-18,671.316100
2008-04-21,671.416500
2008-04-22,668.717600
2008-04-23,670.290100
2008-04-24,672.603300
2008-04-25,674.941100
2008-04-28,675.313100
2008-04-29,674.441300
2008-04-30,673.100400
2008-05-01,678.746700
2008-05-02,680.269700
2008-05-05,679.999800
2008-05-06,681.745100
2008-05-07,677.836500
2008-05-08,679.705200
2008-05-09,678.685300
2008-05-12,682.365700
2008-05-13,682.802500
2008-05-14,683.609600
2008-05-15,684.243800
2008-05-16,687.013100
2008-05-19,687.833800
2008-05-20,685.277800
2008-05-21,679.044800
2008-05-22,680.634500
2008-05-23,674.673000
2008-05-27,678.514800
2008-05-28,680.869500
2008-05-29,683.767200
2008-05-30,684.517900
2008-06-02,680.156500
2008-06-03,677.329000
2008-06-04,677.413400
2008-06-05,687.220700
2008-06-06,670.277800
2008-06-09,672.085800
2008-06-10,670.393500
2008-06-11,659.743300
2008-06-12,662.394200
2008-06-13,672.004100
2008-06-16,672.257400
2008-06-17,667.677900
2008-06-18,661.716400
2008-06-19,663.873700
2008-06-20,659.499400
2008-06-23,661.033300
2008-06-24,660.531100
2008-06-25,663.733800
2008-06-26,650.967100
2008-06-27,650.132700
2008-06-30,650.670200
2008-07-01,653.310700
2008-07-02,643.201300
2008-07-03,645.152000
2008-07-07,639.540500
2008-07-08,650.766300
2008-07-09,636.543200
2008-07-10,641.151200
2008-07-11,634.567900
2008-07-14,628.564300
2008-07-15,621.725500
2008-07-16,637.243800
2008-07-17,644.458100
2008-07-18,647.215400
2008-07-21,648.789000
2008-07-22,653.854500
2008-07-23,654.379000
2008-07-24,648.145000
2008-07-25,649.857600
2008-07-28,643.801400
2008-07-29,652.615800
2008-07-30,656.942000
2008-07-31,654.192900
2008-08-01,653.344600
2008-08-04,650.799800
2008-08-05,659.033300
2008-08-06,660.587500
2008-08-07,657.864800
2008-08-08,661.636600
2008-08-11,662.576700
2008-08-12,662.335600
2008-08-13,662.464200
2008-08-14,663.147200
2008-08-15,663.169800
2008-08-18,658.589200
2008-08-19,654.806500
2008-08-20,657.948200
2008-08-21,659.548100
2008-08-22,664.597200
2008-08-25,656.828800
2008-08-26,658.925300
2008-08-27,662.615700
2008-08-28,667.795400
2008-08-29,663.202700
2008-09-02,661.868300
2008-09-03,661.952800
2008-09-04,645.366600
2008-09-05,648.482100
2008-09-08,659.866800
2008-09-09,640.197300
2008-09-10,643.809300
2008-09-11,653.117600
2008-09-12,653.776900
2008-09-15,627.378200
2008-09-16,635.406100
2008-09-17,605.859600
2008-09-18,628.311100
2008-09-19,669.840600
2008-09-22,669.338700
2008-09-23,667.620100
2008-09-24,666.799100
2008-09-25,670.963700
2008-09-26,669.714600
2008-09-29,656.866400
2008-09-30,665.933600
2008-10-01,664.795000
2008-10-02,655.439200
2008-10-03,653.154400
2008-10-06,644.145400
2008-10-07,627.345900
2008-10-08,624.936800
2008-10-09,615.125300
2008-10-10,614.691100
2008-10-13,624.698900
2008-10-14,621.295400
2008-10-15,611.677300
2008-10-16,611.754000
2008-10-17,611.818500
2008-10-20,615.799300
2008-10-21,616.949000
2008-10-22,612.749900
2008-10-23,613.582500
2008-10-24,610.866300
2008-10-27,609.832500
2008-10-28,615.722500
2008-10-29,614.283600
2008-10-30,616.530500
2008-10-31,617.894600
2008-11-03,619.929500
2008-11-04,620.324900
2008-11-05,620.128900
2008-11-06,617.798500
2008-11-07,620.174000
2008-11-10,620.134500
2008-11-11,619.595600
2008-11-12,616.776600
2008-11-13,621.123700
2008-11-14,619.101800
2008-11-17,618.256600
2008-11-18,620.555000
2008-11-19,616.415900
2008-11-20,605.102100
2008-11-21,607.529600
2008-11-24,604.526200
2008-11-25,604.632400
2008-11-26,601.146600
2008-11-28,599.457300
2008-12-01,609.672100
2008-12-02,606.914000
2008-12-03,604.578600
2008-12-04,608.593900
2008-12-05,604.955400
2008-12-08,598.747300
2008-12-09,603.854400
2008-12-10,602.833700
2008-12-11,609.877700
2008-12-12,609.725700
2008-12-15,612.732700
2008-12-16,601.369900
2008-12-17,605.760900
2008-12-18,613.168900
2008-12-19,613.714800
2008-12-22,615.051100
2008-12-23,614.460500
2008-12-24,615.522500
2008-12-26,616.994600
2008-12-29,618.300700
2008-12-30,620.060200
2008-12-31,621.213200
2009-01-02,620.835500
2009-01-05,621.322800
2009-01-06,621.217300
2009-01-07,622.461300
2009-01-08,623.553700
2009-01-09,623.887900
2009-01-12,623.556500
2009-01-13,624.451700
2009-01-14,623.148500
2009-01-15,624.923100
2009-01-16,625.446500
2009-01-20,622.875300
2009-01-21,626.912700
2009-01-22,627.412200
2009-01-23,627.501300
2009-01-26,628.822400
2009-01-27,629.998500
2009-01-28,629.876900
2009-01-29,630.143500
2009-01-30,629.423100
2009-02-02,630.245100
2009-02-03,631.454400
2009-02-04,631.332800
2009-02-05,631.976500
2009-02-06,631.655300
2009-02-09,632.244500
2009-02-10,632.023100
2009-02-11,632.988400
2009-02-12,633.532300
2009-02-13,633.455100
2009-02-17,631.882000
2009-02-18,633.290900
2009-02-19,634.178600
2009-02-20,634.702700
2009-02-23,633.993300
2009-02-24,637.420700
2009-02-25,638.002500
2009-02-26,638.193400
2009-02-27,637.289800
2009-03-02,632.061900
2009-03-03,632.581200
2009-03-04,636.508800
2009-03-05,629.867200
2009-03-06,630.636600
2009-03-09,629.301900
2009-03-10,640.155800
2009-03-11,641.253600
2009-03-12,644.196200
2009-03-13,644.512200
2009-03-16,644.772200
2009-03-17,645.135100
2009-03-18,644.982100
2009-03-19,645.501300
2009-03-20,644.927600
2009-03-23,643.483500
2009-03-24,645.566100
2009-03-25,645.933900
2009-03-26,644.220500
2009-03-27,646.835900
2009-03-30,648.438600
2009-03-31,649.272500
2009-04-01,649.007600
2009-04-02,645.845800
2009-04-03,645.214600
2009-04-06,648.715300
2009-04-07,652.462800
2009-04-08,652.014700
2009-04-09,645.523100
2009-04-13,645.795400
2009-04-14,651.357600
2009-04-15,650.809700
2009-04-16,648.164000
2009-04-17,645.732600
2009-04-20,643.613400
2009-04-21,646.167700
2009-04-22,646.168400
2009-04-23,647.347700
2009-04-24,647.878800
2009-04-27,648.293400
2009-04-28,649.040600
2009-04-29,650.161000
2009-04-30,650.868800
2009-05-01,651.674900
2009-05-04,647.787800
2009-05-05,649.851000
2009-05-06,646.296500
2009-05-07,649.813200
2009-05-08,644.353300
2009-05-11,651.662500
2009-05-12,653.981100
2009-05-13,656.044300
2009-05-14,656.477200
2009-05-15,653.201100
2009-05-18,664.691300
2009-05-19,665.612200
2009-05-20,664.542500
2009-05-21,658.841000
2009-05-22,658.651700
2009-05-26,667.809100
2009-05-27,662.490400
2009-05-28,667.239200
2009-05-29,672.447300
2009-06-01,676.013700
2009-06-02,676.590100
2009-06-03,675.252400
2009-06-04,677.206800
2009-06-05,677.706600
2009-06-08,677.483300
2009-06-09,679.533400
2009-06-10,679.631300
2009-06-11,680.035300
2009-06-12,680.362800
2009-06-15,679.354900
2009-06-16,678.610500
2009-06-17,679.761100
2009-06-18,681.103000
2009-06-19,680.301900
2009-06-22,667.390400
2009-06-23,668.718200
2009-06-24,673.076500
2009-06-25,682.775900
2009-06-26,682.891500
2009-06-29,687.405300
2009-06-30,685.361700
2009-07-01,686.916700
2009-07-02,674.872600
2009-07-06,676.244200
2009-07-07,664.730400
2009-07-08,664.921700
2009-07-09,666.590500
2009-07-10,664.887800
2009-07-13,680.235400
2009-07-14,684.745200
2009-07-15,697.816100
2009-07-16,700.223500
2009-07-17,702.008500
2009-07-20,706.183000
2009-07-21,707.998800
2009-07-22,708.580200
2009-07-23,713.288900
2009-07-24,714.526100
2009-07-27,715.229100
2009-07-28,714.846300
2009-07-29,714.154900
2009-07-30,716.163600
2009-07-31,716.475100
2009-08-03,718.450900
2009-08-04,718.974600
2009-08-05,719.247500
2009-08-06,718.883900
2009-08-07,719.966900
2009-08-10,720.245600
2009-08-11,719.862800
2009-08-12,720.482800
2009-08-13,720.697900
2009-08-14,720.816500
2009-08-17,720.034500
2009-08-18,720.886000
2009-08-19,721.101000
2009-08-20,721.335400
2009-08-21,721.214500
2009-08-24,722.232600
2009-08-25,723.246700
2009-08-26,723.899300
2009-08-27,725.310900
2009-08-28,725.674300
2009-08-31,723.692700
2009-09-01,712.707500
2009-09-02,712.239700
2009-09-03,717.373900
2009-09-04,724.640500
2009-09-08,728.877400
2009-09-09,732.023800
2009-09-10,734.591900
2009-09-11,734.702400
2009-09-14,736.063800
2009-09-15,736.752600
2009-09-16,737.079900
2009-09-17,737.262700
2009-09-18,737.956300
2009-09-21,738.312400
2009-09-22,741.078600
2009-09-23,738.171700
2009-09-24,733.704700
2009-09-25,731.648700
2009-09-28,739.876200
2009-09-29,739.309400
2009-09-30,737.608000
2009-10-01,724.666900
2009-10-02,722.823700
2009-10-05,732.894900
2009-10-06,740.518600
2009-10-07,742.575600
2009-10-08,746.299100
2009-10-09,749.703400
2009-10-12,751.158700
2009-10-13,751.407400
2009-10-14,754.421700
2009-10-15,755.113700
2009-10-16,757.066300
2009-10-19,760.724600
2009-10-20,759.435600
2009-10-21,756.247400
2009-10-22,761.014400
2009-10-23,756.572000
2009-10-26,751.558400
2009-10-27,750.090300
2009-10-28,739.484500
2009-10-29,752.063300
2009-10-30,736.154000
2009-11-02,740.349700
2009-11-03,742.787500
2009-11-04,743.935300
2009-11-05,755.224000
2009-11-06,757.912600
2009-11-09,766.695200
2009-11-10,767.592100
2009-11-11,769.456500
2009-11-12,766.913300
2009-11-13,769.709400
2009-11-16,772.722600
2009-11-17,773.315000
2009-11-18,773.620600
2009-11-19,773.765000
2009-11-20,776.158700
2009-11-23,781.447500
2009-11-24,782.469000
2009-11-25,783.599900
2009-11-27,776.344800
2009-11-30,779.518800
2009-12-01,784.259600
2009-12-02,785.171700
2009-12-03,783.057400
2009-12-04,785.355100
2009-12-07,785.721400
2009-12-08,783.060100
2009-12-09,784.774500
2009-12-10,786.926300
2009-12-11,788.640700
2009-12-14,790.082600
2009-12-15,789.809700
2009-12-16,790.667100
2009-12-17,790.339500
2009-12-18,794.705000
2009-12-21,799.323300
2009-12-22,801.133600
2009-12-23,801.798800
2009-12-24,803.313600
2009-12-28,804.201000
2009-12-29,804.312100
2009-12-30,804.423100
2009-12-31,802.354700
2010-01-04,806.419000
2010-01-05,807.324300
2010-01-06,807.601600
2010-01-07,807.823500
2010-01-08,808.488600
2010-01-11,808.655500
2010-01-12,808.508000
2010-01-13,808.711400
2010-01-14,808.933300
2010-01-15,809.262200
2010-01-19,814.866500
2010-01-20,811.155800
2010-01-21,801.369200
2010-01-22,786.743600
2010-01-25,791.583600
2010-01-26,789.146300
2010-01-27,792.712100
2010-01-28,785.290400
2010-01-29,777.941400
2010-02-01,789.002800
2010-02-02,798.171600
2010-02-03,795.152200
2010-02-04,771.431000
2010-02-05,774.123600
2010-02-08,767.393800
2010-02-09,777.799700
2010-02-10,776.053600
2010-02-11,783.985400
2010-02-12,783.512800
2010-02-16,796.139000
2010-02-17,800.068700
2010-02-18,804.907900
2010-02-19,801.468900
2010-02-22,802.285500
2010-02-23,796.562100
2010-02-24,801.328000
2010-02-25,801.698700
2010-02-26,802.512600
2010-03-01,807.022600
2010-03-02,808.353600
2010-03-03,808.872000
2010-03-04,810.350800
2010-03-05,813.676200
2010-03-08,814.234300
2010-03-09,814.789700
2010-03-10,815.012600
2010-03-11,815.494100
2010-03-12,815.606300
2010-03-15,815.832000
2010-03-16,815.944100
2010-03-17,816.148600
2010-03-18,816.223900
2010-03-19,817.166000
2010-03-22,820.578700
2010-03-23,823.269000
2010-03-24,821.910400
2010-03-25,820.193400
2010-03-26,821.414600
2010-03-29,824.218200
2010-03-30,824.758600
2010-03-31,823.937400
2010-04-01,826.126100
2010-04-05,828.681800
2010-04-06,829.401400
2010-04-07,828.795200
2010-04-08,829.765500
2010-04-09,830.341800
2010-04-12,830.691000
2010-04-13,830.908900
2010-04-14,831.198500
2010-04-15,831.237200
2010-04-16,832.616000
2010-04-19,835.685200
2010-04-20,839.814400
2010-04-21,839.177700
2010-04-22,840.354900
2010-04-23,842.030000
2010-04-26,841.009100
2010-04-27,829.026600
2010-04-28,834.045000
2010-04-29,840.272700
2010-04-30,831.953600
2010-05-03,839.397500
2010-05-04,826.917100
2010-05-05,823.399500
2010-05-06,798.826400
2010-05-07,787.875400
2010-05-10,820.927300
2010-05-11,818.939000
2010-05-12,829.363600
2010-05-13,821.257900
2010-05-14,807.177000
2010-05-17,808.076600
2010-05-18,797.054400
2010-05-19,792.718800
2010-05-20,762.277200
2010-05-21,748.291200
2010-05-24,750.229100
2010-05-25,751.849300
2010-05-26,751.936300
2010-05-27,752.933600
2010-05-28,752.805000
2010-06-01,752.769500
2010-06-02,754.210100
2010-06-03,754.344900
2010-06-04,753.904800
2010-06-07,754.201700
2010-06-08,755.498500
2010-06-09,755.621400
2010-06-10,756.211400
2010-06-11,756.549900
2010-06-14,756.727000
2010-06-15,756.670200
2010-06-16,756.817000
2010-06-17,756.916000
2010-06-18,757.400800
2010-06-21,755.431100
2010-06-22,748.061200
2010-06-23,746.989300
2010-06-24,737.266200
2010-06-25,741.073700
2010-06-28,739.484700
2010-06-29,718.791800
2010-06-30,711.421800
2010-07-01,709.934700
2010-07-02,706.440500
2010-07-06,710.631400
2010-07-07,732.883400
2010-07-08,740.047600
2010-07-09,745.446900
2010-07-12,746.211000
2010-07-13,756.801100
2010-07-14,757.424900
2010-07-15,758.429400
2010-07-16,752.990700
2010-07-19,756.773200
2010-07-20,762.036800
2010-07-21,756.779600
2010-07-22,765.126800
2010-07-23,768.395100
2010-07-26,771.669700
2010-07-27,771.781800
2010-07-28,770.333800
2010-07-29,770.191900
2010-07-30,770.703000
2010-08-02,776.045600
2010-08-03,775.359500
2010-08-04,776.596100
2010-08-05,776.563100
2010-08-06,777.037900
2010-08-09,777.881900
2010-08-10,777.558600
2010-08-11,772.628000
2010-08-12,771.724200
2010-08-13,771.437200
2010-08-16,773.623500
2010-08-17,778.070800
2010-08-18,778.708900
2010-08-19,777.079600
2010-08-20,780.649900
2010-08-23,780.997100
2010-08-24,774.884400
2010-08-25,776.613500
2010-08-26,773.615100
2010-08-27,782.510600
2010-08-30,776.366800
2010-08-31,776.520000
2010-09-01,789.392700
2010-09-02,792.435000
2010-09-03,796.152700
2010-09-07,794.702100
2010-09-08,796.206100
2010-09-09,797.372400
2010-09-10,798.182300
2010-09-13,798.829700
2010-09-14,798.870300
2010-09-15,799.023600
2010-09-16,799.176900
2010-09-17,799.608400
2010-09-20,805.715000
2010-09-21,804.555700
2010-09-22,803.396400
2010-09-23,800.131500
2010-09-24,808.121000
2010-09-27,807.329700
2010-09-28,809.183700
2010-09-29,808.569000
2010-09-30,808.063200
2010-10-01,810.352900
2010-10-04,808.762900
2010-10-05,813.993200
2010-10-06,814.504000
2010-10-07,814.524600
2010-10-08,815.598000
2010-10-11,816.113700
2010-10-12,816.334000
2010-10-13,816.645100
2010-10-14,816.829100
2010-10-15,817.832800
2010-10-18,821.661600
2010-10-19,815.132400
2010-10-20,820.061600
2010-10-21,821.207000
2010-10-22,822.638000
2010-10-25,823.504100
2010-10-26,823.542900
2010-10-27,822.974900
2010-10-28,823.442100
2010-10-29,823.659400
2010-11-01,823.882900
2010-11-02,826.456200
2010-11-03,829.207900
2010-11-04,832.923400
2010-11-05,833.908200
2010-11-08,834.238900
2010-11-09,833.349600
2010-11-10,834.191600
2010-11-11,834.159000
2010-11-12,832.341700
2010-11-15,833.529000
2010-11-16,830.569400
2010-11-17,832.607200
2010-11-18,835.180500
2010-11-19,836.878100
2010-11-22,837.029900
2010-11-23,830.361000
2010-11-24,837.035900
2010-11-26,831.083600
2010-11-29,834.125400
2010-11-30,830.524800
2010-12-01,840.018400
2010-12-02,844.088800
2010-12-03,845.875700
2010-12-06,846.384300
2010-12-07,846.672700
2010-12-08,847.514200
2010-12-09,848.248600
2010-12-10,848.572700
2010-12-13,848.813700
2010-12-14,848.870200
2010-12-15,848.944600
2010-12-16,849.126000
2010-12-17,850.359500
2010-12-20,852.002000
2010-12-21,853.746200
2010-12-22,855.525300
2010-12-23,855.003900
2010-12-27,855.497600
2010-12-28,856.161300
2010-12-29,856.894700
2010-12-30,856.512700
2010-12-31,856.758100
2011-01-03,859.655400
2011-01-04,859.970500
2011-01-05,861.435900
2011-01-06,861.123600
2011-01-07,861.194800
2011-01-10,861.861300
2011-01-11,862.769000
2011-01-12,863.606900
2011-01-13,863.817500
2011-01-14,863.993200
2011-01-18,864.225400
2011-01-19,864.122300
2011-01-20,864.350300
2011-01-21,864.132400
2011-01-24,867.393700
2011-01-25,867.876300
2011-01-26,870.514600
2011-01-27,871.339400
2011-01-28,862.582800
2011-01-31,866.631100
2011-02-01,873.410000
2011-02-02,873.174000
2011-02-03,874.443600
2011-02-04,875.815800
2011-02-07,876.989700
2011-02-08,878.002700
2011-02-09,877.800900
2011-02-10,878.215000
2011-02-11,878.697500
2011-02-14,879.016000
2011-02-15,879.019500
2011-02-16,879.194100
2011-02-17,879.437100
2011-02-18,879.167300
2011-02-22,867.200000
2011-02-23,863.609500
2011-02-24,863.811000
2011-02-25,871.596700
2011-02-28,875.727200
2011-03-01,864.785300
2011-03-02,866.550200
2011-03-03,877.961700
2011-03-04,873.971900
2011-03-07,868.821800
2011-03-08,875.177200
2011-03-09,874.713400
2011-03-10,860.544900
2011-03-11,866.900200
2011-03-14,862.282300
2011-03-15,852.704200
2011-03-16,836.440100
2011-03-17,847.186300
2011-03-18,855.034500
2011-03-21,863.776100
2011-03-22,863.265400
2011-03-23,865.212200
2011-03-24,868.729100
2011-03-25,869.925000
2011-03-28,869.143800
2011-03-29,871.773300
2011-03-30,873.549400
2011-03-31,873.653100
2011-04-01,874.661300
2011-04-04,875.006500
2011-04-05,875.724500
2011-04-06,876.169500
2011-04-07,875.966000
2011-04-08,875.762500
2011-04-11,876.278400
2011-04-12,876.040800
2011-04-13,876.707600
2011-04-14,876.913700
2011-04-15,877.378300
2011-04-18,872.838400
2011-04-19,876.432400
2011-04-20,881.382300
2011-04-21,883.756000
2011-04-25,883.623600
2011-04-26,885.692200
2011-04-27,887.116700
2011-04-28,888.371700
2011-04-29,888.542000
2011-05-02,888.476600
2011-05-03,887.969000
2011-05-04,887.020600
2011-05-05,884.174000
2011-05-06,885.462900
2011-05-09,888.007700
2011-05-10,889.957600
2011-05-11,888.246600
2011-05-12,889.772800
2011-05-13,888.587200
2011-05-16,888.047200
2011-05-17,888.929400
2011-05-18,890.997900
2011-05-19,891.405500
2011-05-20,890.424000
2011-05-23,885.190500
2011-05-24,885.429100
2011-05-25,887.809500
2011-05-26,890.903700
2011-05-27,893.080100
2011-05-31,897.638100
2011-06-01,886.896000
2011-06-02,886.250700
2011-06-03,880.506000
2011-06-06,872.824800
2011-06-07,872.383400
2011-06-08,869.154400
2011-06-09,875.614300
2011-06-10,863.546400
2011-06-13,864.534100
2011-06-14,875.719400
2011-06-15,859.843900
2011-06-16,861.918300
2011-06-17,868.251800
2011-06-20,871.977700
2011-06-21,877.235300
2011-06-22,875.982000
2011-06-23,874.972400
2011-06-24,869.610600
2011-06-27,873.928400
2011-06-28,879.673400
2011-06-29,883.016100
2011-06-30,885.279300
2011-07-01,886.602500
2011-07-05,886.968600
2011-07-06,886.986200
2011-07-07,887.491100
2011-07-08,887.491300
2011-07-11,886.551500
2011-07-12,886.603900
2011-07-13,887.387400
2011-07-14,887.666100
2011-07-15,889.775500
2011-07-18,886.303400
2011-07-19,893.353200
2011-07-20,893.318600
2011-07-21,897.937500
2011-07-22,898.632200
2011-07-25,896.549200
2011-07-26,895.577000
2011-07-27,886.964900
2011-07-28,885.576000
2011-07-29,881.096400
2011-08-01,881.826200
2011-08-02,865.782600
2011-08-03,870.957100
2011-08-04,831.889400
2011-08-05,831.125600
2011-08-08,777.160300
2011-08-09,813.415500
2011-08-10,777.230200
2011-08-11,812.165700
2011-08-12,818.173700
2011-08-15,835.676700
2011-08-16,828.071700
2011-08-17,828.870600
2011-08-18,793.067200
2011-08-19,782.392400
2011-08-22,783.057900
2011-08-23,785.367300
2011-08-24,785.028600
2011-08-25,783.585300
2011-08-26,785.066500
2011-08-29,783.246900
2011-08-30,782.318300
2011-08-31,782.757700
2011-09-01,785.067100
2011-09-02,789.108600
2011-09-06,789.862100
2011-09-07,788.431400
2011-09-08,789.636400
2011-09-09,790.966900
2011-09-12,792.197200
2011-09-13,792.523600
2011-09-14,792.448400
2011-09-15,792.335600
2011-09-16,794.241500
2011-09-19,794.760500
2011-09-20,795.011700
2011-09-21,794.191200
2011-09-22,788.046100
2011-09-23,789.067500
2011-09-26,793.956800
2011-09-27,795.380100
2011-09-28,792.650800
2011-09-29,794.710300
2011-09-30,789.268400
2011-10-03,783.207100
2011-10-04,790.976300
2011-10-05,795.430300
2011-10-06,799.616300
2011-10-07,799.398600
2011-10-10,804.505600
2011-10-11,804.924200
2011-10-12,805.878600
2011-10-13,806.247000
2011-10-14,806.447900
2011-10-17,806.330700
2011-10-18,806.782800
2011-10-19,806.849800
2011-10-20,807.050700
2011-10-21,807.681100
2011-10-24,808.632400
2011-10-25,808.525100
2011-10-26,809.721700
2011-10-27,806.745700
2011-10-28,807.988300
2011-10-31,810.596400
2011-11-01,809.461300
2011-11-02,811.010700
2011-11-03,811.026100
2011-11-04,812.621600
2011-11-07,813.511500
2011-11-08,813.036000
2011-11-09,813.312200
2011-11-10,815.398600
2011-11-11,815.659400
2011-11-14,816.840800
2011-11-15,817.193700
2011-11-16,817.423900
2011-11-17,817.654000
2011-11-18,817.472200
2011-11-21,818.232100
2011-11-22,819.169700
2011-11-23,815.904500
2011-11-25,815.435800
2011-11-28,821.918000
2011-11-29,823.469800
2011-11-30,823.793200
2011-12-01,823.938700
2011-12-02,824.310600
2011-12-05,823.405500
2011-12-06,823.922800
2011-12-07,823.227800
2011-12-08,826.072800
2011-12-09,826.768000
2011-12-12,828.691700
2011-12-13,828.853400
2011-12-14,828.885800
2011-12-15,829.112200
2011-12-16,827.987500
2011-12-19,823.700300
2011-12-20,836.945300
2011-12-21,839.001800
2011-12-22,841.894800
2011-12-23,844.787700
2011-12-27,845.659100
2011-12-28,842.313000
2011-12-29,845.519700
2011-12-30,844.648300
2012-01-03,849.109800
2012-01-04,850.050900
2012-01-05,851.270800
2012-01-06,851.549700
2012-01-09,852.455900
2012-01-10,852.996200
2012-01-11,853.153000
2012-01-12,853.501600
2012-01-13,853.553900
2012-01-17,853.658400
2012-01-18,853.815300
2012-01-19,853.937300
2012-01-20,856.799000
2012-01-23,857.897200
2012-01-24,856.901300
2012-01-25,860.688800
2012-01-26,858.696400
2012-01-27,858.863100
2012-01-30,857.901800
2012-01-31,858.500400
2012-02-01,862.221400
2012-02-02,863.417900
2012-02-03,867.304900
2012-02-06,867.240500
2012-02-07,868.221000
2012-02-08,868.520700
2012-02-09,868.870100
2012-02-10,867.409200
2012-02-13,869.603500
2012-02-14,869.770300
2012-02-15,869.521800
2012-02-16,870.220000
2012-02-17,871.579400
2012-02-21,872.757800
2012-02-22,872.105700
2012-02-23,874.685300
2012-02-24,875.698100
2012-02-27,876.353300
2012-02-28,877.659900
2012-02-29,876.420200
2012-03-01,879.195700
2012-03-02,878.935400
2012-03-05,878.546000
2012-03-06,871.071500
2012-03-07,875.609700
2012-03-08,879.658300
2012-03-09,881.813600
2012-03-12,882.925900
2012-03-13,884.167100
2012-03-14,884.363800
2012-03-15,884.527800
2012-03-16,884.822400
2012-03-19,886.656600
2012-03-20,885.823900
2012-03-21,885.921900
2012-03-22,882.329600
2012-03-23,884.802100
2012-03-26,890.230200
2012-03-27,889.044600
2012-03-28,887.955300
2012-03-29,887.700300
2012-03-30,889.659400
2012-04-02,892.135300
2012-04-03,891.527300
2012-04-04,888.127500
2012-04-05,888.321700
2012-04-09,882.745000
2012-04-10,870.456600
2012-04-11,876.972300
2012-04-12,887.017900
2012-04-13,878.227200
2012-04-16,879.676200
2012-04-17,889.946400
2012-04-18,888.407800
2012-04-19,885.200600
2012-04-20,885.381100
2012-04-23,881.144100
2012-04-24,884.145100
2012-04-25,891.352900
2012-04-26,893.832100
2012-04-27,895.235200
2012-04-30,893.965800
2012-05-01,896.738600
2012-05-02,896.054600
2012-05-03,893.577000
2012-05-04,885.588200
2012-05-07,887.025500
2012-05-08,885.069600
2012-05-09,880.244100
2012-05-10,883.342900
2012-05-11,880.050000
2012-05-14,872.030300
2012-05-15,867.693800
2012-05-16,864.009600
2012-05-17,854.749000
2012-05-18,850.098400
2012-05-21,859.939200
2012-05-22,860.476100
2012-05-23,861.615100
2012-05-24,862.988400
2012-05-25,862.421100
2012-05-29,867.981000
2012-05-30,862.228000
2012-05-31,862.196100
2012-06-01,848.948800
2012-06-04,850.090900
2012-06-05,854.675900
2012-06-06,867.825900
2012-06-07,868.730700
2012-06-08,871.843700
2012-06-11,868.603000
2012-06-12,873.656500
2012-06-13,872.520500
2012-06-14,875.867600
2012-06-15,879.376900
2012-06-18,882.578400
2012-06-19,886.113400
2012-06-20,886.855300
2012-06-21,876.626800
2012-06-22,882.046200
2012-06-25,873.940900
2012-06-26,877.173000
2012-06-27,881.448300
2012-06-28,880.541300
2012-06-29,891.681400
2012-07-02,892.931200
2012-07-03,894.413400
2012-07-05,893.979100
2012-07-06,893.072100
2012-07-09,892.639300
2012-07-10,890.487100
2012-07-11,890.724300
2012-07-12,890.591200
2012-07-13,896.448100
2012-07-16,896.183600
2012-07-17,897.733100
2012-07-18,898.256300
2012-07-19,898.476600
2012-07-20,898.015000
2012-07-23,893.001900
2012-07-24,886.981900
2012-07-25,887.485400
2012-07-26,897.791000
2012-07-27,904.918500
2012-07-30,904.656000
2012-07-31,902.918100
2012-08-01,902.484900
2012-08-02,900.111400
2012-08-03,909.246100
2012-08-06,910.254900
2012-08-07,911.427500
2012-08-08,911.914300
2012-08-09,912.434600
2012-08-10,912.653700
2012-08-13,912.926500
2012-08-14,913.045300
2012-08-15,913.130700
2012-08-16,913.282900
2012-08-17,914.755500
2012-08-20,914.991900
2012-08-21,913.354100
2012-08-22,913.454800
2012-08-23,909.488100
2012-08-24,913.295300
2012-08-27,913.236500
2012-08-28,913.173100
2012-08-29,913.437800
2012-08-30,909.602300
2012-08-31,912.556700
2012-09-04,912.368900
2012-09-05,912.502300
2012-09-06,921.885700
2012-09-07,924.151200
2012-09-10,922.419500
2012-09-11,923.537000
2012-09-12,924.588900
2012-09-13,927.280900
2012-09-14,927.725900
2012-09-17,927.831100
2012-09-18,928.079400
2012-09-19,928.196400
2012-09-20,928.215100
2012-09-21,927.380700
2012-09-24,926.805800
2012-09-25,920.920600
2012-09-26,917.029700
2012-09-27,924.043600
2012-09-28,921.021200
2012-10-01,922.569300
2012-10-02,923.986100
2012-10-03,926.818200
2012-10-04,930.293600
2012-10-05,931.517300
2012-10-08,930.234700
2012-10-09,924.253000
2012-10-10,920.040500
2012-10-11,921.135500
2012-10-12,918.177500
2012-10-15,925.805200
2012-10-16,933.430200
2012-10-17,936.455300
2012-10-18,936.810500
2012-10-19,932.331200
2012-10-22,933.063600
2012-10-23,924.243100
2012-10-24,921.612000
2012-10-25,923.985100
2012-10-26,923.494000
2012-10-31,924.067200
2012-11-01,932.827300
2012-11-02,926.344300
2012-11-05,927.932700
2012-11-06,933.762700
2012-11-07,916.349400
2012-11-08,909.076300
2012-11-09,909.046100
2012-11-12,907.901900
2012-11-13,904.777000
2012-11-14,895.265100
2012-11-15,889.736800
2012-11-16,893.740600
2012-11-19,901.758100
2012-11-20,902.335600
2012-11-21,902.710400
2012-11-23,905.149400
2012-11-26,905.260100
2012-11-27,904.722500
2012-11-28,905.942100
2012-11-29,906.722300
2012-11-30,906.319900
2012-12-03,906.160300
2012-12-04,906.129600
2012-12-05,906.943600
2012-12-06,907.267700
2012-12-07,907.811500
2012-12-10,908.276900
2012-12-11,908.482700
2012-12-12,908.519600
2012-12-13,908.522700
2012-12-14,908.323100
2012-12-17,908.771600
2012-12-18,908.943600
2012-12-19,908.913000
2012-12-20,909.000500
2012-12-21,912.338100
2012-12-24,911.494200
2012-12-26,909.902200
2012-12-27,909.285000
2012-12-28,901.711100
2012-12-31,913.285300
2013-01-02,923.363700
2013-01-03,923.689200
2013-01-04,925.038800
2013-01-07,925.251400
2013-01-08,925.089300
2013-01-09,925.479900
2013-01-10,926.000400
2013-01-11,926.000900
2013-01-14,926.116000
2013-01-15,926.327800
2013-01-16,926.344500
2013-01-17,926.442500
2013-01-18,929.041700
2013-01-22,931.238300
2013-01-23,931.970300
2013-01-24,932.161800
2013-01-25,933.275300
2013-01-28,933.150300
2013-01-29,934.295500
2013-01-30,933.310700
2013-01-31,933.184200
2013-02-01,935.887400
2013-02-04,933.568600
2013-02-05,936.144600
2013-02-06,936.479100
2013-02-07,936.527500
2013-02-08,937.195900
2013-02-11,937.452400
2013-02-12,937.628000
2013-02-13,937.708200
2013-02-14,937.852000
2013-02-15,935.791100
2013-02-19,942.805500
2013-02-20,931.149600
2013-02-21,925.491100
2013-02-22,933.746800
2013-02-25,916.651500
2013-02-26,922.394100
2013-02-27,934.361600
2013-02-28,933.594900
2013-03-01,935.781800
2013-03-04,940.106300
2013-03-05,949.129500
2013-03-06,950.431900
2013-03-07,952.250900
2013-03-08,956.585800
2013-03-11,959.779600
2013-03-12,957.524800
2013-03-13,959.105000
2013-03-14,964.495500
2013-03-15,962.934600
2013-03-18,957.635200
2013-03-19,955.332000
2013-03-20,961.740200
2013-03-21,953.792500
2013-03-22,960.635300
2013-03-25,957.426800
2013-03-26,965.203700
2013-03-27,964.689500
2013-03-28,968.609200
2013-04-01,964.329700
2013-04-02,969.326100
2013-04-03,959.282500
2013-04-04,963.229100
2013-04-05,959.098900
2013-04-08,965.458800
2013-04-09,968.885000
2013-04-10,980.759100
2013-04-11,984.331300
2013-04-12,981.558800
2013-04-15,959.016000
2013-04-16,972.736900
2013-04-17,958.800400
2013-04-18,952.406400
2013-04-19,955.184100
2013-04-22,957.659400
2013-04-23,961.353700
2013-04-24,961.417100
2013-04-25,962.325700
2013-04-26,962.420500
2013-04-29,963.831600
2013-04-30,964.427200
2013-05-01,962.800400
2013-05-02,964.898400
2013-05-03,966.229500
2013-05-06,966.670400
2013-05-07,966.827700
2013-05-08,966.906900
2013-05-09,966.876400
2013-05-10,966.971200
2013-05-13,967.036400
2013-05-14,967.084300
2013-05-15,967.116400
2013-05-16,967.148600
2013-05-17,972.061400
2013-05-20,972.181600
2013-05-21,973.881700
2013-05-22,965.936800
2013-05-23,963.249700
2013-05-24,962.736700
2013-05-28,968.859400
2013-05-29,962.179800
2013-05-30,965.874200
2013-05-31,952.058700
2013-06-03,957.808200
2013-06-04,952.567800
2013-06-05,939.679300
2013-06-06,947.788900
2013-06-07,959.965700
2013-06-10,959.689400
2013-06-11,949.951800
2013-06-12,942.221900
2013-06-13,956.291100
2013-06-14,950.670300
2013-06-17,957.874900
2013-06-18,965.355300
2013-06-19,951.991300
2013-06-20,928.326700
2013-06-21,940.423800
2013-06-24,934.579700
2013-06-25,940.636000
2013-06-26,945.969200
2013-06-27,948.470300
2013-06-28,947.084700
2013-07-01,950.369800
2013-07-02,950.822000
2013-07-03,951.214000
2013-07-05,955.071200
2013-07-08,956.126800
2013-07-09,957.241900
2013-07-10,957.362700
2013-07-11,957.799900
2013-07-12,957.830400
2013-07-15,958.042300
2013-07-16,958.072800
2013-07-17,958.088200
2013-07-18,958.103600
2013-07-19,959.179200
2013-07-22,961.223600
2013-07-23,960.647900
2013-07-24,958.891600
2013-07-25,960.561600
2013-07-26,961.223900
2013-07-29,959.986100
2013-07-30,960.475600
2013-07-31,960.533200
2013-08-01,965.284000
2013-08-02,967.069200
2013-08-05,967.616400
2013-08-06,965.889000
2013-08-07,965.140400
2013-08-08,966.896800
2013-08-09,965.918000
2013-08-12,966.695500
2013-08-13,968.538300
2013-08-14,967.501900
2013-08-15,955.697200
2013-08-16,952.291500
2013-08-19,949.461900
2013-08-20,952.003500
2013-08-21,948.763000
2013-08-22,953.903700
2013-08-23,956.386900
2013-08-26,954.988200
2013-08-27,945.031200
2013-08-28,947.660400
2013-08-29,948.771100
2013-08-30,946.990800
2013-09-03,950.703500
2013-09-04,956.282200
2013-09-05,957.188500
2013-09-06,957.685900
2013-09-09,962.887000
2013-09-10,965.808300
2013-09-11,967.240200
2013-09-12,966.949200
2013-09-13,967.884700
2013-09-16,968.778400
2013-09-17,969.086000
2013-09-18,969.422800
2013-09-19,969.511500
2013-09-20,967.487700
2013-09-23,964.974100
2013-09-24,963.974300
2013-09-25,962.631500
2013-09-26,964.661200
2013-09-27,961.689300
2013-09-30,957.460900
2013-10-01,964.149100
2013-10-02,962.863500
2013-10-03,956.890800
2013-10-04,962.807300
2013-10-07,955.749500
2013-10-08,945.318300
2013-10-09,946.233300
2013-10-10,965.382400
2013-10-11,971.013100
2013-10-14,973.672400
2013-10-15,968.271300
2013-10-16,980.018100
2013-10-17,982.919500
2013-10-18,986.885300
2013-10-21,986.989400
2013-10-22,992.652200
2013-10-23,987.974900
2013-10-24,991.207400
2013-10-25,995.563600
2013-10-28,996.894800
2013-10-29,1002.517000
2013-10-30,997.706900
2013-10-31,993.954400
2013-11-01,996.840900
2013-11-04,1000.410000
2013-11-05,997.711700
2013-11-06,1002.518000
2013-11-07,989.526900
2013-11-08,1002.829000
2013-11-11,1003.554000
2013-11-12,1001.245000
2013-11-13,1009.646000
2013-11-14,1014.720000
2013-11-15,1019.012000
2013-11-18,1015.293000
2013-11-19,1013.411000
2013-11-20,1009.771000
2013-11-21,1018.046000
2013-11-22,1023.239000
2013-11-25,1021.966000
2013-11-26,1022.228000
2013-11-27,1025.007000
2013-11-29,1024.242000
2013-12-02,1021.502000
2013-12-03,1018.297000
2013-12-04,1017.234000
2013-12-05,1012.852000
2013-12-06,1024.341000
2013-12-09,1026.246000
2013-12-10,1022.989000
2013-12-11,1011.523000
2013-12-12,1007.980000
2013-12-13,1007.899000
2013-12-16,1014.282000
2013-12-17,1011.144000
2013-12-18,1027.997000
2013-12-19,1027.544000
2013-12-20,1028.834000
2013-12-23,1031.786000
2013-12-24,1033.218000
2013-12-26,1035.024000
2013-12-27,1035.110000
2013-12-30,1034.823000
2013-12-31,1035.569000
2014-01-02,1033.792000
2014-01-03,1034.652000
2014-01-06,1034.996000
2014-01-07,1037.231000
2014-01-08,1037.432000
2014-01-09,1037.947000
2014-01-10,1039.022000
2014-01-13,1035.455000
2014-01-14,1039.395000
2014-01-15,1039.953000
2014-01-16,1040.011000
2014-01-17,1037.136000
2014-01-21,1040.033000
2014-01-22,1040.761000
2014-01-23,1031.517000
2014-01-24,1009.993000
2014-01-27,1005.102000
2014-01-28,1011.277000
2014-01-29,1001.057000
2014-01-30,1012.395000
2014-01-31,1005.852000
2014-02-03,982.886600
2014-02-04,990.445500
2014-02-05,988.736800
2014-02-06,1001.546000
2014-02-07,1014.868000
2014-02-10,1016.483000
2014-02-11,1027.781000
2014-02-12,1028.007000
2014-02-13,1034.090000
2014-02-14,1039.144000
2014-02-18,1040.508000
2014-02-19,1033.771000
2014-02-20,1040.188000
2014-02-21,1039.286000
2014-02-24,1042.352000
2014-02-25,1042.352000
2014-02-26,1042.696000
2014-02-27,1046.220000
2014-02-28,1046.049000
2014-03-03,1042.126000
2014-03-04,1048.943000
2014-03-05,1049.574000
2014-03-06,1049.975000
2014-03-07,1050.148000
2014-03-10,1051.008000
2014-03-11,1050.350000
2014-03-12,1050.837000
2014-03-13,1045.940000
2014-03-14,1042.904000
2014-03-17,1051.040000
2014-03-18,1053.289000
2014-03-19,1053.218000
2014-03-20,1053.949000
2014-03-21,1048.828000
2014-03-24,1046.563000
2014-03-25,1050.934000
2014-03-26,1045.375000
2014-03-27,1044.015000
2014-03-28,1047.563000
2014-03-31,1054.035000
2014-04-01,1058.235000
2014-04-02,1059.910000
2014-04-03,1059.572000
2014-04-04,1053.389000
2014-04-07,1044.798000
2014-04-08,1048.856000
2014-04-09,1057.794000
2014-04-10,1038.987000
2014-04-11,1030.450000
2014-04-14,1038.426000
2014-04-15,1045.406000
2014-04-16,1056.528000
2014-04-17,1055.451000
2014-04-21,1057.579000
2014-04-22,1059.389000
2014-04-23,1059.160000
2014-04-24,1061.086000
2014-04-25,1056.288000
2014-04-28,1058.732000
2014-04-29,1060.370000
2014-04-30,1062.410000
2014-05-01,1063.129000
2014-05-02,1063.618000
2014-05-05,1064.711000
2014-05-06,1061.551000
2014-05-07,1064.281000
2014-05-08,1064.425000
2014-05-09,1066.379000
2014-05-12,1068.263000
2014-05-13,1068.479000
2014-05-14,1068.436000
2014-05-15,1067.963000
2014-05-16,1070.302000
2014-05-19,1072.508000
2014-05-20,1070.070000
2014-05-21,1073.902000
2014-05-22,1074.802000
2014-05-23,1076.922000
2014-05-27,1078.664000
2014-05-28,1078.983000
2014-05-29,1079.970000
2014-05-30,1080.580000
2014-06-02,1080.972000
2014-06-03,1080.943000
2014-06-04,1081.060000
2014-06-05,1081.858000
2014-06-06,1082.381000
2014-06-09,1082.410000
2014-06-10,1082.729000
2014-06-11,1082.483000
2014-06-12,1082.134000
2014-06-13,1082.265000
2014-06-16,1082.614000
2014-06-17,1082.570000
2014-06-18,1082.788000
2014-06-19,1082.832000
2014-06-20,1082.993000
2014-06-23,1082.852000
2014-06-24,1075.977000
2014-06-25,1081.274000
2014-06-26,1080.185000
2014-06-27,1082.306000
2014-06-30,1081.951000
2014-07-01,1089.373000
2014-07-02,1090.154000
2014-07-03,1096.131000
2014-07-07,1091.870000
2014-07-08,1084.493000
2014-07-09,1089.596000
2014-07-10,1085.094000
2014-07-11,1086.794000
2014-07-14,1092.060000
2014-07-15,1089.955000
2014-07-16,1094.663000
2014-07-17,1081.814000
2014-07-18,1087.320000
2014-07-21,1086.763000
2014-07-22,1089.326000
2014-07-23,1090.273000
2014-07-24,1090.608000
2014-07-25,1088.574000
2014-07-28,1089.410000
2014-07-29,1087.487000
2014-07-30,1087.738000
2014-07-31,1071.830000
2014-08-01,1069.879000
2014-08-04,1078.210000
2014-08-05,1067.678000
2014-08-06,1068.626000
2014-08-07,1063.054000
2014-08-08,1075.117000
2014-08-11,1078.377000
2014-08-12,1077.123000
2014-08-13,1084.673000
2014-08-14,1089.410000
2014-08-15,1096.037000
2014-08-18,1105.459000
2014-08-19,1111.207000
2014-08-20,1114.034000
2014-08-21,1117.354000
2014-08-22,1115.269000
2014-08-25,1120.626000
2014-08-26,1121.814000
2014-08-27,1122.104000
2014-08-28,1120.355000
2014-08-29,1124.169000
2014-09-02,1123.605000
2014-09-03,1122.936000
2014-09-04,1121.247000
2014-09-05,1126.919000
2014-09-08,1123.651000
2014-09-09,1116.312000
2014-09-10,1120.498000
2014-09-11,1121.800000
2014-09-12,1115.135000
2014-09-15,1114.350000
2014-09-16,1122.704000
2014-09-17,1124.190000
2014-09-18,1129.842000
2014-09-19,1129.320000
2014-09-22,1120.271000
2014-09-23,1113.916000
2014-09-24,1122.658000
2014-09-25,1104.506000
2014-09-26,1114.189000
2014-09-29,1111.444000
2014-09-30,1108.409000
2014-10-01,1093.820000
2014-10-02,1093.921000
2014-10-03,1106.149000
2014-10-06,1104.446000
2014-10-07,1087.742000
2014-10-08,1107.117000
2014-10-09,1084.300000
2014-10-10,1071.993000
2014-10-13,1054.334000
2014-10-14,1056.009000
2014-10-15,1047.554000
2014-10-16,1047.739000
2014-10-17,1054.660000
2014-10-20,1061.665000
2014-10-21,1069.783000
2014-10-22,1066.497000
2014-10-23,1071.243000
2014-10-24,1073.273000
2014-10-27,1073.761000
2014-10-28,1076.620000
2014-10-29,1076.764000
2014-10-30,1077.680000
2014-10-31,1078.781000
2014-11-03,1079.027000
2014-11-04,1078.842000
2014-11-05,1079.486000
2014-11-06,1079.701000
2014-11-07,1079.945000
2014-11-10,1080.076000
2014-11-11,1079.977000
2014-11-12,1079.992000
2014-11-13,1080.107000
2014-11-14,1080.151000
2014-11-17,1080.283000
2014-11-18,1080.341000
2014-11-19,1080.356000
2014-11-20,1080.385000
2014-11-21,1080.355000
2014-11-24,1082.874000
2014-11-25,1082.875000
2014-11-26,1084.306000
2014-11-28,1082.057000
2014-12-01,1078.513000
2014-12-02,1083.068000
2014-12-03,1085.585000
2014-12-04,1085.241000
2014-12-05,1086.116000
2014-12-08,1083.366000
2014-12-09,1083.129000
2014-12-10,1069.044000
2014-12-11,1073.944000
2014-12-12,1059.912000
2014-12-15,1052.819000
2014-12-16,1044.559000
2014-12-17,1065.875000
2014-12-18,1089.706000
2014-12-19,1092.232000
2014-12-22,1094.805000
2014-12-23,1096.091000
2014-12-24,1096.600000
2014-12-26,1098.395000
2014-12-29,1099.253000
2014-12-30,1097.513000
2014-12-31,1091.031000
2015-01-02,1092.746000
2015-01-05,1080.130000
2015-01-06,1071.211000
2015-01-07,1082.836000
2015-01-08,1096.846000
2015-01-09,1092.507000
2015-01-12,1085.731000
2015-01-13,1082.999000
2015-01-14,1077.133000
2015-01-15,1067.356000
2015-01-16,1071.532000
2015-01-20,1073.500000
2015-01-21,1077.022000
2015-01-22,1083.546000
2015-01-23,1082.318000
2015-01-26,1084.586000
2015-01-27,1079.099000
2015-01-28,1072.412000
2015-01-29,1077.736000
2015-01-30,1069.957000
2015-02-02,1078.993000
2015-02-03,1085.381000
2015-02-04,1084.372000
2015-02-05,1087.566000
2015-02-06,1086.993000
2015-02-09,1087.050000
2015-02-10,1089.834000
2015-02-11,1090.231000
2015-02-12,1091.310000
2015-02-13,1091.651000
2015-02-17,1091.722000
2015-02-18,1091.790000
2015-02-19,1091.818000
2015-02-20,1095.966000
2015-02-23,1096.630000
2015-02-24,1099.014000
2015-02-25,1098.882000
2015-02-26,1098.723000
2015-02-27,1098.168000
2015-03-02,1101.135000
2015-03-03,1099.308000
2015-03-04,1098.037000
2015-03-05,1098.726000
2015-03-06,1090.356000
2015-03-09,1094.728000
2015-03-10,1081.669000
2015-03-11,1079.365000
2015-03-12,1090.808000
2015-03-13,1086.544000
2015-03-16,1097.538000
2015-03-17,1095.658000
2015-03-18,1104.665000
2015-03-19,1104.374000
2015-03-20,1106.729000
2015-03-23,1106.464000
2015-03-24,1103.007000
2015-03-25,1091.254000
2015-03-26,1089.260000
2015-03-27,1092.079000
2015-03-30,1102.502000
2015-03-31,1095.775000
2015-04-01,1092.478000
2015-04-02,1096.573000
2015-04-06,1102.609000
2015-04-07,1101.333000
2015-04-08,1104.152000
2015-04-09,1108.831000
2015-04-10,1113.458000
2015-04-13,1110.826000
2015-04-14,1112.714000
2015-04-15,1117.155000
2015-04-16,1117.846000
2015-04-17,1111.711000
2015-04-20,1117.296000
2015-04-21,1117.161000
2015-04-22,1119.384000
2015-04-23,1120.685000
2015-04-24,1121.716000
2015-04-27,1120.443000
2015-04-28,1122.070000
2015-04-29,1120.960000
2015-04-30,1115.919000
2015-05-01,1122.099000
2015-05-04,1124.025000
2015-05-05,1118.822000
2015-05-06,1116.789000
2015-05-07,1119.365000
2015-05-08,1125.952000
2015-05-11,1125.438000
2015-05-12,1124.924000
2015-05-13,1126.117000
2015-05-14,1127.364000
2015-05-15,1128.548000
2015-05-18,1132.052000
2015-05-19,1131.554000
2015-05-20,1130.622000
2015-05-21,1133.423000
2015-05-22,1130.903000
2015-05-26,1119.294000
2015-05-27,1129.737000
2015-05-28,1128.499000
2015-05-29,1121.398000
2015-06-01,1123.820000
2015-06-02,1122.747000
2015-06-03,1125.335000
2015-06-04,1115.649000
2015-06-05,1114.092000
2015-06-08,1107.067000
2015-06-09,1107.558000
2015-06-10,1120.970000
2015-06-11,1123.247000
2015-06-12,1115.460000
2015-06-15,1110.326000
2015-06-16,1116.658000
2015-06-17,1118.891000
2015-06-18,1130.118000
2015-06-19,1125.062000
2015-06-22,1130.192000
2015-06-23,1131.515000
2015-06-24,1127.303000
2015-06-25,1124.873000
2015-06-26,1125.143000
2015-06-29,1106.540000
2015-06-30,1109.726000
2015-07-01,1116.773000
2015-07-02,1116.881000
2015-07-06,1114.639000
2015-07-07,1121.173000
2015-07-08,1103.948000
2015-07-09,1106.782000
2015-07-10,1119.580000
2015-07-13,1131.756000
2015-07-14,1136.292000
2015-07-15,1136.157000
2015-07-16,1141.651000
2015-07-17,1144.384000
2015-07-20,1145.294000
2015-07-21,1140.457000
2015-07-22,1137.852000
2015-07-23,1131.469000
2015-07-24,1119.364000
2015-07-27,1112.901000
2015-07-28,1126.692000
2015-07-29,1135.080000
2015-07-30,1135.204000
2015-07-31,1132.680000
2015-08-03,1129.515000
2015-08-04,1127.004000
2015-08-05,1130.944000
2015-08-06,1122.494000
2015-08-07,1119.308000
2015-08-10,1133.669000
2015-08-11,1123.043000
2015-08-12,1124.372000
2015-08-13,1123.109000
2015-08-14,1127.505000
2015-08-17,1133.596000
2015-08-18,1130.832000
2015-08-19,1121.570000
2015-08-20,1097.906000
2015-08-21,1077.910000
2015-08-24,1042.323000
2015-08-25,1033.538000
2015-08-26,1068.014000
2015-08-27,1085.168000
2015-08-28,1086.225000
2015-08-31,1082.528000
2015-09-01,1058.840000
2015-09-02,1076.690000
2015-09-03,1078.052000
2015-09-04,1064.707000
2015-09-08,1087.562000
2015-09-09,1076.358000
2015-09-10,1081.223000
2015-09-11,1086.923000
2015-09-14,1083.977000
2015-09-15,1096.238000
2015-09-16,1102.633000
2015-09-17,1105.747000
2015-09-18,1089.850000
2015-09-21,1095.236000
2015-09-22,1086.784000
2015-09-23,1087.095000
2015-09-24,1084.429000
2015-09-25,1084.683000
2015-09-28,1062.192000
2015-09-29,1064.204000
2015-09-30,1080.596000
2015-10-01,1083.970000
2015-10-02,1095.739000
2015-10-05,1107.705000
2015-10-06,1107.137000
2015-10-07,1111.787000
2015-10-08,1114.367000
2015-10-09,1115.898000
2015-10-12,1116.505000
2015-10-13,1116.065000
2015-10-14,1116.121000
2015-10-15,1117.269000
2015-10-16,1118.604000
2015-10-19,1120.907000
2015-10-20,1119.896000
2015-10-21,1116.191000
2015-10-22,1124.866000
2015-10-23,1128.909000
2015-10-26,1127.983000
2015-10-27,1127.310000
2015-10-28,1131.240000
2015-10-29,1131.212000
2015-10-30,1130.062000
2015-11-02,1133.824000
2015-11-03,1134.133000
2015-11-04,1133.572000
2015-11-05,1133.909000
2015-11-06,1134.639000
2015-11-09,1133.012000
2015-11-10,1134.135000
2015-11-11,1133.770000
2015-11-12,1129.868000
2015-11-13,1125.068000
2015-11-16,1133.659000
2015-11-17,1134.277000
2015-11-18,1136.776000
2015-11-19,1136.917000
2015-11-20,1136.325000
2015-11-23,1137.241000
2015-11-24,1137.960000
2015-11-25,1138.762000
2015-11-27,1139.345000
2015-11-30,1136.837000
2015-12-01,1143.327000
2015-12-02,1137.641000
2015-12-03,1126.266000
2015-12-04,1142.172000
2015-12-07,1138.422000
2015-12-08,1133.646000
2015-12-09,1126.276000
2015-12-10,1129.701000
2015-12-11,1109.353000
2015-12-14,1114.990000
2015-12-15,1126.644000
2015-12-16,1141.997000
2015-12-17,1127.392000
2015-12-18,1115.816000
2015-12-21,1122.336000
2015-12-22,1128.307000
2015-12-23,1134.250000
2015-12-24,1134.227000
2015-12-28,1133.853000
2015-12-29,1137.336000
2015-12-30,1135.814000
2015-12-31,1132.087000
2016-01-04,1124.927000
2016-01-05,1127.816000
2016-01-06,1119.876000
2016-01-07,1096.921000
2016-01-08,1085.588000
2016-01-11,1087.414000
2016-01-12,1096.382000
2016-01-13,1068.819000
2016-01-14,1087.571000
2016-01-15,1057.663000
2016-01-19,1060.587000
2016-01-20,1054.732000
2016-01-21,1057.291000
2016-01-22,1070.412000
2016-01-25,1063.291000
2016-01-26,1070.957000
2016-01-27,1066.581000
2016-01-28,1070.068000
2016-01-29,1079.649000
2016-02-01,1080.943000
2016-02-02,1074.536000
2016-02-03,1077.066000
2016-02-04,1078.261000
2016-02-05,1070.346000
2016-02-08,1062.674000
2016-02-09,1062.447000
2016-02-10,1064.252000
2016-02-11,1055.350000
2016-02-12,1073.084000
2016-02-16,1084.510000
2016-02-17,1087.838000
2016-02-18,1087.887000
2016-02-19,1089.188000
2016-02-22,1097.150000
2016-02-23,1091.168000
2016-02-24,1092.979000
2016-02-25,1099.122000
2016-02-26,1098.490000
2016-02-29,1096.159000
2016-03-01,1105.268000
2016-03-02,1107.224000
2016-03-03,1107.843000
2016-03-04,1108.287000
2016-03-07,1108.892000
2016-03-08,1107.650000
2016-03-09,1108.734000
2016-03-10,1109.367000
2016-03-11,1110.524000
2016-03-14,1110.824000
2016-03-15,1110.672000
2016-03-16,1110.927000
2016-03-17,1110.978000
2016-03-18,1110.847000
2016-03-21,1112.687000
2016-03-22,1112.641000
2016-03-23,1108.906000
2016-03-24,1109.079000
2016-03-28,1110.653000
2016-03-29,1116.744000
2016-03-30,1119.063000
2016-03-31,1118.219000
2016-04-01,1121.309000
2016-04-04,1120.673000
2016-04-05,1115.948000
2016-04-06,1121.763000
2016-04-07,1115.992000
2016-04-08,1119.247000
2016-04-11,1118.254000
2016-04-12,1123.794000
2016-04-13,1125.494000
2016-04-14,1125.668000
2016-04-15,1125.212000
2016-04-18,1129.626000
2016-04-19,1131.088000
2016-04-20,1131.424000
2016-04-21,1131.430000
2016-04-22,1130.310000
2016-04-25,1129.504000
2016-04-26,1130.554000
2016-04-27,1131.796000
2016-04-28,1126.528000
2016-04-29,1123.677000
2016-05-02,1129.821000
2016-05-03,1124.224000
2016-05-04,1120.027000
2016-05-05,1120.418000
2016-05-06,1124.352000
2016-05-09,1125.909000
2016-05-10,1134.815000
2016-05-11,1129.629000
2016-05-12,1130.047000
2016-05-13,1122.664000
2016-05-16,1132.819000
2016-05-17,1124.254000
2016-05-18,1124.453000
2016-05-19,1120.723000
2016-05-20,1124.344000
2016-05-23,1124.339000
2016-05-24,1131.609000
2016-05-25,1134.372000
2016-05-26,1134.936000
2016-05-27,1136.585000
2016-05-31,1136.505000
2016-06-01,1137.013000
2016-06-02,1138.301000
2016-06-03,1138.531000
2016-06-06,1139.570000
2016-06-07,1139.814000
2016-06-08,1140.337000
2016-06-09,1140.358000
2016-06-10,1139.197000
2016-06-13,1138.135000
2016-06-14,1139.033000
2016-06-15,1139.764000
2016-06-16,1140.830000
2016-06-17,1142.458000
2016-06-20,1146.897000
2016-06-21,1147.579000
2016-06-22,1144.631000
2016-06-23,1152.687000
2016-06-24,1132.627000
2016-06-27,1120.770000
2016-06-28,1137.832000
2016-06-29,1149.659000
2016-06-30,1156.167000
2016-07-01,1158.032000
2016-07-05,1156.567000
2016-07-06,1158.994000
2016-07-07,1159.423000
2016-07-08,1161.948000
2016-07-11,1162.264000
2016-07-12,1162.285000
2016-07-13,1162.488000
2016-07-14,1162.495000
2016-07-15,1163.368000
2016-07-18,1165.657000
2016-07-19,1165.529000
2016-07-20,1168.073000
2016-07-21,1165.711000
2016-07-22,1169.018000
2016-07-25,1167.709000
2016-07-26,1167.991000
2016-07-27,1168.163000
2016-07-28,1168.990000
2016-07-29,1170.879000
2016-08-01,1170.715000
2016-08-02,1166.772000
2016-08-03,1169.588000
2016-08-04,1170.606000
2016-08-05,1175.848000
2016-08-08,1176.066000
2016-08-09,1176.402000
2016-08-10,1175.702000
2016-08-11,1178.164000
2016-08-12,1178.418000
2016-08-15,1179.563000
2016-08-16,1178.822000
2016-08-17,1179.731000
2016-08-18,1180.285000
2016-08-19,1181.808000
2016-08-22,1181.163000
2016-08-23,1183.500000
2016-08-24,1177.365000
2016-08-25,1175.778000
2016-08-26,1173.946000
2016-08-29,1180.245000
2016-08-30,1178.128000
2016-08-31,1175.548000
2016-09-01,1175.513000
2016-09-02,1180.513000
2016-09-06,1184.059000
2016-09-07,1184.164000
2016-09-08,1181.588000
2016-09-09,1152.630000
2016-09-12,1169.610000
2016-09-13,1152.619000
2016-09-14,1152.022000
2016-09-15,1163.858000
2016-09-16,1161.239000
2016-09-19,1161.893000
2016-09-20,1161.844000
2016-09-21,1169.148000
2016-09-22,1172.637000
2016-09-23,1171.261000
2016-09-26,1166.221000
2016-09-27,1170.871000
2016-09-28,1173.447000
2016-09-29,1168.036000
2016-09-30,1172.630000
2016-10-03,1172.151000
2016-10-04,1170.692000
2016-10-05,1173.352000
2016-10-06,1174.409000
2016-10-07,1173.696000
2016-10-10,1176.700000
2016-10-11,1170.957000
2016-10-12,1172.317000
2016-10-13,1170.914000
2016-10-14,1172.634000
2016-10-17,1171.519000
2016-10-18,1176.777000
2016-10-19,1178.607000
2016-10-20,1179.608000
2016-10-21,1180.096000
2016-10-24,1183.227000
2016-10-25,1180.994000
2016-10-26,1179.910000
2016-10-27,1177.930000
2016-10-28,1176.426000
2016-10-31,1174.965000
2016-11-01,1169.933000
2016-11-02,1165.097000
2016-11-03,1161.213000
2016-11-04,1159.429000
2016-11-07,1177.341000
2016-11-08,1180.624000
2016-11-09,1189.983000
2016-11-10,1191.642000
2016-11-11,1192.181000
2016-11-14,1193.632000
2016-11-15,1195.123000
2016-11-16,1195.341000
2016-11-17,1195.502000
2016-11-18,1196.148000
2016-11-21,1200.869000
2016-11-22,1201.961000
2016-11-23,1202.720000
2016-11-25,1204.127000
2016-11-28,1202.905000
2016-11-29,1203.775000
2016-11-30,1202.785000
2016-12-01,1201.211000
2016-12-02,1201.803000
2016-12-05,1206.746000
2016-12-06,1208.505000
2016-12-07,1209.945000
2016-12-08,1210.107000
2016-12-09,1210.643000
2016-12-12,1210.782000
2016-12-13,1210.972000
2016-12-14,1210.842000
2016-12-15,1211.032000
2016-12-16,1207.425000
2016-12-19,1209.840000
2016-12-20,1214.415000
2016-12-21,1211.473000
2016-12-22,1209.370000
2016-12-23,1210.934000
2016-12-27,1213.669000
2016-12-28,1203.734000
2016-12-29,1203.439000
2016-12-30,1197.916000
2017-01-03,1208.110000
2017-01-04,1215.296000
2017-01-05,1214.374000
2017-01-06,1219.019000
2017-01-09,1214.697000
2017-01-10,1214.705000
2017-01-11,1218.256000
2017-01-12,1215.669000
2017-01-13,1217.918000
2017-01-17,1214.304000
2017-01-18,1216.645000
2017-01-19,1212.277000
2017-01-20,1216.391000
2017-01-23,1213.155000
2017-01-24,1221.119000
2017-01-25,1230.925000
2017-01-26,1230.044000
2017-01-27,1229.044000
2017-01-30,1221.715000
2017-01-31,1220.635000
2017-02-01,1221.272000
2017-02-02,1222.044000
2017-02-03,1231.032000
2017-02-06,1228.433000
2017-02-07,1228.767000
2017-02-08,1230.012000
2017-02-09,1237.314000
2017-02-10,1241.803000
2017-02-13,1248.632000
2017-02-14,1253.994000
2017-02-15,1260.439000
2017-02-16,1259.475000
2017-02-17,1261.616000
2017-02-21,1269.248000
2017-02-22,1267.990000
2017-02-23,1268.670000
2017-02-24,1270.867000
2017-02-27,1272.331000
2017-02-28,1269.100000
2017-03-01,1286.684000
2017-03-02,1279.247000
2017-03-03,1279.927000
2017-03-06,1275.759000
2017-03-07,1272.125000
2017-03-08,1269.591000
2017-03-09,1270.619000
2017-03-10,1274.797000
2017-03-13,1275.679000
2017-03-14,1271.428000
2017-03-15,1282.118000
2017-03-16,1280.080000
2017-03-17,1278.403000
2017-03-20,1275.870000
2017-03-21,1260.155000
2017-03-22,1262.580000
2017-03-23,1261.255000
2017-03-24,1260.191000
2017-03-27,1258.906000
2017-03-28,1268.048000
2017-03-29,1269.679000
2017-03-30,1273.446000
2017-03-31,1270.578000
2017-04-03,1268.553000
2017-04-04,1269.469000
2017-04-05,1265.719000
2017-04-06,1268.537000
2017-04-07,1267.492000
2017-04-10,1268.435000
2017-04-11,1266.798000
2017-04-12,1262.054000
2017-04-13,1253.456000
2017-04-17,1264.259000
2017-04-18,1260.625000
2017-04-19,1258.636000
2017-04-20,1268.176000
2017-04-21,1263.936000
2017-04-24,1273.493000
2017-04-25,1275.807000
2017-04-26,1275.831000
2017-04-27,1276.374000
2017-04-28,1275.745000
2017-05-01,1277.344000
2017-05-02,1277.315000
2017-05-03,1277.121000
2017-05-04,1277.609000
2017-05-05,1278.261000
2017-05-08,1279.779000
2017-05-09,1279.763000
2017-05-10,1280.019000
2017-05-11,1279.839000
2017-05-12,1280.313000
2017-05-15,1280.864000
2017-05-16,1280.984000
2017-05-17,1276.812000
2017-05-18,1280.870000
2017-05-19,1280.681000
2017-05-22,1285.269000
2017-05-23,1286.436000
2017-05-24,1288.066000
2017-05-25,1289.450000
2017-05-26,1289.883000
2017-05-30,1290.228000
2017-05-31,1290.090000
2017-06-01,1291.964000
2017-06-02,1292.723000
2017-06-05,1293.043000
2017-06-06,1292.660000
2017-06-07,1293.134000
2017-06-08,1293.635000
2017-06-09,1293.415000
2017-06-12,1293.762000
2017-06-13,1294.508000
2017-06-14,1294.533000
2017-06-15,1294.599000
2017-06-16,1299.278000
2017-06-19,1310.140000
2017-06-20,1301.380000
2017-06-21,1300.735000
2017-06-22,1300.157000
2017-06-23,1302.187000
2017-06-26,1302.612000
2017-06-27,1292.096000
2017-06-28,1303.733000
2017-06-29,1292.564000
2017-06-30,1294.611000
2017-07-03,1297.720000
2017-07-05,1299.862000
2017-07-06,1288.153000
2017-07-07,1296.418000
2017-07-10,1297.620000
2017-07-11,1296.628000
2017-07-12,1306.213000
2017-07-13,1308.693000
2017-07-14,1314.831000
2017-07-17,1314.804000
2017-07-18,1315.619000
2017-07-19,1322.808000
2017-07-20,1322.694000
2017-07-21,1322.208000
2017-07-24,1320.829000
2017-07-25,1324.663000
2017-07-26,1325.065000
2017-07-27,1323.916000
2017-07-28,1322.190000
2017-07-31,1321.233000
2017-08-01,1324.474000
2017-08-02,1325.380000
2017-08-03,1322.735000
2017-08-04,1325.258000
2017-08-07,1327.478000
2017-08-08,1324.433000
2017-08-09,1324.107000
2017-08-10,1305.416000
2017-08-11,1307.167000
2017-08-14,1320.368000
2017-08-15,1320.013000
2017-08-16,1322.263000
2017-08-17,1301.910000
2017-08-18,1297.854000
2017-08-21,1300.151000
2017-08-22,1306.797000
2017-08-23,1305.043000
2017-08-24,1304.264000
2017-08-25,1306.574000
2017-08-28,1307.652000
2017-08-29,1308.174000
2017-08-30,1310.295000
2017-08-31,1312.199000
2017-09-01,1312.965000
2017-09-05,1311.177000
2017-09-06,1312.945000
2017-09-07,1313.223000
2017-09-08,1312.580000
2017-09-11,1314.742000
2017-09-12,1314.871000
2017-09-13,1314.973000
2017-09-14,1315.088000
2017-09-15,1316.390000
2017-09-18,1318.354000
2017-09-19,1319.832000
2017-09-20,1320.671000
2017-09-21,1316.689000
2017-09-22,1317.571000
2017-09-25,1314.643000
2017-09-26,1314.840000
2017-09-27,1320.211000
2017-09-28,1322.079000
2017-09-29,1327.011000
2017-10-02,1332.159000
2017-10-03,1335.090000
2017-10-04,1336.844000
2017-10-05,1344.627000
2017-10-06,1343.605000
2017-10-09,1341.181000
2017-10-10,1344.331000
2017-10-11,1346.779000
2017-10-12,1344.624000
2017-10-13,1345.825000
2017-10-16,1348.209000
2017-10-17,1349.116000
2017-10-18,1350.169000
2017-10-19,1350.724000
2017-10-20,1357.731000
2017-10-23,1352.368000
2017-10-24,1354.590000
2017-10-25,1348.273000
2017-10-26,1349.988000
2017-10-27,1360.890000
2017-10-30,1356.649000
2017-10-31,1357.975000
2017-11-01,1360.140000
2017-11-02,1360.541000
2017-11-03,1364.891000
2017-11-06,1366.740000
2017-11-07,1366.488000
2017-11-08,1368.490000
2017-11-09,1363.672000
2017-11-10,1362.939000
2017-11-13,1364.308000
2017-11-14,1361.370000
2017-11-15,1354.157000
2017-11-16,1365.699000
2017-11-17,1362.162000
2017-11-20,1363.945000
2017-11-21,1372.888000
2017-11-22,1371.980000
2017-11-24,1374.862000
2017-11-27,1374.486000
2017-11-28,1388.079000
2017-11-29,1387.749000
2017-11-30,1399.626000
2017-12-01,1396.850000
2017-12-04,1395.411000
2017-12-05,1390.254000
2017-12-06,1390.131000
2017-12-07,1394.451000
2017-12-08,1402.273000
2017-12-11,1406.770000
2017-12-12,1408.999000
2017-12-13,1408.355000
2017-12-14,1402.858000
2017-12-15,1415.527000
2017-12-18,1423.177000
2017-12-19,1418.599000
2017-12-20,1417.613000
2017-12-21,1420.429000
2017-12-22,1419.787000
2017-12-26,1418.350000
2017-12-27,1419.502000
2017-12-28,1422.374000
2017-12-29,1415.090000
2018-01-02,1426.895000
2018-01-03,1436.037000
2018-01-04,1442.119000
2018-01-05,1452.263000
2018-01-08,1454.702000
2018-01-09,1457.034000
2018-01-10,1455.423000
2018-01-11,1465.774000
2018-01-12,1475.667000
2018-01-16,1470.494000
2018-01-17,1484.339000
2018-01-18,1482.070000
2018-01-19,1488.604000
2018-01-22,1500.634000
2018-01-23,1503.958000
2018-01-24,1503.116000
2018-01-25,1504.026000
2018-01-26,1521.865000
2018-01-29,1511.677000
2018-01-30,1495.301000
2018-01-31,1496.079000
2018-02-01,1495.398000
2018-02-02,1463.777000
2018-02-05,1403.795000
2018-02-06,1428.429000
2018-02-07,1421.325000
2018-02-08,1368.178000
2018-02-09,1389.065000
2018-02-12,1408.440000
2018-02-13,1412.196000
2018-02-14,1431.526000
2018-02-15,1449.151000
2018-02-16,1442.495000
2018-02-20,1438.822000
2018-02-21,1434.614000
2018-02-22,1437.079000
2018-02-23,1451.952000
2018-02-26,1458.115000
2018-02-27,1450.021000
2018-02-28,1442.839000
2018-03-01,1429.760000
2018-03-02,1437.264000
2018-03-05,1448.518000
2018-03-06,1451.895000
2018-03-07,1452.430000
2018-03-08,1456.744000
2018-03-09,1465.078000
2018-03-12,1465.654000
2018-03-13,1464.970000
2018-03-14,1464.005000
2018-03-15,1466.215000
2018-03-16,1465.369000
2018-03-19,1453.027000
2018-03-20,1454.769000
2018-03-21,1454.163000
2018-03-22,1423.632000
2018-03-23,1395.691000
2018-03-26,1431.381000
2018-03-27,1409.485000
2018-03-28,1406.801000
2018-03-29,1423.465000
2018-04-02,1392.871000
2018-04-03,1411.289000
2018-04-04,1426.873000
2018-04-05,1436.440000
2018-04-06,1407.231000
2018-04-09,1411.944000
2018-04-10,1434.248000
2018-04-11,1427.274000
2018-04-12,1439.458000
2018-04-13,1435.965000
2018-04-16,1447.937000
2018-04-17,1462.361000
2018-04-18,1463.968000
2018-04-19,1455.537000
2018-04-20,1454.596000
2018-04-23,1455.597000
2018-04-24,1443.206000
2018-04-25,1445.704000
2018-04-26,1455.991000
2018-04-27,1458.599000
2018-04-30,1452.666000
2018-05-01,1455.495000
2018-05-02,1449.236000
2018-05-03,1447.618000
2018-05-04,1461.579000
2018-05-07,1463.989000
2018-05-08,1466.017000
2018-05-09,1473.348000
2018-05-10,1476.812000
2018-05-11,1477.929000
2018-05-14,1478.571000
2018-05-15,1477.685000
2018-05-16,1479.119000
2018-05-17,1479.503000
2018-05-18,1478.736000
2018-05-21,1484.072000
2018-05-22,1483.037000
2018-05-23,1485.698000
2018-05-24,1485.380000
2018-05-25,1483.820000
2018-05-29,1473.774000
2018-05-30,1485.568000
2018-05-31,1481.387000
2018-06-01,1489.125000
2018-06-04,1492.061000
2018-06-05,1492.819000
2018-06-06,1494.874000
2018-06-07,1494.666000
2018-06-08,1495.590000
2018-06-11,1496.222000
2018-06-12,1496.662000
2018-06-13,1496.758000
2018-06-14,1497.157000
2018-06-15,1502.194000
2018-06-18,1499.222000
2018-06-19,1493.181000
2018-06-20,1495.750000
2018-06-21,1486.403000
2018-06-22,1489.213000
2018-06-25,1468.773000
2018-06-26,1472.012000
2018-06-27,1459.346000
2018-06-28,1468.558000
2018-06-29,1469.763000
2018-07-02,1474.339000
2018-07-03,1467.046000
2018-07-05,1480.048000
2018-07-06,1492.707000
2018-07-09,1506.311000
2018-07-10,1511.575000
2018-07-11,1500.853000
2018-07-12,1514.134000
2018-07-13,1515.771000
2018-07-16,1514.284000
2018-07-17,1520.325000
2018-07-18,1523.610000
2018-07-19,1517.744000
2018-07-20,1515.183000
2018-07-23,1517.436000
2018-07-24,1520.216000
2018-07-25,1524.224000
2018-07-26,1523.402000
2018-07-27,1520.751000
2018-07-30,1517.575000
2018-07-31,1521.774000
2018-08-01,1521.415000
2018-08-02,1525.068000
2018-08-03,1527.875000
2018-08-06,1529.747000
2018-08-07,1530.835000
2018-08-08,1531.228000
2018-08-09,1531.074000
2018-08-10,1528.696000
2018-08-13,1527.949000
2018-08-14,1531.615000
2018-08-15,1530.179000
2018-08-16,1532.782000
2018-08-17,1534.802000
2018-08-20,1536.871000
2018-08-21,1537.843000
2018-08-22,1538.569000
2018-08-23,1537.957000
2018-08-24,1541.032000
2018-08-27,1544.467000
2018-08-28,1544.565000
2018-08-29,1546.029000
2018-08-30,1544.324000
2018-08-31,1544.996000
2018-09-04,1545.660000
2018-09-05,1545.157000
2018-09-06,1543.944000
2018-09-07,1543.796000
2018-09-10,1546.275000
2018-09-11,1548.258000
2018-09-12,1548.657000
2018-09-13,1549.943000
2018-09-14,1550.218000
2018-09-17,1549.761000
2018-09-18,1550.788000
2018-09-19,1550.981000
2018-09-20,1551.268000
2018-09-21,1548.969000
2018-09-24,1543.523000
2018-09-25,1541.620000
2018-09-26,1536.549000
2018-09-27,1541.081000
2018-09-28,1541.136000
2018-10-01,1546.758000
2018-10-02,1546.199000
2018-10-03,1547.299000
2018-10-04,1535.021000
2018-10-05,1526.559000
2018-10-08,1525.955000
2018-10-09,1524.236000
2018-10-10,1474.157000
2018-10-11,1443.835000
2018-10-12,1464.502000
2018-10-15,1455.888000
2018-10-16,1487.224000
2018-10-17,1486.907000
2018-10-18,1465.648000
2018-10-19,1464.231000
2018-10-22,1462.649000
2018-10-23,1456.383000
2018-10-24,1419.923000
2018-10-25,1442.242000
2018-10-26,1420.531000
2018-10-29,1414.470000
2018-10-30,1434.000000
2018-10-31,1447.845000
2018-11-01,1461.503000
2018-11-02,1454.942000
2018-11-05,1463.174000
2018-11-06,1469.833000
2018-11-07,1490.302000
2018-11-08,1489.667000
2018-11-09,1484.340000
2018-11-12,1463.048000
2018-11-13,1461.261000
2018-11-14,1451.562000
2018-11-15,1466.454000
2018-11-16,1458.781000
2018-11-19,1450.391000
2018-11-20,1432.944000
2018-11-21,1437.376000
2018-11-23,1430.617000
2018-11-26,1450.005000
2018-11-27,1452.825000
2018-11-28,1470.122000
2018-11-29,1468.655000
2018-11-30,1472.076000
2018-12-03,1483.160000
2018-12-04,1459.760000
2018-12-06,1459.638000
2018-12-07,1434.844000
2018-12-10,1439.564000
2018-12-11,1440.500000
2018-12-12,1447.664000
2018-12-13,1448.163000
2018-12-14,1422.823000
2018-12-17,1393.893000
2018-12-18,1393.791000
2018-12-19,1372.767000
2018-12-20,1350.623000
2018-12-21,1327.075000
2018-12-24,1299.932000
2018-12-26,1343.033000
2018-12-27,1347.725000
2018-12-28,1350.744000
2018-12-31,1360.889000
2019-01-02,1366.843000
2019-01-03,1349.670000
2019-01-04,1373.466000
2019-01-07,1377.419000
2019-01-08,1380.661000
2019-01-09,1382.258000
2019-01-10,1383.604000
2019-01-11,1384.545000
2019-01-14,1384.901000
2019-01-15,1385.382000
2019-01-16,1385.570000
2019-01-17,1385.703000
2019-01-18,1380.145000
2019-01-22,1375.520000
2019-01-23,1377.646000
2019-01-24,1380.644000
2019-01-25,1387.130000
2019-01-28,1382.096000
2019-01-29,1381.237000
2019-01-30,1393.111000
2019-01-31,1403.216000
2019-02-01,1400.058000
2019-02-04,1403.954000
2019-02-05,1404.839000
2019-02-06,1405.195000
2019-02-07,1403.306000
2019-02-08,1404.719000
2019-02-11,1406.356000
2019-02-12,1407.372000
2019-02-13,1407.663000
2019-02-14,1407.821000
2019-02-15,1410.016000
2019-02-19,1412.535000
2019-02-20,1414.590000
2019-02-21,1413.034000
2019-02-22,1417.437000
2019-02-25,1418.727000
2019-02-26,1418.383000
2019-02-27,1419.045000
2019-02-28,1418.236000
2019-03-01,1422.898000
2019-03-04,1421.737000
2019-03-05,1422.115000
2019-03-06,1418.778000
2019-03-07,1413.016000
2019-03-08,1413.421000
2019-03-11,1425.185000
2019-03-12,1426.402000
2019-03-13,1428.793000
2019-03-14,1429.146000
2019-03-15,1429.427000
2019-03-18,1431.540000
2019-03-19,1431.431000
2019-03-20,1429.781000
2019-03-21,1434.730000
2019-03-22,1420.807000
2019-03-25,1421.944000
2019-03-26,1429.127000
2019-03-27,1426.014000
2019-03-28,1430.168000
2019-03-29,1435.425000
2019-04-01,1441.749000
2019-04-02,1442.564000
2019-04-03,1443.020000
2019-04-04,1444.195000
2019-04-05,1445.781000
2019-04-08,1446.546000
2019-04-09,1445.885000
2019-04-10,1447.124000
2019-04-11,1447.478000
2019-04-12,1448.049000
2019-04-15,1448.455000
2019-04-16,1448.564000
2019-04-17,1448.712000
2019-04-18,1452.098000
2019-04-22,1453.607000
2019-04-23,1466.532000
2019-04-24,1463.320000
2019-04-25,1462.780000
2019-04-26,1469.677000
2019-04-29,1471.322000
2019-04-30,1472.761000
2019-05-01,1461.725000
2019-05-02,1458.681000
2019-05-03,1472.885000
2019-05-06,1466.421000
2019-05-07,1442.218000
2019-05-08,1439.943000
2019-05-09,1436.096000
2019-05-10,1441.931000
2019-05-13,1407.193000
2019-05-14,1418.634000
2019-05-15,1427.198000
2019-05-16,1440.311000
2019-05-17,1423.089000
2019-05-20,1418.507000
2019-05-21,1427.348000
2019-05-22,1426.056000
2019-05-23,1413.875000
2019-05-24,1416.843000
2019-05-28,1408.223000
2019-05-29,1400.882000
2019-05-30,1403.850000
2019-05-31,1387.535000
2019-06-03,1383.559000
2019-06-04,1411.506000
2019-06-05,1421.910000
2019-06-06,1428.583000
2019-06-07,1437.954000
2019-06-10,1441.540000
2019-06-11,1442.189000
2019-06-12,1442.309000
2019-06-13,1445.982000
2019-06-14,1446.783000
2019-06-17,1448.756000
2019-06-18,1452.404000
2019-06-19,1454.440000
2019-06-20,1454.900000
2019-06-21,1452.514000
2019-06-24,1452.849000
2019-06-25,1445.197000
2019-06-26,1445.209000
2019-06-27,1448.566000
2019-06-28,1453.521000
2019-07-01,1463.068000
2019-07-02,1466.425000
2019-07-03,1469.683000
2019-07-05,1470.206000
2019-07-08,1469.368000
2019-07-09,1470.154000
2019-07-10,1472.288000
2019-07-11,1473.049000
2019-07-12,1473.897000
2019-07-15,1474.457000
2019-07-16,1474.607000
2019-07-17,1474.531000
2019-07-18,1475.155000
2019-07-19,1470.710000
2019-07-22,1474.630000
2019-07-23,1480.025000
2019-07-24,1483.051000
2019-07-25,1480.220000
2019-07-26,1484.668000
2019-07-29,1484.625000
2019-07-30,1482.193000
2019-07-31,1473.954000
2019-08-01,1464.817000
2019-08-02,1458.322000
2019-08-05,1418.373000
2019-08-06,1436.954000
2019-08-07,1438.310000
2019-08-08,1464.368000
2019-08-09,1455.780000
2019-08-12,1438.937000
2019-08-13,1460.235000
2019-08-14,1417.972000
2019-08-15,1420.375000
2019-08-16,1434.267000
2019-08-19,1444.692000
2019-08-20,1440.237000
2019-08-21,1446.626000
2019-08-22,1445.996000
2019-08-23,1425.376000
2019-08-26,1436.206000
2019-08-27,1433.474000
2019-08-28,1439.838000
2019-08-29,1448.355000
2019-08-30,1448.283000
2019-09-03,1446.905000
2019-09-04,1454.662000
2019-09-05,1460.823000
2019-09-06,1461.967000
2019-09-09,1463.372000
2019-09-10,1463.984000
2019-09-11,1465.141000
2019-09-12,1465.525000
2019-09-13,1465.884000
2019-09-16,1466.251000
2019-09-17,1466.584000
2019-09-18,1466.778000
2019-09-19,1467.023000
2019-09-20,1443.138000
2019-09-23,1445.329000
2019-09-24,1437.147000
2019-09-25,1443.857000
2019-09-26,1442.085000
2019-09-27,1436.584000
2019-09-30,1443.845000
2019-10-01,1430.617000
2019-10-02,1407.763000
2019-10-03,1418.665000
2019-10-04,1436.781000
2019-10-07,1432.221000
2019-10-08,1411.779000
2019-10-09,1424.022000
2019-10-10,1432.974000
2019-10-11,1446.289000
2019-10-14,1447.896000
2019-10-15,1459.846000
2019-10-16,1459.268000
2019-10-17,1463.443000
2019-10-18,1461.877000
2019-10-21,1467.941000
2019-10-22,1465.980000
2019-10-23,1468.604000
2019-10-24,1470.733000
2019-10-25,1473.978000
2019-10-28,1476.670000
2019-10-29,1476.370000
2019-10-30,1478.647000
2019-10-31,1477.504000
2019-11-01,1480.847000
2019-11-04,1482.003000
2019-11-05,1482.248000
2019-11-06,1482.951000
2019-11-07,1483.357000
2019-11-08,1483.800000
2019-11-11,1484.076000
2019-11-12,1484.209000
2019-11-13,1484.280000
2019-11-14,1484.414000
2019-11-15,1487.397000
2019-11-18,1488.169000
2019-11-19,1487.377000
2019-11-20,1482.081000
2019-11-21,1479.826000
2019-11-22,1483.062000
2019-11-25,1494.372000
2019-11-26,1497.693000
2019-11-27,1504.126000
2019-11-29,1498.425000
2019-12-02,1485.542000
2019-12-03,1475.730000
2019-12-04,1485.219000
2019-12-05,1487.856000
2019-12-06,1501.520000
2019-12-09,1496.895000
2019-12-10,1495.304000
2019-12-11,1499.669000
2019-12-12,1512.742000
2019-12-13,1513.115000
2019-12-16,1523.973000
2019-12-17,1524.495000
2019-12-18,1523.965000
2019-12-19,1530.860000
2019-12-20,1538.509000
2019-12-23,1539.841000
2019-12-24,1539.652000
2019-12-26,1547.688000
2019-12-27,1547.764000
2019-12-30,1539.018000
2019-12-31,1543.650000
2020-01-02,1556.776000
2020-01-03,1545.948000
2020-01-06,1551.415000
2020-01-07,1547.222000
2020-01-08,1554.861000
2020-01-09,1565.618000
2020-01-10,1561.152000
2020-01-13,1572.047000
2020-01-14,1569.817000
2020-01-15,1572.782000
2020-01-16,1585.999000
2020-01-17,1592.157000
2020-01-21,1587.965000
2020-01-22,1588.483000
2020-01-23,1590.409000
2020-01-24,1576.071000
2020-01-27,1551.279000
2020-01-28,1566.905000
2020-01-29,1565.583000
2020-01-30,1570.728000
2020-01-31,1543.047234
2020-02-03,1554.261309
2020-02-04,1577.550280
2020-02-05,1595.330549
2020-02-06,1600.904188
2020-02-07,1592.572948
2020-02-10,1604.481239
2020-02-11,1607.254903
2020-02-12,1617.693657
2020-02-13,1615.574523
2020-02-14,1618.816689
2020-02-18,1614.190840
2020-02-19,1622.062983
2020-02-20,1615.951438
2020-02-21,1605.732778
2020-02-24,1568.999364
2020-02-25,1527.165709
2020-02-26,1521.029667
2020-02-27,1454.298095
2020-02-28,1450.849765
2020-03-02,1509.896452
2020-03-03,1466.401327
2020-03-04,1527.604537
2020-03-05,1477.267987
2020-03-06,1439.933320
2020-03-09,1305.026197
2020-03-10,1372.970678
2020-03-11,1305.567835
2020-03-12,1177.290849
2020-03-13,1287.389971
2020-03-16,1140.911328
2020-03-17,1207.331595
2020-03-18,1148.478780
2020-03-19,1150.261951
2020-03-20,1158.622191
2020-03-23,1155.917248
2020-03-24,1160.972838
2020-03-25,1156.729191
2020-03-26,1155.392588
2020-03-27,1156.417958
2020-03-30,1158.222236
2020-03-31,1167.440185
2020-04-01,1172.248016
2020-04-02,1175.305013
2020-04-03,1178.956633
2020-04-06,1172.403160
2020-04-07,1168.787170
2020-04-08,1156.639997
2020-04-09,1150.298654
2020-04-13,1159.710445
2020-04-14,1140.014868
2020-04-15,1157.813551
2020-04-16,1155.419841
2020-04-17,1136.431787
2020-04-20,1135.859483
2020-04-21,1134.344815
2020-04-22,1138.889533
2020-04-23,1140.548830
2020-04-24,1144.821979
2020-04-27,1146.965366
2020-04-28,1147.020708
2020-04-29,1145.404202
2020-04-30,1146.749497
2020-05-01,1147.840196
2020-05-04,1150.441857
2020-05-05,1151.371311
2020-05-06,1151.859466
2020-05-07,1152.568271
2020-05-08,1152.750911
2020-05-11,1153.375210
2020-05-12,1153.608769
2020-05-13,1153.765949
2020-05-14,1153.863724
2020-05-15,1154.912411
2020-05-18,1151.109944
2020-05-19,1152.867719
2020-05-20,1150.247133
2020-05-21,1152.377157
2020-05-22,1152.938417
2020-05-26,1150.494886
2020-05-27,1144.967210
2020-05-28,1144.739656
2020-05-29,1145.274326
2020-06-01,1143.466052
2020-06-02,1140.473217
2020-06-03,1136.142057
2020-06-04,1137.226238
2020-06-05,1129.766411
2020-06-08,1127.789738
2020-06-09,1128.528259
2020-06-10,1130.037868
2020-06-11,1149.894052
2020-06-12,1147.548221
2020-06-15,1144.776963
2020-06-16,1135.544520
2020-06-17,1135.139704
2020-06-18,1131.925292
2020-06-19,1122.558884
2020-06-22,1124.981271
2020-06-23,1125.570415
2020-06-24,1123.007039
2020-06-25,1126.416858
2020-06-26,1122.499907
2020-06-29,1127.655640
2020-06-30,1130.882071
2020-07-01,1132.431816
2020-07-02,1133.518726
2020-07-06,1133.980295
2020-07-07,1134.735361
2020-07-08,1135.927063
2020-07-10,1136.670000
2020-07-13,1136.950000
2020-07-14,1137.290000
2020-07-15,1137.300000
2020-07-16,1137.930000
2020-07-17,1139.850000
2020-07-20,1146.530000
2020-07-21,1146.860000
2020-07-22,1149.790000
2020-07-23,1143.780000
2020-07-24,1141.180000
2020-07-27,1148.280000
2020-07-28,1145.360000
2020-07-29,1152.290000
2020-07-30,1149.970000
2020-07-31,1154.900000
2020-08-03,1158.160000
2020-08-04,1160.060000
2020-08-05,1162.520000
2020-08-06,1164.410000
2020-08-07,1165.110000
2020-08-10,1166.370000
2020-08-11,1164.410000
2020-08-12,1167.630000
2020-08-13,1168.020000
2020-08-14,1168.690000
2020-08-17,1169.200000
2020-08-18,1169.270000
2020-08-19,1169.230000
2020-08-20,1169.440000
2020-08-21,1171.810000
2020-08-24,1176.940000
2020-08-25,1178.550000
2020-08-26,1180.560000
2020-08-27,1180.790000
2020-08-28,1184.190000
2020-08-31,1178.230000
2020-09-01,1184.920000
2020-09-02,1186.970000
2020-09-03,1175.150000
2020-09-04,1174.130000
2020-09-08,1160.740000
2020-09-09,1174.710000
2020-09-10,1165.130000
2020-09-11,1168.010000
2020-09-14,1180.410000
2020-09-15,1185.050000
2020-09-16,1185.440000
2020-09-17,1181.070000
2020-09-18,1178.960000
2020-09-21,1171.400000
2020-09-22,1179.240000
2020-09-23,1162.330000
2020-09-24,1165.220000
2020-09-25,1178.720000
2020-09-28,1188.490000
2020-09-29,1185.760000
2020-09-30,1190.750000
2020-10-01,1193.780000
2020-10-02,1190.880000
2020-10-05,1200.380000
2020-10-06,1195.340000
2020-10-07,1203.760000
2020-10-08,1207.320000
2020-10-09,1209.220000
2020-10-12,1209.890000
2020-10-13,1210.070000
2020-10-14,1210.080000
2020-10-15,1210.250000
2020-10-19,1197.130000
2020-10-20,1200.220000
2020-10-21,1199.880000
2020-10-22,1204.100000
2020-10-23,1207.450000
2020-10-26,1191.400000
2020-10-27,1189.210000
2020-10-28,1155.370000
2020-10-29,1167.310000
2020-10-30,1155.700000
2020-11-02,1169.800000
2020-11-03,1186.660000
2020-11-04,1208.460000
2020-11-05,1222.800000
2020-11-06,1226.340000
2020-11-09,1232.530000
2020-11-10,1234.490000
2020-11-11,1239.310000
2020-11-12,1235.540000
2020-11-13,1242.110000
2020-11-16,1245.690000
2020-11-17,1245.840000
2020-11-18,1245.400000
2020-11-19,1246.620000
2020-11-20,1242.790000
2020-11-23,1248.530000
2020-11-24,1256.920000
2020-11-25,1256.930000
2020-11-27,1258.450000
2020-11-30,1258.120000
2020-12-01,1262.320000
2020-12-02,1263.070000
2020-12-03,1263.610000
2020-12-04,1267.090000
2020-12-07,1267.830000
2020-12-08,1268.970000
2020-12-09,1267.650000
2020-12-10,1268.210000
2020-12-11,1268.030000
2020-12-14,1268.150000
2020-12-15,1270.920000
2020-12-16,1271.630000
2020-12-17,1271.820000
2020-12-18,1275.790000
2020-12-21,1270.560000
2020-12-22,1271.040000
2020-12-23,1273.480000
2020-12-24,1277.650000
2020-12-28,1283.440000
2020-12-29,1282.220000
2020-12-30,1283.590000
2020-12-31,1286.190000
2021-01-04,1279.520000
2021-01-05,1284.380000
2021-01-06,1286.890000
2021-01-07,1294.860000
2021-01-08,1296.290000
2021-01-11,1295.840000
2021-01-12,1297.280000
2021-01-13,1298.180000
2021-01-14,1298.400000
2021-01-15,1298.140000
2021-01-19,1303.790000
2021-01-20,1311.310000
2021-01-21,1312.060000
2021-01-22,1311.320000
2021-01-25,1312.740000
2021-01-26,1312.180000
2021-01-27,1293.240000
2021-01-28,1300.800000
2021-01-29,1289.290000
2021-02-01,1303.040000
2021-02-02,1313.070000
2021-02-03,1315.920000
2021-02-04,1321.080000
2021-02-05,1323.430000
2021-02-08,1325.190000
2021-02-09,1325.310000
2021-02-10,1325.190000
2021-02-11,1326.060000
2021-02-12,1327.440000
2021-02-16,1326.270000
2021-02-17,1327.840000
2021-02-18,1328.010000
2021-02-19,1324.190000
2021-02-22,1318.910000
2021-02-23,1320.290000
2021-02-24,1329.620000
2021-02-25,1306.470000
2021-02-26,1306.420000
2021-03-01,1327.210000
2021-03-02,1320.770000
2021-03-03,1308.440000
2021-03-04,1294.930000
2021-03-05,1315.440000
2021-03-08,1310.450000
2021-03-09,1325.020000
2021-03-10,1332.390000
2021-03-11,1340.470000
2021-03-12,1343.670000
2021-03-15,1347.890000
2021-03-16,1347.930000
2021-03-17,1350.250000
2021-03-18,1346.050000
2021-03-19,1347.210000
2021-03-22,1355.090000
2021-03-23,1349.530000
2021-03-24,1346.510000
2021-03-25,1351.540000
2021-03-26,1360.300000
2021-03-29,1359.250000
2021-03-30,1360.390000
2021-03-31,1363.320000
2021-04-01,1367.120000
2021-04-05,1369.510000
2021-04-06,1369.740000
2021-04-07,1370.490000
2021-04-08,1371.070000
2021-04-09,1371.570000
2021-04-12,1371.780000
2021-04-13,1371.800000
2021-04-14,1371.770000
2021-04-15,1371.870000
2021-04-16,1372.720000
2021-04-19,1369.790000
2021-04-20,1363.580000
2021-04-21,1371.180000
2021-04-22,1364.280000
2021-04-23,1373.770000
2021-04-26,1375.610000
2021-04-27,1376.040000
2021-04-28,1376.950000
2021-04-29,1380.070000
2021-04-30,1376.860000
2021-05-03,1379.590000
2021-05-04,1375.780000
2021-05-05,1376.350000
2021-05-06,1382.510000
2021-05-07,1387.040000
2021-05-10,1382.120000
2021-05-11,1375.350000
2021-05-12,1353.210000
2021-05-13,1367.770000
2021-05-14,1383.840000
2021-05-17,1383.680000
2021-05-18,1376.460000
2021-05-19,1374.260000
2021-05-20,1387.640000
2021-05-21,1392.110000
2021-05-24,1401.380000
2021-05-25,1400.320000
2021-05-26,1403.230000
2021-05-27,1405.120000
2021-05-28,1406.580000
2021-06-01,1406.260000
2021-06-02,1408.690000
2021-06-03,1406.440000
2021-06-04,1412.360000
2021-06-07,1413.480000
2021-06-08,1413.230000
2021-06-09,1412.380000
2021-06-10,1416.090000
2021-06-11,1417.070000
2021-06-14,1417.770000
2021-06-15,1417.530000
2021-06-16,1416.330000
2021-06-17,1418.620000
2021-06-18,1415.810000
2021-06-21,1427.390000
2021-06-22,1431.210000
2021-06-23,1431.780000
2021-06-24,1433.980000
2021-06-25,1435.960000
2021-06-28,1436.940000
2021-06-29,1437.110000
2021-06-30,1437.630000
2021-07-01,1438.960000
2021-07-02,1440.050000
2021-07-06,1440.030000
2021-07-07,1440.670000
2021-07-08,1439.150000
2021-07-09,1441.210000
2021-07-12,1441.760000
2021-07-13,1441.680000
2021-07-14,1441.890000
2021-07-15,1441.250000
2021-07-16,1437.860000
2021-07-19,1424.580000
2021-07-20,1437.630000
2021-07-21,1445.150000
2021-07-22,1446.770000
2021-07-23,1452.420000
2021-07-26,1453.990000
2021-07-27,1451.550000
2021-07-28,1452.600000
2021-07-29,1455.520000
2021-07-30,1453.180000
2021-08-02,1452.690000
2021-08-03,1458.140000
2021-08-04,1456.590000
2021-08-05,1459.700000
2021-08-06,1461.820000
2021-08-09,1462.370000
2021-08-10,1462.920000
2021-08-11,1464.330000
2021-08-12,1465.040000
2021-08-13,1465.700000
2021-08-16,1465.940000
2021-08-17,1465.590000
2021-08-18,1463.430000
2021-08-19,1465.910000
2021-08-20,1469.070000
2021-08-23,1476.110000
2021-08-24,1477.170000
2021-08-25,1478.790000
2021-08-26,1474.940000
2021-08-27,1481.150000
2021-08-30,1483.360000
2021-08-31,1482.950000
2021-09-01,1483.680000
2021-09-02,1484.370000
2021-09-03,1485.250000
2021-09-07,1484.970000
2021-09-08,1485.420000
2021-09-09,1484.080000
2021-09-10,1479.980000
2021-09-13,1484.200000
2021-09-14,1483.770000
2021-09-15,1488.060000
2021-09-16,1488.800000
2021-09-17,1487.910000
2021-09-20,1472.270000
2021-09-21,1472.440000
2021-09-22,1484.100000
2021-09-23,1495.280000
2021-09-24,1498.020000
2021-09-27,1497.320000
2021-09-28,1476.080000
2021-09-29,1478.840000
2021-09-30,1464.480000
2021-10-01,1480.030000
2021-10-04,1464.970000
2021-10-05,1478.250000
2021-10-06,1484.220000
2021-10-07,1494.680000
2021-10-08,1494.840000
2021-10-11,1486.430000
2021-10-12,1483.600000
2021-10-13,1488.980000
2021-10-14,1511.840000
2021-10-15,1515.780000
2021-10-18,1518.470000
2021-10-19,1523.320000
2021-10-20,1525.360000
2021-10-21,1527.140000
2021-10-22,1526.500000
2021-10-25,1529.490000
2021-10-26,1529.160000
2021-10-27,1526.720000
2021-10-28,1530.980000
2021-10-29,1531.460000
2021-11-01,1533.090000
2021-11-02,1534.470000
2021-11-03,1536.270000
2021-11-04,1536.990000
2021-11-05,1537.320000
2021-11-08,1537.900000
2021-11-09,1537.780000
2021-11-10,1537.320000
2021-11-11,1538.280000
2021-11-12,1539.180000
2021-11-15,1539.450000
2021-11-16,1539.460000
2021-11-17,1539.540000
2021-11-18,1539.590000
2021-11-19,1537.790000
2021-11-22,1535.660000
2021-11-23,1537.830000
2021-11-24,1539.990000
2021-11-26,1514.700000
2021-11-29,1531.500000
2021-11-30,1510.740000
2021-12-01,1493.090000
2021-12-02,1513.420000
2021-12-03,1503.450000
2021-12-06,1520.320000
2021-12-07,1543.230000
2021-12-08,1547.610000
2021-12-09,1541.800000
2021-12-10,1552.100000
2021-12-13,1545.640000
2021-12-14,1538.400000
2021-12-15,1555.700000
2021-12-16,1549.710000
2021-12-17,1537.380000
2021-12-20,1528.490000
2021-12-21,1544.280000
2021-12-22,1553.780000
2021-12-23,1558.510000
2021-12-27,1565.680000
2021-12-28,1566.000000
2021-12-29,1567.460000
2021-12-30,1566.800000
2021-12-31,1566.540000
2022-01-03,1569.760000
2022-01-04,1569.880000
2022-01-05,1560.750000
2022-01-06,1561.130000
2022-01-07,1561.280000
2022-01-10,1562.180000
2022-01-11,1567.110000
2022-01-12,1569.790000
2022-01-13,1561.820000
2022-01-14,1564.970000
2022-01-18,1549.320000
2022-01-19,1535.990000
2022-01-20,1518.530000
2022-01-21,1499.270000
2022-01-24,1502.040000
2022-01-25,1494.230000
2022-01-26,1490.370000
2022-01-27,1487.560000
2022-01-28,1512.640000
2022-01-31,1529.390000
2022-02-01,1537.120000
2022-02-02,1542.470000
2022-02-03,1526.550000
2022-02-04,1533.310000
2022-02-07,1534.100000
2022-02-08,1540.850000
2022-02-09,1548.330000
2022-02-10,1538.650000
2022-02-11,1522.450000
2022-02-14,1522.680000
2022-02-15,1541.390000
2022-02-16,1546.120000
2022-02-17,1521.370000
2022-02-18,1522.830000
2022-02-22,1516.530000
2022-02-23,1500.280000
2022-02-24,1515.890000
2022-02-25,1534.600000
2022-02-28,1532.390000
2022-03-01,1517.680000
2022-03-02,1535.550000
2022-03-03,1533.300000
2022-03-04,1527.800000
2022-03-07,1499.740000
2022-03-08,1492.120000
2022-03-09,1523.630000
2022-03-10,1522.140000
2022-03-11,1506.360000
2022-03-14,1498.300000
2022-03-15,1528.120000
2022-03-16,1556.480000
2022-03-17,1566.480000
2022-03-18,1573.490000
2022-03-21,1576.060000
2022-03-22,1582.910000
2022-03-23,1576.250000
2022-03-24,1585.490000
2022-03-25,1589.260000
2022-03-28,1594.060000
2022-03-29,1597.390000
2022-03-30,1596.750000
2022-03-31,1592.920000
2022-04-01,1596.780000
2022-04-04,1599.930000
2022-04-05,1596.640000
2022-04-06,1594.010000
2022-04-07,1596.910000
2022-04-08,1597.860000
2022-04-11,1590.860000
2022-04-12,1591.310000
2022-04-13,1601.380000
2022-04-14,1594.790000
2022-04-18,1597.260000
2022-04-19,1609.940000
2022-04-20,1610.860000
2022-04-21,1598.330000
2022-04-22,1568.410000
2022-04-25,1576.820000
2022-04-26,1539.420000
2022-04-27,1544.080000
2022-04-28,1575.480000
2022-04-29,1526.170000
2022-05-02,1535.840000
2022-05-03,1542.850000
2022-05-04,1584.120000
2022-05-05,1534.650000
2022-05-06,1526.450000
2022-05-09,1478.380000
2022-05-10,1481.690000
2022-05-11,1458.540000
2022-05-12,1455.770000
2022-05-13,1490.890000
2022-05-16,1486.680000
2022-05-17,1515.540000
2022-05-18,1455.890000
2022-05-19,1445.580000
2022-05-20,1464.860000
2022-05-23,1477.970000
2022-05-24,1473.900000
2022-05-25,1480.580000
2022-05-26,1490.770000
2022-05-27,1498.770000
2022-05-31,1498.690000
2022-06-01,1498.640000
2022-06-02,1502.860000
2022-06-03,1501.160000
2022-06-06,1502.970000
2022-06-07,1505.010000
2022-06-08,1504.790000
2022-06-09,1499.520000
2022-06-10,1486.770000
2022-06-13,1449.900000
2022-06-14,1447.640000
2022-06-15,1468.770000
2022-06-16,1426.320000
2022-06-17,1424.450000
2022-06-21,1422.940000
2022-06-22,1424.860000
2022-06-23,1423.260000
2022-06-24,1410.500000
2022-06-27,1414.410000
2022-06-28,1424.510000
2022-06-29,1425.860000
2022-06-30,1431.670000
2022-07-01,1428.230000
2022-07-05,1428.880000
2022-07-06,1428.710000
2022-07-07,1421.730000
2022-07-08,1424.600000
2022-07-11,1434.120000
2022-07-12,1438.370000
2022-07-13,1442.650000
2022-07-14,1443.390000
2022-07-15,1444.870000
2022-07-18,1440.060000
2022-07-19,1455.870000
2022-07-20,1460.200000
2022-07-21,1466.250000
2022-07-22,1463.910000
2022-07-25,1466.110000
2022-07-26,1459.740000
2022-07-27,1471.960000
2022-07-28,1476.050000
2022-07-29,1479.450000
2022-08-01,1479.230000
2022-08-02,1478.190000
2022-08-03,1481.490000
2022-08-04,1482.000000
2022-08-05,1482.500000
2022-08-08,1483.150000
2022-08-09,1483.150000
2022-08-10,1484.150000
2022-08-11,1484.290000
2022-08-12,1484.570000
2022-08-15,1484.890000
2022-08-16,1484.990000
2022-08-17,1485.100000
2022-08-18,1485.200000
2022-08-19,1485.620000
2022-08-22,1467.770000
2022-08-23,1465.870000
2022-08-24,1470.740000
2022-08-25,1484.040000
2022-08-26,1448.500000
2022-08-29,1440.820000
2022-08-30,1427.000000
2022-08-31,1416.820000
2022-09-01,1421.950000
2022-09-02,1407.140000
2022-09-06,1402.380000
2022-09-07,1427.170000
2022-09-08,1436.200000
2022-09-09,1458.300000
2022-09-12,1472.760000
2022-09-13,1410.520000
2022-09-14,1415.880000
2022-09-15,1399.920000
2022-09-16,1394.340000
2022-09-19,1400.780000
2022-09-20,1393.330000
2022-09-21,1380.690000
2022-09-22,1376.270000
2022-09-23,1360.860000
2022-09-26,1350.910000
2022-09-27,1349.010000
2022-09-28,1369.770000
2022-09-29,1349.500000
2022-09-30,1333.120000
2022-10-03,1363.550000
2022-10-04,1392.740000
2022-10-05,1392.530000
2022-10-06,1382.870000
2022-10-07,1354.350000
2022-10-10,1345.200000
2022-10-11,1337.480000
2022-10-12,1333.560000
2022-10-13,1366.420000
2022-10-14,1338.670000
2022-10-17,1371.710000
2022-10-18,1387.890000
2022-10-19,1379.550000
2022-10-20,1367.940000
2022-10-21,1371.680000
2022-10-24,1379.010000
2022-10-25,1386.990000
2022-10-26,1386.150000
2022-10-27,1385.270000
2022-10-28,1393.780000
2022-10-31,1394.170000
2022-11-01,1393.790000
2022-11-02,1386.190000
2022-11-03,1382.810000
2022-11-04,1390.940000
2022-11-07,1396.730000
2022-11-08,1398.100000
2022-11-09,1392.000000
2022-11-10,1404.400000
2022-11-11,1405.050000
2022-11-14,1405.690000
2022-11-15,1405.900000
2022-11-16,1406.150000
2022-11-17,1406.320000
2022-11-18,1408.500000
2022-11-21,1408.910000
2022-11-22,1418.310000
2022-11-23,1422.930000
2022-11-25,1424.070000
2022-11-28,1415.620000
2022-11-29,1414.950000
2022-11-30,1431.480000
2022-12-01,1431.920000
2022-12-02,1432.990000
2022-12-05,1426.010000
2022-12-06,1416.130000
2022-12-07,1415.280000
2022-12-08,1421.700000
2022-12-09,1417.710000
2022-12-12,1425.770000
2022-12-13,1436.030000
2022-12-14,1439.240000
2022-12-15,1423.710000
2022-12-16,1417.030000
2022-12-19,1413.550000
2022-12-20,1415.650000
2022-12-21,1426.910000
2022-12-22,1416.540000
2022-12-23,1421.880000
2022-12-27,1421.040000
2022-12-28,1411.420000
2022-12-29,1425.610000
2022-12-30,1424.910000
2023-01-03,1423.710000
2023-01-04,1430.700000
2023-01-05,1422.610000
2023-01-06,1439.960000
2023-01-09,1441.010000
2023-01-10,1445.540000
2023-01-11,1449.010000
2023-01-12,1453.200000
2023-01-13,1454.120000
2023-01-17,1455.150000
2023-01-18,1455.100000
2023-01-19,1455.530000
2023-01-20,1460.840000
2023-01-23,1467.470000
2023-01-24,1467.820000
2023-01-25,1468.880000
2023-01-26,1473.060000
2023-01-27,1474.700000
2023-01-30,1470.540000
2023-01-31,1475.890000
2023-02-01,1479.540000
2023-02-02,1481.410000
2023-02-03,1481.220000
2023-02-06,1481.530000
2023-02-07,1483.490000
2023-02-08,1482.920000
2023-02-09,1481.560000
2023-02-10,1483.160000
2023-02-13,1485.210000
2023-02-14,1485.930000
2023-02-15,1486.250000
2023-02-16,1486.290000
2023-02-17,1491.160000
2023-02-21,1477.010000
2023-02-22,1477.460000
2023-02-23,1483.390000
2023-02-24,1474.310000
2023-02-27,1479.520000
2023-02-28,1476.830000
2023-03-01,1473.250000
2023-03-02,1481.810000
2023-03-03,1497.500000
2023-03-06,1499.580000
2023-03-07,1486.260000
2023-03-08,1489.030000
2023-03-09,1466.160000
2023-03-10,1447.010000
2023-03-13,1445.660000
2023-03-14,1469.400000
2023-03-15,1461.440000
2023-03-16,1485.460000
2023-03-17,1484.580000
2023-03-20,1493.610000
2023-03-21,1503.700000
2023-03-22,1494.740000
2023-03-23,1495.490000
2023-03-24,1501.530000
2023-03-27,1505.890000
2023-03-28,1506.720000
2023-03-29,1513.890000
2023-03-30,1516.390000
2023-03-31,1520.230000
2023-04-03,1522.990000
2023-04-04,1522.690000
2023-04-05,1523.070000
2023-04-06,1524.510000
2023-04-10,1526.030000
2023-04-11,1526.390000
2023-04-12,1526.710000
2023-04-13,1527.740000
2023-04-14,1528.140000
2023-04-17,1528.780000
2023-04-18,1528.960000
2023-04-19,1529.180000
2023-04-20,1529.410000
2023-04-21,1531.060000
2023-04-24,1533.280000
2023-04-25,1520.020000
2023-04-26,1518.050000
2023-04-27,1534.380000
2023-04-28,1540.410000
2023-05-01,1541.560000
2023-05-02,1533.800000
2023-05-03,1529.270000
2023-05-04,1522.970000
2023-05-05,1540.320000
2023-05-08,1543.370000
2023-05-09,1540.930000
2023-05-10,1545.600000
2023-05-11,1545.930000
2023-05-12,1546.380000
2023-05-15,1550.900000
2023-05-16,1547.210000
2023-05-17,1554.090000
2023-05-18,1555.020000
2023-05-19,1556.260000
2023-05-22,1557.690000
2023-05-23,1548.200000
2023-05-24,1540.670000
2023-05-25,1549.660000
2023-05-26,1561.060000
2023-05-30,1564.180000
2023-05-31,1561.580000
2023-06-01,1570.220000
2023-06-02,1577.650000
2023-06-05,1578.640000
2023-06-06,1580.190000
2023-06-07,1580.280000
2023-06-08,1582.000000
2023-06-09,1582.930000
2023-06-12,1584.310000
2023-06-13,1585.010000
2023-06-14,1585.520000
2023-06-15,1585.840000
2023-06-16,1584.620000
2023-06-20,1582.420000
2023-06-21,1579.380000
2023-06-22,1583.540000
2023-06-23,1576.780000
2023-06-26,1572.940000
2023-06-27,1585.530000
2023-06-28,1586.410000
2023-06-29,1590.350000
2023-06-30,1600.120000
2023-07-03,1601.080000
2023-07-05,1600.720000
2023-07-06,1595.060000
2023-07-07,1594.870000
2023-07-10,1597.830000
2023-07-11,1603.300000
2023-07-12,1608.590000
2023-07-13,1611.200000
2023-07-14,1611.940000
2023-07-17,1613.340000
2023-07-18,1613.760000
2023-07-19,1614.080000
2023-07-20,1614.340000
2023-07-21,1612.540000
2023-07-24,1616.740000
2023-07-25,1618.330000
2023-07-26,1620.270000
2023-07-27,1615.400000
2023-07-28,1622.690000
2023-07-31,1625.400000
2023-08-01,1624.010000
2023-08-02,1613.420000
2023-08-03,1610.570000
2023-08-04,1607.270000
2023-08-07,1618.750000
2023-08-08,1614.800000
2023-08-09,1607.360000
2023-08-10,1608.300000
2023-08-11,1608.090000
2023-08-14,1617.390000
2023-08-15,1600.660000
2023-08-16,1588.690000
2023-08-17,1576.570000
2023-08-18,1565.040000
2023-08-21,1570.730000
2023-08-22,1570.470000
2023-08-23,1577.030000
2023-08-24,1570.590000
2023-08-25,1576.270000
2023-08-28,1581.040000
2023-08-29,1585.530000
2023-08-30,1586.970000
2023-08-31,1587.530000
2023-09-01,1588.330000
2023-09-05,1589.190000
2023-09-06,1588.930000
2023-09-07,1589.170000
2023-09-08,1590.270000
2023-09-11,1591.770000
2023-09-12,1591.870000
2023-09-13,1592.470000
2023-09-14,1592.750000
2023-09-15,1590.190000
2023-09-18,1591.610000
2023-09-19,1590.490000
2023-09-20,1582.380000
2023-09-21,1563.670000
2023-09-22,1561.070000
2023-09-25,1567.890000
2023-09-26,1548.600000
2023-09-27,1548.670000
2023-09-28,1557.060000
2023-09-29,1554.550000
2023-10-02,1555.280000
2023-10-03,1535.790000
2023-10-04,1546.030000
2023-10-05,1545.300000
2023-10-06,1562.300000
2023-10-09,1572.570000
2023-10-10,1580.410000
2023-10-11,1587.150000
2023-10-12,1578.790000
2023-10-13,1571.400000
2023-10-16,1587.650000
2023-10-17,1588.000000
2023-10-18,1567.260000
2023-10-19,1553.290000
2023-10-20,1551.220000
2023-10-23,1552.730000
2023-10-24,1559.650000
2023-10-25,1549.030000
2023-10-26,1538.030000
2023-10-27,1533.840000
2023-10-30,1548.650000
2023-10-31,1556.600000
2023-11-01,1567.150000
2023-11-02,1578.470000
2023-11-03,1582.120000
2023-11-06,1584.150000
2023-11-07,1585.080000
2023-11-08,1585.870000
2023-11-09,1585.250000
2023-11-10,1587.130000
2023-11-13,1588.020000
2023-11-14,1588.360000
2023-11-15,1588.690000
2023-11-16,1589.000000
2023-11-17,1590.350000
2023-11-20,1596.340000
2023-11-21,1595.790000
2023-11-22,1598.500000
2023-11-24,1600.210000
2023-11-27,1600.950000
2023-11-28,1601.760000
2023-11-29,1601.040000
2023-11-30,1603.270000
2023-12-01,1605.840000
2023-12-04,1605.590000
2023-12-05,1606.290000
2023-12-06,1605.320000
2023-12-07,1608.070000
2023-12-08,1610.180000
2023-12-11,1611.710000
2023-12-12,1612.290000
2023-12-13,1612.580000
2023-12-14,1612.870000
2023-12-15,1612.760000
2023-12-18,1620.080000
2023-12-19,1629.710000
2023-12-20,1605.970000
2023-12-21,1622.520000
2023-12-22,1625.210000
2023-12-26,1632.100000
2023-12-27,1634.570000
2023-12-28,1635.350000
2023-12-29,1630.810000
2024-01-02,1621.630000
2024-01-03,1608.700000
2024-01-04,1603.400000
2024-01-05,1606.320000
2024-01-08,1629.030000
2024-01-09,1626.850000
2024-01-10,1636.090000
2024-01-11,1635.050000
2024-01-12,1636.420000
2024-01-16,1630.340000
2024-01-17,1621.210000
2024-01-18,1635.620000
2024-01-19,1647.180000
2024-01-22,1650.020000
2024-01-23,1652.460000
2024-01-24,1652.690000
2024-01-25,1654.620000
2024-01-26,1655.110000
2024-01-29,1658.090000
2024-01-30,1658.630000
2024-01-31,1652.730000
2024-02-01,1658.460000
2024-02-02,1660.860000
2024-02-05,1661.920000
2024-02-06,1663.010000
2024-02-07,1663.780000
2024-02-08,1664.180000
2024-02-09,1664.440000
2024-02-12,1665.260000
2024-02-13,1665.230000
2024-02-14,1665.880000
2024-02-15,1666.190000
2024-02-16,1662.490000
2024-02-20,1659.340000
2024-02-21,1660.890000
2024-02-22,1674.780000
2024-02-23,1676.650000
2024-02-26,1676.640000
2024-02-27,1678.380000
2024-02-28,1678.130000
2024-02-29,1679.950000
2024-03-01,1683.200000
2024-03-04,1684.060000
2024-03-05,1680.940000
2024-03-06,1683.230000
2024-03-07,1685.850000
2024-03-08,1685.590000
2024-03-11,1686.660000
2024-03-12,1688.600000
2024-03-13,1688.980000
2024-03-14,1689.170000
2024-03-15,1689.350000
2024-03-18,1695.120000
2024-03-19,1699.580000
2024-03-20,1705.020000
2024-03-21,1706.830000
2024-03-22,1706.800000
2024-03-25,1707.420000
2024-03-26,1707.100000
2024-03-27,1710.950000
2024-03-28,1710.970000
2024-04-01,1711.990000
2024-04-02,1709.790000
2024-04-03,1710.880000
2024-04-04,1702.520000
2024-04-05,1709.470000
2024-04-08,1712.660000
2024-04-09,1713.980000
2024-04-10,1709.350000
2024-04-11,1714.790000
2024-04-12,1705.980000
2024-04-15,1694.700000
2024-04-16,1693.800000
2024-04-17,1685.560000
2024-04-18,1681.750000
2024-04-19,1678.250000
2024-04-22,1689.760000
2024-04-23,1698.330000
2024-04-24,1699.080000
2024-04-25,1696.780000
2024-04-26,1703.280000
2024-04-29,1706.390000
2024-04-30,1698.040000
2024-05-01,1697.400000
2024-05-02,1704.140000
2024-05-03,1710.910000
2024-05-06,1713.800000
2024-05-07,1714.450000
2024-05-08,1715.090000
2024-05-09,1715.730000
2024-05-10,1716.150000
2024-05-13,1717.010000
2024-05-14,1717.240000
2024-05-15,1717.580000
2024-05-16,1717.850000
2024-05-17,1719.710000
2024-05-20,1721.430000
2024-05-21,1725.780000
2024-05-22,1721.130000
2024-05-23,1708.490000
2024-05-24,1720.490000
2024-05-28,1720.920000
2024-05-29,1708.260000
2024-05-30,1698.230000
2024-05-31,1712.020000
2024-06-03,1714.140000
2024-06-04,1716.810000
2024-06-05,1737.170000
2024-06-06,1736.850000
2024-06-07,1735.230000
2024-06-10,1739.850000
2024-06-11,1744.580000
2024-06-12,1759.460000
2024-06-13,1763.600000
2024-06-14,1763.340000
2024-06-17,1777.080000
2024-06-18,1781.610000
2024-06-20,1777.130000
2024-06-21,1775.340000
2024-06-24,1774.680000
2024-06-25,1778.440000
2024-06-26,1780.550000
2024-06-27,1782.550000
2024-06-28,1780.070000
2024-07-01,1784.250000
2024-07-02,1788.870000
2024-07-03,1791.260000
2024-07-05,1794.110000
2024-07-08,1795.730000
2024-07-09,1796.550000
2024-07-10,1797.580000
2024-07-11,1797.730000
2024-07-12,1798.860000
2024-07-15,1799.790000
2024-07-16,1800.190000
2024-07-17,1800.390000
2024-07-18,1800.550000
2024-07-19,1799.940000
2024-07-22,1810.420000
2024-07-23,1810.110000
2024-07-24,1786.680000
2024-07-25,1780.350000
2024-07-26,1794.950000
2024-07-29,1797.270000
2024-07-30,1791.130000
2024-07-31,1808.240000
2024-08-01,1793.910000
2024-08-02,1767.740000
2024-08-05,1721.020000
2024-08-06,1737.100000
2024-08-07,1725.520000
2024-08-08,1763.950000
2024-08-09,1772.130000
2024-08-12,1774.110000
2024-08-13,1801.830000
2024-08-14,1808.560000
2024-08-15,1831.880000
2024-08-16,1834.430000
2024-08-19,1842.110000
2024-08-20,1840.150000
2024-08-21,1842.080000
2024-08-22,1837.130000
2024-08-23,1844.790000
2024-08-26,1845.660000
2024-08-27,1847.340000
2024-08-28,1843.430000
2024-08-29,1845.700000
2024-08-30,1851.340000
2024-09-03,1838.030000
2024-09-04,1836.210000
2024-09-05,1835.570000
2024-09-06,1816.310000
2024-09-09,1833.120000
2024-09-10,1838.900000
2024-09-11,1848.840000
2024-09-12,1856.450000
2024-09-13,1859.760000
2024-09-16,1861.640000
2024-09-17,1862.130000
2024-09-18,1863.730000
2024-09-19,1865.610000
2024-09-20,1866.990000
2024-09-23,1871.400000
2024-09-24,1874.350000
2024-09-25,1873.490000
2024-09-26,1876.240000
2024-09-27,1874.390000
2024-09-30,1878.940000
2024-10-01,1871.280000
2024-10-02,1872.720000
2024-10-03,1871.260000
2024-10-04,1880.340000
2024-10-07,1874.290000
2024-10-08,1882.410000
2024-10-09,1886.870000
2024-10-10,1888.130000
2024-10-11,1890.820000
2024-10-14,1893.140000
2024-10-15,1893.480000
2024-10-16,1894.140000
2024-10-17,1894.490000
2024-10-18,1895.650000
2024-10-21,1895.650000
2024-10-22,1895.670000
2024-10-23,1886.610000
2024-10-24,1889.690000
2024-10-25,1888.870000
2024-10-28,1893.370000
2024-10-29,1895.450000
2024-10-30,1892.910000
2024-10-31,1869.400000
2024-11-01,1875.890000
2024-11-04,1874.640000
2024-11-05,1891.120000
2024-11-06,1919.170000
2024-11-07,1923.660000
2024-11-08,1925.180000
2024-11-11,1926.570000
2024-11-12,1927.040000
2024-11-13,1927.590000
2024-11-14,1927.880000
2024-11-15,1928.480000
2024-11-18,1933.920000
2024-11-19,1935.680000
2024-11-20,1935.010000
2024-11-21,1939.480000
2024-11-22,1943.780000
2024-11-25,1948.080000
2024-11-26,1951.160000
2024-11-27,1950.820000
2024-11-29,1953.780000
2024-12-02,1955.750000
2024-12-03,1956.640000
2024-12-04,1958.070000
2024-12-05,1958.550000
2024-12-06,1959.770000
2024-12-09,1960.090000
2024-12-10,1960.150000
2024-12-11,1961.730000
2024-12-12,1961.910000
2024-12-13,1962.540000
2024-12-16,1963.390000
2024-12-17,1963.560000
2024-12-18,1947.940000
2024-12-19,1956.500000
2024-12-20,1949.880000
2024-12-23,1956.890000
2024-12-24,1965.340000
2024-12-26,1966.230000
2024-12-27,1960.890000
2024-12-30,1953.910000
2024-12-31,1951.880000
2025-01-02,1949.410000
2025-01-03,1963.190000
2025-01-06,1968.570000
2025-01-07,1960.390000
2025-01-08,1962.680000
2025-01-10,1947.060000
2025-01-13,1951.160000
2025-01-14,1954.040000
2025-01-15,1976.560000
2025-01-16,1978.570000
2025-01-17,1978.160000
2025-01-21,1988.320000
2025-01-22,1992.390000
2025-01-23,1995.570000
2025-01-24,1994.830000
2025-01-27,1983.540000
2025-01-28,1991.720000
2025-01-29,1988.950000
2025-01-30,1994.480000
2025-01-31,1990.420000
2025-02-03,1984.350000
2025-02-04,1993.180000
2025-02-05,1998.050000
2025-02-06,2001.410000
2025-02-07,1996.300000
2025-02-10,2003.810000
2025-02-11,2005.100000
2025-02-12,2004.570000
2025-02-13,2009.890000
2025-02-14,2011.230000
2025-02-18,2013.380000
2025-02-19,2013.860000
2025-02-20,2014.220000
2025-02-21,2001.700000
2025-02-24,1996.740000
2025-02-25,1990.210000
2025-02-26,1990.850000
2025-02-27,1966.640000
2025-02-28,1990.750000
2025-03-03,1964.050000
2025-03-04,1942.790000
2025-03-05,1962.480000
2025-03-06,1929.800000
2025-03-07,1940.310000
2025-03-10,1890.430000
2025-03-11,1875.240000
2025-03-12,1884.150000
2025-03-13,1859.220000
2025-03-14,1896.480000
2025-03-17,1911.430000
2025-03-18,1891.020000
2025-03-19,1911.160000
2025-03-20,1906.700000
2025-03-21,1899.800000
2025-03-24,1914.050000
2025-03-25,1916.640000
2025-03-26,1909.660000
2025-03-27,1908.180000
2025-03-28,1889.010000
2025-03-31,1896.610000
2025-04-01,1900.440000
2025-04-02,1906.420000
2025-04-03,1845.970000
2025-04-04,1741.590000
2025-04-07,1737.940000
2025-04-08,1711.880000
2025-04-09,1862.060000
2025-04-10,1805.900000
2025-04-11,1837.130000
2025-04-14,1856.600000
2025-04-15,1853.990000
2025-04-16,1811.970000
2025-04-17,1821.400000
2025-04-21,1798.600000
2025-04-22,1825.350000
2025-04-23,1839.790000
2025-04-24,1852.650000
2025-04-25,1858.510000
2025-04-28,1861.160000
2025-04-29,1864.510000
2025-04-30,1865.870000
2025-05-01,1867.900000
2025-05-02,1871.680000
2025-05-05,1873.160000
2025-05-06,1872.550000
2025-05-07,1874.060000
2025-05-08,1875.480000
2025-05-09,1876.280000
2025-05-12,1877.570000
2025-05-13,1877.750000
2025-05-14,1878.040000
2025-05-15,1878.290000
2025-05-16,1881.910000
2025-05-19,1883.040000
2025-05-20,1881.590000
2025-05-21,1865.050000
2025-05-22,1866.320000
2025-05-23,1857.580000
2025-05-27,1884.060000
2025-05-28,1879.580000
2025-05-29,1883.800000
2025-05-30,1883.690000
2025-06-02,1890.640000
2025-06-03,1896.510000
2025-06-04,1897.360000
2025-06-05,1894.090000
2025-06-06,1903.440000
2025-06-09,1905.800000
2025-06-10,1908.930000
2025-06-11,1908.090000
2025-06-12,1909.890000
2025-06-13,1904.330000
2025-06-16,1912.650000
2025-06-17,1908.910000
2025-06-18,1913.420000
2025-06-20,1913.810000
2025-06-23,1924.400000
2025-06-24,1933.280000
2025-06-25,1935.070000
2025-06-26,1938.990000
2025-06-27,1941.140000
2025-06-30,1943.420000
2025-07-01,1943.970000
2025-07-02,1945.300000
2025-07-03,1946.590000
2025-07-07,1947.520000
2025-07-08,1948.690000
2025-07-09,1949.730000
2025-07-10,1950.160000
2025-07-11,1950.450000
2025-07-14,1951.370000
2025-07-15,1951.590000
2025-07-16,1951.930000
2025-07-17,1952.200000
2025-07-18,1951.900000
2025-07-21,1955.130000
2025-07-22,1956.130000
2025-07-23,1963.640000
2025-07-24,1965.040000
2025-07-25,1968.020000
2025-07-28,1969.840000
2025-07-29,1968.260000
2025-07-30,1968.530000
2025-07-31,1966.480000
2025-08-01,1949.740000
2025-08-04,1968.330000
2025-08-05,1965.420000
2025-08-06,1972.760000
2025-08-07,1973.260000
2025-08-08,1978.610000
2025-08-11,1979.030000
2025-08-12,1982.370000
2025-08-13,1982.970000
2025-08-14,1983.300000
2025-08-15,1983.570000
2025-08-18,1985.540000
2025-08-19,1980.820000
2025-08-20,1978.120000
2025-08-21,1972.980000
2025-08-22,1990.840000
2025-08-25,1989.050000
2025-08-26,1993.060000
2025-08-27,1994.720000
2025-08-28,1998.920000
2025-08-29,1994.060000
2025-09-02,1988.030000
2025-09-03,1994.700000
2025-09-04,2002.450000
2025-09-05,2002.360000
2025-09-08,2005.840000
2025-09-09,2007.860000
2025-09-10,2009.660000
2025-09-11,2013.570000
2025-09-12,2014.120000
2025-09-15,2015.800000
2025-09-16,2016.020000
2025-09-17,2017.140000
2025-09-18,2017.850000
2025-09-19,2021.690000
2025-09-22,2025.650000
2025-09-23,2021.890000
2025-09-24,2020.750000
2025-09-25,2017.320000
2025-09-26,2024.900000
2025-09-29,2028.960000
2025-09-30,2031.780000
2025-10-01,2034.920000
2025-10-02,2035.810000
2025-10-03,2037.010000
2025-10-06,2041.130000
2025-10-07,2039.390000
2025-10-08,2043.760000
2025-10-09,2043.330000
2025-10-10,2014.610000
2025-10-13,2039.230000
2025-10-14,2038.630000
2025-10-15,2044.140000
2025-10-16,2041.680000
2025-10-17,2048.970000
2025-10-20,2061.990000
2025-10-21,2063.360000
2025-10-22,2059.910000
2025-10-23,2065.730000
2025-10-24,2070.940000
2025-10-27,2076.900000
2025-10-28,2077.370000
2025-10-29,2077.180000
2025-10-30,2074.550000
2025-10-31,2076.290000
2025-11-03,2079.480000
2025-11-04,2074.270000
2025-11-05,2078.010000
2025-11-06,2071.890000
2025-11-07,2074.180000
2025-11-10,2084.050000
2025-11-11,2085.990000
2025-11-12,2086.570000
2025-11-13,2079.970000
2025-11-14,2081.840000
2025-11-17,2077.930000
2025-11-18,2072.730000
2025-11-19,2079.450000
2025-11-20,2066.320000
2025-11-21,2076.010000
2025-11-24,2091.510000
2025-11-25,2098.890000
2025-11-26,2103.010000
2025-11-28,2106.410000
2025-12-01,2106.420000
2025-12-02,2108.390000
2025-12-03,2110.150000
2025-12-04,2111.200000
2025-12-05,2112.320000
2025-12-08,2112.950000
2025-12-09,2113.500000
2025-12-10,2114.760000
2025-12-11,2115.690000
2025-12-12,2115.600000
2025-12-15,2116.740000
2025-12-16,2117.110000
2025-12-17,2116.860000
2025-12-18,2117.810000
2025-12-19,2119.440000
2025-12-22,2127.130000
2025-12-23,2130.550000
2025-12-24,2133.120000
2025-12-26,2134.540000
2025-12-29,2134.480000
2025-12-30,2134.410000
2025-12-31,2129.450000
2026-01-02,2132.720000
2026-01-05,2138.800000
2026-01-06,2141.920000
2026-01-07,2141.250000
2026-01-08,2141.840000
2026-01-09,2145.270000
2026-01-12,2146.610000
2026-01-13,2146.910000
2026-01-14,2147.340000
2026-01-15,2148.060000
2026-01-16,2146.750000
2026-01-20,2120.940000
2026-01-21,2139.290000
2026-01-22,2147.320000
2026-01-23,2148.220000
2026-01-26,2154.770000
2026-01-27,2158.680000
2026-01-28,2158.410000
2026-01-29,2157.090000
2026-01-30,2154.530000
2026-02-02,2162.840000
2026-02-03,2153.710000
2026-02-04,2146.870000
2026-02-05,2128.130000
2026-02-06,2159.020000
2026-02-09,2166.580000
2026-02-10,2165.310000
2026-02-11,2166.710000
2026-02-12,2144.880000
2026-02-13,2148.070000
2026-02-17,2153.910000
2026-02-18,2164.550000
2026-02-19,2161.050000
2026-02-20,2154.390000
2026-02-23,2143.620000
2026-02-24,2154.620000
2026-02-25,2165.070000
2026-02-26,2161.180000
2026-02-27,2155.790000
2026-03-02,2156.280000
2026-03-03,2145.150000
2026-03-04,2157.040000
2026-03-05,2150.080000
2026-03-06,2127.490000
2026-03-09,2146.610000
2026-03-10,2144.390000
2026-03-11,2146.050000
2026-03-12,2117.950000
2026-03-13,2107.880000
2026-03-16,2129.760000
2026-03-17,2136.750000
2026-03-18,2106.660000
2026-03-19,2101.000000
2026-03-20,2087.490000
2026-03-23,2102.280000
2026-03-24,2099.540000
2026-03-25,2107.120000
2026-03-26,2087.590000
2026-03-27,2064.760000
2026-03-30,2065.670000
2026-03-31,2105.890000
2026-04-01,2115.230000
2026-04-02,2118.430000
2026-04-06,2125.900000
2026-04-07,2123.480000
2026-04-08,2143.000000
2026-04-09,2146.420000
2026-04-10,2147.130000
2026-04-13,2148.900000
2026-04-14,2149.510000
2026-04-15,2149.900000
2026-04-16,2150.220000
2026-04-17,2148.240000
2026-04-20,2146.860000
2026-04-21,2138.790000
2026-04-22,2151.660000
2026-04-23,2148.310000
2026-04-24,2155.680000
2026-04-27,2160.230000
2026-04-28,2157.880000
2026-04-29,2157.960000
2026-04-30,2168.760000
2026-05-01,2171.580000
2026-05-04,2170.690000
2026-05-05,2177.030000
2026-05-06,2181.330000
2026-05-07,2182.000000
2026-05-08,2183.710000
2026-05-11,2184.690000
2026-05-12,2185.240000
2026-05-13,2185.690000
2026-05-14,2186.050000
2026-05-15,2185.540000
2026-05-18,2188.130000
2026-05-19,2181.810000
2026-05-20,2192.910000
2026-05-21,2197.250000
2026-05-22,2200.710000
2026-05-26,2208.510000
2026-05-27,2210.630000
2026-05-28,2215.750000
2026-05-29,2217.310000
2026-06-01,2219.730000
2026-06-02,2221.350000
2026-06-03,2219.320000
2026-06-04,2222.780000
2026-06-05,2198.940000
2026-06-08,2205.730000
2026-06-09,2201.320000
2026-06-10,2176.880000
2026-06-11,2204.270000
2026-06-12,2215.570000
2026-06-15,2229.670000
2026-06-16,2229.430000
2026-06-17,2224.780000
2026-06-18,2233.520000
2026-06-22,2232.950000
2026-06-23,2214.350000
2026-06-24,2214.260000
2026-06-25,2215.930000
2026-06-26,2234.930000
2026-06-29,2234.430000
2026-06-30,2244.080000
2026-07-01,2245.920000
2026-07-02,2245.500000
2026-07-06,2258.180000
2026-07-07,2254.160000
2026-07-08,2251.210000
2026-07-09,2261.170000
2026-07-10,2265.410000
2026-07-13,2261.080000
2026-07-14,2266.700000
2026-07-15,2269.800000
2026-07-16,2269.890000
2026-07-17,2249.170000
2026-07-20,2250.600000
2026-07-21,2261.080000
2026-07-22,2260.860000
2026-07-23,2246.690000
2026-07-24,2249.450000
2026-07-27,2251.810000
2026-07-28,2255.550000
2026-07-29,2232.980000
2026-07-30,2261.830000
2026-07-31,2269.870000
