date,close
1986-06-30,100.000000
1986-07-01,100.080000
1986-07-02,100.150000
1986-07-03,100.170000
1986-07-07,99.530000
1986-07-08,99.230000
1986-07-09,99.530000
1986-07-10,99.790000
1986-07-11,99.690000
1986-07-14,98.990000
1986-07-15,98.150000
1986-07-16,98.010000
1986-07-17,98.340000
1986-07-18,98.850000
1986-07-21,98.860000
1986-07-22,99.160000
1986-07-23,99.130000
1986-07-24,99.250000
1986-07-25,99.600000
1986-07-28,99.090000
1986-07-29,99.150000
1986-07-30,99.520000
1986-07-31,99.520000
1986-08-01,99.310000
1986-08-04,99.580000
1986-08-05,99.730000
1986-08-06,99.800000
1986-08-07,99.850000
1986-08-08,99.920000
1986-08-11,100.030000
1986-08-12,100.050000
1986-08-13,100.060000
1986-08-14,100.080000
1986-08-15,100.070000
1986-08-18,100.110000
1986-08-19,100.090000
1986-08-20,100.400000
1986-08-21,100.420000
1986-08-22,100.520000
1986-08-25,100.470000
1986-08-26,100.720000
1986-08-27,100.780000
1986-08-28,100.800000
1986-08-29,100.820000
1986-09-02,100.640000
1986-09-03,100.760000
1986-09-04,100.920000
1986-09-05,100.860000
1986-09-08,100.810000
1986-09-09,100.860000
1986-09-10,100.820000
1986-09-11,97.900000
1986-09-12,96.440000
1986-09-15,96.880000
1986-09-16,97.050000
1986-09-17,97.120000
1986-09-18,97.660000
1986-09-19,97.800000
1986-09-22,98.430000
1986-09-23,98.600000
1986-09-24,98.660000
1986-09-25,98.120000
1986-09-26,98.280000
1986-09-29,98.110000
1986-09-30,98.340000
1986-10-01,98.650000
1986-10-02,98.740000
1986-10-03,98.770000
1986-10-06,98.940000
1986-10-07,99.010000
1986-10-08,99.220000
1986-10-09,99.220000
1986-10-10,99.320000
1986-10-13,99.390000
1986-10-14,99.420000
1986-10-15,99.450000
1986-10-16,99.460000
1986-10-17,99.420000
1986-10-20,99.030000
1986-10-21,99.200000
1986-10-22,99.360000
1986-10-23,99.920000
1986-10-24,99.790000
1986-10-27,99.970000
1986-10-28,100.000000
1986-10-29,100.190000
1986-10-30,100.360000
1986-10-31,100.430000
1986-11-03,100.490000
1986-11-04,100.560000
1986-11-05,100.590000
1986-11-06,100.590000
1986-11-07,100.630000
1986-11-10,100.680000
1986-11-11,100.690000
1986-11-12,100.720000
1986-11-13,100.720000
1986-11-14,100.770000
1986-11-17,100.780000
1986-11-18,100.750000
1986-11-19,100.790000
1986-11-20,100.830000
1986-11-21,100.820000
1986-11-24,101.130000
1986-11-25,101.270000
1986-11-26,101.340000
1986-11-28,101.330000
1986-12-01,101.480000
1986-12-02,101.670000
1986-12-03,101.730000
1986-12-04,101.740000
1986-12-05,101.680000
1986-12-08,101.750000
1986-12-09,101.760000
1986-12-10,101.850000
1986-12-11,101.770000
1986-12-12,101.840000
1986-12-15,101.930000
1986-12-16,101.990000
1986-12-17,102.030000
1986-12-18,102.070000
1986-12-19,102.060000
1986-12-22,102.320000
1986-12-23,102.250000
1986-12-24,102.420000
1986-12-26,102.450000
1986-12-29,102.100000
1986-12-30,102.110000
1986-12-31,101.790000
1987-01-02,102.570000
1987-01-05,102.890000
1987-01-06,102.940000
1987-01-07,103.010000
1987-01-08,103.020000
1987-01-09,103.040000
1987-01-12,103.060000
1987-01-13,103.070000
1987-01-14,103.090000
1987-01-15,103.110000
1987-01-16,103.070000
1987-01-19,103.500000
1987-01-20,103.330000
1987-01-21,103.290000
1987-01-22,103.840000
1987-01-23,103.250000
1987-01-26,103.420000
1987-01-27,103.790000
1987-01-28,103.930000
1987-01-29,103.940000
1987-01-30,104.040000
1987-02-02,104.240000
1987-02-03,104.260000
1987-02-04,104.370000
1987-02-05,104.440000
1987-02-06,104.480000
1987-02-09,104.500000
1987-02-10,104.440000
1987-02-11,104.530000
1987-02-12,104.570000
1987-02-13,104.630000
1987-02-17,104.650000
1987-02-18,104.670000
1987-02-19,104.690000
1987-02-20,104.680000
1987-02-23,104.500000
1987-02-24,104.590000
1987-02-25,104.750000
1987-02-26,104.790000
1987-02-27,104.820000
1987-03-02,104.920000
1987-03-03,105.070000
1987-03-04,105.390000
1987-03-05,105.510000
1987-03-06,105.550000
1987-03-09,105.580000
1987-03-10,105.680000
1987-03-11,105.700000
1987-03-12,105.740000
1987-03-13,105.760000
1987-03-16,105.780000
1987-03-17,105.840000
1987-03-18,105.860000
1987-03-19,105.880000
1987-03-20,105.840000
1987-03-23,106.290000
1987-03-24,106.270000
1987-03-25,106.240000
1987-03-26,106.390000
1987-03-27,106.010000
1987-03-30,105.070000
1987-03-31,105.570000
1987-04-01,105.890000
1987-04-02,106.020000
1987-04-03,106.790000
1987-04-06,106.920000
1987-04-07,106.660000
1987-04-08,106.700000
1987-04-09,106.310000
1987-04-10,106.460000
1987-04-13,105.340000
1987-04-14,103.690000
1987-04-15,105.370000
1987-04-16,106.140000
1987-04-20,106.070000
1987-04-21,106.910000
1987-04-22,106.300000
1987-04-23,106.320000
1987-04-24,105.710000
1987-04-27,105.630000
1987-04-28,105.800000
1987-04-29,106.220000
1987-04-30,106.990000
1987-05-01,107.090000
1987-05-04,107.320000
1987-05-05,107.770000
1987-05-06,107.820000
1987-05-07,107.870000
1987-05-08,107.900000
1987-05-11,107.940000
1987-05-12,108.030000
1987-05-13,108.060000
1987-05-14,108.100000
1987-05-15,108.070000
1987-05-18,108.020000
1987-05-19,106.890000
1987-05-20,106.840000
1987-05-21,107.200000
1987-05-22,107.610000
1987-05-26,108.760000
1987-05-27,108.880000
1987-05-28,109.260000
1987-05-29,109.240000
1987-06-01,109.290000
1987-06-02,109.100000
1987-06-03,109.540000
1987-06-04,109.700000
1987-06-05,109.720000
1987-06-08,109.870000
1987-06-09,109.950000
1987-06-10,110.000000
1987-06-11,110.040000
1987-06-12,110.090000
1987-06-15,110.110000
1987-06-16,110.130000
1987-06-17,110.150000
1987-06-18,110.170000
1987-06-19,110.160000
1987-06-22,110.650000
1987-06-23,110.550000
1987-06-24,110.460000
1987-06-25,110.800000
1987-06-26,110.680000
1987-06-29,110.850000
1987-06-30,110.540000
1987-07-01,110.440000
1987-07-02,110.790000
1987-07-06,110.890000
1987-07-07,111.260000
1987-07-08,111.430000
1987-07-09,111.430000
1987-07-10,111.580000
1987-07-13,111.650000
1987-07-14,111.730000
1987-07-15,111.750000
1987-07-16,111.800000
1987-07-17,111.780000
1987-07-20,111.730000
1987-07-21,111.500000
1987-07-22,111.500000
1987-07-23,111.400000
1987-07-24,111.650000
1987-07-27,111.950000
1987-07-28,112.090000
1987-07-29,112.440000
1987-07-30,112.610000
1987-07-31,112.650000
1987-08-03,112.650000
1987-08-04,112.580000
1987-08-05,112.780000
1987-08-06,112.910000
1987-08-07,113.020000
1987-08-10,113.090000
1987-08-11,113.110000
1987-08-12,113.120000
1987-08-13,113.150000
1987-08-14,113.170000
1987-08-17,113.190000
1987-08-18,113.210000
1987-08-19,113.230000
1987-08-20,113.250000
1987-08-21,113.240000
1987-08-24,113.170000
1987-08-25,113.540000
1987-08-26,113.440000
1987-08-27,113.090000
1987-08-28,112.710000
1987-08-31,113.220000
1987-09-01,112.080000
1987-09-02,111.990000
1987-09-03,111.750000
1987-09-04,110.890000
1987-09-08,110.340000
1987-09-09,110.450000
1987-09-10,111.420000
1987-09-11,112.910000
1987-09-14,113.090000
1987-09-15,111.990000
1987-09-16,111.040000
1987-09-17,111.370000
1987-09-18,111.060000
1987-09-21,110.510000
1987-09-22,111.380000
1987-09-23,111.470000
1987-09-24,111.460000
1987-09-25,111.650000
1987-09-28,111.800000
1987-09-29,111.850000
1987-09-30,111.900000
1987-10-01,112.060000
1987-10-02,112.110000
1987-10-05,112.150000
1987-10-06,111.910000
1987-10-07,112.060000
1987-10-08,111.910000
1987-10-09,111.840000
1987-10-12,111.920000
1987-10-13,112.260000
1987-10-14,111.300000
1987-10-15,109.850000
1987-10-16,96.190000
1987-10-19,67.480000
1987-10-20,74.380000
1987-10-21,85.250000
1987-10-22,83.040000
1987-10-23,82.200000
1987-10-26,75.000000
1987-10-27,78.290000
1987-10-28,79.180000
1987-10-29,85.390000
1987-10-30,87.140000
1987-11-02,87.160000
1987-11-03,83.750000
1987-11-04,86.870000
1987-11-05,89.300000
1987-11-06,86.570000
1987-11-09,84.700000
1987-11-10,83.520000
1987-11-11,84.920000
1987-11-12,86.670000
1987-11-13,85.750000
1987-11-16,85.510000
1987-11-17,84.500000
1987-11-18,85.040000
1987-11-19,84.040000
1987-11-20,83.770000
1987-11-23,84.390000
1987-11-24,85.100000
1987-11-25,85.200000
1987-11-27,84.580000
1987-11-30,83.110000
1987-12-01,83.430000
1987-12-02,83.840000
1987-12-03,82.100000
1987-12-04,82.020000
1987-12-07,83.520000
1987-12-08,84.920000
1987-12-09,85.310000
1987-12-10,84.400000
1987-12-11,85.110000
1987-12-14,86.470000
1987-12-15,86.700000
1987-12-16,87.010000
1987-12-17,86.950000
1987-12-18,87.070000
1987-12-21,87.600000
1987-12-22,87.660000
1987-12-23,88.310000
1987-12-24,88.280000
1987-12-28,87.530000
1987-12-29,87.680000
1987-12-30,88.220000
1987-12-31,87.770000
1988-01-04,88.840000
1988-01-05,89.060000
1988-01-06,89.190000
1988-01-07,89.330000
1988-01-08,87.060000
1988-01-11,88.710000
1988-01-12,88.800000
1988-01-13,88.880000
1988-01-14,88.990000
1988-01-15,89.500000
1988-01-18,89.800000
1988-01-19,89.450000
1988-01-20,88.480000
1988-01-21,88.610000
1988-01-22,89.400000
1988-01-25,90.340000
1988-01-26,90.050000
1988-01-27,90.020000
1988-01-28,90.700000
1988-01-29,91.090000
1988-02-01,90.970000
1988-02-02,91.060000
1988-02-03,90.790000
1988-02-04,91.090000
1988-02-05,90.920000
1988-02-08,90.890000
1988-02-09,91.690000
1988-02-10,91.960000
1988-02-11,91.860000
1988-02-12,92.260000
1988-02-16,92.480000
1988-02-17,92.480000
1988-02-18,92.610000
1988-02-19,92.550000
1988-02-22,93.140000
1988-02-23,92.970000
1988-02-24,93.040000
1988-02-25,92.640000
1988-02-26,92.890000
1988-02-29,93.540000
1988-03-01,93.520000
1988-03-02,93.700000
1988-03-03,93.700000
1988-03-04,93.750000
1988-03-07,94.030000
1988-03-08,94.170000
1988-03-09,94.180000
1988-03-10,93.850000
1988-03-11,94.160000
1988-03-14,94.350000
1988-03-15,94.430000
1988-03-16,94.450000
1988-03-17,94.570000
1988-03-18,94.510000
1988-03-21,94.460000
1988-03-22,94.530000
1988-03-23,94.640000
1988-03-24,93.520000
1988-03-25,92.400000
1988-03-28,92.710000
1988-03-29,93.190000
1988-03-30,92.640000
1988-03-31,93.240000
1988-04-04,92.670000
1988-04-05,93.550000
1988-04-06,95.290000
1988-04-07,95.260000
1988-04-08,95.820000
1988-04-11,95.960000
1988-04-12,96.160000
1988-04-13,96.180000
1988-04-14,93.850000
1988-04-15,94.540000
1988-04-18,94.820000
1988-04-19,94.860000
1988-04-20,94.740000
1988-04-21,94.710000
1988-04-22,95.380000
1988-04-25,95.590000
1988-04-26,95.830000
1988-04-27,95.920000
1988-04-28,95.850000
1988-04-29,95.840000
1988-05-02,96.060000
1988-05-03,96.230000
1988-05-04,96.080000
1988-05-05,96.030000
1988-05-06,96.010000
1988-05-09,96.090000
1988-05-10,96.410000
1988-05-11,95.770000
1988-05-12,96.050000
1988-05-13,96.560000
1988-05-16,96.670000
1988-05-17,96.480000
1988-05-18,96.150000
1988-05-19,96.700000
1988-05-20,96.910000
1988-05-23,96.990000
1988-05-24,97.360000
1988-05-25,97.430000
1988-05-26,97.710000
1988-05-27,97.670000
1988-05-31,98.250000
1988-06-01,98.350000
1988-06-02,98.330000
1988-06-03,98.360000
1988-06-06,98.420000
1988-06-07,98.480000
1988-06-08,98.550000
1988-06-09,98.580000
1988-06-10,98.600000
1988-06-13,98.630000
1988-06-14,98.680000
1988-06-15,98.700000
1988-06-16,98.720000
1988-06-17,98.640000
1988-06-20,98.580000
1988-06-21,99.020000
1988-06-22,99.410000
1988-06-23,99.480000
1988-06-24,99.290000
1988-06-27,98.830000
1988-06-28,99.350000
1988-06-29,99.240000
1988-06-30,99.640000
1988-07-01,99.590000
1988-07-05,100.010000
1988-07-06,99.600000
1988-07-07,99.800000
1988-07-08,99.800000
1988-07-11,100.010000
1988-07-12,99.850000
1988-07-13,100.210000
1988-07-14,100.290000
1988-07-15,100.310000
1988-07-18,100.380000
1988-07-19,100.010000
1988-07-20,100.180000
1988-07-21,99.600000
1988-07-22,99.140000
1988-07-25,99.520000
1988-07-26,99.780000
1988-07-27,99.320000
1988-07-28,100.150000
1988-07-29,100.950000
1988-08-01,101.110000
1988-08-02,101.190000
1988-08-03,101.360000
1988-08-04,101.340000
1988-08-05,101.300000
1988-08-08,101.220000
1988-08-09,100.790000
1988-08-10,99.900000
1988-08-11,100.340000
1988-08-12,100.320000
1988-08-15,99.450000
1988-08-16,100.210000
1988-08-17,100.300000
1988-08-18,100.630000
1988-08-19,100.270000
1988-08-22,99.620000
1988-08-23,99.890000
1988-08-24,100.520000
1988-08-25,100.370000
1988-08-26,100.530000
1988-08-29,101.000000
1988-08-30,101.090000
1988-08-31,101.060000
1988-09-01,100.620000
1988-09-02,101.410000
1988-09-06,101.560000
1988-09-07,101.640000
1988-09-08,101.660000
1988-09-09,101.750000
1988-09-12,101.800000
1988-09-13,101.840000
1988-09-14,101.880000
1988-09-15,101.930000
1988-09-16,101.890000
1988-09-19,101.860000
1988-09-20,102.040000
1988-09-21,102.140000
1988-09-22,102.040000
1988-09-23,102.220000
1988-09-26,102.200000
1988-09-27,102.160000
1988-09-28,102.370000
1988-09-29,102.780000
1988-09-30,102.740000
1988-10-03,102.710000
1988-10-04,102.760000
1988-10-05,102.850000
1988-10-06,102.880000
1988-10-07,103.230000
1988-10-10,103.260000
1988-10-11,103.270000
1988-10-12,103.090000
1988-10-13,103.290000
1988-10-14,103.350000
1988-10-17,103.420000
1988-10-18,103.470000
1988-10-19,103.480000
1988-10-20,103.540000
1988-10-21,103.510000
1988-10-24,103.500000
1988-10-25,103.500000
1988-10-26,103.370000
1988-10-27,102.790000
1988-10-28,103.140000
1988-10-31,103.210000
1988-11-01,103.330000
1988-11-02,103.490000
1988-11-03,103.510000
1988-11-04,103.150000
1988-11-07,102.960000
1988-11-08,103.100000
1988-11-09,103.210000
1988-11-10,103.330000
1988-11-11,101.810000
1988-11-14,102.020000
1988-11-15,102.140000
1988-11-16,100.260000
1988-11-17,100.870000
1988-11-18,101.520000
1988-11-21,101.720000
1988-11-22,101.920000
1988-11-23,102.140000
1988-11-25,101.980000
1988-11-28,102.240000
1988-11-29,102.510000
1988-11-30,102.640000
1988-12-01,102.640000
1988-12-02,102.650000
1988-12-05,102.770000
1988-12-06,102.850000
1988-12-07,102.880000
1988-12-08,102.910000
1988-12-09,102.950000
1988-12-12,102.970000
1988-12-13,103.000000
1988-12-14,103.040000
1988-12-15,103.060000
1988-12-16,103.030000
1988-12-19,103.410000
1988-12-20,103.310000
1988-12-21,103.360000
1988-12-22,103.370000
1988-12-23,103.450000
1988-12-27,103.480000
1988-12-28,103.540000
1988-12-29,103.690000
1988-12-30,103.700000
1989-01-03,103.510000
1989-01-04,103.920000
1989-01-05,103.940000
1989-01-06,104.020000
1989-01-09,104.070000
1989-01-10,104.100000
1989-01-11,104.160000
1989-01-12,104.230000
1989-01-13,104.270000
1989-01-16,104.310000
1989-01-17,104.340000
1989-01-18,104.360000
1989-01-19,104.380000
1989-01-20,104.380000
1989-01-23,104.260000
1989-01-24,104.670000
1989-01-25,104.720000
1989-01-26,104.860000
1989-01-27,104.910000
1989-01-30,105.040000
1989-01-31,105.180000
1989-02-01,105.200000
1989-02-02,105.220000
1989-02-03,105.260000
1989-02-06,105.290000
1989-02-07,105.340000
1989-02-08,105.380000
1989-02-09,105.370000
1989-02-10,105.360000
1989-02-13,105.430000
1989-02-14,105.450000
1989-02-15,105.520000
1989-02-16,105.540000
1989-02-17,105.530000
1989-02-21,105.540000
1989-02-22,104.930000
1989-02-23,105.120000
1989-02-24,104.340000
1989-02-27,104.690000
1989-02-28,104.970000
1989-03-01,104.720000
1989-03-02,105.360000
1989-03-03,105.620000
1989-03-06,106.040000
1989-03-07,106.080000
1989-03-08,106.150000
1989-03-09,106.170000
1989-03-10,106.210000
1989-03-13,106.450000
1989-03-14,106.490000
1989-03-15,106.650000
1989-03-16,106.720000
1989-03-17,106.680000
1989-03-20,106.640000
1989-03-21,107.000000
1989-03-22,106.960000
1989-03-23,106.900000
1989-03-27,107.140000
1989-03-28,107.330000
1989-03-29,107.450000
1989-03-30,107.470000
1989-03-31,107.660000
1989-04-03,107.780000
1989-04-04,107.790000
1989-04-05,107.890000
1989-04-06,107.840000
1989-04-07,107.980000
1989-04-10,108.040000
1989-04-11,108.070000
1989-04-12,108.120000
1989-04-13,108.080000
1989-04-14,108.220000
1989-04-17,108.270000
1989-04-18,108.300000
1989-04-19,108.320000
1989-04-20,108.350000
1989-04-21,108.330000
1989-04-24,108.380000
1989-04-25,108.310000
1989-04-26,108.350000
1989-04-27,108.520000
1989-04-28,108.540000
1989-05-01,108.620000
1989-05-02,108.620000
1989-05-03,108.680000
1989-05-04,108.720000
1989-05-05,108.740000
1989-05-08,108.790000
1989-05-09,108.760000
1989-05-10,108.870000
1989-05-11,108.980000
1989-05-12,109.200000
1989-05-15,109.260000
1989-05-16,109.280000
1989-05-17,109.320000
1989-05-18,109.350000
1989-05-19,109.340000
1989-05-22,109.410000
1989-05-23,109.240000
1989-05-24,109.390000
1989-05-25,109.490000
1989-05-26,109.640000
1989-05-30,109.560000
1989-05-31,109.690000
1989-06-01,109.800000
1989-06-02,109.920000
1989-06-05,109.870000
1989-06-06,109.960000
1989-06-07,110.050000
1989-06-08,110.070000
1989-06-09,110.100000
1989-06-12,110.130000
1989-06-13,110.190000
1989-06-14,110.220000
1989-06-15,110.240000
1989-06-16,110.250000
1989-06-19,110.390000
1989-06-20,110.490000
1989-06-21,110.480000
1989-06-22,110.610000
1989-06-23,110.760000
1989-06-26,110.790000
1989-06-27,110.850000
1989-06-28,110.820000
1989-06-29,110.610000
1989-06-30,110.460000
1989-07-03,110.650000
1989-07-05,110.780000
1989-07-06,110.820000
1989-07-07,111.000000
1989-07-10,111.070000
1989-07-11,111.110000
1989-07-12,111.160000
1989-07-13,111.180000
1989-07-14,111.210000
1989-07-17,111.240000
1989-07-18,111.290000
1989-07-19,111.320000
1989-07-20,111.350000
1989-07-21,111.320000
1989-07-24,111.320000
1989-07-25,111.410000
1989-07-26,111.670000
1989-07-27,111.820000
1989-07-28,111.870000
1989-07-31,112.000000
1989-08-01,111.960000
1989-08-02,111.980000
1989-08-03,112.030000
1989-08-04,112.080000
1989-08-07,112.210000
1989-08-08,112.230000
1989-08-09,112.210000
1989-08-10,112.280000
1989-08-11,112.290000
1989-08-14,112.320000
1989-08-15,112.370000
1989-08-16,112.430000
1989-08-17,112.450000
1989-08-18,112.420000
1989-08-21,112.150000
1989-08-22,112.330000
1989-08-23,112.640000
1989-08-24,112.910000
1989-08-25,112.940000
1989-08-28,113.000000
1989-08-29,112.960000
1989-08-30,113.090000
1989-08-31,113.120000
1989-09-01,113.210000
1989-09-05,113.250000
1989-09-06,113.230000
1989-09-07,113.300000
1989-09-08,113.330000
1989-09-11,113.400000
1989-09-12,113.440000
1989-09-13,113.450000
1989-09-14,113.460000
1989-09-15,113.490000
1989-09-18,113.750000
1989-09-19,113.820000
1989-09-20,113.830000
1989-09-21,113.820000
1989-09-22,113.980000
1989-09-25,113.850000
1989-09-26,113.960000
1989-09-27,114.060000
1989-09-28,114.220000
1989-09-29,114.270000
1989-10-02,114.380000
1989-10-03,114.470000
1989-10-04,114.520000
1989-10-05,114.520000
1989-10-06,114.600000
1989-10-09,114.610000
1989-10-10,114.640000
1989-10-11,114.660000
1989-10-12,114.690000
1989-10-13,113.200000
1989-10-16,114.200000
1989-10-17,114.100000
1989-10-18,114.450000
1989-10-19,114.790000
1989-10-20,114.810000
1989-10-23,114.710000
1989-10-24,114.430000
1989-10-25,114.290000
1989-10-26,113.650000
1989-10-27,113.080000
1989-10-30,113.490000
1989-10-31,114.860000
1989-11-01,115.120000
1989-11-02,114.610000
1989-11-03,114.740000
1989-11-06,113.700000
1989-11-07,114.260000
1989-11-08,115.060000
1989-11-09,114.870000
1989-11-10,115.550000
1989-11-13,115.980000
1989-11-14,115.610000
1989-11-15,116.290000
1989-11-16,116.510000
1989-11-17,116.850000
1989-11-20,116.740000
1989-11-21,116.830000
1989-11-22,117.050000
1989-11-24,117.260000
1989-11-27,117.380000
1989-11-28,117.400000
1989-11-29,117.350000
1989-11-30,117.510000
1989-12-01,117.620000
1989-12-04,117.700000
1989-12-05,117.730000
1989-12-06,117.780000
1989-12-07,117.790000
1989-12-08,117.890000
1989-12-11,117.910000
1989-12-12,117.970000
1989-12-13,118.020000
1989-12-14,118.040000
1989-12-15,118.010000
1989-12-18,117.330000
1989-12-19,117.280000
1989-12-20,117.420000
1989-12-21,117.720000
1989-12-22,118.160000
1989-12-26,118.240000
1989-12-27,118.520000
1989-12-28,118.670000
1989-12-29,118.770000
1990-01-02,118.980000
1990-01-03,119.020000
1990-01-04,118.960000
1990-01-05,118.810000
1990-01-08,119.040000
1990-01-09,118.860000
1990-01-10,118.730000
1990-01-11,119.080000
1990-01-12,117.630000
1990-01-15,117.680000
1990-01-16,118.650000
1990-01-17,117.990000
1990-01-18,118.780000
1990-01-19,119.450000
1990-01-22,117.710000
1990-01-23,118.630000
1990-01-24,118.560000
1990-01-25,117.530000
1990-01-26,117.460000
1990-01-29,117.620000
1990-01-30,117.270000
1990-01-31,118.600000
1990-02-01,118.830000
1990-02-02,119.150000
1990-02-05,119.510000
1990-02-06,119.240000
1990-02-07,120.060000
1990-02-08,120.130000
1990-02-09,120.310000
1990-02-12,119.870000
1990-02-13,120.240000
1990-02-14,120.490000
1990-02-15,120.970000
1990-02-16,120.850000
1990-02-20,120.170000
1990-02-21,120.290000
1990-02-22,120.130000
1990-02-23,119.920000
1990-02-26,120.840000
1990-02-27,121.130000
1990-02-28,121.390000
1990-03-01,121.510000
1990-03-02,121.800000
1990-03-05,121.900000
1990-03-06,122.280000
1990-03-07,122.220000
1990-03-08,122.390000
1990-03-09,122.430000
1990-03-12,122.500000
1990-03-13,122.470000
1990-03-14,122.610000
1990-03-15,122.690000
1990-03-16,122.870000
1990-03-19,123.050000
1990-03-20,122.710000
1990-03-21,122.610000
1990-03-22,122.010000
1990-03-23,122.390000
1990-03-26,122.600000
1990-03-27,123.180000
1990-03-28,123.320000
1990-03-29,123.230000
1990-03-30,122.930000
1990-04-02,122.930000
1990-04-03,123.610000
1990-04-04,123.320000
1990-04-05,123.490000
1990-04-06,123.420000
1990-04-09,123.740000
1990-04-10,123.970000
1990-04-11,124.070000
1990-04-12,124.340000
1990-04-16,124.320000
1990-04-17,124.430000
1990-04-18,124.300000
1990-04-19,124.380000
1990-04-20,124.320000
1990-04-23,124.230000
1990-04-24,124.320000
1990-04-25,124.560000
1990-04-26,124.760000
1990-04-27,124.200000
1990-04-30,124.680000
1990-05-01,124.940000
1990-05-02,125.170000
1990-05-03,125.400000
1990-05-04,125.610000
1990-05-07,125.710000
1990-05-08,125.740000
1990-05-09,125.800000
1990-05-10,125.830000
1990-05-11,125.910000
1990-05-14,125.960000
1990-05-15,125.980000
1990-05-16,126.030000
1990-05-17,126.050000
1990-05-18,126.020000
1990-05-21,126.330000
1990-05-22,126.320000
1990-05-23,126.410000
1990-05-24,126.430000
1990-05-25,126.220000
1990-05-29,126.800000
1990-05-30,126.750000
1990-05-31,126.800000
1990-06-01,126.890000
1990-06-04,127.020000
1990-06-05,127.030000
1990-06-06,127.080000
1990-06-07,127.110000
1990-06-08,127.110000
1990-06-11,127.200000
1990-06-12,127.260000
1990-06-13,127.300000
1990-06-14,127.360000
1990-06-15,127.570000
1990-06-18,126.990000
1990-06-19,127.290000
1990-06-20,127.450000
1990-06-21,127.690000
1990-06-22,126.940000
1990-06-25,126.400000
1990-06-26,126.470000
1990-06-27,127.150000
1990-06-28,127.540000
1990-06-29,127.660000
1990-07-02,127.980000
1990-07-03,128.120000
1990-07-05,127.510000
1990-07-06,128.040000
1990-07-09,128.290000
1990-07-10,128.040000
1990-07-11,128.610000
1990-07-12,128.860000
1990-07-13,128.920000
1990-07-16,129.020000
1990-07-17,129.060000
1990-07-18,129.060000
1990-07-19,129.150000
1990-07-20,129.000000
1990-07-23,128.210000
1990-07-24,128.470000
1990-07-25,128.700000
1990-07-26,128.640000
1990-07-27,128.390000
1990-07-30,128.740000
1990-07-31,128.790000
1990-08-01,128.840000
1990-08-02,128.280000
1990-08-03,127.030000
1990-08-06,124.050000
1990-08-07,124.350000
1990-08-08,125.580000
1990-08-09,126.170000
1990-08-10,124.890000
1990-08-13,125.940000
1990-08-14,126.290000
1990-08-15,126.600000
1990-08-16,123.800000
1990-08-17,121.870000
1990-08-20,122.230000
1990-08-21,121.190000
1990-08-22,120.140000
1990-08-23,117.440000
1990-08-24,118.950000
1990-08-27,121.620000
1990-08-28,121.720000
1990-08-29,122.280000
1990-08-30,121.210000
1990-08-31,121.910000
1990-09-04,122.420000
1990-09-05,122.860000
1990-09-06,122.300000
1990-09-07,123.030000
1990-09-10,122.980000
1990-09-11,123.200000
1990-09-12,123.440000
1990-09-13,122.860000
1990-09-14,122.610000
1990-09-17,123.220000
1990-09-18,123.440000
1990-09-19,123.170000
1990-09-20,121.440000
1990-09-21,121.340000
1990-09-24,120.430000
1990-09-25,121.340000
1990-09-26,120.930000
1990-09-27,120.070000
1990-09-28,121.000000
1990-10-01,122.470000
1990-10-02,122.570000
1990-10-03,122.390000
1990-10-04,122.640000
1990-10-05,122.640000
1990-10-08,123.070000
1990-10-09,121.730000
1990-10-10,120.890000
1990-10-11,119.570000
1990-10-12,121.140000
1990-10-15,122.300000
1990-10-16,121.310000
1990-10-17,121.380000
1990-10-18,123.460000
1990-10-19,124.430000
1990-10-22,124.950000
1990-10-23,124.710000
1990-10-24,124.950000
1990-10-25,124.580000
1990-10-26,123.590000
1990-10-29,123.330000
1990-10-30,123.970000
1990-10-31,124.100000
1990-11-01,124.670000
1990-11-02,125.400000
1990-11-05,125.970000
1990-11-06,125.810000
1990-11-07,125.020000
1990-11-08,125.360000
1990-11-09,126.440000
1990-11-12,126.930000
1990-11-13,126.990000
1990-11-14,127.090000
1990-11-15,127.110000
1990-11-16,126.910000
1990-11-19,127.470000
1990-11-20,127.180000
1990-11-21,127.330000
1990-11-23,127.120000
1990-11-26,127.470000
1990-11-27,127.600000
1990-11-28,127.670000
1990-11-29,127.560000
1990-11-30,128.310000
1990-12-03,128.430000
1990-12-04,128.660000
1990-12-05,128.840000
1990-12-06,128.790000
1990-12-07,128.820000
1990-12-10,128.910000
1990-12-11,128.950000
1990-12-12,129.060000
1990-12-13,129.120000
1990-12-14,129.120000
1990-12-17,129.160000
1990-12-18,129.250000
1990-12-19,129.310000
1990-12-20,129.350000
1990-12-21,129.470000
1990-12-24,129.080000
1990-12-26,129.560000
1990-12-27,129.150000
1990-12-28,129.300000
1990-12-31,129.420000
1991-01-02,129.290000
1991-01-03,128.550000
1991-01-04,128.470000
1991-01-07,127.180000
1991-01-08,126.850000
1991-01-09,125.260000
1991-01-10,126.790000
1991-01-11,126.710000
1991-01-14,125.970000
1991-01-15,126.300000
1991-01-16,127.780000
1991-01-17,131.070000
1991-01-18,132.150000
1991-01-21,132.370000
1991-01-22,131.800000
1991-01-23,132.330000
1991-01-24,133.000000
1991-01-25,133.200000
1991-01-28,133.390000
1991-01-29,133.410000
1991-01-30,133.880000
1991-01-31,134.020000
1991-02-01,134.010000
1991-02-04,134.250000
1991-02-05,134.300000
1991-02-06,134.400000
1991-02-07,134.350000
1991-02-08,134.460000
1991-02-11,134.510000
1991-02-12,134.550000
1991-02-13,134.580000
1991-02-14,134.600000
1991-02-15,135.060000
1991-02-19,135.200000
1991-02-20,134.730000
1991-02-21,134.800000
1991-02-22,134.840000
1991-02-25,135.150000
1991-02-26,134.860000
1991-02-27,135.570000
1991-02-28,135.640000
1991-03-04,136.020000
1991-03-05,136.360000
1991-03-06,136.360000
1991-03-07,136.420000
1991-03-08,136.500000
1991-03-11,136.560000
1991-03-12,136.540000
1991-03-13,136.710000
1991-03-14,136.740000
1991-03-15,136.760000
1991-03-18,136.830000
1991-03-19,136.140000
1991-03-20,136.400000
1991-03-21,136.230000
1991-03-22,136.350000
1991-03-25,136.860000
1991-03-26,137.560000
1991-03-27,137.420000
1991-03-28,137.320000
1991-04-01,137.160000
1991-04-02,137.840000
1991-04-03,137.800000
1991-04-04,137.810000
1991-04-05,137.730000
1991-04-08,138.040000
1991-04-09,137.770000
1991-04-10,137.910000
1991-04-11,138.160000
1991-04-12,138.260000
1991-04-15,138.310000
1991-04-16,138.400000
1991-04-17,138.430000
1991-04-18,138.470000
1991-04-19,138.250000
1991-04-22,138.010000
1991-04-23,138.030000
1991-04-24,138.250000
1991-04-25,137.900000
1991-04-26,137.890000
1991-04-29,137.280000
1991-04-30,137.630000
1991-05-01,138.340000
1991-05-02,138.430000
1991-05-03,138.600000
1991-05-06,138.650000
1991-05-07,138.430000
1991-05-08,138.680000
1991-05-09,139.150000
1991-05-10,138.160000
1991-05-13,138.760000
1991-05-14,137.640000
1991-05-15,136.890000
1991-05-16,138.460000
1991-05-17,138.790000
1991-05-20,138.820000
1991-05-21,139.080000
1991-05-22,139.200000
1991-05-23,139.170000
1991-05-24,139.380000
1991-05-28,139.570000
1991-05-29,139.630000
1991-05-30,139.740000
1991-05-31,139.770000
1991-06-03,139.790000
1991-06-04,139.860000
1991-06-05,139.870000
1991-06-06,139.900000
1991-06-07,139.870000
1991-06-10,139.910000
1991-06-11,139.960000
1991-06-12,139.900000
1991-06-13,140.000000
1991-06-14,140.060000
1991-06-17,140.110000
1991-06-18,140.120000
1991-06-19,140.120000
1991-06-20,140.180000
1991-06-21,140.240000
1991-06-24,139.260000
1991-06-25,139.280000
1991-06-26,139.750000
1991-06-27,140.060000
1991-06-28,139.440000
1991-07-01,140.530000
1991-07-02,140.650000
1991-07-03,140.120000
1991-07-05,140.410000
1991-07-08,140.790000
1991-07-09,140.780000
1991-07-10,140.900000
1991-07-11,141.070000
1991-07-12,141.420000
1991-07-15,141.560000
1991-07-16,141.610000
1991-07-17,141.640000
1991-07-18,141.730000
1991-07-19,141.750000
1991-07-22,141.700000
1991-07-23,141.240000
1991-07-24,141.340000
1991-07-25,141.690000
1991-07-26,141.810000
1991-07-29,142.140000
1991-07-30,142.470000
1991-07-31,142.490000
1991-08-01,142.600000
1991-08-02,142.630000
1991-08-05,142.630000
1991-08-06,142.850000
1991-08-07,142.890000
1991-08-08,142.880000
1991-08-09,142.900000
1991-08-12,143.030000
1991-08-13,143.070000
1991-08-14,143.120000
1991-08-15,143.140000
1991-08-16,142.780000
1991-08-19,141.370000
1991-08-20,141.990000
1991-08-21,143.320000
1991-08-22,143.430000
1991-08-23,143.610000
1991-08-26,143.600000
1991-08-27,143.660000
1991-08-28,143.770000
1991-08-29,143.830000
1991-08-30,143.820000
1991-09-03,143.750000
1991-09-04,143.720000
1991-09-05,143.740000
1991-09-06,143.850000
1991-09-09,143.850000
1991-09-10,143.760000
1991-09-11,143.850000
1991-09-12,144.030000
1991-09-13,143.990000
1991-09-16,144.160000
1991-09-17,144.240000
1991-09-18,144.300000
1991-09-19,144.350000
1991-09-20,144.290000
1991-09-23,144.330000
1991-09-24,144.640000
1991-09-25,144.520000
1991-09-26,144.610000
1991-09-27,144.560000
1991-09-30,144.910000
1991-10-01,145.050000
1991-10-02,145.000000
1991-10-03,144.670000
1991-10-04,144.290000
1991-10-07,144.120000
1991-10-08,144.450000
1991-10-09,143.800000
1991-10-10,144.560000
1991-10-11,144.850000
1991-10-14,145.560000
1991-10-15,145.760000
1991-10-16,145.830000
1991-10-17,145.850000
1991-10-18,145.910000
1991-10-21,145.780000
1991-10-22,145.700000
1991-10-23,145.840000
1991-10-24,145.420000
1991-10-25,145.410000
1991-10-28,146.150000
1991-10-29,146.290000
1991-10-30,146.420000
1991-10-31,146.460000
1991-11-01,146.430000
1991-11-04,146.470000
1991-11-05,146.450000
1991-11-06,146.580000
1991-11-07,146.790000
1991-11-08,146.830000
1991-11-11,146.940000
1991-11-12,146.980000
1991-11-13,147.010000
1991-11-14,147.050000
1991-11-15,145.640000
1991-11-18,146.350000
1991-11-19,145.770000
1991-11-20,145.740000
1991-11-21,145.880000
1991-11-22,145.340000
1991-11-25,145.480000
1991-11-26,146.040000
1991-11-27,145.910000
1991-11-29,145.950000
1991-12-02,146.610000
1991-12-03,146.680000
1991-12-04,146.720000
1991-12-05,146.530000
1991-12-06,146.720000
1991-12-09,146.760000
1991-12-10,146.930000
1991-12-11,146.870000
1991-12-12,147.300000
1991-12-13,147.500000
1991-12-16,147.570000
1991-12-17,147.590000
1991-12-18,147.660000
1991-12-19,147.660000
1991-12-20,147.710000
1991-12-23,148.340000
1991-12-24,148.510000
1991-12-26,148.710000
1991-12-27,148.710000
1991-12-30,148.750000
1991-12-31,148.760000
1992-01-02,148.780000
1992-01-03,148.830000
1992-01-06,148.860000
1992-01-07,148.870000
1992-01-08,148.910000
1992-01-09,148.910000
1992-01-10,148.940000
1992-01-13,148.980000
1992-01-14,149.030000
1992-01-15,149.050000
1992-01-16,149.060000
1992-01-17,149.050000
1992-01-20,148.950000
1992-01-21,148.510000
1992-01-22,149.300000
1992-01-23,148.900000
1992-01-24,149.170000
1992-01-27,149.120000
1992-01-28,149.060000
1992-01-29,148.430000
1992-01-30,148.660000
1992-01-31,148.190000
1992-02-03,148.480000
1992-02-04,149.250000
1992-02-05,149.410000
1992-02-06,149.440000
1992-02-07,149.180000
1992-02-10,149.700000
1992-02-11,149.900000
1992-02-12,150.390000
1992-02-13,150.050000
1992-02-14,150.130000
1992-02-18,149.410000
1992-02-19,149.880000
1992-02-20,150.730000
1992-02-21,150.930000
1992-02-24,151.070000
1992-02-25,151.060000
1992-02-26,151.400000
1992-02-27,151.400000
1992-02-28,151.370000
1992-03-02,151.480000
1992-03-03,151.500000
1992-03-04,151.340000
1992-03-05,151.130000
1992-03-06,150.860000
1992-03-09,151.130000
1992-03-10,151.530000
1992-03-11,151.230000
1992-03-12,151.330000
1992-03-13,151.660000
1992-03-16,151.870000
1992-03-17,152.150000
1992-03-18,152.210000
1992-03-19,152.260000
1992-03-20,152.200000
1992-03-23,152.410000
1992-03-24,152.470000
1992-03-25,152.580000
1992-03-26,152.450000
1992-03-27,151.960000
1992-03-30,152.070000
1992-03-31,152.040000
1992-04-01,152.380000
1992-04-02,151.750000
1992-04-03,152.050000
1992-04-06,152.780000
1992-04-07,151.340000
1992-04-08,150.770000
1992-04-09,152.610000
1992-04-10,152.980000
1992-04-13,153.250000
1992-04-14,153.560000
1992-04-15,153.590000
1992-04-16,153.530000
1992-04-20,153.060000
1992-04-21,153.320000
1992-04-22,153.240000
1992-04-23,153.440000
1992-04-24,153.310000
1992-04-27,153.280000
1992-04-28,153.460000
1992-04-29,153.860000
1992-04-30,154.150000
1992-05-01,153.960000
1992-05-04,154.380000
1992-05-05,154.450000
1992-05-06,154.500000
1992-05-07,154.540000
1992-05-08,154.680000
1992-05-11,154.830000
1992-05-12,154.800000
1992-05-13,154.880000
1992-05-14,154.870000
1992-05-15,155.150000
1992-05-18,155.500000
1992-05-19,155.800000
1992-05-20,155.850000
1992-05-21,155.670000
1992-05-22,155.900000
1992-05-26,155.670000
1992-05-27,155.840000
1992-05-28,156.170000
1992-05-29,156.150000
1992-06-01,156.280000
1992-06-02,156.150000
1992-06-03,156.260000
1992-06-04,156.240000
1992-06-05,156.280000
1992-06-08,156.320000
1992-06-09,156.230000
1992-06-10,156.070000
1992-06-11,156.300000
1992-06-12,156.490000
1992-06-15,156.590000
1992-06-16,156.560000
1992-06-17,156.010000
1992-06-18,156.290000
1992-06-19,156.960000
1992-06-22,157.000000
1992-06-23,157.210000
1992-06-24,157.210000
1992-06-25,157.210000
1992-06-26,157.280000
1992-06-29,157.910000
1992-06-30,157.930000
1992-07-01,158.080000
1992-07-02,158.070000
1992-07-06,158.160000
1992-07-07,158.020000
1992-07-08,158.160000
1992-07-09,158.280000
1992-07-10,158.300000
1992-07-13,158.350000
1992-07-14,158.390000
1992-07-15,158.420000
1992-07-16,158.440000
1992-07-17,158.250000
1992-07-20,158.320000
1992-07-21,158.400000
1992-07-22,158.000000
1992-07-23,158.190000
1992-07-24,158.220000
1992-07-27,158.330000
1992-07-28,158.920000
1992-07-29,159.100000
1992-07-30,159.230000
1992-07-31,159.250000
1992-08-03,159.330000
1992-08-04,159.340000
1992-08-05,159.320000
1992-08-06,159.280000
1992-08-07,159.250000
1992-08-10,159.360000
1992-08-11,159.400000
1992-08-12,159.410000
1992-08-13,159.410000
1992-08-14,159.570000
1992-08-17,159.610000
1992-08-18,159.630000
1992-08-19,159.640000
1992-08-20,159.700000
1992-08-21,159.250000
1992-08-24,158.790000
1992-08-25,159.020000
1992-08-26,159.430000
1992-08-27,159.610000
1992-08-28,159.750000
1992-08-31,159.850000
1992-09-01,160.000000
1992-09-02,160.130000
1992-09-03,160.170000
1992-09-04,160.150000
1992-09-08,160.190000
1992-09-09,160.300000
1992-09-10,160.440000
1992-09-11,160.470000
1992-09-14,160.510000
1992-09-15,160.520000
1992-09-16,160.540000
1992-09-17,160.580000
1992-09-18,161.570000
1992-09-21,161.580000
1992-09-22,161.590000
1992-09-23,161.600000
1992-09-24,161.610000
1992-09-25,161.620000
1992-09-28,161.630000
1992-09-29,161.640000
1992-09-30,161.650000
1992-10-01,161.660000
1992-10-02,161.670000
1992-10-05,161.680000
1992-10-06,161.690000
1992-10-07,161.700000
1992-10-08,161.720000
1992-10-09,161.730000
1992-10-12,161.740000
1992-10-13,161.750000
1992-10-14,161.760000
1992-10-15,161.770000
1992-10-16,161.730000
1992-10-19,162.250000
1992-10-20,162.320000
1992-10-21,162.460000
1992-10-22,162.370000
1992-10-23,162.460000
1992-10-26,162.860000
1992-10-27,162.860000
1992-10-28,163.000000
1992-10-29,163.070000
1992-10-30,163.020000
1992-11-02,163.170000
1992-11-03,163.140000
1992-11-04,163.130000
1992-11-05,163.260000
1992-11-06,163.360000
1992-11-09,163.460000
1992-11-10,163.490000
1992-11-11,163.550000
1992-11-12,163.560000
1992-11-13,163.570000
1992-11-16,163.590000
1992-11-17,163.600000
1992-11-18,163.690000
1992-11-19,163.700000
1992-11-20,163.960000
1992-11-23,164.020000
1992-11-24,164.230000
1992-11-25,164.350000
1992-11-27,164.430000
1992-11-30,164.480000
1992-12-01,164.560000
1992-12-02,164.570000
1992-12-03,164.640000
1992-12-04,164.710000
1992-12-07,164.790000
1992-12-08,164.840000
1992-12-09,164.820000
1992-12-10,164.830000
1992-12-11,164.850000
1992-12-14,164.890000
1992-12-15,164.930000
1992-12-16,164.940000
1992-12-17,164.980000
1992-12-18,165.110000
1992-12-21,165.200000
1992-12-22,165.230000
1992-12-23,165.290000
1992-12-24,165.310000
1992-12-28,165.330000
1992-12-29,165.380000
1992-12-30,165.330000
1992-12-31,165.310000
1993-01-04,165.260000
1993-01-05,165.370000
1993-01-06,165.410000
1993-01-07,164.990000
1993-01-08,165.150000
1993-01-11,165.500000
1993-01-12,165.610000
1993-01-13,165.690000
1993-01-14,165.770000
1993-01-15,165.760000
1993-01-18,165.940000
1993-01-19,165.730000
1993-01-20,165.530000
1993-01-21,165.900000
1993-01-22,166.080000
1993-01-25,166.510000
1993-01-26,166.490000
1993-01-27,166.360000
1993-01-28,166.420000
1993-01-29,166.410000
1993-02-01,166.780000
1993-02-02,166.850000
1993-02-03,166.960000
1993-02-04,166.990000
1993-02-05,167.000000
1993-02-08,167.020000
1993-02-09,167.020000
1993-02-10,167.070000
1993-02-11,167.140000
1993-02-12,167.150000
1993-02-16,166.460000
1993-02-17,166.800000
1993-02-18,167.220000
1993-02-19,167.330000
1993-02-22,167.550000
1993-02-23,167.530000
1993-02-24,167.830000
1993-02-25,167.950000
1993-02-26,168.080000
1993-03-01,168.060000
1993-03-02,168.230000
1993-03-03,168.250000
1993-03-04,168.250000
1993-03-05,168.240000
1993-03-08,168.320000
1993-03-09,168.360000
1993-03-10,168.370000
1993-03-11,168.400000
1993-03-12,168.370000
1993-03-15,168.410000
1993-03-16,168.470000
1993-03-17,168.480000
1993-03-18,168.500000
1993-03-19,168.390000
1993-03-22,168.310000
1993-03-23,168.490000
1993-03-24,168.560000
1993-03-25,168.850000
1993-03-26,168.630000
1993-03-29,168.880000
1993-03-30,169.030000
1993-03-31,169.020000
1993-04-01,168.910000
1993-04-02,167.970000
1993-04-05,168.390000
1993-04-06,168.350000
1993-04-07,168.710000
1993-04-08,168.790000
1993-04-12,169.420000
1993-04-13,169.470000
1993-04-14,169.510000
1993-04-15,169.570000
1993-04-16,169.510000
1993-04-19,169.380000
1993-04-20,169.250000
1993-04-21,169.340000
1993-04-22,168.780000
1993-04-23,168.280000
1993-04-26,167.590000
1993-04-27,168.680000
1993-04-28,168.840000
1993-04-29,169.100000
1993-04-30,169.210000
1993-05-03,169.640000
1993-05-04,169.900000
1993-05-05,169.960000
1993-05-06,169.810000
1993-05-07,169.880000
1993-05-10,169.940000
1993-05-11,170.150000
1993-05-12,170.130000
1993-05-13,169.700000
1993-05-14,169.850000
1993-05-17,170.220000
1993-05-18,170.330000
1993-05-19,170.530000
1993-05-20,170.570000
1993-05-21,170.360000
1993-05-24,170.770000
1993-05-25,170.890000
1993-05-26,171.340000
1993-05-27,171.380000
1993-05-28,171.190000
1993-06-01,171.500000
1993-06-02,171.530000
1993-06-03,171.540000
1993-06-04,171.520000
1993-06-07,171.400000
1993-06-08,171.190000
1993-06-09,171.450000
1993-06-10,171.550000
1993-06-11,171.830000
1993-06-14,171.920000
1993-06-15,171.950000
1993-06-16,172.050000
1993-06-17,172.130000
1993-06-18,171.890000
1993-06-21,172.050000
1993-06-22,172.130000
1993-06-23,171.990000
1993-06-24,172.240000
1993-06-25,172.340000
1993-06-28,172.590000
1993-06-29,172.610000
1993-06-30,172.570000
1993-07-01,172.610000
1993-07-02,172.580000
1993-07-06,172.230000
1993-07-07,172.480000
1993-07-08,172.770000
1993-07-09,172.840000
1993-07-12,172.890000
1993-07-13,172.910000
1993-07-14,172.960000
1993-07-15,172.970000
1993-07-16,172.590000
1993-07-19,172.700000
1993-07-20,172.860000
1993-07-21,172.840000
1993-07-22,172.630000
1993-07-23,172.840000
1993-07-26,173.130000
1993-07-27,173.120000
1993-07-28,173.170000
1993-07-29,173.280000
1993-07-30,173.170000
1993-08-02,173.350000
1993-08-03,173.390000
1993-08-04,173.370000
1993-08-05,173.340000
1993-08-06,173.380000
1993-08-09,173.530000
1993-08-10,173.570000
1993-08-11,173.640000
1993-08-12,173.620000
1993-08-13,173.690000
1993-08-16,173.740000
1993-08-17,173.780000
1993-08-18,173.790000
1993-08-19,173.810000
1993-08-20,173.860000
1993-08-23,173.840000
1993-08-24,174.140000
1993-08-25,174.160000
1993-08-26,174.180000
1993-08-27,174.260000
1993-08-30,174.340000
1993-08-31,174.440000
1993-09-01,174.450000
1993-09-02,174.470000
1993-09-03,174.520000
1993-09-07,174.460000
1993-09-08,174.390000
1993-09-09,174.510000
1993-09-10,174.650000
1993-09-13,174.690000
1993-09-14,174.700000
1993-09-15,174.740000
1993-09-16,174.770000
1993-09-17,174.790000
1993-09-20,174.530000
1993-09-21,174.170000
1993-09-22,174.890000
1993-09-23,175.090000
1993-09-24,175.140000
1993-09-27,175.440000
1993-09-28,175.480000
1993-09-29,175.420000
1993-09-30,175.380000
1993-10-01,175.530000
1993-10-04,175.610000
1993-10-05,175.630000
1993-10-06,175.660000
1993-10-07,175.680000
1993-10-08,175.770000
1993-10-11,175.850000
1993-10-12,175.870000
1993-10-13,175.900000
1993-10-14,175.940000
1993-10-15,175.970000
1993-10-18,175.930000
1993-10-19,175.790000
1993-10-20,175.900000
1993-10-21,175.950000
1993-10-22,175.770000
1993-10-25,175.940000
1993-10-26,175.970000
1993-10-27,176.010000
1993-10-28,176.200000
1993-10-29,176.280000
1993-11-01,176.420000
1993-11-02,176.460000
1993-11-03,176.030000
1993-11-04,175.270000
1993-11-05,175.650000
1993-11-08,176.000000
1993-11-09,176.130000
1993-11-10,176.450000
1993-11-11,176.420000
1993-11-12,176.620000
1993-11-15,176.580000
1993-11-16,176.710000
1993-11-17,176.710000
1993-11-18,176.920000
1993-11-19,177.230000
1993-11-22,177.020000
1993-11-23,177.530000
1993-11-24,177.720000
1993-11-26,177.840000
1993-11-29,177.790000
1993-11-30,177.890000
1993-12-01,177.980000
1993-12-02,178.130000
1993-12-03,178.280000
1993-12-06,178.410000
1993-12-07,178.470000
1993-12-08,178.490000
1993-12-09,178.500000
1993-12-10,178.540000
1993-12-13,178.630000
1993-12-14,178.630000
1993-12-15,178.660000
1993-12-16,178.700000
1993-12-17,179.010000
1993-12-20,179.150000
1993-12-21,179.190000
1993-12-22,179.460000
1993-12-23,179.440000
1993-12-27,179.590000
1993-12-28,179.590000
1993-12-29,179.580000
1993-12-30,179.550000
1993-12-31,179.410000
1994-01-03,179.400000
1994-01-04,179.610000
1994-01-05,179.690000
1994-01-06,179.740000
1994-01-07,179.870000
1994-01-10,179.920000
1994-01-11,179.920000
1994-01-12,179.930000
1994-01-13,179.950000
1994-01-14,179.990000
1994-01-17,180.030000
1994-01-18,180.070000
1994-01-19,180.100000
1994-01-20,180.120000
1994-01-21,180.070000
1994-01-24,179.960000
1994-01-25,179.930000
1994-01-26,180.170000
1994-01-27,180.550000
1994-01-28,180.650000
1994-01-31,180.760000
1994-02-01,180.700000
1994-02-02,180.830000
1994-02-03,180.790000
1994-02-04,179.580000
1994-02-07,180.300000
1994-02-08,180.410000
1994-02-09,180.640000
1994-02-10,180.170000
1994-02-11,180.550000
1994-02-14,180.680000
1994-02-15,180.980000
1994-02-16,181.060000
1994-02-17,181.100000
1994-02-18,181.060000
1994-02-22,181.720000
1994-02-23,181.690000
1994-02-24,180.790000
1994-02-25,181.330000
1994-02-28,181.580000
1994-03-01,181.260000
1994-03-02,181.430000
1994-03-03,181.150000
1994-03-04,181.610000
1994-03-07,182.050000
1994-03-08,181.970000
1994-03-09,182.260000
1994-03-10,181.840000
1994-03-11,182.430000
1994-03-14,182.560000
1994-03-15,182.700000
1994-03-16,182.830000
1994-03-17,182.890000
1994-03-18,183.080000
1994-03-21,183.000000
1994-03-22,183.340000
1994-03-23,183.460000
1994-03-24,182.900000
1994-03-25,182.310000
1994-03-28,182.410000
1994-03-29,180.420000
1994-03-30,178.130000
1994-03-31,177.850000
1994-04-04,174.970000
1994-04-05,179.190000
1994-04-06,179.450000
1994-04-07,180.620000
1994-04-08,179.340000
1994-04-11,180.260000
1994-04-12,179.970000
1994-04-13,178.240000
1994-04-14,178.960000
1994-04-15,178.800000
1994-04-18,178.460000
1994-04-19,178.790000
1994-04-20,178.570000
1994-04-21,179.550000
1994-04-22,179.570000
1994-04-25,180.060000
1994-04-26,180.130000
1994-04-28,180.000000
1994-04-29,180.160000
1994-05-02,180.360000
1994-05-03,180.400000
1994-05-04,180.400000
1994-05-05,180.400000
1994-05-06,180.260000
1994-05-09,179.960000
1994-05-10,180.490000
1994-05-11,180.220000
1994-05-12,180.450000
1994-05-13,180.690000
1994-05-16,180.760000
1994-05-17,180.930000
1994-05-18,180.980000
1994-05-19,181.000000
1994-05-20,180.880000
1994-05-23,180.790000
1994-05-24,181.070000
1994-05-25,181.190000
1994-05-26,181.310000
1994-05-27,181.390000
1994-05-31,181.390000
1994-06-01,181.550000
1994-06-02,181.580000
1994-06-03,181.770000
1994-06-06,181.760000
1994-06-07,181.830000
1994-06-08,181.770000
1994-06-09,181.890000
1994-06-10,181.980000
1994-06-13,182.050000
1994-06-14,182.120000
1994-06-15,182.150000
1994-06-16,182.180000
1994-06-17,181.680000
1994-06-20,181.420000
1994-06-21,180.780000
1994-06-22,181.260000
1994-06-23,180.770000
1994-06-24,178.180000
1994-06-27,180.730000
1994-06-28,180.270000
1994-06-29,180.830000
1994-06-30,179.830000
1994-07-01,180.310000
1994-07-05,180.610000
1994-07-06,180.750000
1994-07-07,181.510000
1994-07-08,181.600000
1994-07-11,181.570000
1994-07-12,181.990000
1994-07-13,182.330000
1994-07-14,183.040000
1994-07-15,183.130000
1994-07-18,183.370000
1994-07-19,183.370000
1994-07-20,183.120000
1994-07-21,183.400000
1994-07-22,183.470000
1994-07-25,183.620000
1994-07-26,183.650000
1994-07-27,183.560000
1994-07-28,183.720000
1994-07-29,184.110000
1994-08-01,184.280000
1994-08-02,184.270000
1994-08-03,184.340000
1994-08-04,184.270000
1994-08-05,184.260000
1994-08-08,184.410000
1994-08-09,184.490000
1994-08-10,184.560000
1994-08-11,184.560000
1994-08-12,184.670000
1994-08-15,184.690000
1994-08-16,184.760000
1994-08-17,184.790000
1994-08-18,184.810000
1994-08-19,184.760000
1994-08-22,184.780000
1994-08-23,185.040000
1994-08-24,185.250000
1994-08-25,185.270000
1994-08-26,185.420000
1994-08-29,185.490000
1994-08-30,185.580000
1994-08-31,185.570000
1994-09-01,185.590000
1994-09-02,185.610000
1994-09-06,185.690000
1994-09-07,185.710000
1994-09-08,185.760000
1994-09-09,185.750000
1994-09-12,185.800000
1994-09-13,185.870000
1994-09-14,185.890000
1994-09-15,185.910000
1994-09-16,185.820000
1994-09-19,185.900000
1994-09-20,184.800000
1994-09-21,184.980000
1994-09-22,184.900000
1994-09-23,184.610000
1994-09-26,185.020000
1994-09-27,185.420000
1994-09-28,185.830000
1994-09-29,185.590000
1994-09-30,185.460000
1994-10-03,185.460000
1994-10-04,183.780000
1994-10-05,183.930000
1994-10-06,183.620000
1994-10-07,184.610000
1994-10-10,185.720000
1994-10-11,186.790000
1994-10-12,186.800000
1994-10-13,186.940000
1994-10-14,187.210000
1994-10-17,187.270000
1994-10-18,187.370000
1994-10-19,187.500000
1994-10-20,187.550000
1994-10-21,187.350000
1994-10-24,186.980000
1994-10-25,187.320000
1994-10-26,187.600000
1994-10-27,187.830000
1994-10-28,188.550000
1994-10-31,188.600000
1994-11-01,188.480000
1994-11-02,188.310000
1994-11-03,188.440000
1994-11-04,187.890000
1994-11-07,188.200000
1994-11-08,188.630000
1994-11-09,188.680000
1994-11-10,188.760000
1994-11-11,188.730000
1994-11-14,189.030000
1994-11-15,189.110000
1994-11-16,189.280000
1994-11-17,189.350000
1994-11-18,189.310000
1994-11-21,189.070000
1994-11-22,187.340000
1994-11-23,187.920000
1994-11-25,188.610000
1994-11-28,189.030000
1994-11-29,189.340000
1994-11-30,189.260000
1994-12-01,188.330000
1994-12-02,189.280000
1994-12-05,189.620000
1994-12-06,189.720000
1994-12-07,189.560000
1994-12-08,188.310000
1994-12-09,188.920000
1994-12-12,189.840000
1994-12-13,190.190000
1994-12-14,190.880000
1994-12-15,191.010000
1994-12-16,191.070000
1994-12-19,191.140000
1994-12-20,191.130000
1994-12-21,191.520000
1994-12-22,191.410000
1994-12-23,191.620000
1994-12-27,191.750000
1994-12-28,191.640000
1994-12-29,191.740000
1994-12-30,191.600000
1995-01-03,191.710000
1995-01-04,191.890000
1995-01-05,191.960000
1995-01-06,192.080000
1995-01-09,192.150000
1995-01-10,192.210000
1995-01-11,192.290000
1995-01-12,192.300000
1995-01-13,192.390000
1995-01-16,192.440000
1995-01-17,192.460000
1995-01-18,192.480000
1995-01-19,192.510000
1995-01-20,192.520000
1995-01-23,192.600000
1995-01-24,192.760000
1995-01-25,192.930000
1995-01-26,193.050000
1995-01-27,193.180000
1995-01-30,193.070000
1995-01-31,193.220000
1995-02-01,193.310000
1995-02-02,193.430000
1995-02-03,193.540000
1995-02-06,193.580000
1995-02-07,193.620000
1995-02-08,193.670000
1995-02-09,193.670000
1995-02-10,193.720000
1995-02-13,193.740000
1995-02-14,193.800000
1995-02-15,193.820000
1995-02-16,193.850000
1995-02-17,193.770000
1995-02-21,193.850000
1995-02-22,194.110000
1995-02-23,194.180000
1995-02-24,194.290000
1995-02-27,194.140000
1995-02-28,194.340000
1995-03-01,194.340000
1995-03-02,194.390000
1995-03-03,194.450000
1995-03-06,194.520000
1995-03-07,194.320000
1995-03-08,194.460000
1995-03-09,194.580000
1995-03-10,194.730000
1995-03-13,194.800000
1995-03-14,194.850000
1995-03-15,194.850000
1995-03-16,194.900000
1995-03-17,194.840000
1995-03-20,195.060000
1995-03-21,194.950000
1995-03-22,195.110000
1995-03-23,195.190000
1995-03-24,195.520000
1995-03-27,195.650000
1995-03-28,195.680000
1995-03-29,195.630000
1995-03-30,195.610000
1995-03-31,195.520000
1995-04-03,195.680000
1995-04-04,195.890000
1995-04-05,195.950000
1995-04-06,196.000000
1995-04-07,196.070000
1995-04-10,196.200000
1995-04-11,196.240000
1995-04-12,196.320000
1995-04-13,196.360000
1995-04-17,196.390000
1995-04-18,196.420000
1995-04-19,196.480000
1995-04-20,196.530000
1995-04-21,196.670000
1995-04-24,197.000000
1995-04-25,196.970000
1995-04-26,197.090000
1995-04-27,197.180000
1995-04-28,197.250000
1995-05-01,197.280000
1995-05-02,197.390000
1995-05-03,197.530000
1995-05-04,197.520000
1995-05-05,197.580000
1995-05-08,197.670000
1995-05-09,197.690000
1995-05-10,197.730000
1995-05-11,197.780000
1995-05-12,197.850000
1995-05-15,197.900000
1995-05-16,197.930000
1995-05-17,197.990000
1995-05-18,198.020000
1995-05-19,198.180000
1995-05-22,198.640000
1995-05-23,198.780000
1995-05-24,198.770000
1995-05-25,198.860000
1995-05-26,198.790000
1995-05-30,198.820000
1995-05-31,199.060000
1995-06-01,199.090000
1995-06-02,199.090000
1995-06-05,199.200000
1995-06-06,199.230000
1995-06-07,199.260000
1995-06-08,199.320000
1995-06-09,199.350000
1995-06-12,199.420000
1995-06-13,199.480000
1995-06-14,199.510000
1995-06-15,199.540000
1995-06-16,199.570000
1995-06-19,199.870000
1995-06-20,199.870000
1995-06-21,199.960000
1995-06-22,200.170000
1995-06-23,200.190000
1995-06-26,200.040000
1995-06-27,199.970000
1995-06-28,200.160000
1995-06-29,200.220000
1995-06-30,200.260000
1995-07-03,200.360000
1995-07-05,200.390000
1995-07-06,200.570000
1995-07-07,200.620000
1995-07-10,200.650000
1995-07-11,200.680000
1995-07-12,200.760000
1995-07-13,200.790000
1995-07-14,200.840000
1995-07-17,200.870000
1995-07-18,200.920000
1995-07-19,200.930000
1995-07-20,200.980000
1995-07-21,200.900000
1995-07-24,201.330000
1995-07-25,201.540000
1995-07-26,201.590000
1995-07-27,201.720000
1995-07-28,201.720000
1995-07-31,201.780000
1995-08-01,201.710000
1995-08-02,201.750000
1995-08-03,201.830000
1995-08-04,201.980000
1995-08-07,202.100000
1995-08-08,202.150000
1995-08-09,202.210000
1995-08-10,202.200000
1995-08-11,202.280000
1995-08-14,202.380000
1995-08-15,202.410000
1995-08-16,202.450000
1995-08-17,202.500000
1995-08-18,202.390000
1995-08-21,202.280000
1995-08-22,202.480000
1995-08-23,202.320000
1995-08-24,202.480000
1995-08-25,202.790000
1995-08-28,202.750000
1995-08-29,202.870000
1995-08-30,203.000000
1995-08-31,203.150000
1995-09-01,203.260000
1995-09-05,203.370000
1995-09-06,203.390000
1995-09-07,203.430000
1995-09-08,203.490000
1995-09-11,203.540000
1995-09-12,203.600000
1995-09-13,203.640000
1995-09-14,203.670000
1995-09-15,203.580000
1995-09-18,203.510000
1995-09-19,203.690000
1995-09-20,203.880000
1995-09-21,203.740000
1995-09-22,203.740000
1995-09-25,203.730000
1995-09-26,203.840000
1995-09-27,203.870000
1995-09-28,204.200000
1995-09-29,204.200000
1995-10-02,203.980000
1995-10-03,204.080000
1995-10-04,204.020000
1995-10-05,204.160000
1995-10-06,204.420000
1995-10-09,204.250000
1995-10-10,204.370000
1995-10-11,204.640000
1995-10-12,204.830000
1995-10-13,204.920000
1995-10-16,204.960000
1995-10-17,205.100000
1995-10-18,205.160000
1995-10-19,205.230000
1995-10-20,205.080000
1995-10-23,205.020000
1995-10-24,205.120000
1995-10-25,204.760000
1995-10-26,204.030000
1995-10-27,204.770000
1995-10-30,205.320000
1995-10-31,205.300000
1995-11-01,205.600000
1995-11-02,206.040000
1995-11-03,206.200000
1995-11-06,206.200000
1995-11-07,206.130000
1995-11-08,206.430000
1995-11-09,206.470000
1995-11-10,206.450000
1995-11-13,206.520000
1995-11-14,206.540000
1995-11-15,206.670000
1995-11-16,206.740000
1995-11-17,206.790000
1995-11-20,206.830000
1995-11-21,207.190000
1995-11-22,207.180000
1995-11-24,207.310000
1995-11-27,207.360000
1995-11-28,207.650000
1995-11-29,207.710000
1995-11-30,207.750000
1995-12-01,207.850000
1995-12-04,207.990000
1995-12-05,207.990000
1995-12-06,207.990000
1995-12-07,208.020000
1995-12-08,208.150000
1995-12-11,208.220000
1995-12-12,208.250000
1995-12-13,208.310000
1995-12-14,208.340000
1995-12-15,208.170000
1995-12-18,207.020000
1995-12-19,207.970000
1995-12-20,207.660000
1995-12-21,207.690000
1995-12-22,208.290000
1995-12-26,208.500000
1995-12-27,208.450000
1995-12-28,208.440000
1995-12-29,208.510000
1996-01-02,208.900000
1996-01-03,208.990000
1996-01-04,208.740000
1996-01-05,208.810000
1996-01-08,209.090000
1996-01-09,208.450000
1996-01-10,207.320000
1996-01-11,208.280000
1996-01-12,208.480000
1996-01-15,208.110000
1996-01-16,209.210000
1996-01-17,209.320000
1996-01-18,209.560000
1996-01-19,210.000000
1996-01-22,210.070000
1996-01-23,210.070000
1996-01-24,210.520000
1996-01-25,210.410000
1996-01-26,210.650000
1996-01-29,210.770000
1996-01-30,210.870000
1996-01-31,210.900000
1996-02-01,210.960000
1996-02-02,210.950000
1996-02-05,211.060000
1996-02-06,211.070000
1996-02-07,211.120000
1996-02-08,211.180000
1996-02-09,211.220000
1996-02-12,211.280000
1996-02-13,211.310000
1996-02-14,211.340000
1996-02-15,211.360000
1996-02-16,211.690000
1996-02-20,210.900000
1996-02-21,212.200000
1996-02-22,212.670000
1996-02-23,212.780000
1996-02-26,212.160000
1996-02-27,212.130000
1996-02-28,211.880000
1996-02-29,211.590000
1996-03-01,212.230000
1996-03-04,212.850000
1996-03-05,213.190000
1996-03-06,213.050000
1996-03-07,213.270000
1996-03-08,210.670000
1996-03-11,212.880000
1996-03-12,212.780000
1996-03-13,213.230000
1996-03-14,213.730000
1996-03-15,213.980000
1996-03-18,214.740000
1996-03-19,214.510000
1996-03-20,214.460000
1996-03-21,214.600000
1996-03-22,214.860000
1996-03-25,214.830000
1996-03-26,215.050000
1996-03-27,214.930000
1996-03-28,214.980000
1996-03-29,214.780000
1996-04-01,215.460000
1996-04-02,215.730000
1996-04-03,215.800000
1996-04-04,215.850000
1996-04-08,215.550000
1996-04-09,215.610000
1996-04-10,214.660000
1996-04-11,214.980000
1996-04-12,215.940000
1996-04-15,216.420000
1996-04-16,216.500000
1996-04-17,216.520000
1996-04-18,216.640000
1996-04-19,216.790000
1996-04-22,217.100000
1996-04-23,217.440000
1996-04-24,217.330000
1996-04-25,217.620000
1996-04-26,217.760000
1996-04-29,217.770000
1996-04-30,217.870000
1996-05-01,217.890000
1996-05-02,216.970000
1996-05-03,217.410000
1996-05-06,217.510000
1996-05-07,217.560000
1996-05-08,218.340000
1996-05-09,218.250000
1996-05-10,218.620000
1996-05-13,218.730000
1996-05-14,218.810000
1996-05-15,218.850000
1996-05-16,218.900000
1996-05-17,218.890000
1996-05-20,219.240000
1996-05-21,219.200000
1996-05-22,219.630000
1996-05-23,219.500000
1996-05-24,219.780000
1996-05-28,219.450000
1996-05-29,219.160000
1996-05-30,219.760000
1996-05-31,219.500000
1996-06-03,219.570000
1996-06-04,220.120000
1996-06-05,220.430000
1996-06-06,220.140000
1996-06-07,220.470000
1996-06-10,220.410000
1996-06-11,220.670000
1996-06-12,220.580000
1996-06-13,220.710000
1996-06-14,220.660000
1996-06-17,221.090000
1996-06-18,220.910000
1996-06-19,221.270000
1996-06-20,221.440000
1996-06-21,221.640000
1996-06-24,222.040000
1996-06-25,222.130000
1996-06-26,221.990000
1996-06-27,222.450000
1996-06-28,222.730000
1996-07-01,223.040000
1996-07-02,222.980000
1996-07-03,223.040000
1996-07-05,221.820000
1996-07-08,221.480000
1996-07-09,222.200000
1996-07-10,222.700000
1996-07-11,220.580000
1996-07-12,221.190000
1996-07-15,215.190000
1996-07-16,216.160000
1996-07-17,218.210000
1996-07-18,221.590000
1996-07-19,220.970000
1996-07-22,220.040000
1996-07-23,219.070000
1996-07-24,219.390000
1996-07-25,220.350000
1996-07-26,221.300000
1996-07-29,220.550000
1996-07-30,221.000000
1996-07-31,221.750000
1996-08-01,222.400000
1996-08-02,223.130000
1996-08-05,223.110000
1996-08-06,223.250000
1996-08-07,223.350000
1996-08-08,223.420000
1996-08-09,223.440000
1996-08-12,223.530000
1996-08-13,223.560000
1996-08-14,223.620000
1996-08-15,223.650000
1996-08-16,223.990000
1996-08-19,224.070000
1996-08-20,224.230000
1996-08-21,224.390000
1996-08-22,224.830000
1996-08-23,224.640000
1996-08-26,224.350000
1996-08-27,224.640000
1996-08-28,224.670000
1996-08-29,223.940000
1996-08-30,223.190000
1996-09-03,223.700000
1996-09-04,223.940000
1996-09-05,222.760000
1996-09-06,224.640000
1996-09-09,225.470000
1996-09-10,225.640000
1996-09-11,225.900000
1996-09-12,226.070000
1996-09-13,226.300000
1996-09-16,226.350000
1996-09-17,226.370000
1996-09-18,226.430000
1996-09-19,226.490000
1996-09-20,226.620000
1996-09-23,226.640000
1996-09-24,226.790000
1996-09-25,226.800000
1996-09-26,226.920000
1996-09-27,227.040000
1996-09-30,227.050000
1996-10-01,227.250000
1996-10-02,227.630000
1996-10-03,227.680000
1996-10-04,228.230000
1996-10-07,228.320000
1996-10-08,228.320000
1996-10-09,228.310000
1996-10-10,228.360000
1996-10-11,228.580000
1996-10-14,228.650000
1996-10-15,228.660000
1996-10-16,228.740000
1996-10-17,228.790000
1996-10-18,229.160000
1996-10-21,229.120000
1996-10-22,228.840000
1996-10-23,229.060000
1996-10-24,228.590000
1996-10-25,228.500000
1996-10-28,228.320000
1996-10-29,228.830000
1996-10-30,228.900000
1996-10-31,229.370000
1996-11-01,229.380000
1996-11-04,229.830000
1996-11-05,230.190000
1996-11-06,230.600000
1996-11-07,230.670000
1996-11-08,230.790000
1996-11-11,230.900000
1996-11-12,230.950000
1996-11-13,231.020000
1996-11-14,231.050000
1996-11-15,230.740000
1996-11-18,230.650000
1996-11-19,231.140000
1996-11-20,231.210000
1996-11-21,231.200000
1996-11-22,231.840000
1996-11-25,232.130000
1996-11-26,232.080000
1996-11-27,232.110000
1996-11-29,232.310000
1996-12-02,232.460000
1996-12-03,231.950000
1996-12-04,232.260000
1996-12-05,232.190000
1996-12-06,231.880000
1996-12-09,232.860000
1996-12-10,232.810000
1996-12-11,232.440000
1996-12-12,231.390000
1996-12-13,231.820000
1996-12-16,230.730000
1996-12-17,232.530000
1996-12-18,233.160000
1996-12-19,233.540000
1996-12-20,233.270000
1996-12-23,233.240000
1996-12-24,233.680000
1996-12-26,234.030000
1996-12-27,234.100000
1996-12-30,234.110000
1996-12-31,233.260000
1997-01-02,232.850000
1997-01-03,234.450000
1997-01-06,234.380000
1997-01-07,234.860000
1997-01-08,234.590000
1997-01-09,235.000000
1997-01-10,235.370000
1997-01-13,235.550000
1997-01-14,235.740000
1997-01-15,235.780000
1997-01-16,235.850000
1997-01-17,236.420000
1997-01-20,236.660000
1997-01-21,237.210000
1997-01-22,237.630000
1997-01-23,236.420000
1997-01-24,236.480000
1997-01-27,236.000000
1997-01-28,235.870000
1997-01-29,236.850000
1997-01-30,237.730000
1997-02-03,238.250000
1997-02-04,238.360000
1997-02-05,237.680000
1997-02-06,238.080000
1997-02-07,238.690000
1997-02-10,238.620000
1997-02-11,239.020000
1997-02-12,239.260000
1997-02-13,239.350000
1997-02-14,239.390000
1997-02-18,239.520000
1997-02-19,239.580000
1997-02-20,239.620000
1997-02-21,239.710000
1997-02-24,240.630000
1997-02-25,240.940000
1997-02-26,240.350000
1997-02-27,239.420000
1997-02-28,239.100000
1997-03-03,239.870000
1997-03-04,239.630000
1997-03-05,241.150000
1997-03-06,240.720000
1997-03-07,241.540000
1997-03-10,242.370000
1997-03-11,242.380000
1997-03-12,242.120000
1997-03-13,241.090000
1997-03-14,241.990000
1997-03-17,242.490000
1997-03-18,242.080000
1997-03-19,241.990000
1997-03-20,241.750000
1997-03-21,243.380000
1997-03-24,243.980000
1997-03-25,244.300000
1997-03-26,244.410000
1997-03-27,242.400000
1997-03-31,240.540000
1997-04-01,241.540000
1997-04-02,239.570000
1997-04-03,239.720000
1997-04-04,241.720000
1997-04-07,243.090000
1997-04-08,244.080000
1997-04-09,243.200000
1997-04-10,242.750000
1997-04-11,237.320000
1997-04-14,239.480000
1997-04-15,242.890000
1997-04-16,245.340000
1997-04-17,245.090000
1997-04-18,246.610000
1997-04-21,246.060000
1997-04-22,247.350000
1997-04-23,247.170000
1997-04-24,247.080000
1997-04-25,246.660000
1997-04-28,247.460000
1997-04-29,248.520000
1997-04-30,248.680000
1997-05-01,248.740000
1997-05-02,249.130000
1997-05-05,249.260000
1997-05-06,249.220000
1997-05-07,249.280000
1997-05-08,249.350000
1997-05-09,249.420000
1997-05-12,249.480000
1997-05-13,249.520000
1997-05-14,249.550000
1997-05-15,249.580000
1997-05-16,248.170000
1997-05-19,248.740000
1997-05-20,250.150000
1997-05-21,250.030000
1997-05-22,250.060000
1997-05-23,251.160000
1997-05-27,251.330000
1997-05-28,251.260000
1997-05-29,251.210000
1997-05-30,251.610000
1997-06-02,251.580000
1997-06-03,251.610000
1997-06-04,251.330000
1997-06-05,251.610000
1997-06-06,252.640000
1997-06-09,252.880000
1997-06-10,252.980000
1997-06-11,253.120000
1997-06-12,253.200000
1997-06-13,253.270000
1997-06-16,253.320000
1997-06-17,253.370000
1997-06-18,253.420000
1997-06-19,253.440000
1997-06-20,253.450000
1997-06-23,250.650000
1997-06-24,253.600000
1997-06-25,252.870000
1997-06-26,252.360000
1997-06-27,253.050000
1997-06-30,252.650000
1997-07-01,253.820000
1997-07-02,255.250000
1997-07-03,256.200000
1997-07-07,256.090000
1997-07-08,256.410000
1997-07-09,255.960000
1997-07-10,256.450000
1997-07-11,256.760000
1997-07-14,256.870000
1997-07-15,256.950000
1997-07-16,257.030000
1997-07-17,257.080000
1997-07-18,255.610000
1997-07-21,255.640000
1997-07-22,257.880000
1997-07-23,258.230000
1997-07-24,258.660000
1997-07-25,258.600000
1997-07-28,258.570000
1997-07-29,258.970000
1997-07-30,259.400000
1997-07-31,259.550000
1997-08-01,259.470000
1997-08-04,259.890000
1997-08-05,260.140000
1997-08-06,260.300000
1997-08-07,260.320000
1997-08-08,259.870000
1997-08-11,260.300000
1997-08-12,260.090000
1997-08-13,260.200000
1997-08-14,260.640000
1997-08-15,258.340000
1997-08-18,260.360000
1997-08-19,261.760000
1997-08-20,262.940000
1997-08-21,261.370000
1997-08-22,261.330000
1997-08-25,261.620000
1997-08-26,260.940000
1997-08-27,261.380000
1997-08-28,260.410000
1997-08-29,260.250000
1997-09-02,263.090000
1997-09-03,263.160000
1997-09-04,263.450000
1997-09-05,263.620000
1997-09-08,264.230000
1997-09-09,264.510000
1997-09-10,263.770000
1997-09-11,263.440000
1997-09-12,264.770000
1997-09-15,264.780000
1997-09-16,265.300000
1997-09-17,265.420000
1997-09-18,265.460000
1997-09-19,266.200000
1997-09-22,266.970000
1997-09-23,266.930000
1997-09-24,266.350000
1997-09-25,265.870000
1997-09-26,266.820000
1997-09-29,267.690000
1997-09-30,267.110000
1997-10-01,267.980000
1997-10-02,268.290000
1997-10-03,268.800000
1997-10-06,269.120000
1997-10-07,269.560000
1997-10-08,269.490000
1997-10-09,269.600000
1997-10-10,269.610000
1997-10-13,269.840000
1997-10-14,269.970000
1997-10-15,269.990000
1997-10-16,270.050000
1997-10-17,269.270000
1997-10-20,270.710000
1997-10-21,272.150000
1997-10-22,271.890000
1997-10-23,270.230000
1997-10-24,269.630000
1997-10-27,256.460000
1997-10-28,265.890000
1997-10-29,266.120000
1997-10-30,263.670000
1997-10-31,265.490000
1997-11-03,269.410000
1997-11-04,269.520000
1997-11-05,269.770000
1997-11-06,269.770000
1997-11-07,267.920000
1997-11-10,267.900000
1997-11-11,268.630000
1997-11-12,266.070000
1997-11-13,268.490000
1997-11-14,271.660000
1997-11-17,273.620000
1997-11-18,273.610000
1997-11-19,274.240000
1997-11-20,274.620000
1997-11-21,274.710000
1997-11-24,272.790000
1997-11-25,273.730000
1997-11-26,273.760000
1997-11-28,274.950000
1997-12-01,276.920000
1997-12-02,277.050000
1997-12-03,277.850000
1997-12-04,277.740000
1997-12-05,278.520000
1997-12-08,278.670000
1997-12-09,278.790000
1997-12-10,278.380000
1997-12-11,277.160000
1997-12-12,277.580000
1997-12-15,278.920000
1997-12-16,279.210000
1997-12-17,279.400000
1997-12-18,279.710000
1997-12-19,279.880000
1997-12-22,280.850000
1997-12-23,279.670000
1997-12-24,279.400000
1997-12-26,280.220000
1997-12-29,282.020000
1997-12-30,283.010000
1997-12-31,283.190000
1998-01-02,283.560000
1998-01-05,283.590000
1998-01-06,283.410000
1998-01-07,283.610000
1998-01-08,283.570000
1998-01-09,281.870000
1998-01-12,283.680000
1998-01-13,284.340000
1998-01-14,284.480000
1998-01-15,284.600000
1998-01-16,285.030000
1998-01-20,286.600000
1998-01-21,285.990000
1998-01-22,285.460000
1998-01-23,285.130000
1998-01-26,285.280000
1998-01-27,286.740000
1998-01-28,287.360000
1998-01-29,287.930000
1998-01-30,288.000000
1998-02-02,288.780000
1998-02-03,288.960000
1998-02-04,289.190000
1998-02-05,289.110000
1998-02-06,289.470000
1998-02-09,289.450000
1998-02-10,289.630000
1998-02-11,289.750000
1998-02-12,289.790000
1998-02-13,289.840000
1998-02-17,289.920000
1998-02-18,289.990000
1998-02-19,290.030000
1998-02-20,290.480000
1998-02-23,290.990000
1998-02-24,290.590000
1998-02-25,291.540000
1998-02-26,291.800000
1998-02-27,292.010000
1998-03-02,291.970000
1998-03-03,292.230000
1998-03-04,292.200000
1998-03-05,291.670000
1998-03-06,292.660000
1998-03-09,292.770000
1998-03-10,293.140000
1998-03-11,293.270000
1998-03-12,293.390000
1998-03-13,293.350000
1998-03-16,293.530000
1998-03-17,293.580000
1998-03-18,293.680000
1998-03-19,293.740000
1998-03-20,293.710000
1998-03-23,293.540000
1998-03-24,293.970000
1998-03-25,293.490000
1998-03-26,293.600000
1998-03-27,293.260000
1998-03-30,293.200000
1998-03-31,293.940000
1998-04-01,294.600000
1998-04-02,295.370000
1998-04-03,295.480000
1998-04-06,295.700000
1998-04-07,295.320000
1998-04-08,295.440000
1998-04-09,296.120000
1998-04-13,296.230000
1998-04-14,296.520000
1998-04-15,296.620000
1998-04-16,296.680000
1998-04-17,297.830000
1998-04-20,298.220000
1998-04-21,298.570000
1998-04-22,298.930000
1998-04-23,298.410000
1998-04-24,297.610000
1998-04-27,295.460000
1998-04-28,296.020000
1998-04-29,297.350000
1998-04-30,299.050000
1998-05-01,299.860000
1998-05-04,299.860000
1998-05-05,299.620000
1998-05-06,299.110000
1998-05-07,298.590000
1998-05-08,300.230000
1998-05-11,300.400000
1998-05-12,300.770000
1998-05-13,301.000000
1998-05-14,301.090000
1998-05-15,299.790000
1998-05-18,299.830000
1998-05-19,300.630000
1998-05-20,301.430000
1998-05-21,301.360000
1998-05-22,301.280000
1998-05-26,299.110000
1998-05-27,299.390000
1998-05-28,300.410000
1998-05-29,299.880000
1998-06-01,299.880000
1998-06-02,300.470000
1998-06-03,299.050000
1998-06-04,301.280000
1998-06-05,303.540000
1998-06-08,303.770000
1998-06-09,304.060000
1998-06-10,303.750000
1998-06-11,301.880000
1998-06-12,303.200000
1998-06-15,299.830000
1998-06-16,302.300000
1998-06-17,305.030000
1998-06-18,305.560000
1998-06-19,305.070000
1998-06-22,305.610000
1998-06-23,307.050000
1998-06-24,307.790000
1998-06-25,307.670000
1998-06-26,308.150000
1998-06-29,308.430000
1998-06-30,308.360000
1998-07-01,309.010000
1998-07-02,309.100000
1998-07-06,309.270000
1998-07-07,309.380000
1998-07-08,309.580000
1998-07-09,309.540000
1998-07-10,309.640000
1998-07-13,309.720000
1998-07-14,309.810000
1998-07-15,309.870000
1998-07-16,309.910000
1998-07-17,310.020000
1998-07-20,310.060000
1998-07-21,307.870000
1998-07-22,307.980000
1998-07-23,304.420000
1998-07-24,304.790000
1998-07-27,305.850000
1998-07-28,303.260000
1998-07-29,302.220000
1998-07-30,305.790000
1998-07-31,301.360000
1998-08-03,300.120000
1998-08-04,290.380000
1998-08-05,291.990000
1998-08-06,294.810000
1998-08-07,294.850000
1998-08-10,293.450000
1998-08-11,289.240000
1998-08-12,293.530000
1998-08-13,291.170000
1998-08-14,287.640000
1998-08-17,293.320000
1998-08-18,298.110000
1998-08-19,297.450000
1998-08-20,295.500000
1998-08-21,291.920000
1998-08-24,293.010000
1998-08-25,293.620000
1998-08-26,293.300000
1998-08-27,288.250000
1998-08-28,286.890000
1998-08-31,272.810000
1998-09-01,282.390000
1998-09-02,281.550000
1998-09-03,279.460000
1998-09-04,278.050000
1998-09-08,289.220000
1998-09-09,286.150000
1998-09-10,279.760000
1998-09-11,286.920000
1998-09-14,292.550000
1998-09-15,295.050000
1998-09-16,296.410000
1998-09-17,291.800000
1998-09-18,292.220000
1998-09-21,293.080000
1998-09-22,294.580000
1998-09-23,297.780000
1998-09-24,296.180000
1998-09-25,296.700000
1998-09-28,297.210000
1998-09-29,297.620000
1998-09-30,294.430000
1998-10-01,290.450000
1998-10-02,293.990000
1998-10-05,292.280000
1998-10-06,292.320000
1998-10-07,289.720000
1998-10-08,288.650000
1998-10-09,294.100000
1998-10-12,297.580000
1998-10-13,298.290000
1998-10-14,299.860000
1998-10-15,301.370000
1998-10-16,301.210000
1998-10-19,302.790000
1998-10-20,303.120000
1998-10-21,303.600000
1998-10-22,304.940000
1998-10-23,304.350000
1998-10-26,305.260000
1998-10-27,304.740000
1998-10-28,305.280000
1998-10-29,307.320000
1998-10-30,308.120000
1998-11-02,308.900000
1998-11-03,308.880000
1998-11-04,309.110000
1998-11-05,309.650000
1998-11-06,309.840000
1998-11-09,309.760000
1998-11-10,309.990000
1998-11-11,309.950000
1998-11-12,310.040000
1998-11-13,310.240000
1998-11-16,310.360000
1998-11-17,310.450000
1998-11-18,310.500000
1998-11-19,310.550000
1998-11-20,311.220000
1998-11-23,312.890000
1998-11-24,312.480000
1998-11-25,313.070000
1998-11-27,313.420000
1998-11-30,311.730000
1998-12-01,312.840000
1998-12-02,312.670000
1998-12-03,310.590000
1998-12-04,313.480000
1998-12-07,314.280000
1998-12-08,314.110000
1998-12-09,314.390000
1998-12-10,313.740000
1998-12-11,313.880000
1998-12-14,312.120000
1998-12-15,314.790000
1998-12-16,315.160000
1998-12-17,315.490000
1998-12-18,316.920000
1998-12-21,318.380000
1998-12-22,318.910000
1998-12-23,320.270000
1998-12-24,320.100000
1998-12-28,320.170000
1998-12-29,320.780000
1998-12-30,320.520000
1998-12-31,320.490000
1999-01-04,320.670000
1999-01-05,321.160000
1999-01-06,321.470000
1999-01-07,321.420000
1999-01-08,321.540000
1999-01-11,321.480000
1999-01-12,321.560000
1999-01-13,321.520000
1999-01-14,321.650000
1999-01-15,324.040000
1999-01-19,325.310000
1999-01-20,325.820000
1999-01-21,323.800000
1999-01-22,323.050000
1999-01-25,324.800000
1999-01-26,326.720000
1999-01-27,325.860000
1999-01-28,327.890000
1999-01-29,328.960000
1999-02-01,328.990000
1999-02-02,328.680000
1999-02-03,329.300000
1999-02-04,328.020000
1999-02-05,327.780000
1999-02-08,328.690000
1999-02-09,326.790000
1999-02-10,328.300000
1999-02-11,330.690000
1999-02-12,329.730000
1999-02-16,330.880000
1999-02-17,330.550000
1999-02-18,331.510000
1999-02-19,332.110000
1999-02-22,335.590000
1999-02-23,335.450000
1999-02-24,334.390000
1999-02-25,333.990000
1999-02-26,333.840000
1999-03-01,333.800000
1999-03-02,332.900000
1999-03-03,333.530000
1999-03-04,335.740000
1999-03-05,337.790000
1999-03-08,338.280000
1999-03-09,338.320000
1999-03-10,338.640000
1999-03-11,338.950000
1999-03-12,339.000000
1999-03-15,339.190000
1999-03-16,339.270000
1999-03-17,339.300000
1999-03-18,339.360000
1999-03-19,337.110000
1999-03-22,337.280000
1999-03-23,332.390000
1999-03-24,333.410000
1999-03-25,337.350000
1999-03-26,337.090000
1999-03-29,340.240000
1999-03-30,340.010000
1999-03-31,338.250000
1999-04-01,339.900000
1999-04-05,342.740000
1999-04-06,342.520000
1999-04-07,343.260000
1999-04-08,344.010000
1999-04-09,344.180000
1999-04-12,344.430000
1999-04-13,344.400000
1999-04-14,344.220000
1999-04-15,344.680000
1999-04-16,344.280000
1999-04-19,340.920000
1999-04-20,343.380000
1999-04-21,346.080000
1999-04-22,347.710000
1999-04-23,347.590000
1999-04-26,347.880000
1999-04-27,348.230000
1999-04-28,347.720000
1999-04-29,347.260000
1999-04-30,347.130000
1999-05-03,348.600000
1999-05-04,347.520000
1999-05-05,348.520000
1999-05-06,347.490000
1999-05-07,348.880000
1999-05-10,348.880000
1999-05-11,349.710000
1999-05-12,349.990000
1999-05-13,350.330000
1999-05-14,349.670000
1999-05-17,350.220000
1999-05-18,350.520000
1999-05-19,350.920000
1999-05-20,351.110000
1999-05-21,350.350000
1999-05-24,347.670000
1999-05-25,345.120000
1999-05-26,348.240000
1999-05-27,345.420000
1999-05-28,349.040000
1999-06-01,348.480000
1999-06-02,349.170000
1999-06-03,349.730000
1999-06-04,353.430000
1999-06-07,354.280000
1999-06-08,353.440000
1999-06-09,353.830000
1999-06-10,352.400000
1999-06-11,351.310000
1999-06-14,351.970000
1999-06-15,353.310000
1999-06-16,356.040000
1999-06-17,356.400000
1999-06-18,356.820000
1999-06-21,357.560000
1999-06-22,357.010000
1999-06-23,357.020000
1999-06-24,355.330000
1999-06-25,356.060000
1999-06-28,357.520000
1999-06-29,358.770000
1999-06-30,359.890000
1999-07-01,360.470000
1999-07-02,360.730000
1999-07-06,360.790000
1999-07-07,360.990000
1999-07-08,361.070000
1999-07-09,361.250000
1999-07-12,361.320000
1999-07-13,361.360000
1999-07-14,361.420000
1999-07-15,361.510000
1999-07-16,362.280000
1999-07-19,361.500000
1999-07-20,357.810000
1999-07-21,358.270000
1999-07-22,355.700000
1999-07-23,355.350000
1999-07-26,353.800000
1999-07-27,356.830000
1999-07-28,357.670000
1999-07-29,353.670000
1999-07-30,351.100000
1999-08-02,351.310000
1999-08-03,349.930000
1999-08-04,345.940000
1999-08-05,348.130000
1999-08-06,345.000000
1999-08-09,344.680000
1999-08-10,340.520000
1999-08-11,345.860000
1999-08-12,345.910000
1999-08-13,353.040000
1999-08-16,353.980000
1999-08-17,357.430000
1999-08-18,354.230000
1999-08-19,352.160000
1999-08-20,353.940000
1999-08-23,355.760000
1999-08-24,356.110000
1999-08-25,357.120000
1999-08-26,356.580000
1999-08-27,356.110000
1999-08-30,354.310000
1999-08-31,354.440000
1999-09-01,355.910000
1999-09-02,354.630000
1999-09-03,357.790000
1999-09-07,357.630000
1999-09-08,357.380000
1999-09-09,357.940000
1999-09-10,358.580000
1999-09-13,358.580000
1999-09-14,358.500000
1999-09-15,358.230000
1999-09-16,359.080000
1999-09-17,359.960000
1999-09-20,360.350000
1999-09-21,357.450000
1999-09-22,358.160000
1999-09-23,353.950000
1999-09-24,353.870000
1999-09-27,355.740000
1999-09-28,355.900000
1999-09-29,353.580000
1999-09-30,356.640000
1999-10-01,357.040000
1999-10-04,360.450000
1999-10-05,360.560000
1999-10-06,363.150000
1999-10-07,362.750000
1999-10-08,364.590000
1999-10-11,364.880000
1999-10-12,363.750000
1999-10-13,360.020000
1999-10-14,360.200000
1999-10-15,355.310000
1999-10-18,356.800000
1999-10-19,357.970000
1999-10-20,360.960000
1999-10-21,360.860000
1999-10-22,362.380000
1999-10-25,361.870000
1999-10-26,361.320000
1999-10-27,362.290000
1999-10-28,363.940000
1999-10-29,364.220000
1999-11-01,364.440000
1999-11-02,364.240000
1999-11-03,364.520000
1999-11-04,364.690000
1999-11-05,364.900000
1999-11-08,365.000000
1999-11-09,365.120000
1999-11-10,365.210000
1999-11-11,365.260000
1999-11-12,365.370000
1999-11-15,365.420000
1999-11-16,365.460000
1999-11-17,365.590000
1999-11-18,365.630000
1999-11-19,365.950000
1999-11-22,365.970000
1999-11-23,364.850000
1999-11-24,366.180000
1999-11-26,365.320000
1999-11-29,365.010000
1999-11-30,363.360000
1999-12-01,364.970000
1999-12-02,366.160000
1999-12-03,368.380000
1999-12-06,368.290000
1999-12-07,367.940000
1999-12-08,367.510000
1999-12-09,368.030000
1999-12-10,369.280000
1999-12-13,369.480000
1999-12-14,369.000000
1999-12-15,369.950000
1999-12-16,370.210000
1999-12-17,369.940000
1999-12-20,369.080000
1999-12-21,370.850000
1999-12-22,371.220000
1999-12-23,372.930000
1999-12-27,372.730000
1999-12-28,373.110000
1999-12-29,373.360000
1999-12-30,372.960000
1999-12-31,373.520000
2000-01-03,373.550000
2000-01-04,368.700000
2000-01-05,369.490000
2000-01-06,369.940000
2000-01-07,374.360000
2000-01-10,375.410000
2000-01-11,374.740000
2000-01-12,374.640000
2000-01-13,375.770000
2000-01-14,376.520000
2000-01-18,376.500000
2000-01-19,376.720000
2000-01-20,376.920000
2000-01-21,376.420000
2000-01-24,372.340000
2000-01-25,373.890000
2000-01-26,373.700000
2000-01-27,373.110000
2000-01-28,366.930000
2000-01-31,372.600000
2000-02-01,374.870000
2000-02-02,375.360000
2000-02-03,377.420000
2000-02-04,377.810000
2000-02-07,377.930000
2000-02-08,379.430000
2000-02-09,377.370000
2000-02-10,377.950000
2000-02-11,375.200000
2000-02-14,376.390000
2000-02-15,378.990000
2000-02-16,376.770000
2000-02-17,377.470000
2000-02-18,373.380000
2000-02-22,374.510000
2000-02-23,376.350000
2000-02-24,375.050000
2000-02-25,373.430000
2000-02-28,375.590000
2000-02-29,378.030000
2000-03-01,379.590000
2000-03-02,380.180000
2000-03-06,381.090000
2000-03-07,378.510000
2000-03-08,379.990000
2000-03-09,381.900000
2000-03-10,382.050000
2000-03-13,381.890000
2000-03-14,380.720000
2000-03-15,382.450000
2000-03-16,382.880000
2000-03-17,383.460000
2000-03-20,382.910000
2000-03-21,385.610000
2000-03-22,385.950000
2000-03-23,386.890000
2000-03-24,386.890000
2000-03-27,386.830000
2000-03-28,386.310000
2000-03-29,386.830000
2000-03-30,385.560000
2000-03-31,386.850000
2000-04-03,387.490000
2000-04-04,386.740000
2000-04-05,385.880000
2000-04-06,387.130000
2000-04-07,388.390000
2000-04-10,388.180000
2000-04-11,388.120000
2000-04-12,386.480000
2000-04-13,384.650000
2000-04-14,368.250000
2000-04-17,381.360000
2000-04-18,388.210000
2000-04-19,388.780000
2000-04-20,390.220000
2000-04-24,389.940000
2000-04-25,393.650000
2000-04-26,392.660000
2000-04-27,393.270000
2000-04-28,392.670000
2000-05-01,394.260000
2000-05-02,392.440000
2000-05-03,389.290000
2000-05-04,389.070000
2000-05-05,392.580000
2000-05-08,392.600000
2000-05-09,391.860000
2000-05-10,388.150000
2000-05-11,392.390000
2000-05-12,394.500000
2000-05-15,396.760000
2000-05-16,397.440000
2000-05-17,397.570000
2000-05-18,397.880000
2000-05-19,396.140000
2000-05-22,396.080000
2000-05-23,393.760000
2000-05-24,396.910000
2000-05-25,395.760000
2000-05-26,395.550000
2000-05-30,400.460000
2000-05-31,400.440000
2000-06-01,402.210000
2000-06-02,403.030000
2000-06-05,403.030000
2000-06-06,403.130000
2000-06-07,403.490000
2000-06-08,403.390000
2000-06-09,403.550000
2000-06-12,403.690000
2000-06-13,403.960000
2000-06-14,404.030000
2000-06-15,404.130000
2000-06-16,403.460000
2000-06-19,404.740000
2000-06-20,404.440000
2000-06-21,404.720000
2000-06-22,402.600000
2000-06-23,401.690000
2000-06-26,403.470000
2000-06-27,403.600000
2000-06-28,404.600000
2000-06-29,404.370000
2000-06-30,405.290000
2000-07-03,406.750000
2000-07-05,405.020000
2000-07-06,406.010000
2000-07-07,407.810000
2000-07-10,407.930000
2000-07-11,408.230000
2000-07-12,408.720000
2000-07-13,408.850000
2000-07-14,409.140000
2000-07-17,409.260000
2000-07-18,409.360000
2000-07-19,409.430000
2000-07-20,409.540000
2000-07-21,408.890000
2000-07-24,407.680000
2000-07-25,408.740000
2000-07-26,407.470000
2000-07-27,406.700000
2000-07-28,402.100000
2000-07-31,403.880000
2000-08-01,405.660000
2000-08-02,406.430000
2000-08-03,408.350000
2000-08-04,409.950000
2000-08-07,411.830000
2000-08-08,412.380000
2000-08-09,412.110000
2000-08-10,411.320000
2000-08-11,412.710000
2000-08-14,413.930000
2000-08-15,414.020000
2000-08-16,414.060000
2000-08-17,414.340000
2000-08-18,413.860000
2000-08-21,414.680000
2000-08-22,414.820000
2000-08-23,415.350000
2000-08-24,415.770000
2000-08-25,415.980000
2000-08-28,416.660000
2000-08-29,416.550000
2000-08-30,416.040000
2000-08-31,417.110000
2000-09-01,417.250000
2000-09-05,416.710000
2000-09-06,416.060000
2000-09-07,417.170000
2000-09-08,417.300000
2000-09-11,417.660000
2000-09-12,417.760000
2000-09-13,418.150000
2000-09-14,418.680000
2000-09-15,417.680000
2000-09-18,415.250000
2000-09-19,417.230000
2000-09-20,416.420000
2000-09-21,416.380000
2000-09-22,416.370000
2000-09-25,415.590000
2000-09-26,414.040000
2000-09-27,414.260000
2000-09-28,419.030000
2000-09-29,416.600000
2000-10-02,416.700000
2000-10-03,414.940000
2000-10-04,416.990000
2000-10-05,417.570000
2000-10-06,412.750000
2000-10-09,411.830000
2000-10-10,408.300000
2000-10-11,402.090000
2000-10-12,392.380000
2000-10-13,404.540000
2000-10-16,405.740000
2000-10-17,398.430000
2000-10-18,396.000000
2000-10-19,409.510000
2000-10-20,407.810000
2000-10-23,408.220000
2000-10-24,408.740000
2000-10-25,405.250000
2000-10-26,404.480000
2000-10-27,407.470000
2000-10-30,409.430000
2000-10-31,411.480000
2000-11-01,411.160000
2000-11-02,411.750000
2000-11-03,411.970000
2000-11-06,412.400000
2000-11-07,412.520000
2000-11-08,411.880000
2000-11-09,411.450000
2000-11-10,409.180000
2000-11-13,408.730000
2000-11-14,412.720000
2000-11-15,413.720000
2000-11-16,413.870000
2000-11-17,414.070000
2000-11-20,410.650000
2000-11-21,411.660000
2000-11-22,408.040000
2000-11-24,412.340000
2000-11-27,413.590000
2000-11-28,411.380000
2000-11-29,412.780000
2000-11-30,407.320000
2000-12-01,409.390000
2000-12-04,412.010000
2000-12-05,418.700000
2000-12-06,416.730000
2000-12-07,416.090000
2000-12-08,419.770000
2000-12-11,419.950000
2000-12-12,419.550000
2000-12-13,420.550000
2000-12-14,419.570000
2000-12-15,413.220000
2000-12-18,414.030000
2000-12-19,413.000000
2000-12-20,406.570000
2000-12-21,409.080000
2000-12-22,413.720000
2000-12-26,414.940000
2000-12-27,416.170000
2000-12-28,417.330000
2000-12-29,416.570000
2001-01-02,412.490000
2001-01-03,419.260000
2001-01-04,418.650000
2001-01-05,416.080000
2001-01-08,416.440000
2001-01-09,417.620000
2001-01-10,419.370000
2001-01-11,420.740000
2001-01-12,420.870000
2001-01-16,421.680000
2001-01-17,422.020000
2001-01-18,422.180000
2001-01-19,420.760000
2001-01-22,421.460000
2001-01-23,423.110000
2001-01-24,423.430000
2001-01-25,423.130000
2001-01-26,423.230000
2001-01-29,423.990000
2001-01-30,424.530000
2001-01-31,424.710000
2001-02-01,425.120000
2001-02-02,424.440000
2001-02-05,425.080000
2001-02-06,425.260000
2001-02-07,425.040000
2001-02-08,424.990000
2001-02-09,424.040000
2001-02-12,425.680000
2001-02-13,425.410000
2001-02-14,425.830000
2001-02-15,426.620000
2001-02-16,425.940000
2001-02-20,422.810000
2001-02-21,418.860000
2001-02-22,418.270000
2001-02-23,417.210000
2001-02-26,422.550000
2001-02-27,420.740000
2001-02-28,416.400000
2001-03-01,417.270000
2001-03-02,416.070000
2001-03-05,418.730000
2001-03-06,422.580000
2001-03-07,424.600000
2001-03-08,425.270000
2001-03-09,417.230000
2001-03-12,399.380000
2001-03-13,406.720000
2001-03-14,395.430000
2001-03-15,398.160000
2001-03-16,389.740000
2001-03-19,392.710000
2001-03-20,388.990000
2001-03-21,386.060000
2001-03-22,385.160000
2001-03-23,389.740000
2001-03-26,392.810000
2001-03-27,396.150000
2001-03-28,392.980000
2001-03-29,392.550000
2001-03-30,394.210000
2001-04-02,392.080000
2001-04-03,385.190000
2001-04-04,384.850000
2001-04-05,394.790000
2001-04-06,391.070000
2001-04-09,393.440000
2001-04-10,397.680000
2001-04-11,398.360000
2001-04-12,399.930000
2001-04-16,400.170000
2001-04-17,400.660000
2001-04-18,400.810000
2001-04-19,400.950000
2001-04-20,399.910000
2001-04-23,397.900000
2001-04-24,396.500000
2001-04-25,399.160000
2001-04-26,400.350000
2001-04-27,402.510000
2001-04-30,402.280000
2001-05-01,403.740000
2001-05-02,403.850000
2001-05-03,402.810000
2001-05-04,404.390000
2001-05-07,404.480000
2001-05-08,404.780000
2001-05-09,404.690000
2001-05-10,405.000000
2001-05-11,404.860000
2001-05-14,405.250000
2001-05-15,405.640000
2001-05-16,406.110000
2001-05-17,406.200000
2001-05-18,406.710000
2001-05-21,408.690000
2001-05-22,408.400000
2001-05-23,406.920000
2001-05-24,408.040000
2001-05-25,406.930000
2001-05-29,406.090000
2001-05-30,403.010000
2001-05-31,404.740000
2001-06-01,406.200000
2001-06-04,407.610000
2001-06-05,410.010000
2001-06-06,408.840000
2001-06-07,409.930000
2001-06-08,408.920000
2001-06-11,407.720000
2001-06-12,408.600000
2001-06-13,405.700000
2001-06-14,398.750000
2001-06-15,394.810000
2001-06-18,394.680000
2001-06-19,395.540000
2001-06-20,396.700000
2001-06-21,398.130000
2001-06-22,397.680000
2001-06-25,397.430000
2001-06-26,397.310000
2001-06-27,397.250000
2001-06-28,398.530000
2001-06-29,399.080000
2001-07-02,399.670000
2001-07-03,399.800000
2001-07-05,399.200000
2001-07-06,396.900000
2001-07-09,398.070000
2001-07-10,396.320000
2001-07-11,396.250000
2001-07-12,399.630000
2001-07-13,400.430000
2001-07-16,400.050000
2001-07-17,400.670000
2001-07-18,400.710000
2001-07-19,401.180000
2001-07-20,401.220000
2001-07-23,399.280000
2001-07-24,396.240000
2001-07-25,399.670000
2001-07-26,401.390000
2001-07-27,402.360000
2001-07-30,402.330000
2001-07-31,403.190000
2001-08-01,404.070000
2001-08-02,404.530000
2001-08-03,404.610000
2001-08-06,403.830000
2001-08-07,404.430000
2001-08-08,402.590000
2001-08-09,403.180000
2001-08-10,404.430000
2001-08-13,404.990000
2001-08-14,405.070000
2001-08-15,404.360000
2001-08-16,405.940000
2001-08-17,403.510000
2001-08-20,405.570000
2001-08-21,403.960000
2001-08-22,405.500000
2001-08-23,405.670000
2001-08-24,408.230000
2001-08-27,408.090000
2001-08-28,406.310000
2001-08-29,404.610000
2001-08-30,400.970000
2001-08-31,402.360000
2001-09-04,402.080000
2001-09-05,402.550000
2001-09-06,396.850000
2001-09-07,390.870000
2001-09-10,393.250000
2001-09-17,375.360000
2001-09-18,373.340000
2001-09-19,366.560000
2001-09-20,355.920000
2001-09-21,344.910000
2001-09-24,350.350000
2001-09-25,351.680000
2001-09-26,351.700000
2001-09-27,352.910000
2001-09-28,354.340000
2001-10-01,354.620000
2001-10-02,355.170000
2001-10-03,355.460000
2001-10-04,355.440000
2001-10-05,355.220000
2001-10-08,355.310000
2001-10-09,355.410000
2001-10-10,356.160000
2001-10-11,356.310000
2001-10-12,356.360000
2001-10-15,356.510000
2001-10-16,356.620000
2001-10-17,356.670000
2001-10-18,356.740000
2001-10-19,357.450000
2001-10-22,360.020000
2001-10-23,359.940000
2001-10-24,360.460000
2001-10-25,361.830000
2001-10-26,362.520000
2001-10-29,360.840000
2001-10-30,358.790000
2001-10-31,358.990000
2001-11-01,361.650000
2001-11-02,362.570000
2001-11-05,363.870000
2001-11-06,364.780000
2001-11-07,364.800000
2001-11-08,365.110000
2001-11-09,365.400000
2001-11-12,365.360000
2001-11-13,365.680000
2001-11-14,365.680000
2001-11-15,365.860000
2001-11-16,365.030000
2001-11-19,366.840000
2001-11-20,366.560000
2001-11-21,366.140000
2001-11-23,368.030000
2001-11-26,368.770000
2001-11-27,368.110000
2001-11-28,365.730000
2001-11-29,367.580000
2001-11-30,368.000000
2001-12-03,366.960000
2001-12-04,369.230000
2001-12-05,370.970000
2001-12-06,370.690000
2001-12-07,370.560000
2001-12-10,369.350000
2001-12-11,369.670000
2001-12-12,369.950000
2001-12-13,368.290000
2001-12-14,369.290000
2001-12-17,370.980000
2001-12-18,371.950000
2001-12-19,372.350000
2001-12-20,372.370000
2001-12-21,372.330000
2001-12-24,372.850000
2001-12-26,373.660000
2001-12-27,374.360000
2001-12-28,374.630000
2001-12-31,373.750000
2002-01-02,374.580000
2002-01-03,375.520000
2002-01-04,376.010000
2002-01-07,375.930000
2002-01-08,375.980000
2002-01-09,375.860000
2002-01-10,376.150000
2002-01-11,375.800000
2002-01-14,375.980000
2002-01-15,376.730000
2002-01-16,376.150000
2002-01-17,376.920000
2002-01-18,377.240000
2002-01-22,376.680000
2002-01-23,378.160000
2002-01-24,378.810000
2002-01-25,379.070000
2002-01-28,379.510000
2002-01-29,375.410000
2002-01-30,377.510000
2002-01-31,379.650000
2002-02-01,379.370000
2002-02-04,375.250000
2002-02-05,374.710000
2002-02-06,373.610000
2002-02-07,373.320000
2002-02-08,377.630000
2002-02-11,380.790000
2002-02-12,380.790000
2002-02-13,381.950000
2002-02-14,382.370000
2002-02-15,381.050000
2002-02-19,377.900000
2002-02-20,380.990000
2002-02-21,378.190000
2002-02-22,380.070000
2002-02-25,383.250000
2002-02-26,383.340000
2002-02-27,383.820000
2002-02-28,383.660000
2002-03-01,385.960000
2002-03-04,386.770000
2002-03-05,386.850000
2002-03-06,387.190000
2002-03-07,387.260000
2002-03-08,387.420000
2002-03-11,387.550000
2002-03-12,387.580000
2002-03-13,387.660000
2002-03-14,387.690000
2002-03-15,388.310000
2002-03-18,388.360000
2002-03-19,389.090000
2002-03-20,387.640000
2002-03-21,388.110000
2002-03-22,387.850000
2002-03-25,386.060000
2002-03-26,387.280000
2002-03-27,388.270000
2002-03-28,388.810000
2002-04-01,388.870000
2002-04-02,387.860000
2002-04-03,385.800000
2002-04-04,386.340000
2002-04-05,386.290000
2002-04-08,387.070000
2002-04-09,385.870000
2002-04-10,388.930000
2002-04-11,382.670000
2002-04-12,384.560000
2002-04-15,383.050000
2002-04-16,389.840000
2002-04-17,389.860000
2002-04-18,390.420000
2002-04-19,392.190000
2002-04-22,390.220000
2002-04-23,389.180000
2002-04-24,387.880000
2002-04-25,387.580000
2002-04-26,384.230000
2002-04-29,381.270000
2002-04-30,384.890000
2002-05-01,387.720000
2002-05-02,387.490000
2002-05-03,385.130000
2002-05-06,378.770000
2002-05-07,377.600000
2002-05-08,389.290000
2002-05-09,385.420000
2002-05-10,380.300000
2002-05-13,386.750000
2002-05-14,393.090000
2002-05-15,392.390000
2002-05-16,395.000000
2002-05-17,397.090000
2002-05-20,395.450000
2002-05-21,393.580000
2002-05-22,394.720000
2002-05-23,396.790000
2002-05-24,395.020000
2002-05-28,393.840000
2002-05-29,392.870000
2002-05-30,392.560000
2002-05-31,393.360000
2002-06-03,385.600000
2002-06-04,386.180000
2002-06-05,389.180000
2002-06-06,383.190000
2002-06-07,383.020000
2002-06-10,384.010000
2002-06-11,378.300000
2002-06-12,380.730000
2002-06-13,376.980000
2002-06-14,376.290000
2002-06-17,386.870000
2002-06-18,387.230000
2002-06-19,380.830000
2002-06-20,375.880000
2002-06-21,370.410000
2002-06-24,371.390000
2002-06-25,368.780000
2002-06-26,368.080000
2002-06-27,371.890000
2002-06-28,372.250000
2002-07-01,368.610000
2002-07-02,363.330000
2002-07-03,365.170000
2002-07-05,373.620000
2002-07-08,371.700000
2002-07-09,366.150000
2002-07-10,355.370000
2002-07-11,358.480000
2002-07-12,356.330000
2002-07-15,354.800000
2002-07-16,348.980000
2002-07-17,351.200000
2002-07-18,340.810000
2002-07-19,331.450000
2002-07-22,326.840000
2002-07-23,321.430000
2002-07-24,331.910000
2002-07-25,331.570000
2002-07-26,335.200000
2002-07-29,340.060000
2002-07-30,340.240000
2002-07-31,340.490000
2002-08-01,338.470000
2002-08-02,336.330000
2002-08-05,332.870000
2002-08-06,337.070000
2002-08-07,339.780000
2002-08-08,341.190000
2002-08-09,341.500000
2002-08-12,341.730000
2002-08-13,341.830000
2002-08-14,342.140000
2002-08-15,342.250000
2002-08-16,342.650000
2002-08-19,345.440000
2002-08-20,344.140000
2002-08-21,345.970000
2002-08-22,347.220000
2002-08-23,345.040000
2002-08-26,346.100000
2002-08-27,345.000000
2002-08-28,342.120000
2002-08-29,342.330000
2002-08-30,342.650000
2002-09-03,333.560000
2002-09-04,338.050000
2002-09-05,335.210000
2002-09-06,339.670000
2002-09-09,342.420000
2002-09-10,344.250000
2002-09-11,344.310000
2002-09-12,339.650000
2002-09-13,341.410000
2002-09-16,342.270000
2002-09-17,337.080000
2002-09-18,335.660000
2002-09-19,325.530000
2002-09-20,327.050000
2002-09-23,325.960000
2002-09-24,323.720000
2002-09-25,328.070000
2002-09-26,331.180000
2002-09-27,326.760000
2002-09-30,324.600000
2002-10-01,331.520000
2002-10-02,328.000000
2002-10-03,326.600000
2002-10-04,323.020000
2002-10-07,319.130000
2002-10-08,323.380000
2002-10-09,317.060000
2002-10-10,325.950000
2002-10-11,333.070000
2002-10-14,334.750000
2002-10-15,336.640000
2002-10-16,336.440000
2002-10-17,336.950000
2002-10-18,338.780000
2002-10-21,341.160000
2002-10-22,340.100000
2002-10-23,341.210000
2002-10-24,339.690000
2002-10-25,342.730000
2002-10-28,342.310000
2002-10-29,341.430000
2002-10-30,342.700000
2002-10-31,342.430000
2002-11-01,344.810000
2002-11-04,345.370000
2002-11-05,345.880000
2002-11-06,346.340000
2002-11-07,345.790000
2002-11-08,345.880000
2002-11-11,344.730000
2002-11-12,346.360000
2002-11-13,346.830000
2002-11-14,347.710000
2002-11-15,350.160000
2002-11-18,349.030000
2002-11-19,349.040000
2002-11-20,351.940000
2002-11-21,353.830000
2002-11-22,354.030000
2002-11-25,354.330000
2002-11-26,352.510000
2002-11-27,354.090000
2002-11-29,354.200000
2002-12-02,354.500000
2002-12-03,353.760000
2002-12-04,353.510000
2002-12-05,352.460000
2002-12-06,353.570000
2002-12-09,351.570000
2002-12-10,353.940000
2002-12-11,354.580000
2002-12-12,354.710000
2002-12-13,353.430000
2002-12-16,356.320000
2002-12-17,356.190000
2002-12-18,355.710000
2002-12-19,356.110000
2002-12-20,358.890000
2002-12-23,359.950000
2002-12-24,359.500000
2002-12-26,359.130000
2002-12-27,356.710000
2002-12-30,357.940000
2002-12-31,358.750000
2003-01-02,363.300000
2003-01-03,363.480000
2003-01-06,364.750000
2003-01-07,364.700000
2003-01-08,364.330000
2003-01-09,365.160000
2003-01-10,365.210000
2003-01-13,365.310000
2003-01-14,365.460000
2003-01-15,365.500000
2003-01-16,365.570000
2003-01-17,364.790000
2003-01-21,362.610000
2003-01-22,360.630000
2003-01-23,363.010000
2003-01-24,356.420000
2003-01-27,352.290000
2003-01-28,356.280000
2003-01-29,358.450000
2003-01-30,353.210000
2003-01-31,356.570000
2003-02-03,358.520000
2003-02-04,355.020000
2003-02-05,353.600000
2003-02-06,352.380000
2003-02-07,349.220000
2003-02-10,352.360000
2003-02-11,349.880000
2003-02-12,345.960000
2003-02-13,345.630000
2003-02-14,353.000000
2003-02-18,360.000000
2003-02-19,357.850000
2003-02-20,354.180000
2003-02-21,357.010000
2003-02-24,354.670000
2003-02-25,355.810000
2003-02-26,354.360000
2003-02-27,356.610000
2003-02-28,357.830000
2003-03-03,357.170000
2003-03-04,354.960000
2003-03-05,357.130000
2003-03-06,355.740000
2003-03-07,357.370000
2003-03-10,353.010000
2003-03-11,351.580000
2003-03-12,352.750000
2003-03-13,359.930000
2003-03-14,360.720000
2003-03-17,363.240000
2003-03-18,363.900000
2003-03-19,364.110000
2003-03-20,364.260000
2003-03-21,366.010000
2003-03-24,361.560000
2003-03-25,364.170000
2003-03-26,363.940000
2003-03-27,363.830000
2003-03-28,363.320000
2003-03-31,360.370000
2003-04-01,363.340000
2003-04-02,367.160000
2003-04-03,366.910000
2003-04-04,367.190000
2003-04-07,368.410000
2003-04-08,368.880000
2003-04-09,367.420000
2003-04-10,369.030000
2003-04-11,369.630000
2003-04-14,371.580000
2003-04-15,372.020000
2003-04-16,372.130000
2003-04-17,373.440000
2003-04-21,373.670000
2003-04-22,375.780000
2003-04-23,376.310000
2003-04-24,376.110000
2003-04-25,375.290000
2003-04-28,376.720000
2003-04-29,376.880000
2003-04-30,376.790000
2003-05-01,376.840000
2003-05-02,377.530000
2003-05-05,377.560000
2003-05-06,377.750000
2003-05-07,377.750000
2003-05-08,377.650000
2003-05-09,377.900000
2003-05-12,377.950000
2003-05-13,378.050000
2003-05-14,378.060000
2003-05-15,378.110000
2003-05-16,378.450000
2003-05-19,374.590000
2003-05-20,374.330000
2003-05-21,375.250000
2003-05-22,377.330000
2003-05-23,377.880000
2003-05-27,380.070000
2003-05-28,380.420000
2003-05-29,379.950000
2003-05-30,381.400000
2003-06-02,381.570000
2003-06-03,381.900000
2003-06-04,382.460000
2003-06-05,382.560000
2003-06-06,382.590000
2003-06-09,382.540000
2003-06-10,382.970000
2003-06-11,383.170000
2003-06-12,383.230000
2003-06-13,383.230000
2003-06-16,383.290000
2003-06-17,383.260000
2003-06-18,383.370000
2003-06-19,383.380000
2003-06-20,382.720000
2003-06-23,380.820000
2003-06-24,381.070000
2003-06-25,380.020000
2003-06-26,382.320000
2003-06-27,381.170000
2003-06-30,381.120000
2003-07-01,382.860000
2003-07-02,384.280000
2003-07-03,383.110000
2003-07-07,385.700000
2003-07-08,386.280000
2003-07-09,386.260000
2003-07-10,385.430000
2003-07-11,386.530000
2003-07-14,386.970000
2003-07-15,387.000000
2003-07-16,387.040000
2003-07-17,386.830000
2003-07-18,388.250000
2003-07-21,386.800000
2003-07-22,388.270000
2003-07-23,388.690000
2003-07-24,388.010000
2003-07-25,388.020000
2003-07-28,390.180000
2003-07-29,389.580000
2003-07-30,389.590000
2003-07-31,389.800000
2003-08-01,388.550000
2003-08-04,389.390000
2003-08-05,386.700000
2003-08-06,387.990000
2003-08-07,389.640000
2003-08-08,390.580000
2003-08-11,391.040000
2003-08-12,392.000000
2003-08-13,391.970000
2003-08-14,392.320000
2003-08-15,392.000000
2003-08-18,393.480000
2003-08-19,393.990000
2003-08-20,393.910000
2003-08-21,394.330000
2003-08-22,393.200000
2003-08-25,393.290000
2003-08-26,393.870000
2003-08-27,394.190000
2003-08-28,395.040000
2003-08-29,395.540000
2003-09-02,396.350000
2003-09-03,396.470000
2003-09-04,396.770000
2003-09-05,396.870000
2003-09-08,397.160000
2003-09-09,397.120000
2003-09-10,396.800000
2003-09-11,397.210000
2003-09-12,397.310000
2003-09-15,397.400000
2003-09-16,397.490000
2003-09-17,397.540000
2003-09-18,397.590000
2003-09-19,397.600000
2003-09-22,395.700000
2003-09-23,396.800000
2003-09-24,393.320000
2003-09-25,392.230000
2003-09-26,391.210000
2003-09-29,393.540000
2003-09-30,391.270000
2003-10-01,396.120000
2003-10-02,396.870000
2003-10-03,398.510000
2003-10-06,399.390000
2003-10-07,399.880000
2003-10-08,399.810000
2003-10-09,400.350000
2003-10-10,400.620000
2003-10-13,401.080000
2003-10-14,401.190000
2003-10-15,401.270000
2003-10-16,401.190000
2003-10-17,400.380000
2003-10-20,401.680000
2003-10-21,402.290000
2003-10-22,400.070000
2003-10-23,400.880000
2003-10-24,400.250000
2003-10-27,400.900000
2003-10-28,403.180000
2003-10-29,403.550000
2003-10-30,403.540000
2003-10-31,404.040000
2003-11-03,404.750000
2003-11-04,404.560000
2003-11-05,404.470000
2003-11-06,404.880000
2003-11-07,404.850000
2003-11-10,404.620000
2003-11-11,404.710000
2003-11-12,405.680000
2003-11-13,405.740000
2003-11-14,405.570000
2003-11-17,405.390000
2003-11-18,404.980000
2003-11-19,405.940000
2003-11-20,405.950000
2003-11-21,406.350000
2003-11-24,408.520000
2003-11-25,408.960000
2003-11-26,409.270000
2003-11-28,409.340000
2003-12-01,409.820000
2003-12-02,409.880000
2003-12-03,409.920000
2003-12-04,410.100000
2003-12-05,409.990000
2003-12-08,410.280000
2003-12-09,410.170000
2003-12-10,410.280000
2003-12-11,410.540000
2003-12-12,410.650000
2003-12-15,410.620000
2003-12-16,410.690000
2003-12-17,410.760000
2003-12-18,410.820000
2003-12-19,410.480000
2003-12-22,410.960000
2003-12-23,411.650000
2003-12-24,411.500000
2003-12-26,411.450000
2003-12-29,412.650000
2003-12-30,412.600000
2003-12-31,412.500000
2004-01-02,412.580000
2004-01-05,413.370000
2004-01-06,413.590000
2004-01-07,413.750000
2004-01-08,413.790000
2004-01-09,413.820000
2004-01-12,413.930000
2004-01-13,413.960000
2004-01-14,414.040000
2004-01-15,414.090000
2004-01-16,414.360000
2004-01-20,414.650000
2004-01-21,415.450000
2004-01-22,415.270000
2004-01-23,415.230000
2004-01-26,415.990000
2004-01-27,415.680000
2004-01-28,414.420000
2004-01-29,414.880000
2004-01-30,415.050000
2004-02-02,415.380000
2004-02-03,415.460000
2004-02-04,415.020000
2004-02-05,415.350000
2004-02-06,416.480000
2004-02-09,416.520000
2004-02-10,416.750000
2004-02-11,416.990000
2004-02-12,417.090000
2004-02-13,417.010000
2004-02-17,417.190000
2004-02-18,417.230000
2004-02-19,417.250000
2004-02-20,417.720000
2004-02-23,417.580000
2004-02-24,417.780000
2004-02-25,418.580000
2004-02-26,418.860000
2004-02-27,419.150000
2004-03-01,419.840000
2004-03-02,419.550000
2004-03-03,419.730000
2004-03-04,419.920000
2004-03-05,420.130000
2004-03-08,419.950000
2004-03-09,419.470000
2004-03-10,417.450000
2004-03-11,414.020000
2004-03-12,418.200000
2004-03-15,414.610000
2004-03-16,417.190000
2004-03-17,420.160000
2004-03-18,420.540000
2004-03-19,419.620000
2004-03-22,417.140000
2004-03-23,417.710000
2004-03-24,417.510000
2004-03-25,420.790000
2004-03-26,421.230000
2004-03-29,422.660000
2004-03-30,423.160000
2004-03-31,422.980000
2004-04-01,423.460000
2004-04-02,424.090000
2004-04-05,424.430000
2004-04-06,424.510000
2004-04-07,424.430000
2004-04-08,424.430000
2004-04-12,424.700000
2004-04-13,424.510000
2004-04-14,424.750000
2004-04-15,424.830000
2004-04-16,425.190000
2004-04-19,425.430000
2004-04-20,423.610000
2004-04-21,424.750000
2004-04-22,426.600000
2004-04-23,426.690000
2004-04-26,426.560000
2004-04-27,426.780000
2004-04-28,425.240000
2004-04-29,424.230000
2004-04-30,423.700000
2004-05-03,425.410000
2004-05-04,425.420000
2004-05-05,426.360000
2004-05-06,425.300000
2004-05-07,422.740000
2004-05-10,420.410000
2004-05-11,423.050000
2004-05-12,423.900000
2004-05-13,423.640000
2004-05-14,424.160000
2004-05-17,421.250000
2004-05-18,424.300000
2004-05-19,424.150000
2004-05-20,424.840000
2004-05-21,426.150000
2004-05-24,426.850000
2004-05-25,429.170000
2004-05-26,429.200000
2004-05-27,429.700000
2004-05-28,429.810000
2004-06-01,429.860000
2004-06-02,430.090000
2004-06-03,429.820000
2004-06-04,430.320000
2004-06-07,430.760000
2004-06-08,430.860000
2004-06-09,430.810000
2004-06-10,430.940000
2004-06-14,430.950000
2004-06-15,431.070000
2004-06-16,431.110000
2004-06-17,431.160000
2004-06-18,430.660000
2004-06-21,430.670000
2004-06-22,431.390000
2004-06-23,432.240000
2004-06-24,432.000000
2004-06-25,431.890000
2004-06-28,431.570000
2004-06-29,432.030000
2004-06-30,432.690000
2004-07-01,431.820000
2004-07-02,431.760000
2004-07-06,430.950000
2004-07-07,431.720000
2004-07-08,430.370000
2004-07-09,431.650000
2004-07-12,432.250000
2004-07-13,432.830000
2004-07-14,432.700000
2004-07-15,432.360000
2004-07-16,433.520000
2004-07-19,433.730000
2004-07-20,434.860000
2004-07-21,432.790000
2004-07-22,433.590000
2004-07-23,431.720000
2004-07-26,431.850000
2004-07-27,433.860000
2004-07-28,434.270000
2004-07-29,435.200000
2004-07-30,435.480000
2004-08-02,436.100000
2004-08-03,435.610000
2004-08-04,435.520000
2004-08-05,432.710000
2004-08-06,429.040000
2004-08-09,430.110000
2004-08-10,433.950000
2004-08-11,433.580000
2004-08-12,430.070000
2004-08-13,431.240000
2004-08-16,435.670000
2004-08-17,436.390000
2004-08-18,438.090000
2004-08-19,438.240000
2004-08-20,438.780000
2004-08-23,438.940000
2004-08-24,439.210000
2004-08-25,440.190000
2004-08-26,440.310000
2004-08-27,440.620000
2004-08-30,440.160000
2004-08-31,440.530000
2004-09-01,440.960000
2004-09-02,441.480000
2004-09-03,441.530000
2004-09-07,441.860000
2004-09-08,441.940000
2004-09-09,442.010000
2004-09-10,442.130000
2004-09-13,442.070000
2004-09-14,442.230000
2004-09-15,442.270000
2004-09-16,442.310000
2004-09-17,442.040000
2004-09-20,441.650000
2004-09-21,442.680000
2004-09-22,440.680000
2004-09-23,440.020000
2004-09-24,440.920000
2004-09-27,439.960000
2004-09-28,441.510000
2004-09-29,442.350000
2004-09-30,442.430000
2004-10-01,444.130000
2004-10-04,444.350000
2004-10-05,444.440000
2004-10-06,444.790000
2004-10-07,444.360000
2004-10-08,444.280000
2004-10-11,444.830000
2004-10-12,444.820000
2004-10-13,444.470000
2004-10-14,444.030000
2004-10-15,445.630000
2004-10-18,446.630000
2004-10-19,445.800000
2004-10-20,445.920000
2004-10-21,446.520000
2004-10-22,445.110000
2004-10-25,444.750000
2004-10-26,446.600000
2004-10-27,448.060000
2004-10-28,448.200000
2004-10-29,448.270000
2004-11-01,448.420000
2004-11-02,448.550000
2004-11-03,449.380000
2004-11-04,449.610000
2004-11-05,449.730000
2004-11-08,449.790000
2004-11-09,449.800000
2004-11-10,449.880000
2004-11-11,449.900000
2004-11-12,449.880000
2004-11-15,449.960000
2004-11-16,449.990000
2004-11-17,450.020000
2004-11-18,450.050000
2004-11-19,449.800000
2004-11-22,450.790000
2004-11-23,450.980000
2004-11-24,451.330000
2004-11-26,451.420000
2004-11-29,451.450000
2004-11-30,451.270000
2004-12-01,452.020000
2004-12-02,452.150000
2004-12-03,452.300000
2004-12-06,452.390000
2004-12-07,452.130000
2004-12-08,452.350000
2004-12-09,452.590000
2004-12-10,452.620000
2004-12-13,452.740000
2004-12-14,452.780000
2004-12-15,452.840000
2004-12-16,452.900000
2004-12-17,452.760000
2004-12-20,453.050000
2004-12-21,454.150000
2004-12-22,454.440000
2004-12-23,454.720000
2004-12-27,454.550000
2004-12-28,454.850000
2004-12-29,454.900000
2004-12-30,454.920000
2004-12-31,454.820000
2005-01-03,454.210000
2005-01-04,453.510000
2005-01-05,453.400000
2005-01-06,453.990000
2005-01-07,454.170000
2005-01-10,454.720000
2005-01-11,454.410000
2005-01-12,455.130000
2005-01-13,454.400000
2005-01-14,455.460000
2005-01-18,455.970000
2005-01-19,455.860000
2005-01-20,455.840000
2005-01-21,455.000000
2005-01-24,454.680000
2005-01-25,455.630000
2005-01-26,456.490000
2005-01-27,456.750000
2005-01-28,456.620000
2005-01-31,457.520000
2005-02-01,458.110000
2005-02-02,458.310000
2005-02-03,458.290000
2005-02-04,458.660000
2005-02-07,458.700000
2005-02-08,458.720000
2005-02-09,458.730000
2005-02-10,458.870000
2005-02-11,458.930000
2005-02-14,458.970000
2005-02-15,459.030000
2005-02-16,459.040000
2005-02-17,459.120000
2005-02-18,459.230000
2005-02-22,457.240000
2005-02-23,458.440000
2005-02-24,459.510000
2005-02-25,460.230000
2005-02-28,459.830000
2005-03-01,460.270000
2005-03-02,460.350000
2005-03-03,460.390000
2005-03-04,460.900000
2005-03-07,461.050000
2005-03-08,461.110000
2005-03-09,460.850000
2005-03-10,461.120000
2005-03-11,461.040000
2005-03-14,461.360000
2005-03-15,461.340000
2005-03-16,461.300000
2005-03-17,461.590000
2005-03-18,461.750000
2005-03-21,461.630000
2005-03-22,460.340000
2005-03-23,460.380000
2005-03-24,460.930000
2005-03-28,461.630000
2005-03-29,460.060000
2005-03-30,462.490000
2005-03-31,462.430000
2005-04-01,461.820000
2005-04-04,462.640000
2005-04-05,463.310000
2005-04-06,463.710000
2005-04-07,464.100000
2005-04-08,463.960000
2005-04-11,464.210000
2005-04-12,464.450000
2005-04-13,464.340000
2005-04-14,463.950000
2005-04-15,461.160000
2005-04-18,462.170000
2005-04-19,463.840000
2005-04-20,461.430000
2005-04-21,464.760000
2005-04-22,463.860000
2005-04-25,465.200000
2005-04-26,464.570000
2005-04-27,465.150000
2005-04-28,463.310000
2005-04-29,465.070000
2005-05-02,466.000000
2005-05-03,466.180000
2005-05-04,466.920000
2005-05-05,466.970000
2005-05-06,467.110000
2005-05-09,467.450000
2005-05-10,467.130000
2005-05-11,467.470000
2005-05-12,467.060000
2005-05-13,467.070000
2005-05-16,467.750000
2005-05-17,467.890000
2005-05-18,467.980000
2005-05-19,468.040000
2005-05-20,468.120000
2005-05-23,468.800000
2005-05-24,469.060000
2005-05-25,468.990000
2005-05-26,469.570000
2005-05-27,469.730000
2005-05-31,469.560000
2005-06-01,470.140000
2005-06-02,470.340000
2005-06-03,470.280000
2005-06-06,470.520000
2005-06-07,470.530000
2005-06-08,470.560000
2005-06-09,470.770000
2005-06-10,470.890000
2005-06-13,470.960000
2005-06-14,471.060000
2005-06-15,471.110000
2005-06-16,471.180000
2005-06-17,471.150000
2005-06-20,471.380000
2005-06-21,471.400000
2005-06-22,471.570000
2005-06-23,470.240000
2005-06-24,469.100000
2005-06-27,469.240000
2005-06-28,471.240000
2005-06-29,471.100000
2005-06-30,469.920000
2005-07-01,471.130000
2005-07-05,472.280000
2005-07-06,471.300000
2005-07-07,471.700000
2005-07-08,473.100000
2005-07-11,473.390000
2005-07-12,473.530000
2005-07-13,473.610000
2005-07-14,473.690000
2005-07-15,474.010000
2005-07-18,473.710000
2005-07-19,474.540000
2005-07-20,474.860000
2005-07-21,474.400000
2005-07-22,474.900000
2005-07-25,474.830000
2005-07-26,475.220000
2005-07-27,475.470000
2005-07-28,475.720000
2005-07-29,475.330000
2005-08-01,475.420000
2005-08-02,475.870000
2005-08-03,475.910000
2005-08-04,475.820000
2005-08-05,475.630000
2005-08-08,475.560000
2005-08-09,476.100000
2005-08-10,476.190000
2005-08-11,476.410000
2005-08-12,476.420000
2005-08-15,476.590000
2005-08-16,476.510000
2005-08-17,476.630000
2005-08-18,476.750000
2005-08-19,475.950000
2005-08-22,476.530000
2005-08-23,476.580000
2005-08-24,475.600000
2005-08-25,476.120000
2005-08-26,475.790000
2005-08-29,477.010000
2005-08-30,476.700000
2005-08-31,477.840000
2005-09-01,478.030000
2005-09-02,477.850000
2005-09-06,478.860000
2005-09-07,479.160000
2005-09-08,479.190000
2005-09-09,479.490000
2005-09-12,479.510000
2005-09-13,479.590000
2005-09-14,479.630000
2005-09-15,479.710000
2005-09-16,480.020000
2005-09-19,479.560000
2005-09-20,478.730000
2005-09-21,476.870000
2005-09-22,477.930000
2005-09-23,478.450000
2005-09-26,478.780000
2005-09-27,478.940000
2005-09-28,479.420000
2005-09-29,480.710000
2005-09-30,480.950000
2005-10-03,481.070000
2005-10-04,479.750000
2005-10-05,476.130000
2005-10-06,474.980000
2005-10-07,476.580000
2005-10-10,474.600000
2005-10-11,474.140000
2005-10-12,472.000000
2005-10-13,471.810000
2005-10-14,475.670000
2005-10-17,477.040000
2005-10-18,472.860000
2005-10-19,479.420000
2005-10-20,472.120000
2005-10-21,474.690000
2005-10-24,476.650000
2005-10-25,476.670000
2005-10-26,476.740000
2005-10-27,475.620000
2005-10-28,477.250000
2005-10-31,477.560000
2005-11-01,477.600000
2005-11-02,478.160000
2005-11-03,478.350000
2005-11-04,478.430000
2005-11-07,478.620000
2005-11-08,478.680000
2005-11-09,478.720000
2005-11-10,478.890000
2005-11-11,478.940000
2005-11-14,479.020000
2005-11-15,479.070000
2005-11-16,479.140000
2005-11-17,479.230000
2005-11-18,479.520000
2005-11-21,480.120000
2005-11-22,480.410000
2005-11-23,480.510000
2005-11-25,480.730000
2005-11-28,480.530000
2005-11-29,480.660000
2005-11-30,480.530000
2005-12-01,481.050000
2005-12-02,481.150000
2005-12-05,481.210000
2005-12-06,481.380000
2005-12-07,481.330000
2005-12-08,481.400000
2005-12-09,481.610000
2005-12-12,481.700000
2005-12-13,481.810000
2005-12-14,481.890000
2005-12-15,481.950000
2005-12-16,481.300000
2005-12-19,480.700000
2005-12-20,480.950000
2005-12-21,481.400000
2005-12-22,482.190000
2005-12-23,482.450000
2005-12-27,481.330000
2005-12-28,481.650000
2005-12-29,481.460000
2005-12-30,480.620000
2006-01-03,483.320000
2006-01-04,483.490000
2006-01-05,483.600000
2006-01-06,484.170000
2006-01-09,484.340000
2006-01-10,484.510000
2006-01-11,484.590000
2006-01-12,484.640000
2006-01-13,484.700000
2006-01-17,484.660000
2006-01-18,484.810000
2006-01-19,484.940000
2006-01-20,482.980000
2006-01-23,483.770000
2006-01-24,484.490000
2006-01-25,484.510000
2006-01-26,485.500000
2006-01-27,486.180000
2006-01-30,486.350000
2006-01-31,486.160000
2006-02-01,486.430000
2006-02-02,485.920000
2006-02-03,485.830000
2006-02-06,486.360000
2006-02-07,485.530000
2006-02-08,486.920000
2006-02-09,486.940000
2006-02-10,487.320000
2006-02-13,487.420000
2006-02-14,487.790000
2006-02-15,487.890000
2006-02-16,488.000000
2006-02-17,487.910000
2006-02-21,487.970000
2006-02-22,488.830000
2006-02-23,488.730000
2006-02-24,489.080000
2006-02-27,489.440000
2006-02-28,488.710000
2006-03-01,489.540000
2006-03-02,489.540000
2006-03-03,489.650000
2006-03-06,489.170000
2006-03-07,489.320000
2006-03-08,489.770000
2006-03-09,489.600000
2006-03-10,490.380000
2006-03-13,490.640000
2006-03-14,490.860000
2006-03-15,490.930000
2006-03-16,491.040000
2006-03-17,491.020000
2006-03-20,491.180000
2006-03-21,490.800000
2006-03-22,491.570000
2006-03-23,491.440000
2006-03-24,491.750000
2006-03-27,491.870000
2006-03-28,491.390000
2006-03-29,492.380000
2006-03-30,492.170000
2006-03-31,491.920000
2006-04-03,492.370000
2006-04-04,492.990000
2006-04-05,493.320000
2006-04-06,493.370000
2006-04-07,492.630000
2006-04-10,493.110000
2006-04-11,492.350000
2006-04-12,493.010000
2006-04-13,493.400000
2006-04-17,493.500000
2006-04-18,494.440000
2006-04-19,494.600000
2006-04-20,494.690000
2006-04-21,494.260000
2006-04-24,494.380000
2006-04-25,493.980000
2006-04-26,494.510000
2006-04-27,494.960000
2006-04-28,495.170000
2006-05-01,494.810000
2006-05-02,495.610000
2006-05-03,495.530000
2006-05-04,495.960000
2006-05-05,496.650000
2006-05-08,496.750000
2006-05-09,496.890000
2006-05-10,496.990000
2006-05-11,496.550000
2006-05-12,495.020000
2006-05-15,496.130000
2006-05-16,496.310000
2006-05-17,491.420000
2006-05-18,488.670000
2006-05-19,489.950000
2006-05-22,489.750000
2006-05-23,489.390000
2006-05-24,489.700000
2006-05-25,491.680000
2006-05-26,492.450000
2006-05-30,490.130000
2006-05-31,491.970000
2006-06-01,493.260000
2006-06-02,493.580000
2006-06-05,492.330000
2006-06-06,492.530000
2006-06-07,492.240000
2006-06-08,492.720000
2006-06-09,492.650000
2006-06-12,490.470000
2006-06-13,488.300000
2006-06-14,491.820000
2006-06-15,494.890000
2006-06-16,495.230000
2006-06-19,494.200000
2006-06-20,494.840000
2006-06-21,496.520000
2006-06-22,495.970000
2006-06-23,496.080000
2006-06-26,497.210000
2006-06-27,495.960000
2006-06-28,496.920000
2006-06-29,499.570000
2006-06-30,499.630000
2006-07-03,500.010000
2006-07-05,499.830000
2006-07-06,500.180000
2006-07-07,500.100000
2006-07-10,500.410000
2006-07-11,500.750000
2006-07-12,500.240000
2006-07-13,498.600000
2006-07-14,498.790000
2006-07-17,498.920000
2006-07-18,499.530000
2006-07-19,501.250000
2006-07-20,501.410000
2006-07-21,500.280000
2006-07-24,503.230000
2006-07-25,503.980000
2006-07-26,504.090000
2006-07-27,503.830000
2006-07-28,504.920000
2006-07-31,505.000000
2006-08-01,505.080000
2006-08-02,505.490000
2006-08-03,505.740000
2006-08-04,505.880000
2006-08-07,505.880000
2006-08-08,506.040000
2006-08-09,506.140000
2006-08-10,506.430000
2006-08-11,506.480000
2006-08-14,506.660000
2006-08-15,506.820000
2006-08-16,506.940000
2006-08-17,507.030000
2006-08-18,507.560000
2006-08-21,507.550000
2006-08-22,507.690000
2006-08-23,507.380000
2006-08-24,507.770000
2006-08-25,507.980000
2006-08-28,508.580000
2006-08-29,508.830000
2006-08-30,508.920000
2006-08-31,509.030000
2006-09-01,509.410000
2006-09-05,509.640000
2006-09-06,509.390000
2006-09-07,509.440000
2006-09-08,509.910000
2006-09-11,510.070000
2006-09-12,510.270000
2006-09-13,510.380000
2006-09-14,510.470000
2006-09-15,510.320000
2006-09-18,510.670000
2006-09-19,510.480000
2006-09-20,511.280000
2006-09-21,510.530000
2006-09-22,510.260000
2006-09-25,511.880000
2006-09-26,512.700000
2006-09-27,512.750000
2006-09-28,512.890000
2006-09-29,512.900000
2006-10-02,512.960000
2006-10-03,513.270000
2006-10-04,513.810000
2006-10-05,513.950000
2006-10-06,514.130000
2006-10-09,514.300000
2006-10-10,514.400000
2006-10-11,514.520000
2006-10-12,514.630000
2006-10-13,514.720000
2006-10-16,514.840000
2006-10-17,514.890000
2006-10-18,514.970000
2006-10-19,515.080000
2006-10-20,515.400000
2006-10-23,515.840000
2006-10-24,516.140000
2006-10-25,516.350000
2006-10-26,516.750000
2006-10-27,516.490000
2006-10-30,516.730000
2006-10-31,516.810000
2006-11-01,516.530000
2006-11-02,516.720000
2006-11-03,516.900000
2006-11-06,517.530000
2006-11-07,517.630000
2006-11-08,517.820000
2006-11-09,517.880000
2006-11-10,517.980000
2006-11-13,518.090000
2006-11-14,518.170000
2006-11-15,518.260000
2006-11-16,518.340000
2006-11-17,518.600000
2006-11-20,518.900000
2006-11-21,519.080000
2006-11-22,519.330000
2006-11-24,519.130000
2006-11-27,517.830000
2006-11-28,518.670000
2006-11-29,519.630000
2006-11-30,519.840000
2006-12-01,519.620000
2006-12-04,520.210000
2006-12-05,520.410000
2006-12-06,520.550000
2006-12-07,520.550000
2006-12-08,520.800000
2006-12-11,520.960000
2006-12-12,521.020000
2006-12-13,521.160000
2006-12-14,521.080000
2006-12-15,520.820000
2006-12-18,520.680000
2006-12-19,521.290000
2006-12-20,521.250000
2006-12-21,520.910000
2006-12-22,520.170000
2006-12-26,521.230000
2006-12-27,522.250000
2006-12-28,522.120000
2006-12-29,521.510000
2007-01-03,521.820000
2007-01-04,522.400000
2007-01-05,521.550000
2007-01-08,522.330000
2007-01-09,522.450000
2007-01-10,522.970000
2007-01-11,523.850000
2007-01-12,524.230000
2007-01-16,524.400000
2007-01-17,524.490000
2007-01-18,524.620000
2007-01-19,524.360000
2007-01-22,523.980000
2007-01-23,524.690000
2007-01-24,525.620000
2007-01-25,524.310000
2007-01-26,524.490000
2007-01-29,524.560000
2007-01-30,525.370000
2007-01-31,526.210000
2007-02-01,526.610000
2007-02-02,526.880000
2007-02-05,527.000000
2007-02-06,527.120000
2007-02-07,527.310000
2007-02-08,527.410000
2007-02-09,527.300000
2007-02-12,527.330000
2007-02-13,527.740000
2007-02-14,527.840000
2007-02-15,527.990000
2007-02-16,528.120000
2007-02-20,528.620000
2007-02-21,528.610000
2007-02-22,528.740000
2007-02-23,528.610000
2007-02-26,528.650000
2007-02-27,519.010000
2007-02-28,521.860000
2007-03-01,521.270000
2007-03-02,516.610000
2007-03-05,513.060000
2007-03-06,520.040000
2007-03-07,519.560000
2007-03-08,522.880000
2007-03-09,523.510000
2007-03-12,525.080000
2007-03-13,515.370000
2007-03-14,518.930000
2007-03-15,520.550000
2007-03-16,521.180000
2007-03-19,523.500000
2007-03-20,524.660000
2007-03-21,525.920000
2007-03-22,525.860000
2007-03-23,525.990000
2007-03-26,526.340000
2007-03-27,526.180000
2007-03-28,525.530000
2007-03-29,525.920000
2007-03-30,526.070000
2007-04-02,526.630000
2007-04-03,527.190000
2007-04-04,527.430000
2007-04-05,527.560000
2007-04-09,527.740000
2007-04-10,527.900000
2007-04-11,527.940000
2007-04-12,528.090000
2007-04-13,528.180000
2007-04-16,528.340000
2007-04-17,528.430000
2007-04-18,528.500000
2007-04-19,528.620000
2007-04-20,528.450000
2007-04-23,528.380000
2007-04-24,528.470000
2007-04-25,529.330000
2007-04-26,529.510000
2007-04-27,529.780000
2007-04-30,528.990000
2007-05-01,529.500000
2007-05-02,530.330000
2007-05-03,530.580000
2007-05-04,530.910000
2007-05-07,531.140000
2007-05-08,531.310000
2007-05-09,531.510000
2007-05-10,531.270000
2007-05-11,531.710000
2007-05-14,531.770000
2007-05-15,531.960000
2007-05-16,532.140000
2007-05-17,532.290000
2007-05-18,532.590000
2007-05-21,532.790000
2007-05-22,533.020000
2007-05-23,532.950000
2007-05-24,531.900000
2007-05-25,533.070000
2007-05-29,533.520000
2007-05-30,534.420000
2007-05-31,534.520000
2007-06-01,534.930000
2007-06-04,535.160000
2007-06-05,535.090000
2007-06-06,534.610000
2007-06-07,532.140000
2007-06-08,534.730000
2007-06-11,535.320000
2007-06-12,534.110000
2007-06-13,536.070000
2007-06-14,536.330000
2007-06-15,535.370000
2007-06-18,535.840000
2007-06-19,536.620000
2007-06-20,533.630000
2007-06-21,535.210000
2007-06-22,532.040000
2007-06-25,531.470000
2007-06-26,530.400000
2007-06-27,533.930000
2007-06-28,534.030000
2007-06-29,533.060000
2007-07-02,536.530000
2007-07-03,537.490000
2007-07-05,537.850000
2007-07-06,538.830000
2007-07-09,539.020000
2007-07-10,536.250000
2007-07-11,537.900000
2007-07-12,540.290000
2007-07-13,540.680000
2007-07-16,540.950000
2007-07-17,541.140000
2007-07-18,541.280000
2007-07-19,541.430000
2007-07-20,540.740000
2007-07-23,542.100000
2007-07-24,538.080000
2007-07-25,539.350000
2007-07-26,533.060000
2007-07-27,525.690000
2007-07-30,531.010000
2007-07-31,525.260000
2007-08-01,529.200000
2007-08-02,531.920000
2007-08-03,519.330000
2007-08-06,531.120000
2007-08-07,533.800000
2007-08-08,538.900000
2007-08-09,526.810000
2007-08-10,526.550000
2007-08-13,527.490000
2007-08-14,517.710000
2007-08-15,510.690000
2007-08-16,513.470000
2007-08-17,528.390000
2007-08-20,530.200000
2007-08-21,531.170000
2007-08-22,533.690000
2007-08-23,534.040000
2007-08-24,535.730000
2007-08-27,535.270000
2007-08-28,531.430000
2007-08-29,535.150000
2007-08-30,534.270000
2007-08-31,535.900000
2007-09-04,537.680000
2007-09-05,536.640000
2007-09-06,537.660000
2007-09-07,536.040000
2007-09-10,536.590000
2007-09-11,538.450000
2007-09-12,538.770000
2007-09-13,539.260000
2007-09-14,539.610000
2007-09-17,539.640000
2007-09-18,540.150000
2007-09-19,540.360000
2007-09-20,540.230000
2007-09-21,540.310000
2007-09-24,539.920000
2007-09-25,540.500000
2007-09-26,541.830000
2007-09-27,542.810000
2007-09-28,542.160000
2007-10-01,544.260000
2007-10-02,544.240000
2007-10-03,544.140000
2007-10-04,544.630000
2007-10-05,545.750000
2007-10-08,545.890000
2007-10-09,546.530000
2007-10-10,546.570000
2007-10-11,546.280000
2007-10-12,546.800000
2007-10-15,546.790000
2007-10-16,546.800000
2007-10-17,547.040000
2007-10-18,547.280000
2007-10-19,543.830000
2007-10-22,545.920000
2007-10-23,548.170000
2007-10-24,547.780000
2007-10-25,547.100000
2007-10-26,550.250000
2007-10-29,550.880000
2007-10-30,550.080000
2007-10-31,552.270000
2007-11-01,547.680000
2007-11-02,548.820000
2007-11-05,548.420000
2007-11-06,551.740000
2007-11-07,543.710000
2007-11-08,545.220000
2007-11-09,540.160000
2007-11-12,536.980000
2007-11-13,549.520000
2007-11-14,547.200000
2007-11-15,542.500000
2007-11-16,548.260000
2007-11-19,545.870000
2007-11-20,547.190000
2007-11-21,543.460000
2007-11-23,547.590000
2007-11-26,541.560000
2007-11-27,546.910000
2007-11-28,552.890000
2007-11-29,553.430000
2007-11-30,555.180000
2007-12-03,555.000000
2007-12-04,554.610000
2007-12-05,556.700000
2007-12-06,558.140000
2007-12-07,558.270000
2007-12-10,558.870000
2007-12-11,557.250000
2007-12-12,558.410000
2007-12-13,558.940000
2007-12-14,558.370000
2007-12-17,557.750000
2007-12-18,559.270000
2007-12-19,559.710000
2007-12-20,560.060000
2007-12-21,561.000000
2007-12-24,562.370000
2007-12-26,562.800000
2007-12-27,560.630000
2007-12-28,560.680000
2007-12-31,559.510000
2008-01-02,556.920000
2008-01-03,557.540000
2008-01-04,549.550000
2008-01-07,552.150000
2008-01-08,544.290000
2008-01-09,551.270000
2008-01-10,554.360000
2008-01-11,549.420000
2008-01-14,554.650000
2008-01-15,541.930000
2008-01-16,538.660000
2008-01-17,523.570000
2008-01-18,521.220000
2008-01-22,518.450000
2008-01-23,523.110000
2008-01-24,525.720000
2008-01-25,522.820000
2008-01-28,527.220000
2008-01-29,528.260000
2008-01-30,527.790000
2008-01-31,527.830000
2008-02-01,532.390000
2008-02-04,532.070000
2008-02-05,528.110000
2008-02-06,527.370000
2008-02-07,529.860000
2008-02-08,529.730000
2008-02-11,532.010000
2008-02-12,533.470000
2008-02-13,534.590000
2008-02-14,534.680000
2008-02-15,535.280000
2008-02-19,536.100000
2008-02-20,538.380000
2008-02-21,536.280000
2008-02-22,538.790000
2008-02-25,541.340000
2008-02-26,542.950000
2008-02-27,542.740000
2008-02-28,541.900000
2008-02-29,536.450000
2008-03-03,537.400000
2008-03-04,537.420000
2008-03-05,539.490000
2008-03-06,533.380000
2008-03-07,531.710000
2008-03-10,526.940000
2008-03-11,539.470000
2008-03-12,537.760000
2008-03-13,539.460000
2008-03-14,530.410000
2008-03-17,528.850000
2008-03-18,544.620000
2008-03-19,539.680000
2008-03-20,543.790000
2008-03-24,546.760000
2008-03-25,547.280000
2008-03-26,546.510000
2008-03-27,545.360000
2008-03-28,544.550000
2008-03-31,546.250000
2008-04-01,550.920000
2008-04-02,550.970000
2008-04-03,551.280000
2008-04-04,551.800000
2008-04-07,552.150000
2008-04-08,552.140000
2008-04-09,552.060000
2008-04-10,552.340000
2008-04-11,551.440000
2008-04-14,551.920000
2008-04-15,552.570000
2008-04-16,552.890000
2008-04-17,552.940000
2008-04-18,552.680000
2008-04-21,552.800000
2008-04-22,551.250000
2008-04-23,552.460000
2008-04-24,553.950000
2008-04-25,555.260000
2008-04-28,555.560000
2008-04-29,555.210000
2008-04-30,554.320000
2008-05-01,557.660000
2008-05-02,558.380000
2008-05-05,558.330000
2008-05-06,559.080000
2008-05-07,557.490000
2008-05-08,558.450000
2008-05-09,558.200000
2008-05-12,559.540000
2008-05-13,559.680000
2008-05-14,559.850000
2008-05-15,560.030000
2008-05-16,561.110000
2008-05-19,561.590000
2008-05-20,560.290000
2008-05-21,556.690000
2008-05-22,557.870000
2008-05-23,554.340000
2008-05-27,556.800000
2008-05-28,558.410000
2008-05-29,560.170000
2008-05-30,560.750000
2008-06-02,558.350000
2008-06-03,556.880000
2008-06-04,556.930000
2008-06-05,562.400000
2008-06-06,552.360000
2008-06-09,554.050000
2008-06-10,553.360000
2008-06-11,546.070000
2008-06-12,548.260000
2008-06-13,555.620000
2008-06-16,556.260000
2008-06-17,553.140000
2008-06-18,548.440000
2008-06-19,550.250000
2008-06-20,547.410000
2008-06-23,548.530000
2008-06-24,548.310000
2008-06-25,550.100000
2008-06-26,542.600000
2008-06-27,542.380000
2008-06-30,543.030000
2008-07-01,544.860000
2008-07-02,538.210000
2008-07-03,539.960000
2008-07-07,536.410000
2008-07-08,544.690000
2008-07-09,534.520000
2008-07-10,538.000000
2008-07-11,533.040000
2008-07-14,528.520000
2008-07-15,522.950000
2008-07-16,535.880000
2008-07-17,542.030000
2008-07-18,543.900000
2008-07-21,545.110000
2008-07-22,548.390000
2008-07-23,548.660000
2008-07-24,544.920000
2008-07-25,546.250000
2008-07-28,542.510000
2008-07-29,548.150000
2008-07-30,550.460000
2008-07-31,549.090000
2008-08-01,548.660000
2008-08-04,547.600000
2008-08-05,551.710000
2008-08-06,552.480000
2008-08-07,551.430000
2008-08-08,552.880000
2008-08-11,553.110000
2008-08-12,553.130000
2008-08-13,553.210000
2008-08-14,553.390000
2008-08-15,552.890000
2008-08-18,550.110000
2008-08-19,547.990000
2008-08-20,550.070000
2008-08-21,551.250000
2008-08-22,554.370000
2008-08-25,549.800000
2008-08-26,551.110000
2008-08-27,553.520000
2008-08-28,556.310000
2008-08-29,554.020000
2008-09-02,553.120000
2008-09-03,553.630000
2008-09-04,543.000000
2008-09-05,545.550000
2008-09-08,552.520000
2008-09-09,539.720000
2008-09-10,542.890000
2008-09-11,549.150000
2008-09-12,549.440000
2008-09-15,529.880000
2008-09-16,536.760000
2008-09-17,512.240000
2008-09-18,531.240000
2008-09-19,562.950000
2008-09-22,554.840000
2008-09-23,550.170000
2008-09-24,558.500000
2008-09-25,557.820000
2008-09-26,557.410000
2008-09-29,529.740000
2008-09-30,545.550000
2008-10-01,543.140000
2008-10-02,525.430000
2008-10-03,521.870000
2008-10-06,504.260000
2008-10-07,474.190000
2008-10-08,468.310000
2008-10-09,436.340000
2008-10-10,430.600000
2008-10-13,480.250000
2008-10-14,474.580000
2008-10-15,430.550000
2008-10-16,449.890000
2008-10-17,438.180000
2008-10-20,452.200000
2008-10-21,447.720000
2008-10-22,430.630000
2008-10-23,433.730000
2008-10-24,421.030000
2008-10-27,415.630000
2008-10-28,443.420000
2008-10-29,437.690000
2008-10-30,446.640000
2008-10-31,452.300000
2008-11-03,454.780000
2008-11-04,461.450000
2008-11-05,454.000000
2008-11-06,441.380000
2008-11-07,450.380000
2008-11-10,449.520000
2008-11-11,444.040000
2008-11-12,428.070000
2008-11-13,450.180000
2008-11-14,436.390000
2008-11-17,428.280000
2008-11-18,433.250000
2008-11-19,409.750000
2008-11-20,382.300000
2008-11-21,395.730000
2008-11-24,403.780000
2008-11-25,406.190000
2008-11-26,409.420000
2008-11-28,410.270000
2008-12-01,402.670000
2008-12-02,407.320000
2008-12-03,409.680000
2008-12-04,407.950000
2008-12-05,411.180000
2008-12-08,412.360000
2008-12-09,412.470000
2008-12-10,413.080000
2008-12-11,413.210000
2008-12-12,413.290000
2008-12-15,413.490000
2008-12-16,413.700000
2008-12-17,413.820000
2008-12-18,413.820000
2008-12-19,409.980000
2008-12-22,407.740000
2008-12-23,405.600000
2008-12-24,407.670000
2008-12-26,409.930000
2008-12-29,409.930000
2008-12-30,416.010000
2008-12-31,419.470000
2009-01-02,423.850000
2009-01-05,424.040000
2009-01-06,425.060000
2009-01-07,421.900000
2009-01-08,423.410000
2009-01-09,421.340000
2009-01-12,417.400000
2009-01-13,419.370000
2009-01-14,409.420000
2009-01-15,410.780000
2009-01-16,417.560000
2009-01-20,404.890000
2009-01-21,417.270000
2009-01-22,415.170000
2009-01-23,416.750000
2009-01-26,419.190000
2009-01-27,422.760000
2009-01-28,427.710000
2009-01-29,422.690000
2009-01-30,418.300000
2009-02-02,419.110000
2009-02-03,423.630000
2009-02-04,422.820000
2009-02-05,425.550000
2009-02-06,429.290000
2009-02-09,430.600000
2009-02-10,422.930000
2009-02-11,426.080000
2009-02-12,428.000000
2009-02-13,426.130000
2009-02-17,413.070000
2009-02-18,413.230000
2009-02-19,409.500000
2009-02-20,403.740000
2009-02-23,397.140000
2009-02-24,406.300000
2009-02-25,405.680000
2009-02-26,403.160000
2009-02-27,398.630000
2009-03-02,386.030000
2009-03-03,385.140000
2009-03-04,393.040000
2009-03-05,379.490000
2009-03-06,380.330000
2009-03-09,376.970000
2009-03-10,397.300000
2009-03-11,399.380000
2009-03-12,410.350000
2009-03-13,412.400000
2009-03-16,412.990000
2009-03-17,418.060000
2009-03-18,419.410000
2009-03-19,419.720000
2009-03-20,415.050000
2009-03-23,426.590000
2009-03-24,425.110000
2009-03-25,426.510000
2009-03-26,429.070000
2009-03-27,427.500000
2009-03-30,423.440000
2009-03-31,425.600000
2009-04-01,428.420000
2009-04-02,430.860000
2009-04-03,432.400000
2009-04-06,432.790000
2009-04-07,432.090000
2009-04-08,433.250000
2009-04-09,434.360000
2009-04-13,434.400000
2009-04-14,434.420000
2009-04-15,434.590000
2009-04-16,434.710000
2009-04-17,435.260000
2009-04-20,425.920000
2009-04-21,431.220000
2009-04-22,430.120000
2009-04-23,432.490000
2009-04-24,435.450000
2009-04-27,434.290000
2009-04-28,434.420000
2009-04-29,438.720000
2009-04-30,439.200000
2009-05-01,440.490000
2009-05-04,443.900000
2009-05-05,444.220000
2009-05-06,445.130000
2009-05-07,444.830000
2009-05-08,445.700000
2009-05-11,445.570000
2009-05-12,445.910000
2009-05-13,445.610000
2009-05-14,446.080000
2009-05-15,443.160000
2009-05-18,449.850000
2009-05-19,450.420000
2009-05-20,449.590000
2009-05-21,446.360000
2009-05-22,446.370000
2009-05-26,451.480000
2009-05-27,448.520000
2009-05-28,451.270000
2009-05-29,454.000000
2009-06-01,455.830000
2009-06-02,456.410000
2009-06-03,455.710000
2009-06-04,456.680000
2009-06-05,456.970000
2009-06-08,457.470000
2009-06-09,457.900000
2009-06-10,457.820000
2009-06-11,457.900000
2009-06-12,458.180000
2009-06-15,457.840000
2009-06-16,457.490000
2009-06-17,458.030000
2009-06-18,458.510000
2009-06-19,457.520000
2009-06-22,450.630000
2009-06-23,451.560000
2009-06-24,454.120000
2009-06-25,459.410000
2009-06-26,459.460000
2009-06-29,461.860000
2009-06-30,460.910000
2009-07-01,461.510000
2009-07-02,456.370000
2009-07-06,457.040000
2009-07-07,451.050000
2009-07-08,451.080000
2009-07-09,452.660000
2009-07-10,452.350000
2009-07-13,460.610000
2009-07-14,463.090000
2009-07-15,466.910000
2009-07-16,467.190000
2009-07-17,467.880000
2009-07-20,470.120000
2009-07-21,471.110000
2009-07-22,471.430000
2009-07-23,473.620000
2009-07-24,474.270000
2009-07-27,474.530000
2009-07-28,474.380000
2009-07-29,474.150000
2009-07-30,474.960000
2009-07-31,475.010000
2009-08-03,475.870000
2009-08-04,476.140000
2009-08-05,476.240000
2009-08-06,476.170000
2009-08-07,476.570000
2009-08-10,476.550000
2009-08-11,476.510000
2009-08-12,476.590000
2009-08-13,476.750000
2009-08-14,476.780000
2009-08-17,476.600000
2009-08-18,476.890000
2009-08-19,476.950000
2009-08-20,477.070000
2009-08-21,477.270000
2009-08-24,477.780000
2009-08-25,478.650000
2009-08-26,478.750000
2009-08-27,479.620000
2009-08-28,479.890000
2009-08-31,479.050000
2009-09-01,473.690000
2009-09-02,473.520000
2009-09-03,476.680000
2009-09-04,480.000000
2009-09-08,481.940000
2009-09-09,483.100000
2009-09-10,483.850000
2009-09-11,483.990000
2009-09-14,484.320000
2009-09-15,484.510000
2009-09-16,484.570000
2009-09-17,484.650000
2009-09-18,484.500000
2009-09-21,484.800000
2009-09-22,486.260000
2009-09-23,484.950000
2009-09-24,482.730000
2009-09-25,481.770000
2009-09-28,485.840000
2009-09-29,485.630000
2009-09-30,484.900000
2009-10-01,478.300000
2009-10-02,477.530000
2009-10-05,483.250000
2009-10-06,486.900000
2009-10-07,488.080000
2009-10-08,489.590000
2009-10-09,490.930000
2009-10-12,491.290000
2009-10-13,491.510000
2009-10-14,492.130000
2009-10-15,492.310000
2009-10-16,493.530000
2009-10-19,495.280000
2009-10-20,494.860000
2009-10-21,493.320000
2009-10-22,495.590000
2009-10-23,493.390000
2009-10-26,490.860000
2009-10-27,490.300000
2009-10-28,484.620000
2009-10-29,491.480000
2009-10-30,482.210000
2009-11-02,485.260000
2009-11-03,486.660000
2009-11-04,487.540000
2009-11-05,493.400000
2009-11-06,494.920000
2009-11-09,498.680000
2009-11-10,499.240000
2009-11-11,499.860000
2009-11-12,499.130000
2009-11-13,500.120000
2009-11-16,500.940000
2009-11-17,501.120000
2009-11-18,501.200000
2009-11-19,501.260000
2009-11-20,501.640000
2009-11-23,504.120000
2009-11-24,504.740000
2009-11-25,505.150000
2009-11-27,501.690000
2009-11-30,503.310000
2009-12-01,505.680000
2009-12-02,506.060000
2009-12-03,505.250000
2009-12-04,506.250000
2009-12-07,506.440000
2009-12-08,505.300000
2009-12-09,506.250000
2009-12-10,506.970000
2009-12-11,507.450000
2009-12-14,507.960000
2009-12-15,507.990000
2009-12-16,508.030000
2009-12-17,508.070000
2009-12-18,508.910000
2009-12-21,511.450000
2009-12-22,512.240000
2009-12-23,512.530000
2009-12-24,513.130000
2009-12-28,513.610000
2009-12-29,513.680000
2009-12-30,513.780000
2009-12-31,512.960000
2010-01-04,514.520000
2010-01-05,514.870000
2010-01-06,514.950000
2010-01-07,515.070000
2010-01-08,515.240000
2010-01-11,515.350000
2010-01-12,515.310000
2010-01-13,515.360000
2010-01-14,515.470000
2010-01-15,515.480000
2010-01-19,518.090000
2010-01-20,516.490000
2010-01-21,511.910000
2010-01-22,504.430000
2010-01-25,507.250000
2010-01-26,506.450000
2010-01-27,508.480000
2010-01-28,504.810000
2010-01-29,501.020000
2010-02-01,507.280000
2010-02-02,512.240000
2010-02-03,510.880000
2010-02-04,497.660000
2010-02-05,499.520000
2010-02-08,495.640000
2010-02-09,502.060000
2010-02-10,501.210000
2010-02-11,506.130000
2010-02-12,506.130000
2010-02-16,513.730000
2010-02-17,516.430000
2010-02-18,519.960000
2010-02-19,518.760000
2010-02-22,519.200000
2010-02-23,516.650000
2010-02-24,518.910000
2010-02-25,519.010000
2010-02-26,519.470000
2010-03-01,521.320000
2010-03-02,521.920000
2010-03-03,522.070000
2010-03-04,522.730000
2010-03-05,523.650000
2010-03-08,523.910000
2010-03-09,523.970000
2010-03-10,524.070000
2010-03-11,524.150000
2010-03-12,524.170000
2010-03-15,524.260000
2010-03-16,524.310000
2010-03-17,524.350000
2010-03-18,524.380000
2010-03-19,524.230000
2010-03-22,525.490000
2010-03-23,526.610000
2010-03-24,525.860000
2010-03-25,525.420000
2010-03-26,525.890000
2010-03-29,527.030000
2010-03-30,527.270000
2010-03-31,527.060000
2010-04-01,527.750000
2010-04-05,528.430000
2010-04-06,528.620000
2010-04-07,528.600000
2010-04-08,528.770000
2010-04-09,528.880000
2010-04-12,529.000000
2010-04-13,529.020000
2010-04-14,529.130000
2010-04-15,529.170000
2010-04-16,529.060000
2010-04-19,530.640000
2010-04-20,532.680000
2010-04-21,532.450000
2010-04-22,532.960000
2010-04-23,533.510000
2010-04-26,533.260000
2010-04-27,527.430000
2010-04-28,529.970000
2010-04-29,532.880000
2010-04-30,529.110000
2010-05-03,532.680000
2010-05-04,526.690000
2010-05-05,525.000000
2010-05-06,512.530000
2010-05-07,504.450000
2010-05-10,523.820000
2010-05-11,523.390000
2010-05-12,528.740000
2010-05-13,525.180000
2010-05-14,517.660000
2010-05-17,518.720000
2010-05-18,511.840000
2010-05-19,509.190000
2010-05-20,489.620000
2010-05-21,482.980000
2010-05-24,482.720000
2010-05-25,484.470000
2010-05-26,484.310000
2010-05-27,490.510000
2010-05-28,488.550000
2010-06-01,485.330000
2010-06-02,491.390000
2010-06-03,492.310000
2010-06-04,486.330000
2010-06-07,484.590000
2010-06-08,488.490000
2010-06-09,487.850000
2010-06-10,493.270000
2010-06-11,494.710000
2010-06-14,495.150000
2010-06-15,496.200000
2010-06-16,496.320000
2010-06-17,496.390000
2010-06-18,495.180000
2010-06-21,494.610000
2010-06-22,491.370000
2010-06-23,490.840000
2010-06-24,485.510000
2010-06-25,488.080000
2010-06-28,487.580000
2010-06-29,475.630000
2010-06-30,471.490000
2010-07-01,470.800000
2010-07-02,468.780000
2010-07-06,471.660000
2010-07-07,485.580000
2010-07-08,489.970000
2010-07-09,493.310000
2010-07-12,493.970000
2010-07-13,499.030000
2010-07-14,500.040000
2010-07-15,501.350000
2010-07-16,498.840000
2010-07-19,501.080000
2010-07-20,503.880000
2010-07-21,501.210000
2010-07-22,505.340000
2010-07-23,507.110000
2010-07-26,508.790000
2010-07-27,508.940000
2010-07-28,508.290000
2010-07-29,508.360000
2010-07-30,508.650000
2010-08-02,511.040000
2010-08-03,510.870000
2010-08-04,511.330000
2010-08-05,511.420000
2010-08-06,511.540000
2010-08-09,511.890000
2010-08-10,511.840000
2010-08-11,509.960000
2010-08-12,509.810000
2010-08-13,509.720000
2010-08-16,510.980000
2010-08-17,512.370000
2010-08-18,512.500000
2010-08-19,512.560000
2010-08-20,513.240000
2010-08-23,513.540000
2010-08-24,510.220000
2010-08-25,511.620000
2010-08-26,510.000000
2010-08-27,514.770000
2010-08-30,511.700000
2010-08-31,512.180000
2010-09-01,518.300000
2010-09-02,519.650000
2010-09-03,521.110000
2010-09-07,520.610000
2010-09-08,521.120000
2010-09-09,521.590000
2010-09-10,521.800000
2010-09-13,521.980000
2010-09-14,522.090000
2010-09-15,522.120000
2010-09-16,522.180000
2010-09-17,522.390000
2010-09-20,524.940000
2010-09-21,524.580000
2010-09-22,524.230000
2010-09-23,522.590000
2010-09-24,526.150000
2010-09-27,526.130000
2010-09-28,526.610000
2010-09-29,526.400000
2010-09-30,526.590000
2010-10-01,527.440000
2010-10-04,527.080000
2010-10-05,528.740000
2010-10-06,528.950000
2010-10-07,528.950000
2010-10-08,529.190000
2010-10-11,529.350000
2010-10-12,529.360000
2010-10-13,529.470000
2010-10-14,529.560000
2010-10-15,530.510000
2010-10-18,532.390000
2010-10-19,529.390000
2010-10-20,531.720000
2010-10-21,532.330000
2010-10-22,533.130000
2010-10-25,533.490000
2010-10-26,533.490000
2010-10-27,533.230000
2010-10-28,533.520000
2010-10-29,533.490000
2010-11-01,533.750000
2010-11-02,534.860000
2010-11-03,536.040000
2010-11-04,537.340000
2010-11-05,537.620000
2010-11-08,537.810000
2010-11-09,537.470000
2010-11-10,537.780000
2010-11-11,537.720000
2010-11-12,537.180000
2010-11-15,537.640000
2010-11-16,537.010000
2010-11-17,537.770000
2010-11-18,538.130000
2010-11-19,538.830000
2010-11-22,539.040000
2010-11-23,535.920000
2010-11-24,539.070000
2010-11-26,536.340000
2010-11-29,537.720000
2010-11-30,536.270000
2010-12-01,540.400000
2010-12-02,542.020000
2010-12-03,542.660000
2010-12-06,542.950000
2010-12-07,543.040000
2010-12-08,543.300000
2010-12-09,543.390000
2010-12-10,543.450000
2010-12-13,543.530000
2010-12-14,543.630000
2010-12-15,543.630000
2010-12-16,543.710000
2010-12-17,543.630000
2010-12-20,544.550000
2010-12-21,545.300000
2010-12-22,546.120000
2010-12-23,545.730000
2010-12-27,545.940000
2010-12-28,546.390000
2010-12-29,546.660000
2010-12-30,546.570000
2010-12-31,546.590000
2011-01-03,547.860000
2011-01-04,547.930000
2011-01-05,548.480000
2011-01-06,548.380000
2011-01-07,548.510000
2011-01-10,548.720000
2011-01-11,548.920000
2011-01-12,549.180000
2011-01-13,549.180000
2011-01-14,549.240000
2011-01-18,549.330000
2011-01-19,549.280000
2011-01-20,549.370000
2011-01-21,548.550000
2011-01-24,550.090000
2011-01-25,550.160000
2011-01-26,551.260000
2011-01-27,551.510000
2011-01-28,547.730000
2011-01-31,549.770000
2011-02-01,552.260000
2011-02-02,552.220000
2011-02-03,552.870000
2011-02-04,553.290000
2011-02-07,553.760000
2011-02-08,553.900000
2011-02-09,553.920000
2011-02-10,554.030000
2011-02-11,554.180000
2011-02-14,554.270000
2011-02-15,554.250000
2011-02-16,554.360000
2011-02-17,554.460000
2011-02-18,554.340000
2011-02-22,549.310000
2011-02-23,547.650000
2011-02-24,547.860000
2011-02-25,551.600000
2011-02-28,553.430000
2011-03-01,549.040000
2011-03-02,549.890000
2011-03-03,554.460000
2011-03-04,553.200000
2011-03-07,551.480000
2011-03-08,553.970000
2011-03-09,553.990000
2011-03-10,548.450000
2011-03-11,551.910000
2011-03-14,550.710000
2011-03-15,545.730000
2011-03-16,535.960000
2011-03-17,542.940000
2011-03-18,547.440000
2011-03-21,551.550000
2011-03-22,551.880000
2011-03-23,552.860000
2011-03-24,554.370000
2011-03-25,554.770000
2011-03-28,554.880000
2011-03-29,555.440000
2011-03-30,555.990000
2011-03-31,556.010000
2011-04-01,556.410000
2011-04-04,556.520000
2011-04-05,556.700000
2011-04-06,556.840000
2011-04-07,556.880000
2011-04-08,556.720000
2011-04-11,556.980000
2011-04-12,556.910000
2011-04-13,557.120000
2011-04-14,557.200000
2011-04-15,557.140000
2011-04-18,555.350000
2011-04-19,557.070000
2011-04-20,559.060000
2011-04-21,560.130000
2011-04-25,560.130000
2011-04-26,560.980000
2011-04-27,561.440000
2011-04-28,562.030000
2011-04-29,561.990000
2011-05-02,562.000000
2011-05-03,561.730000
2011-05-04,561.510000
2011-05-05,560.420000
2011-05-06,560.790000
2011-05-09,561.950000
2011-05-10,562.600000
2011-05-11,562.110000
2011-05-12,562.560000
2011-05-13,562.330000
2011-05-16,562.200000
2011-05-17,562.530000
2011-05-18,562.980000
2011-05-19,563.020000
2011-05-20,562.670000
2011-05-23,560.610000
2011-05-24,560.890000
2011-05-25,562.070000
2011-05-26,563.440000
2011-05-27,564.270000
2011-05-31,566.140000
2011-06-01,561.940000
2011-06-02,561.870000
2011-06-03,559.890000
2011-06-06,556.740000
2011-06-07,556.800000
2011-06-08,555.340000
2011-06-09,558.910000
2011-06-10,552.490000
2011-06-13,553.340000
2011-06-14,560.070000
2011-06-15,550.690000
2011-06-16,551.950000
2011-06-17,555.690000
2011-06-20,557.880000
2011-06-21,560.230000
2011-06-22,560.000000
2011-06-23,559.460000
2011-06-24,557.000000
2011-06-27,559.240000
2011-06-28,561.520000
2011-06-29,562.960000
2011-06-30,563.720000
2011-07-01,564.050000
2011-07-05,564.250000
2011-07-06,564.310000
2011-07-07,564.440000
2011-07-08,564.470000
2011-07-11,564.210000
2011-07-12,564.250000
2011-07-13,564.470000
2011-07-14,564.560000
2011-07-15,565.420000
2011-07-18,563.850000
2011-07-19,567.260000
2011-07-20,567.300000
2011-07-21,569.490000
2011-07-22,569.830000
2011-07-25,568.910000
2011-07-26,568.440000
2011-07-27,564.460000
2011-07-28,563.810000
2011-07-29,561.370000
2011-08-01,562.420000
2011-08-02,554.790000
2011-08-03,557.900000
2011-08-04,535.320000
2011-08-05,535.010000
2011-08-08,500.760000
2011-08-09,524.400000
2011-08-10,500.850000
2011-08-11,523.240000
2011-08-12,527.260000
2011-08-15,538.590000
2011-08-16,533.710000
2011-08-17,534.230000
2011-08-18,511.290000
2011-08-19,499.570000
2011-08-22,500.830000
2011-08-23,509.670000
2011-08-24,512.280000
2011-08-25,507.880000
2011-08-26,512.070000
2011-08-29,516.860000
2011-08-30,517.350000
2011-08-31,518.050000
2011-09-01,517.770000
2011-09-02,515.840000
2011-09-06,515.210000
2011-09-07,518.950000
2011-09-08,518.740000
2011-09-09,515.230000
2011-09-12,518.190000
2011-09-13,520.230000
2011-09-14,520.970000
2011-09-15,521.190000
2011-09-16,522.530000
2011-09-19,521.170000
2011-09-20,521.100000
2011-09-21,513.380000
2011-09-22,502.560000
2011-09-23,504.180000
2011-09-26,512.830000
2011-09-27,516.330000
2011-09-28,510.020000
2011-09-29,513.490000
2011-09-30,507.650000
2011-10-03,494.320000
2011-10-04,504.380000
2011-10-05,511.720000
2011-10-06,518.260000
2011-10-07,517.060000
2011-10-10,527.730000
2011-10-11,528.910000
2011-10-12,531.230000
2011-10-13,531.820000
2011-10-14,534.140000
2011-10-17,532.210000
2011-10-18,534.820000
2011-10-19,534.480000
2011-10-20,535.900000
2011-10-21,535.890000
2011-10-24,539.560000
2011-10-25,535.230000
2011-10-26,538.430000
2011-10-27,544.250000
2011-10-28,545.000000
2011-10-31,541.240000
2011-11-01,534.350000
2011-11-02,538.900000
2011-11-03,542.870000
2011-11-04,542.350000
2011-11-07,544.410000
2011-11-08,546.540000
2011-11-09,539.560000
2011-11-10,542.980000
2011-11-11,546.340000
2011-11-14,546.450000
2011-11-15,547.240000
2011-11-16,546.660000
2011-11-17,546.790000
2011-11-18,547.460000
2011-11-21,543.530000
2011-11-22,543.440000
2011-11-23,536.500000
2011-11-25,535.020000
2011-11-28,546.800000
2011-11-29,548.260000
2011-11-30,557.100000
2011-12-01,557.130000
2011-12-02,557.250000
2011-12-05,558.940000
2011-12-06,559.500000
2011-12-07,559.600000
2011-12-08,557.550000
2011-12-09,560.880000
2011-12-12,560.730000
2011-12-13,560.600000
2011-12-14,560.090000
2011-12-15,561.430000
2011-12-16,560.210000
2011-12-19,558.180000
2011-12-20,565.050000
2011-12-21,566.270000
2011-12-22,567.630000
2011-12-23,568.950000
2011-12-27,569.570000
2011-12-28,567.920000
2011-12-29,569.470000
2011-12-30,569.210000
2012-01-03,571.240000
2012-01-04,571.740000
2012-01-05,572.150000
2012-01-06,572.290000
2012-01-09,572.580000
2012-01-10,572.850000
2012-01-11,572.890000
2012-01-12,572.970000
2012-01-13,572.920000
2012-01-17,572.980000
2012-01-18,573.090000
2012-01-19,573.140000
2012-01-20,573.720000
2012-01-23,574.440000
2012-01-24,574.100000
2012-01-25,575.780000
2012-01-26,575.010000
2012-01-27,575.210000
2012-01-30,574.920000
2012-01-31,575.230000
2012-02-01,576.590000
2012-02-02,577.200000
2012-02-03,578.260000
2012-02-06,578.300000
2012-02-07,578.490000
2012-02-08,578.510000
2012-02-09,578.650000
2012-02-10,578.210000
2012-02-13,578.850000
2012-02-14,578.920000
2012-02-15,578.880000
2012-02-16,579.050000
2012-02-17,579.260000
2012-02-21,579.940000
2012-02-22,579.860000
2012-02-23,581.090000
2012-02-24,581.480000
2012-02-27,581.750000
2012-02-28,582.320000
2012-02-29,581.900000
2012-03-01,582.960000
2012-03-02,583.050000
2012-03-05,582.960000
2012-03-06,580.120000
2012-03-07,582.060000
2012-03-08,583.430000
2012-03-09,584.020000
2012-03-12,584.380000
2012-03-13,584.530000
2012-03-14,584.570000
2012-03-15,584.680000
2012-03-16,584.460000
2012-03-19,585.280000
2012-03-20,584.920000
2012-03-21,585.050000
2012-03-22,583.500000
2012-03-23,584.660000
2012-03-26,587.130000
2012-03-27,586.620000
2012-03-28,586.250000
2012-03-29,586.230000
2012-03-30,586.820000
2012-04-02,588.040000
2012-04-03,587.930000
2012-04-04,586.710000
2012-04-05,586.910000
2012-04-09,584.930000
2012-04-10,579.550000
2012-04-11,582.920000
2012-04-12,587.190000
2012-04-13,583.930000
2012-04-16,584.680000
2012-04-17,588.690000
2012-04-18,588.810000
2012-04-19,588.610000
2012-04-20,588.730000
2012-04-23,586.970000
2012-04-24,588.330000
2012-04-25,591.520000
2012-04-26,592.820000
2012-04-27,593.280000
2012-04-30,592.730000
2012-05-01,593.990000
2012-05-02,593.660000
2012-05-03,592.930000
2012-05-04,590.160000
2012-05-07,591.020000
2012-05-08,589.750000
2012-05-09,588.670000
2012-05-10,590.100000
2012-05-11,589.290000
2012-05-14,586.210000
2012-05-15,584.050000
2012-05-16,582.470000
2012-05-17,573.920000
2012-05-18,572.650000
2012-05-21,577.930000
2012-05-22,578.250000
2012-05-23,578.850000
2012-05-24,579.580000
2012-05-25,579.530000
2012-05-29,581.910000
2012-05-30,579.490000
2012-05-31,579.700000
2012-06-01,573.530000
2012-06-04,575.130000
2012-06-05,577.440000
2012-06-06,582.510000
2012-06-07,583.060000
2012-06-08,583.860000
2012-06-11,583.320000
2012-06-12,584.580000
2012-06-13,584.500000
2012-06-14,584.910000
2012-06-15,586.430000
2012-06-18,588.370000
2012-06-19,589.990000
2012-06-20,590.540000
2012-06-21,585.840000
2012-06-22,588.710000
2012-06-25,585.040000
2012-06-26,586.660000
2012-06-27,588.600000
2012-06-28,588.260000
2012-06-29,592.980000
2012-07-02,593.370000
2012-07-03,593.980000
2012-07-05,593.900000
2012-07-06,593.750000
2012-07-09,593.610000
2012-07-10,593.040000
2012-07-11,593.430000
2012-07-12,593.220000
2012-07-13,594.830000
2012-07-16,594.860000
2012-07-17,595.020000
2012-07-18,595.130000
2012-07-19,595.200000
2012-07-20,594.470000
2012-07-23,592.140000
2012-07-24,589.250000
2012-07-25,589.840000
2012-07-26,594.700000
2012-07-27,597.710000
2012-07-30,597.660000
2012-07-31,597.110000
2012-08-01,596.950000
2012-08-02,596.840000
2012-08-03,599.820000
2012-08-06,600.140000
2012-08-07,600.470000
2012-08-08,600.590000
2012-08-09,600.680000
2012-08-10,600.700000
2012-08-13,600.780000
2012-08-14,600.800000
2012-08-15,600.850000
2012-08-16,600.900000
2012-08-17,601.390000
2012-08-20,601.520000
2012-08-21,600.980000
2012-08-22,601.000000
2012-08-23,599.340000
2012-08-24,601.160000
2012-08-27,601.140000
2012-08-28,601.090000
2012-08-29,601.230000
2012-08-30,599.760000
2012-08-31,601.160000
2012-09-04,601.170000
2012-09-05,601.300000
2012-09-06,604.720000
2012-09-07,605.510000
2012-09-10,604.990000
2012-09-11,605.190000
2012-09-12,605.500000
2012-09-13,606.220000
2012-09-14,606.280000
2012-09-17,606.350000
2012-09-18,606.440000
2012-09-19,606.490000
2012-09-20,606.490000
2012-09-21,605.780000
2012-09-24,605.800000
2012-09-25,603.440000
2012-09-26,601.820000
2012-09-27,605.000000
2012-09-28,603.740000
2012-10-01,604.460000
2012-10-02,605.250000
2012-10-03,606.360000
2012-10-04,607.540000
2012-10-05,608.010000
2012-10-08,607.860000
2012-10-09,606.070000
2012-10-10,604.900000
2012-10-11,605.900000
2012-10-12,605.090000
2012-10-15,607.820000
2012-10-16,609.220000
2012-10-17,609.520000
2012-10-18,609.620000
2012-10-19,606.490000
2012-10-22,606.900000
2012-10-23,602.570000
2012-10-24,601.940000
2012-10-25,603.070000
2012-10-26,603.230000
2012-10-31,603.770000
2012-11-01,607.810000
2012-11-02,605.420000
2012-11-05,606.070000
2012-11-06,608.290000
2012-11-07,601.500000
2012-11-08,596.320000
2012-11-09,596.950000
2012-11-12,597.800000
2012-11-13,595.850000
2012-11-14,587.740000
2012-11-15,586.770000
2012-11-16,587.800000
2012-11-19,591.130000
2012-11-20,591.290000
2012-11-21,591.450000
2012-11-23,592.350000
2012-11-26,592.470000
2012-11-27,592.310000
2012-11-28,592.740000
2012-11-29,593.060000
2012-11-30,592.920000
2012-12-03,592.930000
2012-12-04,592.900000
2012-12-05,593.200000
2012-12-06,593.310000
2012-12-07,593.520000
2012-12-10,593.670000
2012-12-11,593.720000
2012-12-12,593.760000
2012-12-13,593.770000
2012-12-14,593.680000
2012-12-17,593.880000
2012-12-18,593.960000
2012-12-19,593.940000
2012-12-20,593.990000
2012-12-21,595.520000
2012-12-24,595.260000
2012-12-26,594.600000
2012-12-27,594.470000
2012-12-28,590.620000
2012-12-31,596.490000
2013-01-02,600.660000
2013-01-03,600.920000
2013-01-04,601.320000
2013-01-07,601.390000
2013-01-08,601.360000
2013-01-09,601.490000
2013-01-10,601.590000
2013-01-11,601.600000
2013-01-14,601.630000
2013-01-15,601.670000
2013-01-16,601.700000
2013-01-17,601.730000
2013-01-18,602.600000
2013-01-22,603.370000
2013-01-23,603.580000
2013-01-24,603.670000
2013-01-25,604.040000
2013-01-28,604.050000
2013-01-29,604.390000
2013-01-30,604.070000
2013-01-31,604.130000
2013-02-01,604.910000
2013-02-04,604.340000
2013-02-05,604.910000
2013-02-06,605.090000
2013-02-07,605.070000
2013-02-08,605.190000
2013-02-11,605.270000
2013-02-12,605.340000
2013-02-13,605.370000
2013-02-14,605.410000
2013-02-15,605.010000
2013-02-19,606.460000
2013-02-20,603.830000
2013-02-21,602.280000
2013-02-22,604.690000
2013-02-25,598.440000
2013-02-26,602.120000
2013-02-27,605.390000
2013-02-28,605.270000
2013-03-01,605.840000
2013-03-04,607.330000
2013-03-05,608.070000
2013-03-06,608.320000
2013-03-07,608.470000
2013-03-08,608.660000
2013-03-11,608.720000
2013-03-12,608.700000
2013-03-13,608.780000
2013-03-14,608.830000
2013-03-15,608.960000
2013-03-18,607.530000
2013-03-19,606.750000
2013-03-20,608.840000
2013-03-21,606.730000
2013-03-22,608.140000
2013-03-25,608.000000
2013-03-26,609.810000
2013-03-27,609.710000
2013-03-28,610.430000
2013-04-01,610.110000
2013-04-02,610.980000
2013-04-03,609.470000
2013-04-04,610.260000
2013-04-05,609.920000
2013-04-08,611.200000
2013-04-09,611.840000
2013-04-10,612.310000
2013-04-11,612.570000
2013-04-12,612.450000
2013-04-15,610.690000
2013-04-16,612.400000
2013-04-17,611.990000
2013-04-18,612.180000
2013-04-19,614.440000
2013-04-22,615.540000
2013-04-23,616.950000
2013-04-24,616.990000
2013-04-25,617.280000
2013-04-26,617.320000
2013-04-29,617.930000
2013-04-30,618.080000
2013-05-01,617.560000
2013-05-02,618.300000
2013-05-03,618.620000
2013-05-06,618.800000
2013-05-07,618.810000
2013-05-08,618.860000
2013-05-09,618.770000
2013-05-10,618.870000
2013-05-13,618.910000
2013-05-14,618.910000
2013-05-15,618.930000
2013-05-16,618.950000
2013-05-17,619.750000
2013-05-20,619.770000
2013-05-21,619.940000
2013-05-22,618.580000
2013-05-23,618.310000
2013-05-24,618.140000
2013-05-28,619.680000
2013-05-29,618.560000
2013-05-30,619.430000
2013-05-31,616.100000
2013-06-03,617.810000
2013-06-04,616.750000
2013-06-05,612.670000
2013-06-06,615.830000
2013-06-07,620.020000
2013-06-10,620.140000
2013-06-11,617.700000
2013-06-12,615.200000
2013-06-13,620.270000
2013-06-14,619.260000
2013-06-17,621.370000
2013-06-18,622.370000
2013-06-19,621.370000
2013-06-20,611.080000
2013-06-21,614.890000
2013-06-24,612.550000
2013-06-25,615.390000
2013-06-26,617.790000
2013-06-27,618.930000
2013-06-28,618.570000
2013-07-01,619.850000
2013-07-02,620.030000
2013-07-03,620.230000
2013-07-05,621.500000
2013-07-08,621.730000
2013-07-09,621.960000
2013-07-10,622.000000
2013-07-11,622.100000
2013-07-12,622.150000
2013-07-15,622.170000
2013-07-16,622.170000
2013-07-17,622.190000
2013-07-18,622.190000
2013-07-19,623.010000
2013-07-22,623.930000
2013-07-23,623.810000
2013-07-24,623.130000
2013-07-25,623.770000
2013-07-26,624.080000
2013-07-29,623.740000
2013-07-30,623.830000
2013-07-31,623.930000
2013-08-01,625.350000
2013-08-02,625.860000
2013-08-05,626.080000
2013-08-06,625.780000
2013-08-07,625.650000
2013-08-08,625.980000
2013-08-09,625.720000
2013-08-12,625.980000
2013-08-13,626.350000
2013-08-14,626.370000
2013-08-15,626.200000
2013-08-16,626.300000
2013-08-19,625.210000
2013-08-20,626.390000
2013-08-21,625.010000
2013-08-22,627.310000
2013-08-23,628.460000
2013-08-26,627.980000
2013-08-27,623.770000
2013-08-28,625.060000
2013-08-29,625.150000
2013-08-30,624.240000
2013-09-03,626.660000
2013-09-04,629.010000
2013-09-05,629.460000
2013-09-06,629.640000
2013-09-09,631.390000
2013-09-10,632.430000
2013-09-11,632.600000
2013-09-12,632.680000
2013-09-13,632.750000
2013-09-16,632.920000
2013-09-17,632.980000
2013-09-18,633.050000
2013-09-19,633.080000
2013-09-20,631.640000
2013-09-23,630.690000
2013-09-24,630.450000
2013-09-25,630.090000
2013-09-26,631.070000
2013-09-27,629.490000
2013-09-30,627.750000
2013-10-01,630.680000
2013-10-02,630.340000
2013-10-03,627.770000
2013-10-04,630.450000
2013-10-07,627.690000
2013-10-08,622.910000
2013-10-09,623.910000
2013-10-10,632.470000
2013-10-11,634.190000
2013-10-14,635.040000
2013-10-15,633.320000
2013-10-16,633.320000
2013-10-17,636.780000
2013-10-18,637.250000
2013-10-21,637.590000
2013-10-22,638.210000
2013-10-23,638.220000
2013-10-24,638.370000
2013-10-25,638.890000
2013-10-28,639.140000
2013-10-29,639.420000
2013-10-30,639.230000
2013-10-31,639.230000
2013-11-01,639.570000
2013-11-04,639.980000
2013-11-05,639.900000
2013-11-06,640.230000
2013-11-07,639.780000
2013-11-08,640.240000
2013-11-11,640.330000
2013-11-12,640.330000
2013-11-13,640.430000
2013-11-14,640.470000
2013-11-15,640.770000
2013-11-18,640.300000
2013-11-19,640.020000
2013-11-20,639.710000
2013-11-21,641.270000
2013-11-22,642.280000
2013-11-25,642.320000
2013-11-26,642.430000
2013-11-27,642.820000
2013-11-29,642.510000
2013-12-02,642.350000
2013-12-03,642.090000
2013-12-04,641.980000
2013-12-05,641.320000
2013-12-06,643.290000
2013-12-09,643.730000
2013-12-10,643.510000
2013-12-11,641.970000
2013-12-12,641.660000
2013-12-13,641.730000
2013-12-16,643.290000
2013-12-17,643.370000
2013-12-18,644.660000
2013-12-19,644.770000
2013-12-20,645.330000
2013-12-23,646.460000
2013-12-24,647.060000
2013-12-26,647.560000
2013-12-27,647.610000
2013-12-30,647.560000
2013-12-31,647.650000
2014-01-02,647.360000
2014-01-03,647.780000
2014-01-06,648.170000
2014-01-07,648.630000
2014-01-08,648.680000
2014-01-09,648.850000
2014-01-10,648.970000
2014-01-13,648.700000
2014-01-14,649.040000
2014-01-15,649.080000
2014-01-16,649.080000
2014-01-17,648.700000
2014-01-21,649.620000
2014-01-22,649.930000
2014-01-23,648.040000
2014-01-24,640.690000
2014-01-27,639.330000
2014-01-28,642.340000
2014-01-29,637.740000
2014-01-30,642.700000
2014-01-31,639.460000
2014-02-03,628.680000
2014-02-04,633.140000
2014-02-05,632.140000
2014-02-06,639.530000
2014-02-07,645.890000
2014-02-10,647.180000
2014-02-11,650.750000
2014-02-12,651.160000
2014-02-13,652.500000
2014-02-14,653.320000
2014-02-18,653.730000
2014-02-19,653.580000
2014-02-20,653.880000
2014-02-21,653.200000
2014-02-24,654.700000
2014-02-25,654.680000
2014-02-26,654.830000
2014-02-27,655.630000
2014-02-28,655.920000
2014-03-03,654.470000
2014-03-04,656.960000
2014-03-05,657.110000
2014-03-06,657.330000
2014-03-07,657.400000
2014-03-10,657.720000
2014-03-11,657.570000
2014-03-12,657.720000
2014-03-13,656.460000
2014-03-14,655.200000
2014-03-17,657.960000
2014-03-18,658.350000
2014-03-19,658.410000
2014-03-20,658.460000
2014-03-21,656.560000
2014-03-24,655.980000
2014-03-25,657.480000
2014-03-26,655.610000
2014-03-27,655.500000
2014-03-28,656.800000
2014-03-31,659.210000
2014-04-01,660.630000
2014-04-02,661.100000
2014-04-03,660.990000
2014-04-04,659.410000
2014-04-07,656.930000
2014-04-08,658.760000
2014-04-09,661.180000
2014-04-10,655.870000
2014-04-11,652.290000
2014-04-14,657.060000
2014-04-15,659.870000
2014-04-16,662.270000
2014-04-17,663.300000
2014-04-21,664.240000
2014-04-22,665.130000
2014-04-23,664.910000
2014-04-24,665.550000
2014-04-25,664.020000
2014-04-28,664.950000
2014-04-29,665.190000
2014-04-30,666.250000
2014-05-01,666.540000
2014-05-02,666.800000
2014-05-05,667.170000
2014-05-06,666.420000
2014-05-07,667.140000
2014-05-08,667.210000
2014-05-09,667.600000
2014-05-12,667.900000
2014-05-13,667.940000
2014-05-14,667.920000
2014-05-15,667.910000
2014-05-16,668.510000
2014-05-19,669.430000
2014-05-20,668.530000
2014-05-21,670.000000
2014-05-22,669.630000
2014-05-23,671.160000
2014-05-27,671.860000
2014-05-28,671.880000
2014-05-29,672.220000
2014-05-30,672.440000
2014-06-02,672.590000
2014-06-03,672.530000
2014-06-04,672.580000
2014-06-05,672.770000
2014-06-06,672.850000
2014-06-09,672.850000
2014-06-10,672.940000
2014-06-11,672.900000
2014-06-12,672.810000
2014-06-13,672.850000
2014-06-16,672.970000
2014-06-17,672.880000
2014-06-18,673.020000
2014-06-19,673.050000
2014-06-20,672.790000
2014-06-23,672.880000
2014-06-24,671.580000
2014-06-25,672.650000
2014-06-26,672.530000
2014-06-27,673.020000
2014-06-30,673.300000
2014-07-01,674.230000
2014-07-02,674.390000
2014-07-03,674.770000
2014-07-07,674.720000
2014-07-08,674.190000
2014-07-09,674.800000
2014-07-10,674.450000
2014-07-11,674.780000
2014-07-14,675.090000
2014-07-15,675.120000
2014-07-16,675.270000
2014-07-17,675.110000
2014-07-18,677.020000
2014-07-21,676.840000
2014-07-22,677.960000
2014-07-23,678.330000
2014-07-24,678.420000
2014-07-25,677.750000
2014-07-28,678.200000
2014-07-29,677.430000
2014-07-30,677.750000
2014-07-31,672.110000
2014-08-01,671.610000
2014-08-04,675.440000
2014-08-05,672.070000
2014-08-06,672.830000
2014-08-07,670.750000
2014-08-08,675.510000
2014-08-11,677.520000
2014-08-12,677.820000
2014-08-13,679.910000
2014-08-14,680.300000
2014-08-15,678.910000
2014-08-18,680.920000
2014-08-19,681.620000
2014-08-20,682.050000
2014-08-21,682.350000
2014-08-22,682.410000
2014-08-25,682.980000
2014-08-26,683.170000
2014-08-27,683.240000
2014-08-28,683.210000
2014-08-29,683.350000
2014-09-02,683.550000
2014-09-03,683.590000
2014-09-04,683.470000
2014-09-05,683.850000
2014-09-08,683.750000
2014-09-09,683.430000
2014-09-10,683.830000
2014-09-11,683.880000
2014-09-12,683.830000
2014-09-15,683.950000
2014-09-16,684.140000
2014-09-17,684.250000
2014-09-18,684.300000
2014-09-19,683.440000
2014-09-22,681.680000
2014-09-23,679.900000
2014-09-24,682.420000
2014-09-25,677.340000
2014-09-26,680.430000
2014-09-29,679.890000
2014-09-30,679.140000
2014-10-01,674.270000
2014-10-02,674.870000
2014-10-03,679.780000
2014-10-06,679.800000
2014-10-07,672.860000
2014-10-08,681.160000
2014-10-09,671.050000
2014-10-10,664.410000
2014-10-13,653.770000
2014-10-14,654.750000
2014-10-15,650.210000
2014-10-16,650.280000
2014-10-17,657.490000
2014-10-20,660.710000
2014-10-21,664.410000
2014-10-22,662.880000
2014-10-23,665.070000
2014-10-24,665.860000
2014-10-27,666.080000
2014-10-28,667.180000
2014-10-29,667.160000
2014-10-30,667.590000
2014-10-31,667.940000
2014-11-03,668.000000
2014-11-04,667.970000
2014-11-05,668.110000
2014-11-06,668.300000
2014-11-07,668.420000
2014-11-10,668.470000
2014-11-11,668.430000
2014-11-12,668.430000
2014-11-13,668.430000
2014-11-14,668.440000
2014-11-17,668.510000
2014-11-18,668.530000
2014-11-19,668.540000
2014-11-20,668.550000
2014-11-21,667.830000
2014-11-24,668.880000
2014-11-25,668.880000
2014-11-26,669.350000
2014-11-28,668.620000
2014-12-01,667.640000
2014-12-02,669.020000
2014-12-03,669.800000
2014-12-04,670.030000
2014-12-05,670.510000
2014-12-08,669.450000
2014-12-09,669.380000
2014-12-10,664.620000
2014-12-11,665.750000
2014-12-12,661.310000
2014-12-15,659.080000
2014-12-16,654.200000
2014-12-17,666.250000
2014-12-18,671.920000
2014-12-19,672.400000
2014-12-22,673.370000
2014-12-23,673.820000
2014-12-24,674.090000
2014-12-26,674.640000
2014-12-29,675.010000
2014-12-30,674.500000
2014-12-31,671.790000
2015-01-02,672.920000
2015-01-05,668.720000
2015-01-06,665.520000
2015-01-07,670.560000
2015-01-08,675.290000
2015-01-09,674.570000
2015-01-12,672.950000
2015-01-13,672.400000
2015-01-14,670.420000
2015-01-15,666.430000
2015-01-16,668.800000
2015-01-20,670.240000
2015-01-21,671.830000
2015-01-22,674.790000
2015-01-23,674.390000
2015-01-26,675.480000
2015-01-27,673.230000
2015-01-28,670.310000
2015-01-29,672.700000
2015-01-30,669.120000
2015-02-02,673.460000
2015-02-03,675.970000
2015-02-04,675.690000
2015-02-05,676.800000
2015-02-06,676.640000
2015-02-09,676.800000
2015-02-10,677.580000
2015-02-11,677.710000
2015-02-12,677.970000
2015-02-13,678.010000
2015-02-17,678.040000
2015-02-18,678.060000
2015-02-19,678.070000
2015-02-20,679.900000
2015-02-23,680.350000
2015-02-24,681.240000
2015-02-25,681.270000
2015-02-26,681.200000
2015-02-27,681.170000
2015-03-02,682.190000
2015-03-03,681.650000
2015-03-04,681.270000
2015-03-05,681.590000
2015-03-06,678.890000
2015-03-09,680.740000
2015-03-10,676.290000
2015-03-11,675.790000
2015-03-12,680.160000
2015-03-13,679.140000
2015-03-16,682.290000
2015-03-17,681.930000
2015-03-18,683.680000
2015-03-19,683.840000
2015-03-20,684.710000
2015-03-23,684.800000
2015-03-24,683.730000
2015-03-25,679.080000
2015-03-26,678.360000
2015-03-27,679.710000
2015-03-30,683.910000
2015-03-31,681.570000
2015-04-01,680.620000
2015-04-02,682.420000
2015-04-06,684.830000
2015-04-07,684.600000
2015-04-08,685.820000
2015-04-09,687.270000
2015-04-10,688.210000
2015-04-13,688.020000
2015-04-14,688.340000
2015-04-15,688.660000
2015-04-16,688.710000
2015-04-17,687.700000
2015-04-20,689.970000
2015-04-21,689.880000
2015-04-22,690.680000
2015-04-23,691.130000
2015-04-24,691.540000
2015-04-27,691.180000
2015-04-28,691.850000
2015-04-29,691.400000
2015-04-30,689.900000
2015-05-01,691.900000
2015-05-04,692.380000
2015-05-05,691.270000
2015-05-06,690.710000
2015-05-07,691.420000
2015-05-08,692.900000
2015-05-11,692.850000
2015-05-12,692.880000
2015-05-13,692.980000
2015-05-14,693.060000
2015-05-15,693.040000
2015-05-18,693.920000
2015-05-19,693.970000
2015-05-20,694.040000
2015-05-21,694.780000
2015-05-22,694.800000
2015-05-26,692.540000
2015-05-27,694.780000
2015-05-28,694.610000
2015-05-29,693.520000
2015-06-01,694.230000
2015-06-02,694.180000
2015-06-03,694.970000
2015-06-04,692.980000
2015-06-05,693.390000
2015-06-08,691.960000
2015-06-09,692.700000
2015-06-10,696.050000
2015-06-11,696.960000
2015-06-12,695.590000
2015-06-15,694.890000
2015-06-16,696.690000
2015-06-17,697.920000
2015-06-18,698.490000
2015-06-19,697.150000
2015-06-22,699.590000
2015-06-23,700.080000
2015-06-24,698.520000
2015-06-25,697.510000
2015-06-26,697.510000
2015-06-29,689.570000
2015-06-30,691.200000
2015-07-01,694.630000
2015-07-02,694.340000
2015-07-06,694.460000
2015-07-07,697.180000
2015-07-08,689.640000
2015-07-09,691.120000
2015-07-10,697.340000
2015-07-13,701.980000
2015-07-14,702.900000
2015-07-15,702.850000
2015-07-16,703.350000
2015-07-17,703.290000
2015-07-20,703.660000
2015-07-21,703.170000
2015-07-22,703.120000
2015-07-23,701.740000
2015-07-24,698.560000
2015-07-27,696.140000
2015-07-28,701.360000
2015-07-29,703.700000
2015-07-30,704.160000
2015-07-31,703.940000
2015-08-03,703.530000
2015-08-04,703.260000
2015-08-05,704.330000
2015-08-06,701.930000
2015-08-07,701.420000
2015-08-10,705.720000
2015-08-11,703.190000
2015-08-12,703.520000
2015-08-13,703.670000
2015-08-14,705.530000
2015-08-17,707.140000
2015-08-18,707.100000
2015-08-19,705.910000
2015-08-20,694.790000
2015-08-21,680.460000
2015-08-24,660.630000
2015-08-25,660.630000
2015-08-26,660.630000
2015-08-27,684.980000
2015-08-28,685.000000
2015-08-31,683.340000
2015-09-01,671.750000
2015-09-02,682.170000
2015-09-03,683.010000
2015-09-04,676.350000
2015-09-08,687.950000
2015-09-09,682.760000
2015-09-10,685.690000
2015-09-11,688.710000
2015-09-14,687.860000
2015-09-15,693.280000
2015-09-16,695.500000
2015-09-17,697.110000
2015-09-18,697.670000
2015-09-21,701.330000
2015-09-22,696.930000
2015-09-23,697.260000
2015-09-24,696.180000
2015-09-25,696.530000
2015-09-28,685.210000
2015-09-29,686.660000
2015-09-30,694.800000
2015-10-01,697.140000
2015-10-02,702.790000
2015-10-05,707.500000
2015-10-06,707.650000
2015-10-07,709.040000
2015-10-08,709.540000
2015-10-09,710.080000
2015-10-12,710.230000
2015-10-13,710.140000
2015-10-14,710.200000
2015-10-15,710.430000
2015-10-16,710.680000
2015-10-19,711.760000
2015-10-20,711.510000
2015-10-21,709.780000
2015-10-22,713.520000
2015-10-23,715.100000
2015-10-26,714.730000
2015-10-27,714.540000
2015-10-28,716.070000
2015-10-29,716.000000
2015-10-30,715.750000
2015-11-02,717.040000
2015-11-03,717.120000
2015-11-04,716.920000
2015-11-05,717.090000
2015-11-06,717.380000
2015-11-09,716.880000
2015-11-10,717.360000
2015-11-11,717.340000
2015-11-12,716.190000
2015-11-13,714.780000
2015-11-16,717.510000
2015-11-17,717.650000
2015-11-18,718.050000
2015-11-19,718.070000
2015-11-20,718.060000
2015-11-23,718.710000
2015-11-24,719.080000
2015-11-25,719.330000
2015-11-27,720.160000
2015-11-30,718.800000
2015-12-01,721.510000
2015-12-02,719.250000
2015-12-03,714.700000
2015-12-04,721.390000
2015-12-07,720.380000
2015-12-08,718.620000
2015-12-09,715.310000
2015-12-10,717.180000
2015-12-11,707.370000
2015-12-14,711.420000
2015-12-15,716.690000
2015-12-16,716.690000
2015-12-17,716.690000
2015-12-18,713.500000
2015-12-21,717.110000
2015-12-22,719.970000
2015-12-23,722.300000
2015-12-24,722.060000
2015-12-28,722.200000
2015-12-29,723.460000
2015-12-30,722.950000
2015-12-31,721.680000
2016-01-04,719.060000
2016-01-05,720.730000
2016-01-06,717.810000
2016-01-07,707.360000
2016-01-08,701.650000
2016-01-11,703.700000
2016-01-12,709.380000
2016-01-13,692.100000
2016-01-14,703.380000
2016-01-15,686.030000
2016-01-19,688.340000
2016-01-20,684.290000
2016-01-21,686.220000
2016-01-22,693.310000
2016-01-25,690.070000
2016-01-26,693.600000
2016-01-27,691.550000
2016-01-28,693.590000
2016-01-29,697.980000
2016-02-01,698.610000
2016-02-02,695.980000
2016-02-03,697.190000
2016-02-04,697.880000
2016-02-05,694.340000
2016-02-08,690.970000
2016-02-09,691.200000
2016-02-10,692.270000
2016-02-11,688.540000
2016-02-12,696.720000
2016-02-16,700.800000
2016-02-17,701.300000
2016-02-18,701.310000
2016-02-19,703.230000
2016-02-22,706.940000
2016-02-23,703.830000
2016-02-24,705.170000
2016-02-25,707.530000
2016-02-26,707.670000
2016-02-29,706.780000
2016-03-01,710.580000
2016-03-02,711.330000
2016-03-03,711.500000
2016-03-04,711.550000
2016-03-07,711.830000
2016-03-08,711.410000
2016-03-09,711.820000
2016-03-10,712.050000
2016-03-11,712.270000
2016-03-14,712.350000
2016-03-15,712.360000
2016-03-16,712.410000
2016-03-17,712.440000
2016-03-18,712.700000
2016-03-21,713.570000
2016-03-22,713.450000
2016-03-23,712.150000
2016-03-24,712.370000
2016-03-28,713.200000
2016-03-29,715.510000
2016-03-30,716.200000
2016-03-31,716.020000
2016-04-01,716.900000
2016-04-04,716.880000
2016-04-05,715.720000
2016-04-06,717.240000
2016-04-07,715.870000
2016-04-08,716.910000
2016-04-11,717.050000
2016-04-12,717.760000
2016-04-13,717.880000
2016-04-14,717.970000
2016-04-15,717.610000
2016-04-18,719.550000
2016-04-19,720.090000
2016-04-20,720.340000
2016-04-21,719.670000
2016-04-22,720.150000
2016-04-25,719.940000
2016-04-26,720.380000
2016-04-27,720.880000
2016-04-28,718.910000
2016-04-29,717.720000
2016-05-02,720.460000
2016-05-03,718.560000
2016-05-04,717.060000
2016-05-05,717.630000
2016-05-06,719.410000
2016-05-09,720.290000
2016-05-10,722.780000
2016-05-11,721.610000
2016-05-12,722.060000
2016-05-13,720.480000
2016-05-16,723.210000
2016-05-17,721.790000
2016-05-18,722.540000
2016-05-19,723.110000
2016-05-20,725.160000
2016-05-23,725.410000
2016-05-24,728.270000
2016-05-25,729.250000
2016-05-26,729.510000
2016-05-27,730.050000
2016-05-31,730.030000
2016-06-01,730.270000
2016-06-02,730.630000
2016-06-03,730.820000
2016-06-06,731.050000
2016-06-07,731.100000
2016-06-08,731.190000
2016-06-09,731.210000
2016-06-10,730.880000
2016-06-13,730.670000
2016-06-14,731.070000
2016-06-15,731.280000
2016-06-16,731.390000
2016-06-17,730.690000
2016-06-20,732.900000
2016-06-21,733.150000
2016-06-22,731.540000
2016-06-23,735.470000
2016-06-24,725.820000
2016-06-27,721.650000
2016-06-28,730.400000
2016-06-29,735.180000
2016-06-30,737.410000
2016-07-01,738.200000
2016-07-05,737.990000
2016-07-06,738.650000
2016-07-07,738.810000
2016-07-08,739.310000
2016-07-11,739.360000
2016-07-12,739.390000
2016-07-13,739.430000
2016-07-14,739.440000
2016-07-15,738.450000
2016-07-18,739.330000
2016-07-19,739.440000
2016-07-20,740.430000
2016-07-21,739.420000
2016-07-22,740.760000
2016-07-25,740.360000
2016-07-26,740.500000
2016-07-27,740.750000
2016-07-28,741.060000
2016-07-29,741.780000
2016-08-01,741.810000
2016-08-02,740.740000
2016-08-03,741.710000
2016-08-04,742.100000
2016-08-05,743.400000
2016-08-08,743.600000
2016-08-09,743.580000
2016-08-10,743.450000
2016-08-11,743.930000
2016-08-12,744.000000
2016-08-15,744.190000
2016-08-16,744.180000
2016-08-17,744.220000
2016-08-18,744.300000
2016-08-19,744.760000
2016-08-22,744.880000
2016-08-23,745.130000
2016-08-24,743.970000
2016-08-25,743.900000
2016-08-26,743.780000
2016-08-29,745.580000
2016-08-30,745.500000
2016-08-31,745.060000
2016-09-01,745.230000
2016-09-02,746.790000
2016-09-06,747.390000
2016-09-07,747.500000
2016-09-08,747.410000
2016-09-09,740.560000
2016-09-12,746.700000
2016-09-13,742.060000
2016-09-14,743.190000
2016-09-15,747.760000
2016-09-16,748.960000
2016-09-19,749.430000
2016-09-20,749.350000
2016-09-21,752.680000
2016-09-22,754.040000
2016-09-23,753.610000
2016-09-26,751.880000
2016-09-27,753.640000
2016-09-28,754.550000
2016-09-29,752.540000
2016-09-30,754.270000
2016-10-03,754.340000
2016-10-04,754.020000
2016-10-05,754.880000
2016-10-06,755.320000
2016-10-07,755.210000
2016-10-10,756.120000
2016-10-11,754.840000
2016-10-12,755.260000
2016-10-13,755.070000
2016-10-14,755.640000
2016-10-17,755.870000
2016-10-18,756.550000
2016-10-19,756.590000
2016-10-20,756.720000
2016-10-21,758.050000
2016-10-24,759.280000
2016-10-25,758.610000
2016-10-26,757.880000
2016-10-27,757.120000
2016-10-28,755.810000
2016-10-31,755.720000
2016-11-01,753.560000
2016-11-02,751.730000
2016-11-03,749.420000
2016-11-04,748.330000
2016-11-07,756.330000
2016-11-08,757.640000
2016-11-09,761.920000
2016-11-10,762.410000
2016-11-11,762.810000
2016-11-14,763.150000
2016-11-15,763.400000
2016-11-16,763.440000
2016-11-17,763.490000
2016-11-18,763.280000
2016-11-21,765.110000
2016-11-22,765.420000
2016-11-23,765.600000
2016-11-25,766.130000
2016-11-28,765.760000
2016-11-29,766.000000
2016-11-30,765.750000
2016-12-01,765.200000
2016-12-02,765.570000
2016-12-05,767.230000
2016-12-06,767.600000
2016-12-07,767.820000
2016-12-08,767.860000
2016-12-09,768.000000
2016-12-12,768.030000
2016-12-13,768.060000
2016-12-14,768.040000
2016-12-15,768.130000
2016-12-16,767.580000
2016-12-19,768.720000
2016-12-20,769.360000
2016-12-21,769.250000
2016-12-22,769.050000
2016-12-23,769.340000
2016-12-27,770.030000
2016-12-28,768.490000
2016-12-29,768.410000
2016-12-30,767.580000
2017-01-03,770.070000
2017-01-04,771.370000
2017-01-05,771.650000
2017-01-06,772.150000
2017-01-09,772.300000
2017-01-10,772.540000
2017-01-11,772.600000
2017-01-12,772.540000
2017-01-13,772.770000
2017-01-17,772.740000
2017-01-18,772.840000
2017-01-19,772.914200
2017-01-20,773.062500
2017-01-23,772.793100
2017-01-24,774.252200
2017-01-25,775.239800
2017-01-26,775.249800
2017-01-27,775.382000
2017-01-30,774.589000
2017-01-31,774.721200
2017-02-01,774.975600
2017-02-02,775.125300
2017-02-03,776.200200
2017-02-06,776.184000
2017-02-07,776.403600
2017-02-08,776.492100
2017-02-09,776.781500
2017-02-10,776.835100
2017-02-13,776.949900
2017-02-14,776.977300
2017-02-15,776.961100
2017-02-16,777.049700
2017-02-17,777.586200
2017-02-21,778.515600
2017-02-22,778.492500
2017-02-23,778.622400
2017-02-24,778.854500
2017-02-27,779.137500
2017-02-28,778.842300
2017-03-01,780.009800
2017-03-02,780.012200
2017-03-03,780.346300
2017-03-06,780.408200
2017-03-07,780.300100
2017-03-08,780.259900
2017-03-09,780.185800
2017-03-10,780.502900
2017-03-13,780.615800
2017-03-14,780.575700
2017-03-15,780.799300
2017-03-16,780.869700
2017-03-17,780.760700
2017-03-20,780.707900
2017-03-21,777.354500
2017-03-22,777.823800
2017-03-23,777.350100
2017-03-24,777.617300
2017-03-27,778.154000
2017-03-28,780.829300
2017-03-29,781.399700
2017-03-30,782.138400
2017-03-31,781.849900
2017-04-03,781.763500
2017-04-04,782.317000
2017-04-05,781.338100
2017-04-06,782.177900
2017-04-07,782.209300
2017-04-10,782.863900
2017-04-11,782.710100
2017-04-12,782.169000
2017-04-13,780.263800
2017-04-17,783.831700
2017-04-18,783.711600
2017-04-19,783.810500
2017-04-20,785.029200
2017-04-21,785.036500
2017-04-24,789.041900
2017-04-25,789.694000
2017-04-26,789.692600
2017-04-27,789.846000
2017-04-28,789.603900
2017-05-01,790.144200
2017-05-02,790.117100
2017-05-03,790.072700
2017-05-04,790.226100
2017-05-05,790.327900
2017-05-08,790.816600
2017-05-09,790.849600
2017-05-10,790.891300
2017-05-11,790.829700
2017-05-12,790.965900
2017-05-15,791.145100
2017-05-16,791.178100
2017-05-17,790.488900
2017-05-18,791.244200
2017-05-19,791.008500
2017-05-22,792.813000
2017-05-23,793.186700
2017-05-24,793.849900
2017-05-25,794.155400
2017-05-26,794.307600
2017-05-30,794.493800
2017-05-31,794.475700
2017-06-01,794.985600
2017-06-02,795.154800
2017-06-05,795.264400
2017-06-06,795.195200
2017-06-07,795.347400
2017-06-08,795.457000
2017-06-09,795.404700
2017-06-12,795.531400
2017-06-13,795.709100
2017-06-14,795.708000
2017-06-15,795.749500
2017-06-16,796.162600
2017-06-19,797.376800
2017-06-20,796.469700
2017-06-21,796.606400
2017-06-22,796.810400
2017-06-23,797.384800
2017-06-26,797.723500
2017-06-27,796.311400
2017-06-28,797.996900
2017-06-29,796.298600
2017-06-30,797.108700
2017-07-03,797.699900
2017-07-05,798.223800
2017-07-06,796.542300
2017-07-07,798.429900
2017-07-10,798.945400
2017-07-11,799.115700
2017-07-12,799.673300
2017-07-13,799.759500
2017-07-14,799.904600
2017-07-17,799.940300
2017-07-18,800.009700
2017-07-19,800.062200
2017-07-20,800.097900
2017-07-21,800.280900
2017-07-24,800.568700
2017-07-25,800.823400
2017-07-26,800.945000
2017-07-27,800.751000
2017-07-28,800.673300
2017-07-31,800.878100
2017-08-01,801.398600
2017-08-02,801.487000
2017-08-03,801.425900
2017-08-04,801.697200
2017-08-07,802.118000
2017-08-08,801.641500
2017-08-09,801.696700
2017-08-10,798.328900
2017-08-11,799.779900
2017-08-14,802.294400
2017-08-15,802.623800
2017-08-16,802.836900
2017-08-17,802.460100
2017-08-18,802.039300
2017-08-21,803.404100
2017-08-22,805.772300
2017-08-23,805.300100
2017-08-24,805.066000
2017-08-25,805.954500
2017-08-28,806.315700
2017-08-29,806.421800
2017-08-30,806.970100
2017-08-31,807.484400
2017-09-01,807.650000
2017-09-05,807.237300
2017-09-06,807.683500
2017-09-07,807.789600
2017-09-08,807.708600
2017-09-11,808.163400
2017-09-12,808.184400
2017-09-13,808.230900
2017-09-14,808.277500
2017-09-15,808.319600
2017-09-18,808.906100
2017-09-19,809.060900
2017-09-20,809.282200
2017-09-21,809.154800
2017-09-22,809.326200
2017-09-25,809.215400
2017-09-26,809.420000
2017-09-27,810.039700
2017-09-28,810.360600
2017-09-29,810.814300
2017-10-02,811.201500
2017-10-03,811.323200
2017-10-04,811.386700
2017-10-05,811.657700
2017-10-06,811.654900
2017-10-09,811.652000
2017-10-10,811.806800
2017-10-11,811.936800
2017-10-12,811.992000
2017-10-13,812.063800
2017-10-16,812.152300
2017-10-17,812.215800
2017-10-18,812.271000
2017-10-19,812.326300
2017-10-20,812.367400
2017-10-23,811.612000
2017-10-24,811.763600
2017-10-25,810.846200
2017-10-26,811.159900
2017-10-27,813.028600
2017-10-30,812.775400
2017-10-31,813.137600
2017-11-01,813.548500
2017-11-02,813.862200
2017-11-03,814.297300
2017-11-06,814.554300
2017-11-07,814.463000
2017-11-08,814.679500
2017-11-09,814.361500
2017-11-10,814.440300
2017-11-13,814.794400
2017-11-14,814.897500
2017-11-15,814.846800
2017-11-16,815.160400
2017-11-17,814.893500
2017-11-20,815.807700
2017-11-21,817.061800
2017-11-22,817.118400
2017-11-24,817.531000
2017-11-27,817.636200
2017-11-28,818.202500
2017-11-29,818.081100
2017-11-30,818.267100
2017-12-01,818.097200
2017-12-04,818.218500
2017-12-05,818.420800
2017-12-06,818.542100
2017-12-07,818.890000
2017-12-08,819.035600
2017-12-11,819.132600
2017-12-12,819.165000
2017-12-13,819.197300
2017-12-14,819.197300
2017-12-15,819.350800
2017-12-18,820.006800
2017-12-19,819.531100
2017-12-20,819.809900
2017-12-21,820.135800
2017-12-22,820.068700
2017-12-26,820.206000
2017-12-27,820.044600
2017-12-28,820.464900
2017-12-29,820.193500
2018-01-02,821.383900
2018-01-03,821.812000
2018-01-04,821.996400
2018-01-05,822.118000
2018-01-08,822.278900
2018-01-09,822.321900
2018-01-10,822.396300
2018-01-11,822.462900
2018-01-12,822.498000
2018-01-16,822.478100
2018-01-17,822.568200
2018-01-18,822.634800
2018-01-19,823.170100
2018-01-22,824.132400
2018-01-23,824.432500
2018-01-24,824.341300
2018-01-25,824.430700
2018-01-26,825.347800
2018-01-29,824.308500
2018-01-30,823.058500
2018-01-31,823.915400
2018-02-01,824.170400
2018-02-02,818.420400
2018-02-05,791.540400
2018-02-06,804.106200
2018-02-07,804.692200
2018-02-08,775.991200
2018-02-09,787.879700
2018-02-12,799.121100
2018-02-13,801.377700
2018-02-14,812.664300
2018-02-15,821.949200
2018-02-16,819.009000
2018-02-20,817.649400
2018-02-21,816.629300
2018-02-22,817.646600
2018-02-23,822.985400
2018-02-26,824.959600
2018-02-27,822.210900
2018-02-28,820.141300
2018-03-01,815.370700
2018-03-02,818.610500
2018-03-05,822.899900
2018-03-06,824.102400
2018-03-07,824.409700
2018-03-08,825.596700
2018-03-09,827.308600
2018-03-12,827.453800
2018-03-13,827.406100
2018-03-14,827.234900
2018-03-15,827.673400
2018-03-16,826.931700
2018-03-19,822.211900
2018-03-20,823.069600
2018-03-21,822.954000
2018-03-22,809.968500
2018-03-23,796.689400
2018-03-26,814.171400
2018-03-27,803.565200
2018-03-28,802.800700
2018-03-29,810.997100
2018-04-02,795.694100
2018-04-03,805.188400
2018-04-04,812.844200
2018-04-05,817.703500
2018-04-06,803.729200
2018-04-09,806.440900
2018-04-10,817.542000
2018-04-11,815.139800
2018-04-12,821.559500
2018-04-13,820.501500
2018-04-16,827.044800
2018-04-17,832.352200
2018-04-18,833.441700
2018-04-19,832.105500
2018-04-20,832.515600
2018-04-23,833.210600
2018-04-24,828.701000
2018-04-25,829.460100
2018-04-26,833.678300
2018-04-27,834.949900
2018-04-30,833.194800
2018-05-01,834.402300
2018-05-02,832.407000
2018-05-03,831.965000
2018-05-04,836.855800
2018-05-07,837.727000
2018-05-08,838.438100
2018-05-09,840.342300
2018-05-10,840.845200
2018-05-11,841.091800
2018-05-14,841.202400
2018-05-15,841.080800
2018-05-16,841.335400
2018-05-17,841.438000
2018-05-18,844.116300
2018-05-21,845.818800
2018-05-22,845.634500
2018-05-23,846.489500
2018-05-24,846.529100
2018-05-25,846.104900
2018-05-29,842.850600
2018-05-30,846.599800
2018-05-31,845.648000
2018-06-01,847.750200
2018-06-04,848.477300
2018-06-05,848.668800
2018-06-06,849.052200
2018-06-07,849.051700
2018-06-08,849.315200
2018-06-11,849.450700
2018-06-12,849.578200
2018-06-13,849.609800
2018-06-14,849.745300
2018-06-15,853.059200
2018-06-18,852.943500
2018-06-19,851.847200
2018-06-20,852.664700
2018-06-21,850.587800
2018-06-22,851.658400
2018-06-25,846.339100
2018-06-26,848.121400
2018-06-27,844.241400
2018-06-28,847.447300
2018-06-29,848.597000
2018-07-02,850.474300
2018-07-03,849.077500
2018-07-05,852.520600
2018-07-06,855.346900
2018-07-09,856.876200
2018-07-10,857.163900
2018-07-11,856.755700
2018-07-12,857.604900
2018-07-13,857.805600
2018-07-16,857.935100
2018-07-17,858.048900
2018-07-18,858.154700
2018-07-19,858.205100
2018-07-20,857.867800
2018-07-23,858.634800
2018-07-24,859.323400
2018-07-25,860.420300
2018-07-26,860.260800
2018-07-27,859.583000
2018-07-30,858.701100
2018-07-31,860.127800
2018-08-01,860.188100
2018-08-02,861.143700
2018-08-03,861.714500
2018-08-06,862.159600
2018-08-07,862.424100
2018-08-08,862.531600
2018-08-09,862.560600
2018-08-10,862.063500
2018-08-13,862.076700
2018-08-14,862.757500
2018-08-15,862.755000
2018-08-16,863.003900
2018-08-17,863.363300
2018-08-20,864.174900
2018-08-21,864.502500
2018-08-22,864.877000
2018-08-23,864.783100
2018-08-24,865.797700
2018-08-27,866.718600
2018-08-28,866.734000
2018-08-29,867.170900
2018-08-30,866.671100
2018-08-31,866.920700
2018-09-04,867.186000
2018-09-05,867.138900
2018-09-06,866.764000
2018-09-07,866.841900
2018-09-10,867.653600
2018-09-11,868.176400
2018-09-12,868.332300
2018-09-13,868.636600
2018-09-14,868.730100
2018-09-17,868.597200
2018-09-18,868.870200
2018-09-19,868.948100
2018-09-20,869.096300
2018-09-21,868.361200
2018-09-24,867.833300
2018-09-25,867.730100
2018-09-26,867.262900
2018-09-27,868.297400
2018-09-28,868.543100
2018-10-01,869.744500
2018-10-02,869.823400
2018-10-03,870.175300
2018-10-04,867.493300
2018-10-05,865.812600
2018-10-08,866.422400
2018-10-09,866.516400
2018-10-10,845.889000
2018-10-11,828.340900
2018-10-12,839.796900
2018-10-15,835.522200
2018-10-16,852.939800
2018-10-17,853.124900
2018-10-18,841.189500
2018-10-19,840.536300
2018-10-22,840.166500
2018-10-23,837.520800
2018-10-24,820.611300
2018-10-25,831.418800
2018-10-26,821.181300
2018-10-29,818.800600
2018-10-30,828.345400
2018-10-31,835.084200
2018-11-01,841.199500
2018-11-02,838.803200
2018-11-05,842.299600
2018-11-06,844.954100
2018-11-07,851.505900
2018-11-08,851.666200
2018-11-09,850.906800
2018-11-12,844.940700
2018-11-13,845.288100
2018-11-14,841.894200
2018-11-15,850.223100
2018-11-16,849.507500
2018-11-19,844.107600
2018-11-20,836.279400
2018-11-21,838.968700
2018-11-23,836.013200
2018-11-26,845.263900
2018-11-27,846.409400
2018-11-28,853.103100
2018-11-29,852.383000
2018-11-30,854.107400
2018-12-03,857.938500
2018-12-04,849.129300
2018-12-06,849.197300
2018-12-07,838.699500
2018-12-10,842.096400
2018-12-11,842.952400
2018-12-12,846.333300
2018-12-13,847.703900
2018-12-14,835.807000
2018-12-17,820.098700
2018-12-18,819.668100
2018-12-19,807.321000
2018-12-20,795.440200
2018-12-21,783.762800
2018-12-24,769.525400
2018-12-26,791.040500
2018-12-27,793.024000
2018-12-28,794.641500
2018-12-31,799.636300
2019-01-02,802.618000
2019-01-03,795.667500
2019-01-04,805.470300
2019-01-07,806.821700
2019-01-08,807.873500
2019-01-09,808.368000
2019-01-10,808.812600
2019-01-11,809.132500
2019-01-14,809.186100
2019-01-15,809.314700
2019-01-16,809.385000
2019-01-17,809.455300
2019-01-18,809.040800
2019-01-22,804.725900
2019-01-23,805.891500
2019-01-24,807.495600
2019-01-25,809.851300
2019-01-28,808.214000
2019-01-29,808.048700
2019-01-30,812.314800
2019-01-31,813.668400
2019-02-01,814.599200
2019-02-04,815.584700
2019-02-05,815.826600
2019-02-06,815.990100
2019-02-07,815.636900
2019-02-08,816.137000
2019-02-11,816.371000
2019-02-12,816.605000
2019-02-13,816.674600
2019-02-14,816.759900
2019-02-15,817.337600
2019-02-19,818.317300
2019-02-20,819.190700
2019-02-21,818.637200
2019-02-22,820.148200
2019-02-25,820.414400
2019-02-26,820.392300
2019-02-27,820.628100
2019-02-28,820.514900
2019-03-01,821.858900
2019-03-04,821.184000
2019-03-05,821.890500
2019-03-06,821.185200
2019-03-07,820.024600
2019-03-08,820.776600
2019-03-11,823.130100
2019-03-12,823.434300
2019-03-13,823.579200
2019-03-14,823.663300
2019-03-15,823.468300
2019-03-18,824.169200
2019-03-19,824.118400
2019-03-20,823.646700
2019-03-21,825.204700
2019-03-22,819.936600
2019-03-25,820.863100
2019-03-26,823.669100
2019-03-27,822.701100
2019-03-28,824.274200
2019-03-29,825.982600
2019-04-01,827.645900
2019-04-02,827.940900
2019-04-03,828.070600
2019-04-04,828.410800
2019-04-05,828.841200
2019-04-08,829.000900
2019-04-09,828.942700
2019-04-10,829.215200
2019-04-11,829.337400
2019-04-12,829.482100
2019-04-15,829.559200
2019-04-16,829.613700
2019-04-17,829.683300
2019-04-18,829.801500
2019-04-22,830.486800
2019-04-23,831.568600
2019-04-24,831.167400
2019-04-25,831.324100
2019-04-26,832.082900
2019-04-29,832.445200
2019-04-30,832.675300
2019-05-01,831.657400
2019-05-02,831.784700
2019-05-03,833.365800
2019-05-06,832.626900
2019-05-07,827.658800
2019-05-08,827.595300
2019-05-09,827.223500
2019-05-10,831.286200
2019-05-13,822.544400
2019-05-14,829.015400
2019-05-15,832.578900
2019-05-16,834.916200
2019-05-17,832.841200
2019-05-20,831.204900
2019-05-21,835.088600
2019-05-22,834.783600
2019-05-23,830.005900
2019-05-24,831.436300
2019-05-28,827.960000
2019-05-29,824.962400
2019-05-30,827.065900
2019-05-31,819.715200
2019-06-03,818.079000
2019-06-04,830.938200
2019-06-05,835.330500
2019-06-06,837.838000
2019-06-07,840.180900
2019-06-10,841.671100
2019-06-11,842.009500
2019-06-12,842.273000
2019-06-13,843.808100
2019-06-14,843.742600
2019-06-17,844.185700
2019-06-18,844.591400
2019-06-19,844.817600
2019-06-20,844.894200
2019-06-21,844.034000
2019-06-24,844.304200
2019-06-25,841.586600
2019-06-26,841.636000
2019-06-27,843.098300
2019-06-28,844.840300
2019-07-01,847.803900
2019-07-02,849.310400
2019-07-03,850.051600
2019-07-05,850.233500
2019-07-08,850.194600
2019-07-09,850.457400
2019-07-10,850.889500
2019-07-11,851.042000
2019-07-12,851.216500
2019-07-15,851.288000
2019-07-16,851.366900
2019-07-17,851.453100
2019-07-18,851.576100
2019-07-19,850.159500
2019-07-22,851.858400
2019-07-23,853.688700
2019-07-24,854.671900
2019-07-25,854.004500
2019-07-26,855.206800
2019-07-29,855.240600
2019-07-30,854.690100
2019-07-31,851.977900
2019-08-01,848.418500
2019-08-02,846.538800
2019-08-05,829.059700
2019-08-06,839.025700
2019-08-07,840.081900
2019-08-08,850.866000
2019-08-09,848.694200
2019-08-12,841.600100
2019-08-13,851.916700
2019-08-14,830.347800
2019-08-15,832.441100
2019-08-16,839.787600
2019-08-19,844.003300
2019-08-20,842.543700
2019-08-21,845.525000
2019-08-22,845.239700
2019-08-23,836.238200
2019-08-26,841.161400
2019-08-27,839.792200
2019-08-28,842.833700
2019-08-29,846.161300
2019-08-30,846.056600
2019-09-03,845.891700
2019-09-04,849.098800
2019-09-05,851.026300
2019-09-06,851.599100
2019-09-09,851.953500
2019-09-10,852.149900
2019-09-11,852.451700
2019-09-12,852.542700
2019-09-13,852.671300
2019-09-16,852.754800
2019-09-17,852.853400
2019-09-18,852.936900
2019-09-19,853.042900
2019-09-20,850.714300
2019-09-23,851.590700
2019-09-24,847.967200
2019-09-25,850.969900
2019-09-26,850.885200
2019-09-27,848.718000
2019-09-30,851.400300
2019-10-01,846.917600
2019-10-02,837.119400
2019-10-03,842.350200
2019-10-04,849.954800
2019-10-07,848.909000
2019-10-08,840.319500
2019-10-09,846.453300
2019-10-10,849.790900
2019-10-11,855.473300
2019-10-14,856.917700
2019-10-15,859.308800
2019-10-16,859.653700
2019-10-17,860.042400
2019-10-18,860.278200
2019-10-21,862.598100
2019-10-22,862.017100
2019-10-23,862.975400
2019-10-24,863.815200
2019-10-25,864.951100
2019-10-28,865.716900
2019-10-29,865.890800
2019-10-30,866.390200
2019-10-31,866.120100
2019-11-01,867.048700
2019-11-04,867.281800
2019-11-05,867.411300
2019-11-06,867.622100
2019-11-07,867.736800
2019-11-08,867.844000
2019-11-11,867.899500
2019-11-12,867.955000
2019-11-13,867.995600
2019-11-14,868.058500
2019-11-15,869.428200
2019-11-18,869.796200
2019-11-19,869.790500
2019-11-20,869.224300
2019-11-21,868.485700
2019-11-22,869.816500
2019-11-25,871.837000
2019-11-26,872.377400
2019-11-27,873.004000
2019-11-29,872.409100
2019-12-02,870.535300
2019-12-03,868.790700
2019-12-04,870.883100
2019-12-05,871.739700
2019-12-06,873.559100
2019-12-09,872.964200
2019-12-10,873.188500
2019-12-11,873.987500
2019-12-12,874.908800
2019-12-13,875.276700
2019-12-16,875.680600
2019-12-17,875.847400
2019-12-18,875.927900
2019-12-19,875.994100
2019-12-20,875.744300
2019-12-23,876.045700
2019-12-24,876.235600
2019-12-26,877.332200
2019-12-27,876.894300
2019-12-30,875.954300
2019-12-31,876.995000
2020-01-02,878.928600
2020-01-03,877.681700
2020-01-06,878.959600
2020-01-07,879.023900
2020-01-08,879.450900
2020-01-09,880.156900
2020-01-10,880.332800
2020-01-13,880.599400
2020-01-14,880.635800
2020-01-15,880.707100
2020-01-16,880.129800
2020-01-17,881.262900
2020-01-21,880.536700
2020-01-22,880.845800
2020-01-23,881.032400
2020-01-24,878.031200
2020-01-27,871.038600
2020-01-28,876.102100
2020-01-29,876.084300
2020-01-30,877.891900
2020-01-31,869.537100
2020-02-03,874.164600
2020-02-04,880.794700
2020-02-05,883.964600
2020-02-06,884.709700
2020-02-07,883.942700
2020-02-10,885.641300
2020-02-11,886.018600
2020-02-12,886.893100
2020-02-13,886.861700
2020-02-14,887.218600
2020-02-18,887.425600
2020-02-19,887.530400
2020-02-20,887.608000
2020-02-21,886.546100
2020-02-24,871.050200
2020-02-25,852.444600
2020-02-26,850.017600
2020-02-27,814.356700
2020-02-28,807.396500
2020-03-02,845.292800
2020-03-03,821.580400
2020-03-04,854.220200
2020-03-05,827.480600
2020-03-06,813.671600
2020-03-09,750.383300
2020-03-10,789.570500
2020-03-11,750.872900
2020-03-12,677.109300
2020-03-13,741.445500
2020-03-16,655.747800
2020-03-17,694.387200
2020-03-18,660.538500
2020-03-19,661.550500
2020-03-20,652.755700
2020-03-23,645.103100
2020-03-24,677.106200
2020-03-25,676.631400
2020-03-26,690.217900
2020-03-27,684.347400
2020-03-30,696.999100
2020-03-31,697.564700
2020-04-01,687.814700
2020-04-02,696.362300
2020-04-03,696.972600
2020-04-06,708.256800
2020-04-07,708.629200
2020-04-08,711.781100
2020-04-09,712.777800
2020-04-13,713.353300
2020-04-14,713.450700
2020-04-15,713.466300
2020-04-16,713.489400
2020-04-17,717.193800
2020-04-20,711.027600
2020-04-21,700.575600
2020-04-22,711.059800
2020-04-23,712.268500
2020-04-24,720.142200
2020-04-27,725.583600
2020-04-28,724.433700
2020-04-29,729.935600
2020-04-30,728.017100
2020-05-01,722.216200
2020-05-04,725.855500
2020-05-05,728.959000
2020-05-06,728.325800
2020-05-07,732.078600
2020-05-08,735.433900
2020-05-11,736.211100
2020-05-12,734.968400
2020-05-13,733.685900
2020-05-14,736.696700
2020-05-15,741.134800
2020-05-18,748.777400
2020-05-19,746.640400
2020-05-20,750.892700
2020-05-21,749.742900
2020-05-22,750.937600
2020-05-26,753.426800
2020-05-27,755.060300
2020-05-28,754.609800
2020-05-29,755.831900
2020-06-01,756.564300
2020-06-02,757.580800
2020-06-03,758.460200
2020-06-04,758.516900
2020-06-05,759.060400
2020-06-08,759.203200
2020-06-09,759.136500
2020-06-10,759.213800
2020-06-11,755.294500
2020-06-12,758.120800
2020-06-15,759.202800
2020-06-16,759.520000
2020-06-17,759.576800
2020-06-18,759.612900
2020-06-19,755.513700
2020-06-22,759.686700
2020-06-23,761.461800
2020-06-24,752.312400
2020-06-25,758.074900
2020-06-26,748.178700
2020-06-29,757.288600
2020-06-30,763.646000
2020-07-01,766.395700
2020-07-02,769.221400
2020-07-06,772.523800
2020-07-07,770.830400
2020-07-08,773.327000
2020-07-09,772.810800
2020-07-10,775.547800
2020-07-13,774.201800
2020-07-14,776.432500
2020-07-15,777.194800
2020-07-16,777.279900
2020-07-17,778.230700
2020-07-20,781.537700
2020-07-21,781.552900
2020-07-22,783.444300
2020-07-23,780.538300
2020-07-24,779.747700
2020-07-27,783.054600
2020-07-28,781.684800
2020-07-29,785.326400
2020-07-30,783.944000
2020-07-31,787.359000
2020-08-03,788.311300
2020-08-04,789.296100
2020-08-05,790.406800
2020-08-06,791.127200
2020-08-07,791.469800
2020-08-10,792.119900
2020-08-11,791.291500
2020-08-12,792.616300
2020-08-13,792.757400
2020-08-14,793.043400
2020-08-17,793.233900
2020-08-18,793.261700
2020-08-19,793.220300
2020-08-20,793.342600
2020-08-21,794.749000
2020-08-24,797.250400
2020-08-25,798.064000
2020-08-26,798.889700
2020-08-27,798.964200
2020-08-28,800.747100
2020-08-31,799.952800
2020-09-01,800.984500
2020-09-02,801.919300
2020-09-03,796.105100
2020-09-04,795.949400
2020-09-08,790.407100
2020-09-09,797.388100
2020-09-10,793.464100
2020-09-11,795.755900
2020-09-14,801.347000
2020-09-15,803.033000
2020-09-16,803.483100
2020-09-17,803.581800
2020-09-18,802.573400
2020-09-21,798.864300
2020-09-22,803.044500
2020-09-23,794.102200
2020-09-24,795.918100
2020-09-25,803.288300
2020-09-28,808.298200
2020-09-29,806.974300
2020-09-30,809.753400
2020-10-01,810.943900
2020-10-02,809.957700
2020-10-05,814.404700
2020-10-06,812.305100
2020-10-07,815.960000
2020-10-08,817.238000
2020-10-09,817.834200
2020-10-12,817.990500
2020-10-13,818.073800
2020-10-14,818.082100
2020-10-15,818.153000
2020-10-16,816.253300
2020-10-19,810.839400
2020-10-20,812.206100
2020-10-21,811.952600
2020-10-22,815.134300
2020-10-23,816.854300
2020-10-26,807.810200
2020-10-27,806.777100
2020-10-28,786.387100
2020-10-29,794.161400
2020-10-30,789.473700
2020-11-02,796.521800
2020-11-03,806.440100
2020-11-04,818.758200
2020-11-05,826.106100
2020-11-06,828.447400
2020-11-09,827.199600
2020-11-10,832.354800
2020-11-11,834.415900
2020-11-12,832.992900
2020-11-13,835.529100
2020-11-16,836.669000
2020-11-17,836.732200
2020-11-18,836.740600
2020-11-19,836.895200
2020-11-20,835.185400
2020-11-23,838.344400
2020-11-24,841.851400
2020-11-25,842.168600
2020-11-27,842.972800
2020-11-30,843.160400
2020-12-01,844.447900
2020-12-02,845.262400
2020-12-03,845.531100
2020-12-04,846.903500
2020-12-07,847.418500
2020-12-08,847.869100
2020-12-09,847.446500
2020-12-10,847.703100
2020-12-11,847.680700
2020-12-14,847.807700
2020-12-15,848.610000
2020-12-16,848.866600
2020-12-17,848.953400
2020-12-18,850.568200
2020-12-21,849.458900
2020-12-22,848.488200
2020-12-23,849.950000
2020-12-24,852.150000
2020-12-28,854.810000
2020-12-29,854.290000
2020-12-30,855.030000
2020-12-31,856.160000
2021-01-04,853.170000
2021-01-05,855.750000
2021-01-06,856.570000
2021-01-07,859.870000
2021-01-08,860.430000
2021-01-11,860.450000
2021-01-12,860.890000
2021-01-13,861.070000
2021-01-14,861.140000
2021-01-15,860.950000
2021-01-19,864.070000
2021-01-20,867.810000
2021-01-21,868.270000
2021-01-22,867.950000
2021-01-25,868.540000
2021-01-26,868.450000
2021-01-27,858.350000
2021-01-28,862.420000
2021-01-29,856.140000
2021-02-01,863.860000
2021-02-02,869.420000
2021-02-03,870.740000
2021-02-04,873.130000
2021-02-05,874.180000
2021-02-08,874.910000
2021-02-09,874.970000
2021-02-10,874.950000
2021-02-11,875.300000
2021-02-12,875.710000
2021-02-16,874.760000
2021-02-17,875.840000
2021-02-18,875.940000
2021-02-19,874.300000
2021-02-22,871.990000
2021-02-23,872.870000
2021-02-24,877.130000
2021-02-25,864.070000
2021-02-26,865.660000
2021-03-01,876.470000
2021-03-02,873.780000
2021-03-03,868.060000
2021-03-04,861.560000
2021-03-05,872.080000
2021-03-08,870.130000
2021-03-09,877.190000
2021-03-10,880.420000
2021-03-11,883.450000
2021-03-12,884.860000
2021-03-15,886.000000
2021-03-16,886.060000
2021-03-17,886.600000
2021-03-18,886.420000
2021-03-19,885.840000
2021-03-22,889.690000
2021-03-23,887.260000
2021-03-24,885.980000
2021-03-25,888.490000
2021-03-26,891.950000
2021-03-29,891.590000
2021-03-30,892.190000
2021-03-31,893.610000
2021-04-01,895.130000
2021-04-05,896.030000
2021-04-06,896.110000
2021-04-07,896.420000
2021-04-08,896.600000
2021-04-09,896.790000
2021-04-12,896.860000
2021-04-13,896.860000
2021-04-14,896.860000
2021-04-15,896.900000
2021-04-16,897.310000
2021-04-19,895.820000
2021-04-20,893.010000
2021-04-21,896.790000
2021-04-22,893.340000
2021-04-23,898.050000
2021-04-26,898.720000
2021-04-27,898.850000
2021-04-28,899.320000
2021-04-29,900.680000
2021-04-30,898.570000
2021-05-03,900.470000
2021-05-04,899.230000
2021-05-05,899.450000
2021-05-06,901.890000
2021-05-07,903.710000
2021-05-10,901.980000
2021-05-11,899.570000
2021-05-12,890.000000
2021-05-13,897.660000
2021-05-14,903.430000
2021-05-17,903.920000
2021-05-18,902.790000
2021-05-19,903.560000
2021-05-20,906.270000
2021-05-21,905.720000
2021-05-24,910.070000
2021-05-25,909.760000
2021-05-26,911.240000
2021-05-27,911.910000
2021-05-28,912.770000
2021-06-01,912.790000
2021-06-02,913.800000
2021-06-03,913.420000
2021-06-04,915.290000
2021-06-07,915.840000
2021-06-08,915.660000
2021-06-09,915.310000
2021-06-10,916.550000
2021-06-11,916.830000
2021-06-14,917.110000
2021-06-15,917.050000
2021-06-16,916.830000
2021-06-17,917.310000
2021-06-18,915.350000
2021-06-21,920.770000
2021-06-22,922.470000
2021-06-23,922.650000
2021-06-24,923.710000
2021-06-25,924.320000
2021-06-28,924.900000
2021-06-29,924.950000
2021-06-30,925.310000
2021-07-01,925.640000
2021-07-02,926.120000
2021-07-06,926.140000
2021-07-07,926.400000
2021-07-08,925.870000
2021-07-09,926.620000
2021-07-12,926.790000
2021-07-13,926.740000
2021-07-14,926.840000
2021-07-15,926.870000
2021-07-16,924.670000
2021-07-19,918.280000
2021-07-20,924.410000
2021-07-21,928.050000
2021-07-22,928.760000
2021-07-23,931.190000
2021-07-26,931.990000
2021-07-27,930.880000
2021-07-28,931.570000
2021-07-29,932.800000
2021-07-30,931.820000
2021-08-02,931.760000
2021-08-03,934.020000
2021-08-04,933.660000
2021-08-05,934.940000
2021-08-06,935.710000
2021-08-09,935.900000
2021-08-10,936.050000
2021-08-11,936.540000
2021-08-12,936.720000
2021-08-13,936.890000
2021-08-16,936.980000
2021-08-17,936.930000
2021-08-18,936.570000
2021-08-19,937.070000
2021-08-20,938.350000
2021-08-23,941.500000
2021-08-24,941.980000
2021-08-25,942.760000
2021-08-26,940.990000
2021-08-27,943.750000
2021-08-30,944.740000
2021-08-31,944.520000
2021-09-01,944.960000
2021-09-02,945.130000
2021-09-03,945.520000
2021-09-07,945.560000
2021-09-08,945.830000
2021-09-09,945.480000
2021-09-10,944.030000
2021-09-13,945.760000
2021-09-14,946.040000
2021-09-15,946.860000
2021-09-16,946.990000
2021-09-17,946.340000
2021-09-20,939.010000
2021-09-21,939.470000
2021-09-22,945.500000
2021-09-23,950.550000
2021-09-24,951.800000
2021-09-27,951.740000
2021-09-28,942.640000
2021-09-29,943.950000
2021-09-30,948.220000
2021-10-01,945.840000
2021-10-04,940.110000
2021-10-05,946.630000
2021-10-06,949.070000
2021-10-07,953.020000
2021-10-08,953.750000
2021-10-11,951.990000
2021-10-12,952.520000
2021-10-13,955.590000
2021-10-14,958.280000
2021-10-15,958.680000
2021-10-18,959.900000
2021-10-19,961.890000
2021-10-20,962.770000
2021-10-21,963.490000
2021-10-22,963.290000
2021-10-25,964.650000
2021-10-26,964.350000
2021-10-27,963.380000
2021-10-28,965.130000
2021-10-29,965.290000
2021-11-01,966.170000
2021-11-02,966.700000
2021-11-03,967.420000
2021-11-04,967.610000
2021-11-05,967.740000
2021-11-08,967.980000
2021-11-09,967.970000
2021-11-10,967.900000
2021-11-11,968.250000
2021-11-12,968.500000
2021-11-15,968.610000
2021-11-16,968.630000
2021-11-17,968.650000
2021-11-18,968.670000
2021-11-19,967.760000
2021-11-22,967.160000
2021-11-23,967.800000
2021-11-24,968.990000
2021-11-26,956.480000
2021-11-29,965.320000
2021-11-30,955.700000
2021-12-01,946.840000
2021-12-02,957.660000
2021-12-03,952.700000
2021-12-06,961.750000
2021-12-07,971.480000
2021-12-08,973.730000
2021-12-09,971.790000
2021-12-10,975.380000
2021-12-13,974.430000
2021-12-14,972.960000
2021-12-15,976.880000
2021-12-16,976.730000
2021-12-17,976.350000
2021-12-20,972.240000
2021-12-21,980.000000
2021-12-22,984.430000
2021-12-23,986.560000
2021-12-27,989.700000
2021-12-28,989.810000
2021-12-29,990.610000
2021-12-30,990.370000
2021-12-31,990.320000
2022-01-03,991.740000
2022-01-04,991.790000
2022-01-05,988.400000
2022-01-06,988.750000
2022-01-07,989.320000
2022-01-10,989.560000
2022-01-11,991.390000
2022-01-12,992.420000
2022-01-13,990.180000
2022-01-14,991.600000
2022-01-18,988.180000
2022-01-19,985.170000
2022-01-20,977.720000
2022-01-21,968.670000
2022-01-24,970.700000
2022-01-25,965.430000
2022-01-26,964.780000
2022-01-27,963.140000
2022-01-28,976.400000
2022-01-31,984.640000
2022-02-01,988.470000
2022-02-02,990.880000
2022-02-03,984.010000
2022-02-04,987.510000
2022-02-07,988.490000
2022-02-08,991.160000
2022-02-09,993.730000
2022-02-10,990.420000
2022-02-11,984.290000
2022-02-14,985.660000
2022-02-15,992.810000
2022-02-16,994.550000
2022-02-17,990.920000
2022-02-18,995.730000
2022-02-22,993.000000
2022-02-23,984.590000
2022-02-24,992.740000
2022-02-25,1002.460000
2022-02-28,1001.370000
2022-03-01,993.450000
2022-03-02,1002.970000
2022-03-03,1002.000000
2022-03-04,999.580000
2022-03-07,985.810000
2022-03-08,982.500000
2022-03-09,999.090000
2022-03-10,999.570000
2022-03-11,993.280000
2022-03-14,989.190000
2022-03-15,1005.070000
2022-03-16,1015.920000
2022-03-17,1017.680000
2022-03-18,1020.640000
2022-03-21,1021.860000
2022-03-22,1025.240000
2022-03-23,1022.480000
2022-03-24,1027.000000
2022-03-25,1028.500000
2022-03-28,1030.680000
2022-03-29,1031.990000
2022-03-30,1031.860000
2022-03-31,1030.690000
2022-04-01,1032.210000
2022-04-04,1033.190000
2022-04-05,1032.260000
2022-04-06,1031.720000
2022-04-07,1032.540000
2022-04-08,1033.220000
2022-04-11,1032.220000
2022-04-12,1032.920000
2022-04-13,1033.780000
2022-04-14,1030.650000
2022-04-18,1032.190000
2022-04-19,1038.440000
2022-04-20,1039.090000
2022-04-21,1032.960000
2022-04-22,1017.420000
2022-04-25,1022.070000
2022-04-26,1002.070000
2022-04-27,1005.320000
2022-04-28,1021.960000
2022-04-29,995.090000
2022-05-02,1001.370000
2022-05-03,1006.120000
2022-05-04,1028.170000
2022-05-05,1001.330000
2022-05-06,997.430000
2022-05-09,967.470000
2022-05-10,969.480000
2022-05-11,954.980000
2022-05-12,953.140000
2022-05-13,975.870000
2022-05-16,972.770000
2022-05-17,992.400000
2022-05-18,953.300000
2022-05-19,946.850000
2022-05-20,958.190000
2022-05-23,965.260000
2022-05-24,963.370000
2022-05-25,966.710000
2022-05-26,971.600000
2022-05-27,975.170000
2022-05-31,975.060000
2022-06-01,975.580000
2022-06-02,977.140000
2022-06-03,976.640000
2022-06-06,977.430000
2022-06-07,978.110000
2022-06-08,978.140000
2022-06-09,976.660000
2022-06-10,972.220000
2022-06-13,955.030000
2022-06-14,956.000000
2022-06-15,967.300000
2022-06-16,945.470000
2022-06-17,944.810000
2022-06-21,953.480000
2022-06-22,954.160000
2022-06-23,956.460000
2022-06-24,961.000000
2022-06-27,961.890000
2022-06-28,960.060000
2022-06-29,960.430000
2022-06-30,959.570000
2022-07-01,962.270000
2022-07-05,963.190000
2022-07-06,963.910000
2022-07-07,964.620000
2022-07-08,965.000000
2022-07-11,965.230000
2022-07-12,965.050000
2022-07-13,965.350000
2022-07-14,965.440000
2022-07-15,966.280000
2022-07-18,963.820000
2022-07-19,972.080000
2022-07-20,974.520000
2022-07-21,977.540000
2022-07-22,976.570000
2022-07-25,977.910000
2022-07-26,974.720000
2022-07-27,980.640000
2022-07-28,982.490000
2022-07-29,984.020000
2022-08-01,984.010000
2022-08-02,983.670000
2022-08-03,985.040000
2022-08-04,985.250000
2022-08-05,985.470000
2022-08-08,985.810000
2022-08-09,985.840000
2022-08-10,986.200000
2022-08-11,986.280000
2022-08-12,986.420000
2022-08-15,986.640000
2022-08-16,986.700000
2022-08-17,986.760000
2022-08-18,986.820000
2022-08-19,986.900000
2022-08-22,978.100000
2022-08-23,977.500000
2022-08-24,980.340000
2022-08-25,986.950000
2022-08-26,968.930000
2022-08-29,965.250000
2022-08-30,957.710000
2022-08-31,952.000000
2022-09-01,955.340000
2022-09-02,946.360000
2022-09-06,943.530000
2022-09-07,959.840000
2022-09-08,965.720000
2022-09-09,979.000000
2022-09-12,985.980000
2022-09-13,949.380000
2022-09-14,953.250000
2022-09-15,942.680000
2022-09-16,936.980000
2022-09-19,940.610000
2022-09-20,936.660000
2022-09-21,929.950000
2022-09-22,928.030000
2022-09-23,919.280000
2022-09-26,913.570000
2022-09-27,913.460000
2022-09-28,924.820000
2022-09-29,913.540000
2022-09-30,904.280000
2022-10-03,923.170000
2022-10-04,938.270000
2022-10-05,938.600000
2022-10-06,933.400000
2022-10-07,918.400000
2022-10-10,913.640000
2022-10-11,908.820000
2022-10-12,906.430000
2022-10-13,926.480000
2022-10-14,911.080000
2022-10-17,932.090000
2022-10-18,941.650000
2022-10-19,938.140000
2022-10-20,932.050000
2022-10-21,932.660000
2022-10-24,936.610000
2022-10-25,940.670000
2022-10-26,940.430000
2022-10-27,940.220000
2022-10-28,944.220000
2022-10-31,944.710000
2022-11-01,944.650000
2022-11-02,941.610000
2022-11-03,940.410000
2022-11-04,944.020000
2022-11-07,946.570000
2022-11-08,947.040000
2022-11-09,945.000000
2022-11-10,949.130000
2022-11-11,949.390000
2022-11-14,949.770000
2022-11-15,949.890000
2022-11-16,950.030000
2022-11-17,950.150000
2022-11-18,951.170000
2022-11-21,951.840000
2022-11-22,956.590000
2022-11-23,958.740000
2022-11-25,959.410000
2022-11-28,955.830000
2022-11-29,955.730000
2022-11-30,962.920000
2022-12-01,963.320000
2022-12-02,963.870000
2022-12-05,961.500000
2022-12-06,957.170000
2022-12-07,957.000000
2022-12-08,959.990000
2022-12-09,958.650000
2022-12-12,962.010000
2022-12-13,966.320000
2022-12-14,967.180000
2022-12-15,966.200000
2022-12-16,969.870000
2022-12-19,968.540000
2022-12-20,969.940000
2022-12-21,975.820000
2022-12-22,970.430000
2022-12-23,973.260000
2022-12-27,973.230000
2022-12-28,968.540000
2022-12-29,975.890000
2022-12-30,975.620000
2023-01-03,975.630000
2023-01-04,979.150000
2023-01-05,975.680000
2023-01-06,983.780000
2023-01-09,984.150000
2023-01-10,986.210000
2023-01-11,987.210000
2023-01-12,988.440000
2023-01-13,988.700000
2023-01-17,989.260000
2023-01-18,989.340000
2023-01-19,989.510000
2023-01-20,991.810000
2023-01-23,995.010000
2023-01-24,995.260000
2023-01-25,995.910000
2023-01-26,997.780000
2023-01-27,998.590000
2023-01-30,997.240000
2023-01-31,999.280000
2023-02-01,1000.790000
2023-02-02,1001.430000
2023-02-03,1001.560000
2023-02-06,1001.970000
2023-02-07,1002.630000
2023-02-08,1002.620000
2023-02-09,1002.310000
2023-02-10,1002.940000
2023-02-13,1003.660000
2023-02-14,1003.910000
2023-02-15,1004.080000
2023-02-16,1004.150000
2023-02-17,1006.460000
2023-02-21,999.770000
2023-02-22,1000.040000
2023-02-23,1003.740000
2023-02-24,999.680000
2023-02-27,1002.910000
2023-02-28,1002.050000
2023-03-01,1000.370000
2023-03-02,1004.920000
2023-03-03,1012.080000
2023-03-06,1013.240000
2023-03-07,1008.000000
2023-03-08,1009.650000
2023-03-09,998.420000
2023-03-10,988.550000
2023-03-13,987.510000
2023-03-14,1003.940000
2023-03-15,999.870000
2023-03-16,1015.430000
2023-03-17,1016.460000
2023-03-20,1021.630000
2023-03-21,1027.260000
2023-03-22,1023.060000
2023-03-23,1023.430000
2023-03-24,1026.410000
2023-03-27,1029.110000
2023-03-28,1029.850000
2023-03-29,1032.890000
2023-03-30,1034.240000
2023-03-31,1035.860000
2023-04-03,1037.030000
2023-04-04,1037.070000
2023-04-05,1037.350000
2023-04-06,1037.950000
2023-04-10,1038.670000
2023-04-11,1038.830000
2023-04-12,1039.050000
2023-04-13,1039.390000
2023-04-14,1039.590000
2023-04-17,1039.980000
2023-04-18,1040.100000
2023-04-19,1040.230000
2023-04-20,1040.390000
2023-04-21,1040.910000
2023-04-24,1042.150000
2023-04-25,1035.750000
2023-04-26,1035.300000
2023-04-27,1043.040000
2023-04-28,1045.730000
2023-05-01,1046.490000
2023-05-02,1043.440000
2023-05-03,1041.580000
2023-05-04,1038.730000
2023-05-05,1046.650000
2023-05-08,1048.080000
2023-05-09,1047.380000
2023-05-10,1049.350000
2023-05-11,1049.720000
2023-05-12,1050.170000
2023-05-15,1051.290000
2023-05-16,1051.100000
2023-05-17,1051.930000
2023-05-18,1052.120000
2023-05-19,1052.360000
2023-05-22,1053.210000
2023-05-23,1049.250000
2023-05-24,1045.880000
2023-05-25,1050.460000
2023-05-26,1055.120000
2023-05-30,1057.330000
2023-05-31,1056.800000
2023-06-01,1060.300000
2023-06-02,1062.790000
2023-06-05,1063.500000
2023-06-06,1063.960000
2023-06-07,1064.210000
2023-06-08,1064.620000
2023-06-09,1064.970000
2023-06-12,1065.550000
2023-06-13,1065.800000
2023-06-14,1066.090000
2023-06-15,1066.290000
2023-06-16,1065.580000
2023-06-20,1065.240000
2023-06-21,1064.490000
2023-06-22,1066.410000
2023-06-23,1064.090000
2023-06-26,1063.440000
2023-06-27,1067.910000
2023-06-28,1068.550000
2023-06-29,1070.020000
2023-06-30,1073.340000
2023-07-03,1073.550000
2023-07-05,1073.730000
2023-07-06,1072.200000
2023-07-07,1072.650000
2023-07-10,1074.120000
2023-07-11,1075.330000
2023-07-12,1076.800000
2023-07-13,1077.120000
2023-07-14,1077.430000
2023-07-17,1077.980000
2023-07-18,1078.150000
2023-07-19,1078.350000
2023-07-20,1078.500000
2023-07-21,1077.850000
2023-07-24,1079.560000
2023-07-25,1080.090000
2023-07-26,1081.100000
2023-07-27,1079.340000
2023-07-28,1082.230000
2023-07-31,1083.240000
2023-08-01,1083.090000
2023-08-02,1079.700000
2023-08-03,1078.890000
2023-08-04,1077.990000
2023-08-07,1082.630000
2023-08-08,1081.880000
2023-08-09,1079.640000
2023-08-10,1080.650000
2023-08-11,1081.640000
2023-08-14,1085.390000
2023-08-15,1081.290000
2023-08-16,1076.490000
2023-08-17,1068.780000
2023-08-18,1060.190000
2023-08-21,1062.940000
2023-08-22,1063.110000
2023-08-23,1065.690000
2023-08-24,1063.190000
2023-08-25,1065.890000
2023-08-28,1067.940000
2023-08-29,1069.310000
2023-08-30,1069.800000
2023-08-31,1070.100000
2023-09-01,1070.430000
2023-09-05,1071.090000
2023-09-06,1071.210000
2023-09-07,1071.470000
2023-09-08,1071.770000
2023-09-11,1072.410000
2023-09-12,1072.540000
2023-09-13,1072.790000
2023-09-14,1072.960000
2023-09-15,1071.620000
2023-09-18,1072.450000
2023-09-19,1072.210000
2023-09-20,1069.270000
2023-09-21,1060.300000
2023-09-22,1059.510000
2023-09-25,1063.070000
2023-09-26,1053.130000
2023-09-27,1053.820000
2023-09-28,1058.770000
2023-09-29,1057.350000
2023-10-02,1058.370000
2023-10-03,1047.310000
2023-10-04,1054.140000
2023-10-05,1053.650000
2023-10-06,1063.390000
2023-10-09,1068.920000
2023-10-10,1072.850000
2023-10-11,1076.150000
2023-10-12,1073.640000
2023-10-13,1070.240000
2023-10-16,1078.620000
2023-10-17,1079.350000
2023-10-18,1070.780000
2023-10-19,1062.070000
2023-10-20,1060.690000
2023-10-23,1061.980000
2023-10-24,1065.700000
2023-10-25,1060.800000
2023-10-26,1055.700000
2023-10-27,1054.000000
2023-10-30,1062.010000
2023-10-31,1066.120000
2023-11-01,1070.820000
2023-11-02,1074.810000
2023-11-03,1076.010000
2023-11-06,1076.950000
2023-11-07,1077.290000
2023-11-08,1077.600000
2023-11-09,1077.640000
2023-11-10,1078.110000
2023-11-13,1078.700000
2023-11-14,1078.880000
2023-11-15,1079.080000
2023-11-16,1079.290000
2023-11-17,1079.450000
2023-11-20,1081.860000
2023-11-21,1081.880000
2023-11-22,1082.860000
2023-11-24,1083.700000
2023-11-27,1084.350000
2023-11-28,1084.680000
2023-11-29,1084.600000
2023-11-30,1085.300000
2023-12-01,1086.110000
2023-12-04,1086.530000
2023-12-05,1086.870000
2023-12-06,1086.890000
2023-12-07,1087.520000
2023-12-08,1087.990000
2023-12-11,1088.600000
2023-12-12,1088.780000
2023-12-13,1088.950000
2023-12-14,1089.140000
2023-12-15,1088.820000
2023-12-18,1090.480000
2023-12-19,1091.640000
2023-12-20,1088.270000
2023-12-21,1090.760000
2023-12-22,1091.760000
2023-12-26,1093.690000
2023-12-27,1094.520000
2023-12-28,1094.870000
2023-12-29,1094.950000
2024-01-02,1095.240000
2024-01-03,1093.970000
2024-01-04,1093.680000
2024-01-05,1094.870000
2024-01-08,1097.600000
2024-01-09,1097.890000
2024-01-10,1098.350000
2024-01-11,1098.610000
2024-01-12,1098.890000
2024-01-16,1099.690000
2024-01-17,1099.870000
2024-01-18,1100.070000
2024-01-19,1101.900000
2024-01-22,1103.200000
2024-01-23,1104.200000
2024-01-24,1104.390000
2024-01-25,1104.920000
2024-01-26,1105.300000
2024-01-29,1106.470000
2024-01-30,1106.790000
2024-01-31,1105.400000
2024-02-01,1106.960000
2024-02-02,1107.590000
2024-02-05,1108.270000
2024-02-06,1108.670000
2024-02-07,1108.940000
2024-02-08,1109.170000
2024-02-09,1109.310000
2024-02-12,1109.860000
2024-02-13,1109.910000
2024-02-14,1110.240000
2024-02-15,1110.450000
2024-02-16,1108.740000
2024-02-20,1108.370000
2024-02-21,1109.130000
2024-02-22,1113.830000
2024-02-23,1114.670000
2024-02-26,1115.120000
2024-02-27,1115.700000
2024-02-28,1115.700000
2024-02-29,1116.380000
2024-03-01,1117.150000
2024-03-04,1117.780000
2024-03-05,1117.170000
2024-03-06,1117.870000
2024-03-07,1118.540000
2024-03-08,1118.640000
2024-03-11,1119.330000
2024-03-12,1119.710000
2024-03-13,1119.920000
2024-03-14,1120.080000
2024-03-15,1120.280000
2024-03-18,1122.840000
2024-03-19,1124.620000
2024-03-20,1126.610000
2024-03-21,1127.300000
2024-03-22,1127.380000
2024-03-25,1127.990000
2024-03-26,1128.020000
2024-03-27,1129.190000
2024-03-28,1129.270000
2024-04-01,1130.060000
2024-04-02,1129.580000
2024-04-03,1130.140000
2024-04-04,1127.490000
2024-04-05,1129.770000
2024-04-08,1131.320000
2024-04-09,1131.640000
2024-04-10,1131.000000
2024-04-11,1132.270000
2024-04-12,1130.690000
2024-04-15,1128.730000
2024-04-16,1129.800000
2024-04-17,1128.940000
2024-04-18,1129.650000
2024-04-19,1129.430000
2024-04-22,1135.380000
2024-04-23,1138.400000
2024-04-24,1139.200000
2024-04-25,1138.370000
2024-04-26,1141.100000
2024-04-29,1142.500000
2024-04-30,1139.940000
2024-05-01,1140.120000
2024-05-02,1142.840000
2024-05-03,1144.470000
2024-05-06,1145.410000
2024-05-07,1145.660000
2024-05-08,1145.970000
2024-05-09,1146.200000
2024-05-10,1146.430000
2024-05-13,1146.970000
2024-05-14,1147.130000
2024-05-15,1147.340000
2024-05-16,1147.510000
2024-05-17,1148.100000
2024-05-20,1148.910000
2024-05-21,1149.900000
2024-05-22,1149.270000
2024-05-23,1147.460000
2024-05-24,1150.130000
2024-05-28,1150.940000
2024-05-29,1148.820000
2024-05-30,1146.970000
2024-05-31,1150.830000
2024-06-03,1151.700000
2024-06-04,1152.250000
2024-06-05,1154.750000
2024-06-06,1155.320000
2024-06-07,1155.790000
2024-06-10,1156.740000
2024-06-11,1157.110000
2024-06-12,1157.800000
2024-06-13,1158.020000
2024-06-14,1158.200000
2024-06-17,1158.800000
2024-06-18,1159.030000
2024-06-20,1159.400000
2024-06-21,1159.100000
2024-06-24,1158.940000
2024-06-25,1160.750000
2024-06-26,1161.700000
2024-06-27,1162.480000
2024-06-28,1161.970000
2024-07-01,1163.780000
2024-07-02,1164.950000
2024-07-03,1165.550000
2024-07-05,1166.380000
2024-07-08,1167.180000
2024-07-09,1167.420000
2024-07-10,1167.620000
2024-07-11,1167.880000
2024-07-12,1168.210000
2024-07-15,1168.750000
2024-07-16,1168.940000
2024-07-17,1169.120000
2024-07-18,1169.230000
2024-07-19,1168.170000
2024-07-22,1172.910000
2024-07-23,1173.070000
2024-07-24,1163.470000
2024-07-25,1160.850000
2024-07-26,1167.650000
2024-07-29,1169.230000
2024-07-30,1166.770000
2024-07-31,1173.460000
2024-08-01,1167.930000
2024-08-02,1155.490000
2024-08-05,1129.230000
2024-08-06,1140.580000
2024-08-07,1134.020000
2024-08-08,1156.740000
2024-08-09,1162.320000
2024-08-12,1163.960000
2024-08-13,1176.080000
2024-08-14,1180.010000
2024-08-15,1182.440000
2024-08-16,1182.840000
2024-08-19,1186.110000
2024-08-20,1185.150000
2024-08-21,1185.780000
2024-08-22,1183.900000
2024-08-23,1187.190000
2024-08-26,1187.960000
2024-08-27,1188.730000
2024-08-28,1187.180000
2024-08-29,1188.410000
2024-08-30,1190.500000
2024-09-03,1185.870000
2024-09-04,1185.270000
2024-09-05,1185.600000
2024-09-06,1177.800000
2024-09-09,1185.650000
2024-09-10,1188.100000
2024-09-11,1191.820000
2024-09-12,1194.240000
2024-09-13,1195.250000
2024-09-16,1196.020000
2024-09-17,1196.250000
2024-09-18,1196.660000
2024-09-19,1197.140000
2024-09-20,1197.610000
2024-09-23,1199.760000
2024-09-24,1201.000000
2024-09-25,1200.890000
2024-09-26,1202.010000
2024-09-27,1201.250000
2024-09-30,1203.190000
2024-10-01,1200.270000
2024-10-02,1201.200000
2024-10-03,1200.710000
2024-10-04,1204.240000
2024-10-07,1202.260000
2024-10-08,1205.510000
2024-10-09,1206.890000
2024-10-10,1207.460000
2024-10-11,1208.150000
2024-10-14,1209.030000
2024-10-15,1209.250000
2024-10-16,1209.490000
2024-10-17,1209.700000
2024-10-18,1210.000000
2024-10-21,1210.390000
2024-10-22,1210.580000
2024-10-23,1206.710000
2024-10-24,1208.080000
2024-10-25,1207.640000
2024-10-28,1210.070000
2024-10-29,1211.180000
2024-10-30,1210.170000
2024-10-31,1200.150000
2024-11-01,1203.250000
2024-11-04,1203.420000
2024-11-05,1210.800000
2024-11-06,1221.280000
2024-11-07,1222.470000
2024-11-08,1222.980000
2024-11-11,1223.650000
2024-11-12,1223.870000
2024-11-13,1224.070000
2024-11-14,1224.250000
2024-11-15,1224.160000
2024-11-18,1226.850000
2024-11-19,1227.410000
2024-11-20,1226.990000
2024-11-21,1228.900000
2024-11-22,1230.820000
2024-11-25,1232.810000
2024-11-26,1234.000000
2024-11-27,1234.050000
2024-11-29,1235.220000
2024-12-02,1236.190000
2024-12-03,1236.540000
2024-12-04,1236.980000
2024-12-05,1237.240000
2024-12-06,1237.790000
2024-12-09,1238.230000
2024-12-10,1238.290000
2024-12-11,1238.850000
2024-12-12,1239.050000
2024-12-13,1239.310000
2024-12-16,1239.830000
2024-12-17,1239.950000
2024-12-18,1237.410000
2024-12-19,1239.640000
2024-12-20,1239.130000
2024-12-23,1242.390000
2024-12-24,1245.880000
2024-12-26,1246.480000
2024-12-27,1244.900000
2024-12-30,1243.070000
2024-12-31,1242.860000
2025-01-02,1242.160000
2025-01-03,1247.210000
2025-01-06,1249.340000
2025-01-07,1246.920000
2025-01-08,1248.070000
2025-01-10,1244.080000
2025-01-13,1246.060000
2025-01-14,1247.510000
2025-01-15,1252.090000
2025-01-16,1252.420000
2025-01-17,1251.840000
2025-01-21,1256.370000
2025-01-22,1257.920000
2025-01-23,1259.060000
2025-01-24,1258.910000
2025-01-27,1254.650000
2025-01-28,1258.140000
2025-01-29,1257.500000
2025-01-30,1259.710000
2025-01-31,1258.310000
2025-02-03,1256.180000
2025-02-04,1259.840000
2025-02-05,1261.860000
2025-02-06,1262.930000
2025-02-07,1261.600000
2025-02-10,1264.220000
2025-02-11,1264.650000
2025-02-12,1264.850000
2025-02-13,1265.860000
2025-02-14,1266.290000
2025-02-18,1267.070000
2025-02-19,1267.240000
2025-02-20,1267.450000
2025-02-21,1261.820000
2025-02-24,1260.000000
2025-02-25,1257.390000
2025-02-26,1257.950000
2025-02-27,1246.910000
2025-02-28,1257.980000
2025-03-03,1245.900000
2025-03-04,1235.460000
2025-03-05,1245.710000
2025-03-06,1228.240000
2025-03-07,1235.260000
2025-03-10,1206.280000
2025-03-11,1197.110000
2025-03-12,1203.150000
2025-03-13,1187.030000
2025-03-14,1210.840000
2025-03-17,1220.390000
2025-03-18,1207.370000
2025-03-19,1220.350000
2025-03-20,1217.300000
2025-03-21,1210.770000
2025-03-24,1217.430000
2025-03-25,1218.370000
2025-03-26,1215.950000
2025-03-27,1215.580000
2025-03-28,1207.300000
2025-03-31,1210.770000
2025-04-01,1212.480000
2025-04-02,1215.020000
2025-04-03,1186.500000
2025-04-04,1124.150000
2025-04-07,1122.100000
2025-04-08,1106.440000
2025-04-09,1195.010000
2025-04-10,1164.770000
2025-04-11,1183.790000
2025-04-14,1198.820000
2025-04-15,1198.460000
2025-04-16,1172.290000
2025-04-17,1178.570000
2025-04-21,1167.040000
2025-04-22,1181.270000
2025-04-23,1188.770000
2025-04-24,1194.930000
2025-04-25,1197.840000
2025-04-28,1199.340000
2025-04-29,1200.920000
2025-04-30,1200.850000
2025-05-01,1202.500000
2025-05-02,1204.010000
2025-05-05,1204.890000
2025-05-06,1204.760000
2025-05-07,1205.370000
2025-05-08,1205.970000
2025-05-09,1206.380000
2025-05-12,1207.060000
2025-05-13,1207.180000
2025-05-14,1207.360000
2025-05-15,1207.510000
2025-05-16,1208.740000
2025-05-19,1209.300000
2025-05-20,1208.920000
2025-05-21,1201.240000
2025-05-22,1202.150000
2025-05-23,1197.680000
2025-05-27,1210.840000
2025-05-28,1209.340000
2025-05-29,1211.250000
2025-05-30,1211.290000
2025-06-02,1214.570000
2025-06-03,1217.130000
2025-06-04,1217.750000
2025-06-05,1216.650000
2025-06-06,1220.230000
2025-06-09,1221.300000
2025-06-10,1222.180000
2025-06-11,1221.890000
2025-06-12,1222.470000
2025-06-13,1221.240000
2025-06-16,1223.730000
2025-06-17,1223.050000
2025-06-18,1224.250000
2025-06-20,1224.250000
2025-06-23,1229.200000
2025-06-24,1233.260000
2025-06-25,1234.290000
2025-06-26,1235.860000
2025-06-27,1236.660000
2025-06-30,1237.340000
2025-07-01,1238.100000
2025-07-02,1238.600000
2025-07-03,1239.000000
2025-07-07,1239.680000
2025-07-08,1240.160000
2025-07-09,1240.530000
2025-07-10,1240.730000
2025-07-11,1240.910000
2025-07-14,1241.430000
2025-07-15,1241.580000
2025-07-16,1241.750000
2025-07-17,1241.910000
2025-07-18,1241.610000
2025-07-21,1243.250000
2025-07-22,1243.820000
2025-07-23,1246.900000
2025-07-24,1247.290000
2025-07-25,1248.560000
2025-07-28,1249.550000
2025-07-29,1248.930000
2025-07-30,1249.260000
2025-07-31,1248.540000
2025-08-01,1242.440000
2025-08-04,1249.920000
2025-08-05,1249.450000
2025-08-06,1251.820000
2025-08-07,1252.270000
2025-08-08,1253.610000
2025-08-11,1254.010000
2025-08-12,1254.580000
2025-08-13,1254.810000
2025-08-14,1254.990000
2025-08-15,1254.930000
2025-08-18,1256.140000
2025-08-19,1254.440000
2025-08-20,1253.510000
2025-08-21,1251.380000
2025-08-22,1258.900000
2025-08-25,1258.800000
2025-08-26,1260.160000
2025-08-27,1260.770000
2025-08-28,1262.550000
2025-08-29,1260.940000
2025-09-02,1259.030000
2025-09-03,1261.750000
2025-09-04,1264.530000
2025-09-05,1264.900000
2025-09-08,1266.340000
2025-09-09,1266.980000
2025-09-10,1267.460000
2025-09-11,1268.450000
2025-09-12,1268.630000
2025-09-15,1269.320000
2025-09-16,1269.480000
2025-09-17,1269.860000
2025-09-18,1270.170000
2025-09-19,1271.270000
2025-09-22,1272.920000
2025-09-23,1271.720000
2025-09-24,1271.700000
2025-09-25,1270.710000
2025-09-26,1273.770000
2025-09-29,1275.430000
2025-09-30,1276.240000
2025-10-01,1277.370000
2025-10-02,1277.730000
2025-10-03,1278.220000
2025-10-06,1279.940000
2025-10-07,1279.610000
2025-10-08,1280.800000
2025-10-09,1280.850000
2025-10-10,1272.560000
2025-10-13,1281.000000
2025-10-14,1280.990000
2025-10-15,1282.360000
2025-10-16,1282.830000
2025-10-17,1286.790000
2025-10-20,1293.330000
2025-10-21,1294.100000
2025-10-22,1292.690000
2025-10-23,1295.480000
2025-10-24,1297.720000
2025-10-27,1300.330000
2025-10-28,1300.570000
2025-10-29,1300.600000
2025-10-30,1299.790000
2025-10-31,1300.520000
2025-11-03,1302.050000
2025-11-04,1300.180000
2025-11-05,1301.780000
2025-11-06,1299.760000
2025-11-07,1300.880000
2025-11-10,1304.330000
2025-11-11,1305.040000
2025-11-12,1305.290000
2025-11-13,1303.590000
2025-11-14,1304.450000
2025-11-17,1304.170000
2025-11-18,1303.060000
2025-11-19,1305.460000
2025-11-20,1304.810000
2025-11-21,1306.910000
2025-11-24,1314.340000
2025-11-25,1317.730000
2025-11-26,1319.600000
2025-11-28,1321.250000
2025-12-01,1321.250000
2025-12-02,1322.340000
2025-12-03,1323.030000
2025-12-04,1323.470000
2025-12-05,1323.940000
2025-12-08,1324.420000
2025-12-09,1324.710000
2025-12-10,1325.130000
2025-12-11,1325.510000
2025-12-12,1325.550000
2025-12-15,1326.160000
2025-12-16,1326.340000
2025-12-17,1326.350000
2025-12-18,1326.700000
2025-12-19,1327.120000
2025-12-22,1330.340000
2025-12-23,1331.590000
2025-12-24,1332.620000
2025-12-26,1333.390000
2025-12-29,1333.850000
2025-12-30,1334.000000
2025-12-31,1332.720000
2026-01-02,1334.210000
2026-01-05,1336.070000
2026-01-06,1336.830000
2026-01-07,1336.860000
2026-01-08,1337.120000
2026-01-09,1337.820000
2026-01-12,1338.350000
2026-01-13,1338.500000
2026-01-14,1338.700000
2026-01-15,1338.880000
2026-01-16,1338.170000
2026-01-20,1327.070000
2026-01-21,1335.880000
2026-01-22,1339.530000
2026-01-23,1339.880000
2026-01-26,1342.720000
2026-01-27,1344.160000
2026-01-28,1344.130000
2026-01-29,1343.690000
2026-01-30,1342.910000
2026-02-02,1346.890000
2026-02-03,1343.410000
2026-02-04,1340.690000
2026-02-05,1333.060000
2026-02-06,1346.170000
2026-02-09,1349.130000
2026-02-10,1349.010000
2026-02-11,1349.730000
2026-02-12,1342.680000
2026-02-13,1345.050000
2026-02-17,1349.040000
2026-02-18,1352.870000
2026-02-19,1354.150000
2026-02-20,1354.830000
2026-02-23,1350.420000
2026-02-24,1355.720000
2026-02-25,1360.460000
2026-02-26,1359.040000
2026-02-27,1356.660000
2026-03-02,1356.920000
2026-03-03,1352.000000
2026-03-04,1357.720000
2026-03-05,1354.820000
2026-03-06,1343.850000
2026-03-09,1354.090000
2026-03-10,1353.650000
2026-03-11,1355.400000
2026-03-12,1343.270000
2026-03-13,1340.130000
2026-03-16,1354.350000
2026-03-17,1359.190000
2026-03-18,1344.720000
2026-03-19,1341.530000
2026-03-20,1333.930000
2026-03-23,1341.360000
2026-03-24,1340.150000
2026-03-25,1344.220000
2026-03-26,1334.940000
2026-03-27,1323.800000
2026-03-30,1325.080000
2026-03-31,1345.600000
2026-04-01,1349.560000
2026-04-02,1351.400000
2026-04-06,1355.020000
2026-04-07,1353.690000
2026-04-08,1361.670000
2026-04-09,1362.840000
2026-04-10,1363.170000
2026-04-13,1363.810000
2026-04-14,1364.050000
2026-04-15,1364.250000
2026-04-16,1364.440000
2026-04-17,1363.830000
2026-04-20,1363.300000
2026-04-21,1359.480000
2026-04-22,1365.450000
2026-04-23,1364.080000
2026-04-24,1367.280000
2026-04-27,1369.640000
2026-04-28,1369.180000
2026-04-29,1369.130000
2026-04-30,1373.330000
2026-05-01,1374.610000
2026-05-04,1374.590000
2026-05-05,1376.650000
2026-05-06,1377.770000
2026-05-07,1378.150000
2026-05-08,1378.620000
2026-05-11,1379.110000
2026-05-12,1379.320000
2026-05-13,1379.530000
2026-05-14,1379.720000
2026-05-15,1378.790000
2026-05-18,1380.410000
2026-05-19,1377.870000
2026-05-20,1382.880000
2026-05-21,1384.930000
2026-05-22,1386.460000
2026-05-26,1389.910000
2026-05-27,1391.000000
2026-05-28,1392.990000
2026-05-29,1393.480000
2026-06-01,1394.550000
2026-06-02,1395.210000
2026-06-03,1394.830000
2026-06-04,1396.030000
2026-06-05,1387.370000
2026-06-08,1391.220000
2026-06-09,1389.310000
2026-06-10,1380.370000
2026-06-11,1391.830000
2026-06-12,1395.980000
2026-06-15,1398.960000
2026-06-16,1399.290000
2026-06-17,1399.420000
2026-06-18,1400.340000
2026-06-22,1400.260000
2026-06-23,1392.450000
2026-06-24,1392.830000
2026-06-25,1394.110000
2026-06-26,1390.480000
2026-06-29,1402.810000
2026-06-30,1407.000000
2026-07-01,1407.710000
2026-07-02,1407.990000
2026-07-06,1412.250000
2026-07-07,1411.350000
2026-07-08,1410.770000
2026-07-09,1413.390000
2026-07-10,1414.420000
2026-07-13,1414.210000
2026-07-14,1415.250000
2026-07-15,1415.610000
2026-07-16,1415.800000
2026-07-17,1413.100000
2026-07-20,1414.240000
2026-07-21,1419.060000
2026-07-22,1419.050000
2026-07-23,1413.050000
2026-07-24,1414.610000
2026-07-27,1416.080000
2026-07-28,1418.000000
2026-07-29,1408.620000
2026-07-30,1421.240000
2026-07-31,1424.830000
