date,close
2007-06-15,966.630000
2007-06-18,966.470000
2007-06-19,966.210000
2007-06-20,960.700000
2007-06-21,965.060000
2007-06-22,956.910000
2007-06-25,955.050000
2007-06-26,952.230000
2007-06-27,960.700000
2007-06-28,960.440000
2007-06-29,958.900000
2007-07-02,967.630000
2007-07-03,970.260000
2007-07-05,971.100000
2007-07-06,973.510000
2007-07-09,974.820000
2007-07-10,965.390000
2007-07-11,970.080000
2007-07-12,979.350000
2007-07-13,981.110000
2007-07-16,981.950000
2007-07-17,982.830000
2007-07-18,982.990000
2007-07-19,984.420000
2007-07-20,983.300000
2007-07-23,986.760000
2007-07-24,976.160000
2007-07-25,979.300000
2007-07-26,963.120000
2007-07-27,947.860000
2007-07-30,958.170000
2007-07-31,946.160000
2007-08-01,953.990000
2007-08-02,958.630000
2007-08-03,932.860000
2007-08-06,956.090000
2007-08-07,961.630000
2007-08-08,974.030000
2007-08-09,947.940000
2007-08-10,947.810000
2007-08-13,948.010000
2007-08-14,930.070000
2007-08-15,917.410000
2007-08-16,922.440000
2007-08-17,949.430000
2007-08-20,953.510000
2007-08-21,955.560000
2007-08-22,960.540000
2007-08-23,961.630000
2007-08-24,965.410000
2007-08-27,964.200000
2007-08-28,955.480000
2007-08-29,963.580000
2007-08-30,962.270000
2007-08-31,965.430000
2007-09-04,970.670000
2007-09-05,967.750000
2007-09-06,969.980000
2007-09-07,965.750000
2007-09-10,966.670000
2007-09-11,971.580000
2007-09-12,972.300000
2007-09-13,973.700000
2007-09-14,975.040000
2007-09-17,975.200000
2007-09-18,977.860000
2007-09-19,978.080000
2007-09-20,978.230000
2007-09-21,977.990000
2007-09-24,976.370000
2007-09-25,977.880000
2007-09-26,981.050000
2007-09-27,983.120000
2007-09-28,981.450000
2007-10-01,987.520000
2007-10-02,987.290000
2007-10-03,986.840000
2007-10-04,987.920000
2007-10-05,991.490000
2007-10-08,991.830000
2007-10-09,994.120000
2007-10-10,993.960000
2007-10-11,992.530000
2007-10-12,994.790000
2007-10-15,994.150000
2007-10-16,993.830000
2007-10-17,995.450000
2007-10-18,996.530000
2007-10-19,988.270000
2007-10-22,992.950000
2007-10-23,998.530000
2007-10-24,997.520000
2007-10-25,995.950000
2007-10-26,1003.370000
2007-10-29,1005.330000
2007-10-30,1002.880000
2007-10-31,1008.830000
2007-11-01,996.070000
2007-11-02,998.700000
2007-11-05,997.090000
2007-11-06,1005.760000
2007-11-07,985.240000
2007-11-08,986.690000
2007-11-09,973.860000
2007-11-12,965.950000
2007-11-13,993.560000
2007-11-14,986.310000
2007-11-15,974.860000
2007-11-16,983.940000
2007-11-19,978.020000
2007-11-20,980.780000
2007-11-21,971.490000
2007-11-23,981.270000
2007-11-26,967.540000
2007-11-27,978.980000
2007-11-28,992.870000
2007-11-29,993.810000
2007-11-30,998.170000
2007-12-03,997.120000
2007-12-04,995.500000
2007-12-05,1001.550000
2007-12-06,1005.600000
2007-12-07,1005.690000
2007-12-10,1007.940000
2007-12-11,1002.710000
2007-12-12,1005.880000
2007-12-13,1007.130000
2007-12-14,1004.600000
2007-12-17,1000.890000
2007-12-18,1005.750000
2007-12-19,1007.450000
2007-12-20,1010.850000
2007-12-21,1014.830000
2007-12-24,1018.340000
2007-12-26,1019.650000
2007-12-27,1013.860000
2007-12-28,1013.990000
2007-12-31,1010.600000
2008-01-02,1003.510000
2008-01-03,1004.370000
2008-01-04,985.280000
2008-01-07,989.940000
2008-01-08,972.840000
2008-01-09,986.280000
2008-01-10,992.990000
2008-01-11,981.460000
2008-01-14,991.870000
2008-01-15,967.210000
2008-01-16,961.320000
2008-01-17,933.500000
2008-01-18,935.800000
2008-01-22,929.560000
2008-01-23,940.960000
2008-01-24,946.570000
2008-01-25,939.330000
2008-01-28,949.100000
2008-01-29,951.220000
2008-01-30,950.150000
2008-01-31,956.260000
2008-02-01,961.510000
2008-02-04,960.320000
2008-02-05,950.110000
2008-02-06,947.510000
2008-02-07,953.190000
2008-02-08,952.260000
2008-02-11,957.900000
2008-02-12,962.490000
2008-02-13,967.330000
2008-02-14,967.200000
2008-02-15,971.770000
2008-02-19,973.300000
2008-02-20,978.290000
2008-02-21,973.430000
2008-02-22,978.840000
2008-02-25,985.080000
2008-02-26,988.320000
2008-02-27,988.120000
2008-02-28,985.610000
2008-02-29,972.680000
2008-03-03,974.670000
2008-03-04,974.210000
2008-03-05,978.650000
2008-03-06,964.560000
2008-03-07,959.990000
2008-03-10,949.250000
2008-03-11,977.060000
2008-03-12,972.050000
2008-03-13,976.000000
2008-03-14,957.200000
2008-03-17,951.310000
2008-03-18,987.600000
2008-03-19,969.820000
2008-03-20,979.770000
2008-03-24,987.390000
2008-03-25,988.520000
2008-03-26,986.400000
2008-03-27,983.480000
2008-03-28,981.240000
2008-03-31,984.810000
2008-04-01,997.140000
2008-04-02,997.280000
2008-04-03,997.920000
2008-04-04,999.400000
2008-04-07,1000.550000
2008-04-08,1000.700000
2008-04-09,999.920000
2008-04-10,1001.380000
2008-04-11,997.630000
2008-04-14,998.670000
2008-04-15,1001.380000
2008-04-16,1003.840000
2008-04-17,1004.020000
2008-04-18,1003.850000
2008-04-21,1004.120000
2008-04-22,1000.120000
2008-04-23,1002.510000
2008-04-24,1006.020000
2008-04-25,1009.560000
2008-04-28,1010.230000
2008-04-29,1008.970000
2008-04-30,1007.000000
2008-05-01,1015.500000
2008-05-02,1017.820000
2008-05-05,1017.530000
2008-05-06,1020.180000
2008-05-07,1014.370000
2008-05-08,1017.210000
2008-05-09,1015.720000
2008-05-12,1021.350000
2008-05-13,1022.040000
2008-05-14,1023.290000
2008-05-15,1024.280000
2008-05-16,1028.450000
2008-05-19,1029.680000
2008-05-20,1025.850000
2008-05-21,1016.500000
2008-05-22,1018.880000
2008-05-23,1009.940000
2008-05-27,1015.700000
2008-05-28,1019.230000
2008-05-29,1023.580000
2008-05-30,1024.700000
2008-06-02,1018.160000
2008-06-03,1013.920000
2008-06-04,1014.050000
2008-06-05,1028.750000
2008-06-06,1003.350000
2008-06-09,1006.060000
2008-06-10,1003.520000
2008-06-11,987.550000
2008-06-12,991.520000
2008-06-13,1005.930000
2008-06-16,1006.310000
2008-06-17,999.440000
2008-06-18,990.500000
2008-06-19,993.740000
2008-06-20,987.180000
2008-06-23,989.480000
2008-06-24,988.720000
2008-06-25,993.520000
2008-06-26,974.380000
2008-06-27,973.130000
2008-06-30,973.940000
2008-07-01,977.890000
2008-07-02,962.740000
2008-07-03,965.660000
2008-07-07,957.250000
2008-07-08,974.070000
2008-07-09,952.750000
2008-07-10,959.660000
2008-07-11,949.790000
2008-07-14,940.790000
2008-07-15,930.530000
2008-07-16,953.800000
2008-07-17,964.610000
2008-07-18,968.760000
2008-07-21,971.160000
2008-07-22,978.770000
2008-07-23,979.570000
2008-07-24,970.240000
2008-07-25,972.820000
2008-07-28,963.790000
2008-07-29,977.020000
2008-07-30,983.520000
2008-07-31,979.410000
2008-08-01,978.150000
2008-08-04,974.380000
2008-08-05,986.740000
2008-08-06,989.080000
2008-08-07,985.020000
2008-08-08,990.690000
2008-08-11,992.140000
2008-08-12,991.790000
2008-08-13,992.000000
2008-08-14,993.040000
2008-08-15,993.080000
2008-08-18,986.210000
2008-08-19,980.540000
2008-08-20,985.260000
2008-08-21,987.660000
2008-08-22,995.240000
2008-08-25,983.590000
2008-08-26,986.740000
2008-08-27,992.280000
2008-08-28,1000.050000
2008-08-29,993.160000
2008-09-02,991.170000
2008-09-03,991.300000
2008-09-04,966.420000
2008-09-05,971.100000
2008-09-08,988.180000
2008-09-09,958.680000
2008-09-10,964.100000
2008-09-11,978.070000
2008-09-12,979.060000
2008-09-15,939.460000
2008-09-16,951.510000
2008-09-17,907.190000
2008-09-18,940.870000
2008-09-19,1004.470000
2008-09-22,986.830000
2008-09-23,976.580000
2008-09-24,978.050000
2008-09-25,992.590000
2008-09-26,992.220000
2008-09-29,936.100000
2008-09-30,967.470000
2008-10-01,962.670000
2008-10-02,928.890000
2008-10-03,920.810000
2008-10-06,888.730000
2008-10-07,835.100000
2008-10-08,824.690000
2008-10-09,768.380000
2008-10-10,758.050000
2008-10-13,845.870000
2008-10-14,836.710000
2008-10-15,758.300000
2008-10-16,792.350000
2008-10-17,768.780000
2008-10-20,795.840000
2008-10-21,786.940000
2008-10-22,754.970000
2008-10-23,761.310000
2008-10-24,737.960000
2008-10-27,726.720000
2008-10-28,779.690000
2008-10-29,768.800000
2008-10-30,785.930000
2008-10-31,796.710000
2008-11-03,801.490000
2008-11-04,815.010000
2008-11-05,799.410000
2008-11-06,773.780000
2008-11-07,791.870000
2008-11-10,788.690000
2008-11-11,777.590000
2008-11-12,746.100000
2008-11-13,788.450000
2008-11-14,761.370000
2008-11-17,745.320000
2008-11-18,753.990000
2008-11-19,711.670000
2008-11-20,663.890000
2008-11-21,690.800000
2008-11-24,706.600000
2008-11-25,711.140000
2008-11-26,717.580000
2008-11-28,718.700000
2008-12-01,703.930000
2008-12-02,713.000000
2008-12-03,717.980000
2008-12-04,714.270000
2008-12-05,720.950000
2008-12-08,723.560000
2008-12-09,723.710000
2008-12-10,725.170000
2008-12-11,725.150000
2008-12-12,725.570000
2008-12-15,725.910000
2008-12-16,726.450000
2008-12-17,726.720000
2008-12-18,726.720000
2008-12-19,722.110000
2008-12-22,716.820000
2008-12-23,712.760000
2008-12-24,716.270000
2008-12-26,720.420000
2008-12-29,720.590000
2008-12-30,732.650000
2008-12-31,740.100000
2009-01-02,750.090000
2009-01-05,749.920000
2009-01-06,753.050000
2009-01-07,744.800000
2009-01-08,747.970000
2009-01-09,742.350000
2009-01-12,731.600000
2009-01-13,734.400000
2009-01-14,713.490000
2009-01-15,714.550000
2009-01-16,730.490000
2009-01-20,705.990000
2009-01-21,729.680000
2009-01-22,725.130000
2009-01-23,728.000000
2009-01-26,732.680000
2009-01-27,738.910000
2009-01-28,750.050000
2009-01-29,739.270000
2009-01-30,730.320000
2009-02-02,731.410000
2009-02-03,739.910000
2009-02-04,738.280000
2009-02-05,744.230000
2009-02-06,752.140000
2009-02-09,754.780000
2009-02-10,737.960000
2009-02-11,743.740000
2009-02-12,747.370000
2009-02-13,742.780000
2009-02-17,715.830000
2009-02-18,715.380000
2009-02-19,708.380000
2009-02-20,701.070000
2009-02-23,688.110000
2009-02-24,706.140000
2009-02-25,704.170000
2009-02-26,699.280000
2009-02-27,690.060000
2009-03-02,665.950000
2009-03-03,663.650000
2009-03-04,678.070000
2009-03-05,653.000000
2009-03-06,653.960000
2009-03-09,647.730000
2009-03-10,684.740000
2009-03-11,688.490000
2009-03-12,710.600000
2009-03-13,715.120000
2009-03-16,715.330000
2009-03-17,728.600000
2009-03-18,732.620000
2009-03-19,733.850000
2009-03-20,726.130000
2009-03-23,750.760000
2009-03-24,745.960000
2009-03-25,750.330000
2009-03-26,756.020000
2009-03-27,752.110000
2009-03-30,742.460000
2009-03-31,747.710000
2009-04-01,753.650000
2009-04-02,759.540000
2009-04-03,763.570000
2009-04-06,764.180000
2009-04-07,761.530000
2009-04-08,764.970000
2009-04-09,768.650000
2009-04-13,768.870000
2009-04-14,768.930000
2009-04-15,769.450000
2009-04-16,769.720000
2009-04-17,771.290000
2009-04-20,752.510000
2009-04-21,763.120000
2009-04-22,760.720000
2009-04-23,765.630000
2009-04-24,771.930000
2009-04-27,769.630000
2009-04-28,769.220000
2009-04-29,778.440000
2009-04-30,779.370000
2009-05-01,781.880000
2009-05-04,790.230000
2009-05-05,790.700000
2009-05-06,793.340000
2009-05-07,792.280000
2009-05-08,794.880000
2009-05-11,794.340000
2009-05-12,795.320000
2009-05-13,793.910000
2009-05-14,795.840000
2009-05-15,792.050000
2009-05-18,805.990000
2009-05-19,807.100000
2009-05-20,805.810000
2009-05-21,798.890000
2009-05-22,798.670000
2009-05-26,809.780000
2009-05-27,803.330000
2009-05-28,809.090000
2009-05-29,815.400000
2009-06-01,819.730000
2009-06-02,820.430000
2009-06-03,818.810000
2009-06-04,821.180000
2009-06-05,821.790000
2009-06-08,822.730000
2009-06-09,824.010000
2009-06-10,824.130000
2009-06-11,824.620000
2009-06-12,825.020000
2009-06-15,823.800000
2009-06-16,822.900000
2009-06-17,824.290000
2009-06-18,825.920000
2009-06-19,824.950000
2009-06-22,809.300000
2009-06-23,810.910000
2009-06-24,816.200000
2009-06-25,827.960000
2009-06-26,828.100000
2009-06-29,833.580000
2009-06-30,831.100000
2009-07-01,832.990000
2009-07-02,818.380000
2009-07-06,820.050000
2009-07-07,806.090000
2009-07-08,806.320000
2009-07-09,808.350000
2009-07-10,806.290000
2009-07-13,824.900000
2009-07-14,830.370000
2009-07-15,846.270000
2009-07-16,849.150000
2009-07-17,851.310000
2009-07-20,856.380000
2009-07-21,858.580000
2009-07-22,859.290000
2009-07-23,865.000000
2009-07-24,866.500000
2009-07-27,867.350000
2009-07-28,866.890000
2009-07-29,866.050000
2009-07-30,868.490000
2009-07-31,868.860000
2009-08-03,871.260000
2009-08-04,871.900000
2009-08-05,872.230000
2009-08-06,871.790000
2009-08-07,873.100000
2009-08-10,873.440000
2009-08-11,872.980000
2009-08-12,873.730000
2009-08-13,873.990000
2009-08-14,874.130000
2009-08-17,873.190000
2009-08-18,874.220000
2009-08-19,874.480000
2009-08-20,874.770000
2009-08-21,874.620000
2009-08-24,875.860000
2009-08-25,877.090000
2009-08-26,877.880000
2009-08-27,879.600000
2009-08-28,880.040000
2009-08-31,877.640000
2009-09-01,864.320000
2009-09-02,863.750000
2009-09-03,869.980000
2009-09-04,878.800000
2009-09-08,883.940000
2009-09-09,887.760000
2009-09-10,890.880000
2009-09-11,891.010000
2009-09-14,892.670000
2009-09-15,893.510000
2009-09-16,893.900000
2009-09-17,894.130000
2009-09-18,894.970000
2009-09-21,895.410000
2009-09-22,898.770000
2009-09-23,895.250000
2009-09-24,889.840000
2009-09-25,887.350000
2009-09-28,897.330000
2009-09-29,896.650000
2009-09-30,894.590000
2009-10-01,878.900000
2009-10-02,876.670000
2009-10-05,888.890000
2009-10-06,898.140000
2009-10-07,900.640000
2009-10-08,905.160000
2009-10-09,909.290000
2009-10-12,911.070000
2009-10-13,911.370000
2009-10-14,915.030000
2009-10-15,915.880000
2009-10-16,918.250000
2009-10-19,922.690000
2009-10-20,921.130000
2009-10-21,917.270000
2009-10-22,923.050000
2009-10-23,917.670000
2009-10-26,911.590000
2009-10-27,909.820000
2009-10-28,896.950000
2009-10-29,912.210000
2009-10-30,892.920000
2009-11-02,898.020000
2009-11-03,900.980000
2009-11-04,902.370000
2009-11-05,916.070000
2009-11-06,919.330000
2009-11-09,930.000000
2009-11-10,931.090000
2009-11-11,933.350000
2009-11-12,930.270000
2009-11-13,933.660000
2009-11-16,937.330000
2009-11-17,938.050000
2009-11-18,938.420000
2009-11-19,938.600000
2009-11-20,941.510000
2009-11-23,947.920000
2009-11-24,949.160000
2009-11-25,950.530000
2009-11-27,941.730000
2009-11-30,945.580000
2009-12-01,951.330000
2009-12-02,952.440000
2009-12-03,949.870000
2009-12-04,952.660000
2009-12-07,953.100000
2009-12-08,949.870000
2009-12-09,951.950000
2009-12-10,954.560000
2009-12-11,956.640000
2009-12-14,958.390000
2009-12-15,958.060000
2009-12-16,959.100000
2009-12-17,958.700000
2009-12-18,964.000000
2009-12-21,969.600000
2009-12-22,971.800000
2009-12-23,972.600000
2009-12-24,974.440000
2009-12-28,975.520000
2009-12-29,975.650000
2009-12-30,975.790000
2009-12-31,973.280000
2010-01-04,978.210000
2010-01-05,979.310000
2010-01-06,979.640000
2010-01-07,979.910000
2010-01-08,980.720000
2010-01-11,980.920000
2010-01-12,980.740000
2010-01-13,980.990000
2010-01-14,981.260000
2010-01-15,981.660000
2010-01-19,988.460000
2010-01-20,983.960000
2010-01-21,972.090000
2010-01-22,954.340000
2010-01-25,960.210000
2010-01-26,957.260000
2010-01-27,961.580000
2010-01-28,952.580000
2010-01-29,943.670000
2010-02-01,957.080000
2010-02-02,968.210000
2010-02-03,964.540000
2010-02-04,935.770000
2010-02-05,939.030000
2010-02-08,930.870000
2010-02-09,943.490000
2010-02-10,941.380000
2010-02-11,951.000000
2010-02-12,950.420000
2010-02-16,965.740000
2010-02-17,970.510000
2010-02-18,976.380000
2010-02-19,972.200000
2010-02-22,973.200000
2010-02-23,966.260000
2010-02-24,972.040000
2010-02-25,972.490000
2010-02-26,973.480000
2010-03-01,978.950000
2010-03-02,980.570000
2010-03-03,981.200000
2010-03-04,982.990000
2010-03-05,987.030000
2010-03-08,987.710000
2010-03-09,988.380000
2010-03-10,988.650000
2010-03-11,989.240000
2010-03-12,989.380000
2010-03-15,989.650000
2010-03-16,989.790000
2010-03-17,990.040000
2010-03-18,990.130000
2010-03-19,991.270000
2010-03-22,995.410000
2010-03-23,998.680000
2010-03-24,997.030000
2010-03-25,994.940000
2010-03-26,996.420000
2010-03-29,999.820000
2010-03-30,1000.480000
2010-03-31,999.480000
2010-04-01,1002.130000
2010-04-05,1005.230000
2010-04-06,1006.100000
2010-04-07,1005.370000
2010-04-08,1006.540000
2010-04-09,1007.240000
2010-04-12,1007.660000
2010-04-13,1007.930000
2010-04-14,1008.280000
2010-04-15,1008.320000
2010-04-16,1010.000000
2010-04-19,1013.710000
2010-04-20,1018.720000
2010-04-21,1017.950000
2010-04-22,1019.380000
2010-04-23,1021.410000
2010-04-26,1020.160000
2010-04-27,1005.630000
2010-04-28,1011.710000
2010-04-29,1019.270000
2010-04-30,1009.170000
2010-05-03,1018.200000
2010-05-04,1003.060000
2010-05-05,998.790000
2010-05-06,968.980000
2010-05-07,955.690000
2010-05-10,995.780000
2010-05-11,993.370000
2010-05-12,1006.010000
2010-05-13,996.180000
2010-05-14,979.090000
2010-05-17,980.180000
2010-05-18,966.810000
2010-05-19,961.550000
2010-05-20,924.620000
2010-05-21,907.560000
2010-05-24,906.390000
2010-05-25,910.070000
2010-05-26,908.500000
2010-05-27,923.170000
2010-05-28,917.700000
2010-06-01,910.540000
2010-06-02,924.640000
2010-06-03,926.660000
2010-06-04,911.470000
2010-06-07,906.750000
2010-06-08,914.810000
2010-06-09,912.580000
2010-06-10,927.610000
2010-06-11,931.250000
2010-06-14,932.310000
2010-06-15,936.390000
2010-06-16,936.880000
2010-06-17,937.120000
2010-06-18,937.820000
2010-06-21,935.390000
2010-06-22,926.260000
2010-06-23,924.940000
2010-06-24,912.900000
2010-06-25,917.620000
2010-06-28,915.660000
2010-06-29,890.040000
2010-06-30,880.910000
2010-07-01,879.080000
2010-07-02,874.750000
2010-07-06,879.950000
2010-07-07,907.510000
2010-07-08,916.390000
2010-07-09,923.070000
2010-07-12,924.030000
2010-07-13,937.150000
2010-07-14,937.920000
2010-07-15,939.170000
2010-07-16,932.430000
2010-07-19,937.120000
2010-07-20,943.640000
2010-07-21,937.130000
2010-07-22,947.470000
2010-07-23,951.510000
2010-07-26,955.570000
2010-07-27,955.710000
2010-07-28,953.910000
2010-07-29,953.740000
2010-07-30,954.370000
2010-08-02,960.990000
2010-08-03,960.140000
2010-08-04,961.670000
2010-08-05,961.630000
2010-08-06,962.220000
2010-08-09,963.260000
2010-08-10,962.860000
2010-08-11,956.760000
2010-08-12,955.640000
2010-08-13,955.280000
2010-08-16,957.990000
2010-08-17,963.500000
2010-08-18,964.290000
2010-08-19,962.270000
2010-08-20,966.690000
2010-08-23,967.120000
2010-08-24,959.550000
2010-08-25,961.700000
2010-08-26,957.980000
2010-08-27,969.000000
2010-08-30,961.390000
2010-08-31,961.580000
2010-09-01,977.520000
2010-09-02,981.290000
2010-09-03,985.900000
2010-09-07,984.100000
2010-09-08,985.960000
2010-09-09,987.410000
2010-09-10,988.410000
2010-09-13,989.210000
2010-09-14,989.260000
2010-09-15,989.450000
2010-09-16,989.640000
2010-09-17,990.180000
2010-09-20,997.740000
2010-09-21,996.310000
2010-09-22,994.880000
2010-09-23,990.830000
2010-09-24,1000.730000
2010-09-27,999.750000
2010-09-28,1002.050000
2010-09-29,1001.290000
2010-09-30,1000.660000
2010-10-01,1003.500000
2010-10-04,1001.530000
2010-10-05,1008.010000
2010-10-06,1008.650000
2010-10-07,1008.670000
2010-10-08,1010.000000
2010-10-11,1010.650000
2010-10-12,1010.920000
2010-10-13,1011.310000
2010-10-14,1011.530000
2010-10-15,1012.780000
2010-10-18,1017.520000
2010-10-19,1009.440000
2010-10-20,1015.540000
2010-10-21,1016.960000
2010-10-22,1018.730000
2010-10-25,1019.810000
2010-10-26,1019.850000
2010-10-27,1019.150000
2010-10-28,1019.730000
2010-10-29,1020.000000
2010-11-01,1020.280000
2010-11-02,1023.470000
2010-11-03,1026.870000
2010-11-04,1031.480000
2010-11-05,1032.700000
2010-11-08,1033.110000
2010-11-09,1032.010000
2010-11-10,1033.050000
2010-11-11,1033.010000
2010-11-12,1030.760000
2010-11-15,1032.230000
2010-11-16,1028.560000
2010-11-17,1031.090000
2010-11-18,1034.280000
2010-11-19,1036.380000
2010-11-22,1036.570000
2010-11-23,1028.310000
2010-11-24,1036.580000
2010-11-26,1029.200000
2010-11-29,1032.970000
2010-11-30,1028.510000
2010-12-01,1040.270000
2010-12-02,1045.310000
2010-12-03,1047.530000
2010-12-06,1048.160000
2010-12-07,1048.510000
2010-12-08,1049.560000
2010-12-09,1050.470000
2010-12-10,1050.870000
2010-12-13,1051.170000
2010-12-14,1051.240000
2010-12-15,1051.330000
2010-12-16,1051.550000
2010-12-17,1053.080000
2010-12-20,1055.120000
2010-12-21,1057.290000
2010-12-22,1059.490000
2010-12-23,1058.850000
2010-12-27,1059.470000
2010-12-28,1060.290000
2010-12-29,1061.200000
2010-12-30,1060.730000
2010-12-31,1061.040000
2011-01-03,1064.630000
2011-01-04,1065.030000
2011-01-05,1066.840000
2011-01-06,1066.460000
2011-01-07,1066.550000
2011-01-10,1067.380000
2011-01-11,1068.510000
2011-01-12,1069.550000
2011-01-13,1069.810000
2011-01-14,1070.030000
2011-01-18,1070.330000
2011-01-19,1070.200000
2011-01-20,1070.480000
2011-01-21,1070.210000
2011-01-24,1074.250000
2011-01-25,1074.850000
2011-01-26,1078.120000
2011-01-27,1079.140000
2011-01-28,1068.290000
2011-01-31,1073.310000
2011-02-01,1081.700000
2011-02-02,1081.410000
2011-02-03,1082.980000
2011-02-04,1084.680000
2011-02-07,1086.130000
2011-02-08,1087.390000
2011-02-09,1087.140000
2011-02-10,1087.650000
2011-02-11,1088.250000
2011-02-14,1088.640000
2011-02-15,1088.650000
2011-02-16,1088.860000
2011-02-17,1089.160000
2011-02-18,1088.830000
2011-02-22,1074.010000
2011-02-23,1069.560000
2011-02-24,1069.810000
2011-02-25,1079.460000
2011-02-28,1084.570000
2011-03-01,1071.020000
2011-03-02,1073.210000
2011-03-03,1087.340000
2011-03-04,1082.400000
2011-03-07,1076.020000
2011-03-08,1083.900000
2011-03-09,1083.320000
2011-03-10,1065.770000
2011-03-11,1073.650000
2011-03-14,1067.930000
2011-03-15,1056.070000
2011-03-16,1035.920000
2011-03-17,1049.230000
2011-03-18,1058.950000
2011-03-21,1069.780000
2011-03-22,1069.150000
2011-03-23,1071.570000
2011-03-24,1075.920000
2011-03-25,1077.410000
2011-03-28,1076.440000
2011-03-29,1079.700000
2011-03-30,1081.900000
2011-03-31,1082.030000
2011-04-01,1083.280000
2011-04-04,1083.710000
2011-04-05,1084.600000
2011-04-06,1085.150000
2011-04-07,1084.900000
2011-04-08,1084.650000
2011-04-11,1085.290000
2011-04-12,1085.000000
2011-04-13,1085.830000
2011-04-14,1086.090000
2011-04-15,1086.660000
2011-04-18,1081.040000
2011-04-19,1085.500000
2011-04-20,1091.630000
2011-04-21,1094.570000
2011-04-25,1094.420000
2011-04-26,1096.980000
2011-04-27,1098.750000
2011-04-28,1100.300000
2011-04-29,1100.520000
2011-05-02,1100.440000
2011-05-03,1099.810000
2011-05-04,1098.640000
2011-05-05,1095.120000
2011-05-06,1096.710000
2011-05-09,1099.870000
2011-05-10,1102.290000
2011-05-11,1100.170000
2011-05-12,1102.060000
2011-05-13,1100.600000
2011-05-16,1099.930000
2011-05-17,1101.030000
2011-05-18,1103.590000
2011-05-19,1104.100000
2011-05-20,1102.880000
2011-05-23,1096.400000
2011-05-24,1096.700000
2011-05-25,1099.650000
2011-05-26,1103.480000
2011-05-27,1106.180000
2011-05-31,1111.830000
2011-06-01,1098.520000
2011-06-02,1097.720000
2011-06-03,1090.610000
2011-06-06,1081.090000
2011-06-07,1080.550000
2011-06-08,1076.550000
2011-06-09,1084.550000
2011-06-10,1069.600000
2011-06-13,1070.830000
2011-06-14,1084.680000
2011-06-15,1065.020000
2011-06-16,1067.590000
2011-06-17,1075.440000
2011-06-20,1080.050000
2011-06-21,1086.570000
2011-06-22,1085.020000
2011-06-23,1083.770000
2011-06-24,1077.130000
2011-06-27,1082.480000
2011-06-28,1089.600000
2011-06-29,1093.740000
2011-06-30,1096.540000
2011-07-01,1098.180000
2011-07-05,1098.640000
2011-07-06,1098.660000
2011-07-07,1099.290000
2011-07-08,1099.290000
2011-07-11,1098.130000
2011-07-12,1098.200000
2011-07-13,1099.170000
2011-07-14,1099.510000
2011-07-15,1102.130000
2011-07-18,1097.830000
2011-07-19,1106.560000
2011-07-20,1106.520000
2011-07-21,1112.250000
2011-07-22,1113.110000
2011-07-25,1110.530000
2011-07-26,1109.330000
2011-07-27,1098.660000
2011-07-28,1096.940000
2011-07-29,1091.390000
2011-08-01,1092.300000
2011-08-02,1072.430000
2011-08-03,1078.840000
2011-08-04,1030.450000
2011-08-05,1029.500000
2011-08-08,962.660000
2011-08-09,1007.570000
2011-08-10,962.740000
2011-08-11,1006.020000
2011-08-12,1013.460000
2011-08-15,1035.150000
2011-08-16,1025.730000
2011-08-17,1026.720000
2011-08-18,982.370000
2011-08-19,961.950000
2011-08-22,964.730000
2011-08-23,983.390000
2011-08-24,989.670000
2011-08-25,979.680000
2011-08-26,989.940000
2011-08-29,1000.990000
2011-08-30,1002.410000
2011-08-31,1003.860000
2011-09-01,1002.850000
2011-09-02,997.190000
2011-09-06,995.110000
2011-09-07,1005.550000
2011-09-08,1004.440000
2011-09-09,993.960000
2011-09-12,1001.350000
2011-09-13,1007.670000
2011-09-14,1011.290000
2011-09-15,1012.330000
2011-09-16,1014.820000
2011-09-19,1011.470000
2011-09-20,1011.430000
2011-09-21,992.730000
2011-09-22,969.290000
2011-09-23,973.290000
2011-09-26,991.990000
2011-09-27,999.730000
2011-09-28,985.430000
2011-09-29,992.690000
2011-09-30,973.160000
2011-10-03,949.990000
2011-10-04,970.730000
2011-10-05,986.210000
2011-10-06,1001.130000
2011-10-07,997.080000
2011-10-10,1022.780000
2011-10-11,1025.260000
2011-10-12,1031.780000
2011-10-13,1032.390000
2011-10-14,1040.610000
2011-10-17,1033.310000
2011-10-18,1042.350000
2011-10-19,1039.830000
2011-10-20,1045.960000
2011-10-21,1048.500000
2011-10-24,1057.290000
2011-10-25,1046.750000
2011-10-26,1054.010000
2011-10-27,1068.670000
2011-10-28,1070.370000
2011-10-31,1060.530000
2011-11-01,1043.730000
2011-11-02,1054.450000
2011-11-03,1065.170000
2011-11-04,1063.500000
2011-11-07,1068.140000
2011-11-08,1074.090000
2011-11-09,1055.190000
2011-11-10,1063.370000
2011-11-11,1073.350000
2011-11-14,1072.340000
2011-11-15,1075.450000
2011-11-16,1071.600000
2011-11-17,1064.120000
2011-11-18,1069.240000
2011-11-21,1058.950000
2011-11-22,1057.950000
2011-11-23,1041.770000
2011-11-25,1043.590000
2011-11-28,1064.840000
2011-11-29,1067.930000
2011-11-30,1090.770000
2011-12-01,1090.990000
2011-12-02,1091.360000
2011-12-05,1095.980000
2011-12-06,1097.290000
2011-12-07,1097.520000
2011-12-08,1091.130000
2011-12-09,1100.780000
2011-12-12,1099.060000
2011-12-13,1097.660000
2011-12-14,1093.260000
2011-12-15,1099.240000
2011-12-16,1104.320000
2011-12-19,1098.600000
2011-12-20,1116.270000
2011-12-21,1119.010000
2011-12-22,1122.870000
2011-12-23,1126.730000
2011-12-27,1127.890000
2011-12-28,1123.430000
2011-12-29,1127.700000
2011-12-30,1126.540000
2012-01-03,1132.490000
2012-01-04,1133.750000
2012-01-05,1135.370000
2012-01-06,1135.750000
2012-01-09,1136.950000
2012-01-10,1137.670000
2012-01-11,1137.880000
2012-01-12,1138.350000
2012-01-13,1138.420000
2012-01-17,1138.560000
2012-01-18,1138.770000
2012-01-19,1138.930000
2012-01-20,1142.750000
2012-01-23,1144.210000
2012-01-24,1142.880000
2012-01-25,1147.930000
2012-01-26,1145.270000
2012-01-27,1145.490000
2012-01-30,1144.210000
2012-01-31,1145.010000
2012-02-01,1149.970000
2012-02-02,1151.560000
2012-02-03,1156.750000
2012-02-06,1156.660000
2012-02-07,1157.970000
2012-02-08,1158.370000
2012-02-09,1158.830000
2012-02-10,1156.880000
2012-02-13,1159.810000
2012-02-14,1160.030000
2012-02-15,1159.700000
2012-02-16,1160.630000
2012-02-17,1162.440000
2012-02-21,1164.020000
2012-02-22,1163.150000
2012-02-23,1166.590000
2012-02-24,1167.940000
2012-02-27,1168.820000
2012-02-28,1170.570000
2012-02-29,1168.920000
2012-03-01,1172.620000
2012-03-02,1172.280000
2012-03-05,1171.760000
2012-03-06,1161.790000
2012-03-07,1167.850000
2012-03-08,1173.250000
2012-03-09,1176.130000
2012-03-12,1177.620000
2012-03-13,1179.270000
2012-03-14,1179.540000
2012-03-15,1179.760000
2012-03-16,1180.150000
2012-03-19,1182.600000
2012-03-20,1181.490000
2012-03-21,1181.620000
2012-03-22,1176.830000
2012-03-23,1180.130000
2012-03-26,1187.370000
2012-03-27,1185.790000
2012-03-28,1184.340000
2012-03-29,1184.000000
2012-03-30,1186.610000
2012-04-02,1189.920000
2012-04-03,1189.110000
2012-04-04,1184.570000
2012-04-05,1184.830000
2012-04-09,1177.400000
2012-04-10,1161.010000
2012-04-11,1169.700000
2012-04-12,1183.100000
2012-04-13,1171.370000
2012-04-16,1173.310000
2012-04-17,1187.010000
2012-04-18,1184.960000
2012-04-19,1180.680000
2012-04-20,1180.920000
2012-04-23,1175.270000
2012-04-24,1179.280000
2012-04-25,1188.900000
2012-04-26,1192.200000
2012-04-27,1194.080000
2012-04-30,1192.390000
2012-05-01,1196.090000
2012-05-02,1195.180000
2012-05-03,1191.880000
2012-05-04,1181.220000
2012-05-07,1183.140000
2012-05-08,1180.540000
2012-05-09,1174.100000
2012-05-10,1178.240000
2012-05-11,1173.850000
2012-05-14,1163.160000
2012-05-15,1157.370000
2012-05-16,1152.460000
2012-05-17,1140.110000
2012-05-18,1133.910000
2012-05-21,1147.040000
2012-05-22,1147.750000
2012-05-23,1149.270000
2012-05-24,1151.110000
2012-05-25,1150.350000
2012-05-29,1157.770000
2012-05-30,1150.090000
2012-05-31,1150.050000
2012-06-01,1132.380000
2012-06-04,1133.910000
2012-06-05,1140.020000
2012-06-06,1157.570000
2012-06-07,1158.770000
2012-06-08,1162.930000
2012-06-11,1158.610000
2012-06-12,1165.350000
2012-06-13,1163.830000
2012-06-14,1168.300000
2012-06-15,1172.980000
2012-06-18,1177.250000
2012-06-19,1181.970000
2012-06-20,1182.960000
2012-06-21,1169.320000
2012-06-22,1176.550000
2012-06-25,1165.740000
2012-06-26,1170.050000
2012-06-27,1175.750000
2012-06-28,1174.540000
2012-06-29,1189.400000
2012-07-02,1191.070000
2012-07-03,1193.050000
2012-07-05,1192.470000
2012-07-06,1191.260000
2012-07-09,1190.690000
2012-07-10,1187.820000
2012-07-11,1188.140000
2012-07-12,1187.960000
2012-07-13,1195.770000
2012-07-16,1195.420000
2012-07-17,1197.490000
2012-07-18,1198.190000
2012-07-19,1198.480000
2012-07-20,1197.870000
2012-07-23,1191.180000
2012-07-24,1183.150000
2012-07-25,1183.820000
2012-07-26,1197.570000
2012-07-27,1207.080000
2012-07-30,1206.730000
2012-07-31,1204.410000
2012-08-01,1203.840000
2012-08-02,1200.670000
2012-08-03,1212.860000
2012-08-06,1214.200000
2012-08-07,1215.770000
2012-08-08,1216.420000
2012-08-09,1217.110000
2012-08-10,1217.400000
2012-08-13,1217.770000
2012-08-14,1217.930000
2012-08-15,1218.040000
2012-08-16,1218.250000
2012-08-17,1220.210000
2012-08-20,1220.530000
2012-08-21,1218.340000
2012-08-22,1218.480000
2012-08-23,1213.180000
2012-08-24,1218.260000
2012-08-27,1218.180000
2012-08-28,1218.100000
2012-08-29,1218.450000
2012-08-30,1213.340000
2012-08-31,1217.280000
2012-09-04,1217.030000
2012-09-05,1217.210000
2012-09-06,1229.720000
2012-09-07,1232.750000
2012-09-10,1230.440000
2012-09-11,1231.930000
2012-09-12,1233.330000
2012-09-13,1236.920000
2012-09-14,1237.510000
2012-09-17,1237.650000
2012-09-18,1237.990000
2012-09-19,1238.140000
2012-09-20,1238.170000
2012-09-21,1237.050000
2012-09-24,1236.290000
2012-09-25,1228.440000
2012-09-26,1223.250000
2012-09-27,1232.610000
2012-09-28,1228.580000
2012-10-01,1230.650000
2012-10-02,1232.540000
2012-10-03,1236.320000
2012-10-04,1240.960000
2012-10-05,1242.590000
2012-10-08,1240.880000
2012-10-09,1232.900000
2012-10-10,1227.290000
2012-10-11,1228.750000
2012-10-12,1224.800000
2012-10-15,1234.980000
2012-10-16,1245.160000
2012-10-17,1249.190000
2012-10-18,1249.670000
2012-10-19,1243.690000
2012-10-22,1244.670000
2012-10-23,1232.900000
2012-10-24,1229.390000
2012-10-25,1232.550000
2012-10-26,1231.900000
2012-10-31,1232.660000
2012-11-01,1244.350000
2012-11-02,1235.700000
2012-11-05,1237.810000
2012-11-06,1245.590000
2012-11-07,1222.360000
2012-11-08,1212.660000
2012-11-09,1212.620000
2012-11-12,1211.090000
2012-11-13,1206.920000
2012-11-14,1194.230000
2012-11-15,1186.850000
2012-11-16,1192.190000
2012-11-19,1202.880000
2012-11-20,1203.650000
2012-11-21,1204.150000
2012-11-23,1207.400000
2012-11-26,1207.550000
2012-11-27,1206.830000
2012-11-28,1208.450000
2012-11-29,1209.490000
2012-11-30,1208.950000
2012-12-03,1208.740000
2012-12-04,1208.690000
2012-12-05,1209.780000
2012-12-06,1210.210000
2012-12-07,1210.930000
2012-12-10,1211.550000
2012-12-11,1211.820000
2012-12-12,1211.870000
2012-12-13,1211.870000
2012-12-14,1211.600000
2012-12-17,1212.200000
2012-12-18,1212.430000
2012-12-19,1212.380000
2012-12-20,1212.500000
2012-12-21,1216.950000
2012-12-24,1215.830000
2012-12-26,1213.710000
2012-12-27,1212.890000
2012-12-28,1202.790000
2012-12-31,1218.240000
2013-01-02,1231.690000
2013-01-03,1232.120000
2013-01-04,1233.920000
2013-01-07,1234.210000
2013-01-08,1234.000000
2013-01-09,1234.520000
2013-01-10,1235.220000
2013-01-11,1235.220000
2013-01-14,1235.380000
2013-01-15,1235.670000
2013-01-16,1235.690000
2013-01-17,1235.820000
2013-01-18,1239.290000
2013-01-22,1242.230000
2013-01-23,1243.210000
2013-01-24,1243.460000
2013-01-25,1244.950000
2013-01-28,1244.790000
2013-01-29,1246.320000
2013-01-30,1245.010000
2013-01-31,1244.840000
2013-02-01,1248.450000
2013-02-04,1245.360000
2013-02-05,1248.800000
2013-02-06,1249.250000
2013-02-07,1249.310000
2013-02-08,1250.210000
2013-02-11,1250.550000
2013-02-12,1250.790000
2013-02-13,1250.900000
2013-02-14,1251.090000
2013-02-15,1250.720000
2013-02-19,1255.690000
2013-02-20,1246.490000
2013-02-21,1241.240000
2013-02-22,1249.200000
2013-02-25,1237.220000
2013-02-26,1239.890000
2013-02-27,1251.090000
2013-02-28,1250.350000
2013-03-01,1252.890000
2013-03-04,1257.570000
2013-03-05,1261.820000
2013-03-06,1262.860000
2013-03-07,1263.820000
2013-03-08,1264.930000
2013-03-11,1265.480000
2013-03-12,1265.280000
2013-03-13,1265.740000
2013-03-14,1265.910000
2013-03-15,1265.740000
2013-03-18,1261.260000
2013-03-19,1259.370000
2013-03-20,1265.350000
2013-03-21,1259.670000
2013-03-22,1263.540000
2013-03-25,1262.240000
2013-03-26,1268.580000
2013-03-27,1268.170000
2013-03-28,1270.520000
2013-04-01,1269.010000
2013-04-02,1272.310000
2013-04-03,1266.510000
2013-04-04,1269.150000
2013-04-05,1267.260000
2013-04-08,1272.210000
2013-04-09,1274.760000
2013-04-10,1278.160000
2013-04-11,1278.970000
2013-04-12,1278.930000
2013-04-15,1271.450000
2013-04-16,1278.410000
2013-04-17,1272.650000
2013-04-18,1270.430000
2013-04-19,1272.860000
2013-04-22,1276.160000
2013-04-23,1281.090000
2013-04-24,1281.180000
2013-04-25,1282.390000
2013-04-26,1282.520000
2013-04-29,1284.410000
2013-04-30,1285.200000
2013-05-01,1283.040000
2013-05-02,1285.840000
2013-05-03,1287.610000
2013-05-06,1288.210000
2013-05-07,1288.420000
2013-05-08,1288.530000
2013-05-09,1288.490000
2013-05-10,1288.620000
2013-05-13,1288.710000
2013-05-14,1288.780000
2013-05-15,1288.820000
2013-05-16,1288.870000
2013-05-17,1291.450000
2013-05-20,1291.260000
2013-05-21,1291.890000
2013-05-22,1286.920000
2013-05-23,1285.740000
2013-05-24,1285.420000
2013-05-28,1290.440000
2013-05-29,1286.220000
2013-05-30,1289.340000
2013-05-31,1278.010000
2013-06-03,1283.500000
2013-06-04,1279.040000
2013-06-05,1265.630000
2013-06-06,1275.100000
2013-06-07,1288.480000
2013-06-10,1288.720000
2013-06-11,1279.570000
2013-06-12,1270.370000
2013-06-13,1287.420000
2013-06-14,1281.350000
2013-06-17,1290.350000
2013-06-18,1296.980000
2013-06-19,1284.860000
2013-06-20,1254.160000
2013-06-21,1269.820000
2013-06-24,1261.930000
2013-06-25,1270.100000
2013-06-26,1277.310000
2013-06-27,1280.680000
2013-06-28,1278.810000
2013-07-01,1283.250000
2013-07-02,1283.860000
2013-07-03,1284.390000
2013-07-05,1289.600000
2013-07-08,1291.030000
2013-07-09,1292.540000
2013-07-10,1292.700000
2013-07-11,1293.290000
2013-07-12,1293.330000
2013-07-15,1293.620000
2013-07-16,1293.660000
2013-07-17,1293.690000
2013-07-18,1293.710000
2013-07-19,1295.160000
2013-07-22,1297.920000
2013-07-23,1297.150000
2013-07-24,1294.780000
2013-07-25,1297.030000
2013-07-26,1297.930000
2013-07-29,1296.260000
2013-07-30,1296.920000
2013-07-31,1297.000000
2013-08-01,1303.420000
2013-08-02,1305.830000
2013-08-05,1306.570000
2013-08-06,1304.240000
2013-08-07,1303.230000
2013-08-08,1305.600000
2013-08-09,1304.280000
2013-08-12,1305.340000
2013-08-13,1307.820000
2013-08-14,1306.430000
2013-08-15,1290.490000
2013-08-16,1285.890000
2013-08-19,1282.070000
2013-08-20,1285.500000
2013-08-21,1281.130000
2013-08-22,1288.070000
2013-08-23,1291.420000
2013-08-26,1289.530000
2013-08-27,1276.090000
2013-08-28,1279.640000
2013-08-29,1281.140000
2013-08-30,1278.740000
2013-09-03,1283.750000
2013-09-04,1291.290000
2013-09-05,1292.510000
2013-09-06,1293.180000
2013-09-09,1300.210000
2013-09-10,1304.150000
2013-09-11,1306.090000
2013-09-12,1305.690000
2013-09-13,1306.960000
2013-09-16,1308.170000
2013-09-17,1308.580000
2013-09-18,1309.040000
2013-09-19,1309.160000
2013-09-20,1306.430000
2013-09-23,1303.030000
2013-09-24,1301.690000
2013-09-25,1299.870000
2013-09-26,1302.620000
2013-09-27,1298.600000
2013-09-30,1292.900000
2013-10-01,1301.930000
2013-10-02,1300.200000
2013-10-03,1292.130000
2013-10-04,1300.120000
2013-10-07,1290.590000
2013-10-08,1276.510000
2013-10-09,1277.750000
2013-10-10,1303.610000
2013-10-11,1311.210000
2013-10-14,1314.810000
2013-10-15,1307.510000
2013-10-16,1323.380000
2013-10-17,1327.300000
2013-10-18,1328.360000
2013-10-21,1329.370000
2013-10-22,1332.040000
2013-10-23,1330.150000
2013-10-24,1332.200000
2013-10-25,1334.250000
2013-10-28,1335.570000
2013-10-29,1337.040000
2013-10-30,1335.730000
2013-10-31,1335.350000
2013-11-01,1337.130000
2013-11-04,1339.110000
2013-11-05,1338.330000
2013-11-06,1339.960000
2013-11-07,1336.020000
2013-11-08,1340.600000
2013-11-11,1341.210000
2013-11-12,1341.190000
2013-11-13,1341.750000
2013-11-14,1342.010000
2013-11-15,1343.350000
2013-11-18,1341.720000
2013-11-19,1340.630000
2013-11-20,1339.030000
2013-11-21,1344.920000
2013-11-22,1348.230000
2013-11-25,1348.280000
2013-11-26,1348.700000
2013-11-27,1350.070000
2013-11-29,1349.660000
2013-12-02,1348.530000
2013-12-03,1346.970000
2013-12-04,1346.480000
2013-12-05,1343.560000
2013-12-06,1351.730000
2013-12-09,1353.450000
2013-12-10,1352.310000
2013-12-11,1344.560000
2013-12-12,1342.710000
2013-12-13,1342.100000
2013-12-16,1348.790000
2013-12-17,1346.750000
2013-12-18,1358.050000
2013-12-19,1359.300000
2013-12-20,1358.870000
2013-12-23,1362.770000
2013-12-24,1364.670000
2013-12-26,1367.060000
2013-12-27,1367.180000
2013-12-30,1366.810000
2013-12-31,1367.790000
2014-01-02,1365.450000
2014-01-03,1366.590000
2014-01-06,1367.050000
2014-01-07,1370.010000
2014-01-08,1370.280000
2014-01-09,1370.960000
2014-01-10,1372.380000
2014-01-13,1367.680000
2014-01-14,1372.890000
2014-01-15,1373.630000
2014-01-16,1373.710000
2014-01-17,1371.570000
2014-01-21,1374.230000
2014-01-22,1375.250000
2014-01-23,1368.670000
2014-01-24,1346.450000
2014-01-27,1341.240000
2014-01-28,1349.030000
2014-01-29,1336.640000
2014-01-30,1350.210000
2014-01-31,1341.670000
2014-02-03,1312.840000
2014-02-04,1323.500000
2014-02-05,1321.310000
2014-02-06,1338.660000
2014-02-07,1354.880000
2014-02-10,1357.540000
2014-02-11,1370.920000
2014-02-12,1371.910000
2014-02-13,1378.190000
2014-02-14,1383.670000
2014-02-18,1385.800000
2014-02-19,1381.490000
2014-02-20,1388.640000
2014-02-21,1388.140000
2014-02-24,1392.240000
2014-02-25,1392.240000
2014-02-26,1392.700000
2014-02-27,1397.410000
2014-02-28,1397.180000
2014-03-03,1391.940000
2014-03-04,1401.050000
2014-03-05,1401.890000
2014-03-06,1402.430000
2014-03-07,1402.660000
2014-03-10,1403.810000
2014-03-11,1402.930000
2014-03-12,1403.590000
2014-03-13,1397.050000
2014-03-14,1392.990000
2014-03-17,1403.860000
2014-03-18,1406.870000
2014-03-19,1406.770000
2014-03-20,1407.750000
2014-03-21,1400.910000
2014-03-24,1397.880000
2014-03-25,1403.720000
2014-03-26,1396.290000
2014-03-27,1394.480000
2014-03-28,1399.210000
2014-03-31,1407.860000
2014-04-01,1413.470000
2014-04-02,1415.700000
2014-04-03,1415.250000
2014-04-04,1406.990000
2014-04-07,1395.520000
2014-04-08,1400.940000
2014-04-09,1412.870000
2014-04-10,1387.750000
2014-04-11,1376.350000
2014-04-14,1387.000000
2014-04-15,1396.320000
2014-04-16,1411.180000
2014-04-17,1409.740000
2014-04-21,1412.590000
2014-04-22,1415.010000
2014-04-23,1414.700000
2014-04-24,1417.270000
2014-04-25,1410.870000
2014-04-28,1414.130000
2014-04-29,1416.320000
2014-04-30,1419.050000
2014-05-01,1420.010000
2014-05-02,1420.660000
2014-05-05,1422.120000
2014-05-06,1417.900000
2014-05-07,1421.550000
2014-05-08,1421.740000
2014-05-09,1424.360000
2014-05-12,1426.870000
2014-05-13,1427.160000
2014-05-14,1427.110000
2014-05-15,1426.470000
2014-05-16,1429.600000
2014-05-19,1432.550000
2014-05-20,1429.290000
2014-05-21,1434.410000
2014-05-22,1435.620000
2014-05-23,1438.450000
2014-05-27,1440.780000
2014-05-28,1441.210000
2014-05-29,1442.530000
2014-05-30,1443.340000
2014-06-02,1443.870000
2014-06-03,1443.830000
2014-06-04,1443.990000
2014-06-05,1445.050000
2014-06-06,1445.750000
2014-06-09,1445.790000
2014-06-10,1445.870000
2014-06-11,1445.890000
2014-06-12,1445.430000
2014-06-13,1445.600000
2014-06-16,1446.070000
2014-06-17,1446.010000
2014-06-18,1446.310000
2014-06-19,1446.360000
2014-06-20,1445.810000
2014-06-23,1446.640000
2014-06-24,1441.200000
2014-06-25,1445.740000
2014-06-26,1445.080000
2014-06-27,1447.270000
2014-06-30,1447.720000
2014-07-01,1452.410000
2014-07-02,1453.050000
2014-07-03,1455.690000
2014-07-07,1454.580000
2014-07-08,1450.890000
2014-07-09,1454.500000
2014-07-10,1452.460000
2014-07-11,1454.250000
2014-07-14,1457.300000
2014-07-15,1457.230000
2014-07-16,1458.620000
2014-07-17,1454.850000
2014-07-18,1460.230000
2014-07-21,1459.490000
2014-07-22,1462.930000
2014-07-23,1464.200000
2014-07-24,1464.650000
2014-07-25,1461.920000
2014-07-28,1463.050000
2014-07-29,1460.470000
2014-07-30,1460.800000
2014-07-31,1439.440000
2014-08-01,1436.820000
2014-08-04,1448.010000
2014-08-05,1433.870000
2014-08-06,1435.140000
2014-08-07,1427.660000
2014-08-08,1443.860000
2014-08-11,1448.240000
2014-08-12,1446.560000
2014-08-13,1456.700000
2014-08-14,1463.060000
2014-08-15,1472.260000
2014-08-18,1478.610000
2014-08-19,1481.480000
2014-08-20,1482.550000
2014-08-21,1483.890000
2014-08-22,1483.740000
2014-08-25,1486.120000
2014-08-26,1486.690000
2014-08-27,1486.810000
2014-08-28,1486.650000
2014-08-29,1487.570000
2014-09-02,1488.500000
2014-09-03,1488.540000
2014-09-04,1487.850000
2014-09-05,1489.340000
2014-09-08,1489.380000
2014-09-09,1487.660000
2014-09-10,1489.310000
2014-09-11,1489.880000
2014-09-12,1488.580000
2014-09-15,1488.970000
2014-09-16,1491.040000
2014-09-17,1491.380000
2014-09-18,1491.690000
2014-09-19,1490.470000
2014-09-22,1482.990000
2014-09-23,1476.670000
2014-09-24,1485.800000
2014-09-25,1466.980000
2014-09-26,1477.460000
2014-09-29,1474.910000
2014-09-30,1472.150000
2014-10-01,1453.970000
2014-10-02,1454.190000
2014-10-03,1470.060000
2014-10-06,1468.410000
2014-10-07,1446.600000
2014-10-08,1471.300000
2014-10-09,1441.410000
2014-10-10,1426.180000
2014-10-13,1402.650000
2014-10-14,1407.000000
2014-10-15,1396.070000
2014-10-16,1393.600000
2014-10-17,1402.460000
2014-10-20,1411.770000
2014-10-21,1422.570000
2014-10-22,1418.200000
2014-10-23,1424.510000
2014-10-24,1427.210000
2014-10-27,1427.860000
2014-10-28,1431.660000
2014-10-29,1431.850000
2014-10-30,1433.070000
2014-10-31,1434.530000
2014-11-03,1434.860000
2014-11-04,1434.610000
2014-11-05,1435.470000
2014-11-06,1435.750000
2014-11-07,1436.080000
2014-11-10,1436.250000
2014-11-11,1436.120000
2014-11-12,1436.140000
2014-11-13,1436.290000
2014-11-14,1436.350000
2014-11-17,1436.530000
2014-11-18,1436.600000
2014-11-19,1436.620000
2014-11-20,1436.660000
2014-11-21,1435.980000
2014-11-24,1439.320000
2014-11-25,1439.320000
2014-11-26,1441.220000
2014-11-28,1438.230000
2014-12-01,1433.520000
2014-12-02,1439.570000
2014-12-03,1442.910000
2014-12-04,1442.460000
2014-12-05,1443.620000
2014-12-08,1439.960000
2014-12-09,1439.640000
2014-12-10,1420.920000
2014-12-11,1427.430000
2014-12-12,1408.780000
2014-12-15,1399.350000
2014-12-16,1388.370000
2014-12-17,1416.700000
2014-12-18,1448.370000
2014-12-19,1451.160000
2014-12-22,1454.570000
2014-12-23,1456.280000
2014-12-24,1456.960000
2014-12-26,1459.340000
2014-12-29,1460.480000
2014-12-30,1458.170000
2014-12-31,1449.560000
2015-01-02,1451.840000
2015-01-05,1435.070000
2015-01-06,1423.220000
2015-01-07,1438.670000
2015-01-08,1457.280000
2015-01-09,1451.520000
2015-01-12,1442.510000
2015-01-13,1438.880000
2015-01-14,1431.090000
2015-01-15,1418.100000
2015-01-16,1422.390000
2015-01-20,1425.000000
2015-01-21,1429.680000
2015-01-22,1438.340000
2015-01-23,1436.710000
2015-01-26,1439.710000
2015-01-27,1432.430000
2015-01-28,1423.550000
2015-01-29,1430.620000
2015-01-30,1420.290000
2015-02-02,1432.290000
2015-02-03,1440.760000
2015-02-04,1439.420000
2015-02-05,1443.660000
2015-02-06,1442.900000
2015-02-09,1442.980000
2015-02-10,1446.670000
2015-02-11,1447.200000
2015-02-12,1448.630000
2015-02-13,1449.080000
2015-02-17,1449.170000
2015-02-18,1449.260000
2015-02-19,1449.300000
2015-02-20,1453.940000
2015-02-23,1454.820000
2015-02-24,1457.990000
2015-02-25,1457.810000
2015-02-26,1457.600000
2015-02-27,1456.860000
2015-03-02,1460.800000
2015-03-03,1458.380000
2015-03-04,1456.690000
2015-03-05,1457.610000
2015-03-06,1446.500000
2015-03-09,1452.300000
2015-03-10,1434.980000
2015-03-11,1431.920000
2015-03-12,1447.100000
2015-03-13,1441.450000
2015-03-16,1456.030000
2015-03-17,1453.540000
2015-03-18,1465.490000
2015-03-19,1465.100000
2015-03-20,1468.200000
2015-03-23,1467.850000
2015-03-24,1463.260000
2015-03-25,1447.670000
2015-03-26,1445.020000
2015-03-27,1448.760000
2015-03-30,1462.590000
2015-03-31,1453.670000
2015-04-01,1449.300000
2015-04-02,1454.730000
2015-04-06,1462.740000
2015-04-07,1461.050000
2015-04-08,1464.790000
2015-04-09,1471.000000
2015-04-10,1477.140000
2015-04-13,1473.650000
2015-04-14,1476.150000
2015-04-15,1482.040000
2015-04-16,1482.960000
2015-04-17,1474.320000
2015-04-20,1481.730000
2015-04-21,1481.550000
2015-04-22,1484.500000
2015-04-23,1486.230000
2015-04-24,1487.590000
2015-04-27,1485.900000
2015-04-28,1488.060000
2015-04-29,1486.590000
2015-04-30,1479.900000
2015-05-01,1488.100000
2015-05-04,1490.650000
2015-05-05,1483.750000
2015-05-06,1481.060000
2015-05-07,1484.470000
2015-05-08,1493.210000
2015-05-11,1492.530000
2015-05-12,1491.850000
2015-05-13,1493.430000
2015-05-14,1495.080000
2015-05-15,1496.530000
2015-05-18,1499.110000
2015-05-19,1499.400000
2015-05-20,1499.250000
2015-05-21,1501.650000
2015-05-22,1501.120000
2015-05-26,1492.780000
2015-05-27,1501.160000
2015-05-28,1500.300000
2015-05-29,1495.540000
2015-06-01,1497.870000
2015-06-02,1497.370000
2015-06-03,1500.300000
2015-06-04,1491.820000
2015-06-05,1491.530000
2015-06-08,1484.990000
2015-06-09,1485.270000
2015-06-10,1500.410000
2015-06-11,1503.450000
2015-06-12,1496.150000
2015-06-15,1490.250000
2015-06-16,1498.480000
2015-06-17,1502.560000
2015-06-18,1515.090000
2015-06-19,1511.280000
2015-06-22,1518.170000
2015-06-23,1519.950000
2015-06-24,1514.290000
2015-06-25,1511.030000
2015-06-26,1511.390000
2015-06-29,1486.400000
2015-06-30,1490.680000
2015-07-01,1500.150000
2015-07-02,1500.290000
2015-07-06,1497.290000
2015-07-07,1506.060000
2015-07-08,1482.930000
2015-07-09,1486.730000
2015-07-10,1503.930000
2015-07-13,1520.280000
2015-07-14,1526.380000
2015-07-15,1526.200000
2015-07-16,1533.580000
2015-07-17,1534.780000
2015-07-20,1535.920000
2015-07-21,1533.350000
2015-07-22,1532.770000
2015-07-23,1527.530000
2015-07-24,1515.910000
2015-07-27,1508.400000
2015-07-28,1524.380000
2015-07-29,1532.920000
2015-07-30,1532.990000
2015-07-31,1532.770000
2015-08-03,1529.580000
2015-08-04,1528.040000
2015-08-05,1532.150000
2015-08-06,1522.730000
2015-08-07,1519.510000
2015-08-10,1536.590000
2015-08-11,1524.900000
2015-08-12,1526.220000
2015-08-13,1525.700000
2015-08-14,1531.390000
2015-08-17,1539.410000
2015-08-18,1536.260000
2015-08-19,1525.050000
2015-08-20,1493.200000
2015-08-21,1464.370000
2015-08-24,1416.020000
2015-08-25,1404.090000
2015-08-26,1450.920000
2015-08-27,1474.230000
2015-08-28,1475.670000
2015-08-31,1470.650000
2015-09-01,1438.470000
2015-09-02,1462.720000
2015-09-03,1464.570000
2015-09-04,1446.440000
2015-09-08,1477.490000
2015-09-09,1462.270000
2015-09-10,1468.880000
2015-09-11,1476.620000
2015-09-14,1472.620000
2015-09-15,1489.280000
2015-09-16,1497.970000
2015-09-17,1502.200000
2015-09-18,1480.710000
2015-09-21,1488.030000
2015-09-22,1476.550000
2015-09-23,1476.970000
2015-09-24,1473.350000
2015-09-25,1473.700000
2015-09-28,1443.150000
2015-09-29,1445.880000
2015-09-30,1468.160000
2015-10-01,1472.740000
2015-10-02,1488.730000
2015-10-05,1505.000000
2015-10-06,1504.230000
2015-10-07,1510.550000
2015-10-08,1514.050000
2015-10-09,1516.140000
2015-10-12,1516.970000
2015-10-13,1516.370000
2015-10-14,1516.450000
2015-10-15,1518.010000
2015-10-16,1519.050000
2015-10-19,1522.180000
2015-10-20,1520.810000
2015-10-21,1515.780000
2015-10-22,1527.560000
2015-10-23,1533.050000
2015-10-26,1531.800000
2015-10-27,1530.880000
2015-10-28,1536.220000
2015-10-29,1536.180000
2015-10-30,1534.620000
2015-11-02,1539.730000
2015-11-03,1540.150000
2015-11-04,1539.390000
2015-11-05,1539.850000
2015-11-06,1540.840000
2015-11-09,1538.630000
2015-11-10,1540.160000
2015-11-11,1539.660000
2015-11-12,1534.370000
2015-11-13,1527.850000
2015-11-16,1539.520000
2015-11-17,1540.360000
2015-11-18,1543.750000
2015-11-19,1543.940000
2015-11-20,1542.500000
2015-11-23,1543.750000
2015-11-24,1544.730000
2015-11-25,1545.820000
2015-11-27,1546.610000
2015-11-30,1543.210000
2015-12-01,1552.030000
2015-12-02,1544.310000
2015-12-03,1528.870000
2015-12-04,1550.470000
2015-12-07,1545.380000
2015-12-08,1538.900000
2015-12-09,1528.900000
2015-12-10,1533.550000
2015-12-11,1505.930000
2015-12-14,1513.590000
2015-12-15,1529.410000
2015-12-16,1550.250000
2015-12-17,1530.430000
2015-12-18,1514.220000
2015-12-21,1523.050000
2015-12-22,1531.160000
2015-12-23,1539.220000
2015-12-24,1539.180000
2015-12-28,1538.660000
2015-12-29,1543.390000
2015-12-30,1541.320000
2015-12-31,1536.260000
2016-01-04,1526.530000
2016-01-05,1530.450000
2016-01-06,1519.670000
2016-01-07,1488.510000
2016-01-08,1473.130000
2016-01-11,1475.600000
2016-01-12,1487.760000
2016-01-13,1450.350000
2016-01-14,1475.800000
2016-01-15,1434.540000
2016-01-19,1438.490000
2016-01-20,1430.540000
2016-01-21,1434.010000
2016-01-22,1451.810000
2016-01-25,1442.140000
2016-01-26,1452.530000
2016-01-27,1446.590000
2016-01-28,1451.320000
2016-01-29,1464.310000
2016-02-01,1466.060000
2016-02-02,1457.360000
2016-02-03,1460.790000
2016-02-04,1462.410000
2016-02-05,1451.670000
2016-02-08,1441.250000
2016-02-09,1440.940000
2016-02-10,1443.380000
2016-02-11,1431.300000
2016-02-12,1455.360000
2016-02-16,1470.840000
2016-02-17,1475.350000
2016-02-18,1475.410000
2016-02-19,1476.480000
2016-02-22,1487.280000
2016-02-23,1479.170000
2016-02-24,1481.620000
2016-02-25,1489.950000
2016-02-26,1489.100000
2016-02-29,1485.940000
2016-03-01,1498.290000
2016-03-02,1500.950000
2016-03-03,1501.790000
2016-03-04,1502.390000
2016-03-07,1503.210000
2016-03-08,1501.530000
2016-03-09,1503.000000
2016-03-10,1503.860000
2016-03-11,1505.430000
2016-03-14,1505.840000
2016-03-15,1505.630000
2016-03-16,1505.980000
2016-03-17,1506.050000
2016-03-18,1505.310000
2016-03-21,1507.810000
2016-03-22,1507.750000
2016-03-23,1502.680000
2016-03-24,1502.920000
2016-03-28,1505.060000
2016-03-29,1513.310000
2016-03-30,1516.460000
2016-03-31,1515.310000
2016-04-01,1519.500000
2016-04-04,1518.640000
2016-04-05,1512.240000
2016-04-06,1520.120000
2016-04-07,1512.300000
2016-04-08,1516.710000
2016-04-11,1515.370000
2016-04-12,1522.880000
2016-04-13,1525.190000
2016-04-14,1525.420000
2016-04-15,1524.360000
2016-04-18,1530.350000
2016-04-19,1532.340000
2016-04-20,1532.790000
2016-04-21,1532.810000
2016-04-22,1531.290000
2016-04-25,1530.210000
2016-04-26,1531.640000
2016-04-27,1533.330000
2016-04-28,1526.190000
2016-04-29,1522.330000
2016-05-02,1530.670000
2016-05-03,1523.090000
2016-05-04,1517.400000
2016-05-05,1517.940000
2016-05-06,1523.270000
2016-05-09,1525.390000
2016-05-10,1537.470000
2016-05-11,1530.440000
2016-05-12,1531.010000
2016-05-13,1521.010000
2016-05-16,1534.780000
2016-05-17,1523.180000
2016-05-18,1523.450000
2016-05-19,1518.400000
2016-05-20,1523.050000
2016-05-23,1523.050000
2016-05-24,1532.900000
2016-05-25,1536.650000
2016-05-26,1537.410000
2016-05-27,1539.650000
2016-05-31,1539.550000
2016-06-01,1540.240000
2016-06-02,1541.980000
2016-06-03,1542.300000
2016-06-06,1543.710000
2016-06-07,1544.040000
2016-06-08,1544.750000
2016-06-09,1544.780000
2016-06-10,1543.210000
2016-06-13,1541.780000
2016-06-14,1543.000000
2016-06-15,1543.990000
2016-06-16,1545.430000
2016-06-17,1547.640000
2016-06-20,1553.670000
2016-06-21,1554.600000
2016-06-22,1550.600000
2016-06-23,1561.520000
2016-06-24,1534.340000
2016-06-27,1518.290000
2016-06-28,1541.410000
2016-06-29,1557.440000
2016-06-30,1566.260000
2016-07-01,1568.790000
2016-07-05,1566.820000
2016-07-06,1570.110000
2016-07-07,1570.690000
2016-07-08,1574.120000
2016-07-11,1574.560000
2016-07-12,1574.590000
2016-07-13,1574.870000
2016-07-14,1574.880000
2016-07-15,1575.640000
2016-07-18,1578.760000
2016-07-19,1578.590000
2016-07-20,1582.030000
2016-07-21,1578.830000
2016-07-22,1583.310000
2016-07-25,1581.540000
2016-07-26,1581.920000
2016-07-27,1582.160000
2016-07-28,1583.280000
2016-07-29,1585.840000
2016-08-01,1585.620000
2016-08-02,1580.280000
2016-08-03,1584.090000
2016-08-04,1585.470000
2016-08-05,1592.570000
2016-08-08,1592.870000
2016-08-09,1593.320000
2016-08-10,1592.380000
2016-08-11,1595.710000
2016-08-12,1596.060000
2016-08-15,1597.610000
2016-08-16,1596.610000
2016-08-17,1597.840000
2016-08-18,1598.590000
2016-08-19,1599.470000
2016-08-22,1599.760000
2016-08-23,1600.810000
2016-08-24,1596.420000
2016-08-25,1595.620000
2016-08-26,1594.860000
2016-08-29,1601.340000
2016-08-30,1600.240000
2016-08-31,1597.920000
2016-09-01,1597.980000
2016-09-02,1604.360000
2016-09-06,1607.560000
2016-09-07,1608.200000
2016-09-08,1607.180000
2016-09-09,1574.600000
2016-09-12,1597.120000
2016-09-13,1575.390000
2016-09-14,1574.480000
2016-09-15,1590.680000
2016-09-16,1586.760000
2016-09-19,1587.670000
2016-09-20,1587.600000
2016-09-21,1597.590000
2016-09-22,1602.370000
2016-09-23,1600.490000
2016-09-26,1593.620000
2016-09-27,1599.980000
2016-09-28,1603.500000
2016-09-29,1596.110000
2016-09-30,1602.400000
2016-10-03,1601.760000
2016-10-04,1599.770000
2016-10-05,1603.410000
2016-10-06,1604.860000
2016-10-07,1603.890000
2016-10-10,1608.010000
2016-10-11,1600.160000
2016-10-12,1602.030000
2016-10-13,1600.110000
2016-10-14,1602.470000
2016-10-17,1600.960000
2016-10-18,1608.150000
2016-10-19,1610.660000
2016-10-20,1612.030000
2016-10-21,1612.360000
2016-10-24,1616.650000
2016-10-25,1613.600000
2016-10-26,1612.120000
2016-10-27,1609.420000
2016-10-28,1607.370000
2016-10-31,1605.380000
2016-11-01,1598.500000
2016-11-02,1591.900000
2016-11-03,1586.590000
2016-11-04,1584.160000
2016-11-07,1608.650000
2016-11-08,1613.140000
2016-11-09,1625.930000
2016-11-10,1628.200000
2016-11-11,1628.940000
2016-11-14,1630.930000
2016-11-15,1632.970000
2016-11-16,1633.270000
2016-11-17,1633.500000
2016-11-18,1633.970000
2016-11-21,1640.440000
2016-11-22,1641.940000
2016-11-23,1642.990000
2016-11-25,1644.920000
2016-11-28,1643.270000
2016-11-29,1644.470000
2016-11-30,1643.120000
2016-12-01,1640.980000
2016-12-02,1641.790000
2016-12-05,1648.570000
2016-12-06,1650.980000
2016-12-07,1652.950000
2016-12-08,1653.180000
2016-12-09,1653.920000
2016-12-12,1654.130000
2016-12-13,1654.400000
2016-12-14,1654.230000
2016-12-15,1654.490000
2016-12-16,1653.280000
2016-12-19,1657.010000
2016-12-20,1660.060000
2016-12-21,1658.450000
2016-12-22,1657.510000
2016-12-23,1658.790000
2016-12-27,1661.530000
2016-12-28,1653.930000
2016-12-29,1653.610000
2016-12-30,1650.150000
2017-01-03,1659.600000
2017-01-04,1665.690000
2017-01-05,1666.120000
2017-01-06,1669.430000
2017-01-09,1668.970000
2017-01-10,1669.840000
2017-01-11,1671.860000
2017-01-12,1671.440000
2017-01-13,1673.680000
2017-01-17,1672.940000
2017-01-18,1674.650000
2017-01-19,1673.760000
2017-01-20,1676.720000
2017-01-23,1675.210000
2017-01-24,1680.860000
2017-01-25,1685.440000
2017-01-26,1685.570000
2017-01-27,1685.810000
2017-01-30,1681.880000
2017-01-31,1682.200000
2017-02-01,1683.190000
2017-02-02,1683.990000
2017-02-03,1689.230000
2017-02-06,1689.220000
2017-02-07,1689.990000
2017-02-08,1690.940000
2017-02-09,1692.710000
2017-02-10,1693.260000
2017-02-13,1693.520000
2017-02-14,1693.750000
2017-02-15,1693.840000
2017-02-16,1694.060000
2017-02-17,1696.960000
2017-02-21,1700.900000
2017-02-22,1700.490000
2017-02-23,1701.170000
2017-02-24,1702.590000
2017-02-27,1703.320000
2017-02-28,1701.700000
2017-03-01,1707.460000
2017-03-02,1707.010000
2017-03-03,1708.570000
2017-03-06,1708.640000
2017-03-07,1707.790000
2017-03-08,1707.380000
2017-03-09,1707.330000
2017-03-10,1709.200000
2017-03-13,1710.150000
2017-03-14,1709.640000
2017-03-15,1711.300000
2017-03-16,1711.610000
2017-03-17,1710.600000
2017-03-20,1710.020000
2017-03-21,1696.230000
2017-03-22,1698.470000
2017-03-23,1696.790000
2017-03-24,1697.000000
2017-03-27,1696.780000
2017-03-28,1706.330000
2017-03-29,1708.430000
2017-03-30,1711.900000
2017-03-31,1709.860000
2017-04-03,1708.620000
2017-04-04,1710.250000
2017-04-05,1705.730000
2017-04-06,1709.640000
2017-04-07,1709.010000
2017-04-10,1710.580000
2017-04-11,1708.970000
2017-04-12,1703.570000
2017-04-13,1692.950000
2017-04-17,1707.300000
2017-04-18,1702.230000
2017-04-19,1699.710000
2017-04-20,1713.000000
2017-04-21,1709.730000
2017-04-24,1722.630000
2017-04-25,1725.760000
2017-04-26,1725.780000
2017-04-27,1726.510000
2017-04-28,1725.650000
2017-05-01,1727.790000
2017-05-02,1727.740000
2017-05-03,1727.470000
2017-05-04,1728.120000
2017-05-05,1728.990000
2017-05-08,1731.020000
2017-05-09,1730.990000
2017-05-10,1731.330000
2017-05-11,1731.080000
2017-05-12,1731.710000
2017-05-15,1732.430000
2017-05-16,1732.580000
2017-05-17,1726.930000
2017-05-18,1732.410000
2017-05-19,1731.900000
2017-05-22,1738.140000
2017-05-23,1739.730000
2017-05-24,1741.950000
2017-05-25,1743.830000
2017-05-26,1744.420000
2017-05-30,1744.930000
2017-05-31,1744.750000
2017-06-01,1747.300000
2017-06-02,1748.340000
2017-06-05,1748.800000
2017-06-06,1748.290000
2017-06-07,1748.940000
2017-06-08,1749.630000
2017-06-09,1749.340000
2017-06-12,1749.840000
2017-06-13,1750.860000
2017-06-14,1750.900000
2017-06-15,1751.000000
2017-06-16,1753.170000
2017-06-19,1758.120000
2017-06-20,1754.220000
2017-06-21,1754.370000
2017-06-22,1754.930000
2017-06-23,1756.840000
2017-06-26,1758.250000
2017-06-27,1751.940000
2017-06-28,1759.070000
2017-06-29,1751.840000
2017-06-30,1754.300000
2017-07-03,1756.620000
2017-07-05,1758.760000
2017-07-06,1750.910000
2017-07-07,1758.590000
2017-07-10,1760.690000
2017-07-11,1760.850000
2017-07-12,1765.680000
2017-07-13,1766.640000
2017-07-14,1767.670000
2017-07-17,1768.000000
2017-07-18,1768.270000
2017-07-19,1768.580000
2017-07-20,1768.660000
2017-07-21,1770.090000
2017-07-24,1770.910000
2017-07-25,1772.540000
2017-07-26,1773.060000
2017-07-27,1772.230000
2017-07-28,1771.630000
2017-07-31,1771.980000
2017-08-01,1774.520000
2017-08-02,1775.140000
2017-08-03,1774.070000
2017-08-04,1776.100000
2017-08-07,1777.860000
2017-08-08,1775.880000
2017-08-09,1775.710000
2017-08-10,1759.040000
2017-08-11,1762.700000
2017-08-14,1776.000000
2017-08-15,1777.460000
2017-08-16,1779.930000
2017-08-17,1757.980000
2017-08-18,1751.860000
2017-08-21,1754.970000
2017-08-22,1763.950000
2017-08-23,1761.580000
2017-08-24,1760.530000
2017-08-25,1763.650000
2017-08-28,1765.120000
2017-08-29,1765.820000
2017-08-30,1768.690000
2017-08-31,1771.260000
2017-09-01,1772.300000
2017-09-05,1769.900000
2017-09-06,1772.290000
2017-09-07,1772.660000
2017-09-08,1771.800000
2017-09-11,1774.730000
2017-09-12,1774.900000
2017-09-13,1775.040000
2017-09-14,1775.200000
2017-09-15,1775.840000
2017-09-18,1777.920000
2017-09-19,1778.730000
2017-09-20,1779.420000
2017-09-21,1778.110000
2017-09-22,1778.510000
2017-09-25,1777.510000
2017-09-26,1778.280000
2017-09-27,1780.990000
2017-09-28,1782.510000
2017-09-29,1784.570000
2017-10-02,1786.900000
2017-10-03,1787.490000
2017-10-04,1787.970000
2017-10-05,1789.300000
2017-10-06,1789.290000
2017-10-09,1789.080000
2017-10-10,1789.880000
2017-10-11,1790.410000
2017-10-12,1790.590000
2017-10-13,1790.930000
2017-10-16,1791.320000
2017-10-17,1791.440000
2017-10-18,1791.690000
2017-10-19,1791.850000
2017-10-20,1792.840000
2017-10-23,1789.500000
2017-10-24,1790.470000
2017-10-25,1785.910000
2017-10-26,1787.220000
2017-10-27,1795.260000
2017-10-30,1793.370000
2017-10-31,1794.750000
2017-11-01,1796.030000
2017-11-02,1796.890000
2017-11-03,1799.610000
2017-11-06,1801.100000
2017-11-07,1800.760000
2017-11-08,1802.110000
2017-11-09,1799.870000
2017-11-10,1800.170000
2017-11-13,1802.110000
2017-11-14,1801.920000
2017-11-15,1799.190000
2017-11-16,1804.690000
2017-11-17,1804.160000
2017-11-20,1806.960000
2017-11-21,1812.250000
2017-11-22,1812.030000
2017-11-24,1813.890000
2017-11-27,1814.290000
2017-11-28,1817.500000
2017-11-29,1817.070000
2017-11-30,1818.330000
2017-12-01,1817.610000
2017-12-04,1818.190000
2017-12-05,1818.780000
2017-12-06,1819.340000
2017-12-07,1820.820000
2017-12-08,1821.640000
2017-12-11,1822.060000
2017-12-12,1822.210000
2017-12-13,1822.320000
2017-12-14,1822.280000
2017-12-15,1823.490000
2017-12-18,1826.050000
2017-12-19,1823.740000
2017-12-20,1824.420000
2017-12-21,1825.970000
2017-12-22,1826.100000
2017-12-26,1826.460000
2017-12-27,1826.210000
2017-12-28,1827.510000
2017-12-29,1825.680000
2018-01-02,1831.070000
2018-01-03,1833.300000
2018-01-04,1834.260000
2018-01-05,1834.930000
2018-01-08,1835.670000
2018-01-09,1835.820000
2018-01-10,1836.020000
2018-01-11,1836.280000
2018-01-12,1836.370000
2018-01-16,1836.510000
2018-01-17,1836.760000
2018-01-18,1836.930000
2018-01-19,1839.500000
2018-01-22,1844.330000
2018-01-23,1845.360000
2018-01-24,1844.490000
2018-01-25,1844.890000
2018-01-26,1849.360000
2018-01-29,1845.180000
2018-01-30,1839.470000
2018-01-31,1841.920000
2018-02-01,1842.250000
2018-02-02,1819.490000
2018-02-05,1749.160000
2018-02-06,1778.350000
2018-02-07,1773.980000
2018-02-08,1708.030000
2018-02-09,1734.740000
2018-02-12,1758.590000
2018-02-13,1763.690000
2018-02-14,1788.380000
2018-02-15,1810.210000
2018-02-16,1801.360000
2018-02-20,1796.820000
2018-02-21,1791.580000
2018-02-22,1794.670000
2018-02-23,1813.280000
2018-02-26,1821.030000
2018-02-27,1810.920000
2018-02-28,1801.950000
2018-03-01,1785.620000
2018-03-02,1795.010000
2018-03-05,1809.120000
2018-03-06,1813.360000
2018-03-07,1814.040000
2018-03-08,1819.450000
2018-03-09,1829.880000
2018-03-12,1830.640000
2018-03-13,1829.800000
2018-03-14,1828.610000
2018-03-15,1831.390000
2018-03-16,1830.020000
2018-03-19,1814.570000
2018-03-20,1816.750000
2018-03-21,1815.980000
2018-03-22,1777.790000
2018-03-23,1742.840000
2018-03-26,1787.470000
2018-03-27,1760.070000
2018-03-28,1756.710000
2018-03-29,1777.550000
2018-04-02,1739.260000
2018-04-03,1762.300000
2018-04-04,1781.780000
2018-04-05,1793.750000
2018-04-06,1757.210000
2018-04-09,1763.090000
2018-04-10,1790.980000
2018-04-11,1782.250000
2018-04-12,1797.490000
2018-04-13,1793.120000
2018-04-16,1808.070000
2018-04-17,1826.110000
2018-04-18,1828.120000
2018-04-19,1817.570000
2018-04-20,1816.100000
2018-04-23,1817.340000
2018-04-24,1801.850000
2018-04-25,1804.970000
2018-04-26,1817.830000
2018-04-27,1821.090000
2018-04-30,1813.660000
2018-05-01,1817.200000
2018-05-02,1809.370000
2018-05-03,1807.340000
2018-05-04,1824.790000
2018-05-07,1827.800000
2018-05-08,1830.330000
2018-05-09,1839.490000
2018-05-10,1843.820000
2018-05-11,1845.210000
2018-05-14,1846.010000
2018-05-15,1844.900000
2018-05-16,1846.690000
2018-05-17,1847.170000
2018-05-18,1846.010000
2018-05-21,1852.720000
2018-05-22,1851.430000
2018-05-23,1854.770000
2018-05-24,1854.390000
2018-05-25,1852.450000
2018-05-29,1839.940000
2018-05-30,1854.690000
2018-05-31,1849.480000
2018-06-01,1859.170000
2018-06-04,1862.870000
2018-06-05,1863.830000
2018-06-06,1866.410000
2018-06-07,1866.160000
2018-06-08,1867.330000
2018-06-11,1868.160000
2018-06-12,1868.720000
2018-06-13,1868.850000
2018-06-14,1869.360000
2018-06-15,1872.790000
2018-06-18,1871.950000
2018-06-19,1867.880000
2018-06-20,1870.610000
2018-06-21,1863.020000
2018-06-22,1865.890000
2018-06-25,1848.330000
2018-06-26,1852.230000
2018-06-27,1839.200000
2018-06-28,1849.000000
2018-06-29,1852.250000
2018-07-02,1856.680000
2018-07-03,1850.490000
2018-07-05,1863.740000
2018-07-06,1875.710000
2018-07-09,1885.370000
2018-07-10,1887.730000
2018-07-11,1883.410000
2018-07-12,1889.560000
2018-07-13,1890.860000
2018-07-16,1891.940000
2018-07-17,1893.110000
2018-07-18,1893.640000
2018-07-19,1893.860000
2018-07-20,1892.150000
2018-07-23,1894.970000
2018-07-24,1898.450000
2018-07-25,1903.460000
2018-07-26,1902.440000
2018-07-27,1899.120000
2018-07-30,1895.160000
2018-07-31,1900.410000
2018-08-01,1899.960000
2018-08-02,1904.530000
2018-08-03,1908.050000
2018-08-06,1910.390000
2018-08-07,1911.750000
2018-08-08,1912.250000
2018-08-09,1912.060000
2018-08-10,1909.080000
2018-08-13,1908.150000
2018-08-14,1912.740000
2018-08-15,1910.950000
2018-08-16,1914.200000
2018-08-17,1916.640000
2018-08-20,1919.290000
2018-08-21,1920.530000
2018-08-22,1921.450000
2018-08-23,1920.710000
2018-08-24,1924.580000
2018-08-27,1928.930000
2018-08-28,1929.080000
2018-08-29,1930.930000
2018-08-30,1928.810000
2018-08-31,1929.670000
2018-09-04,1930.590000
2018-09-05,1929.980000
2018-09-06,1928.480000
2018-09-07,1928.310000
2018-09-10,1931.470000
2018-09-11,1933.980000
2018-09-12,1934.490000
2018-09-13,1936.120000
2018-09-14,1936.490000
2018-09-17,1935.980000
2018-09-18,1937.280000
2018-09-19,1937.540000
2018-09-20,1937.910000
2018-09-21,1935.380000
2018-09-24,1932.930000
2018-09-25,1931.840000
2018-09-26,1928.980000
2018-09-27,1932.990000
2018-09-28,1933.600000
2018-10-01,1938.670000
2018-10-02,1938.750000
2018-10-03,1939.890000
2018-10-04,1928.550000
2018-10-05,1921.650000
2018-10-08,1922.680000
2018-10-09,1920.890000
2018-10-10,1860.990000
2018-10-11,1820.980000
2018-10-12,1845.650000
2018-10-15,1836.040000
2018-10-16,1875.590000
2018-10-17,1874.970000
2018-10-18,1848.650000
2018-10-19,1846.130000
2018-10-22,1844.110000
2018-10-23,1836.190000
2018-10-24,1790.140000
2018-10-25,1818.320000
2018-10-26,1790.890000
2018-10-29,1783.220000
2018-10-30,1807.870000
2018-10-31,1825.350000
2018-11-01,1842.590000
2018-11-02,1834.300000
2018-11-05,1844.670000
2018-11-06,1853.070000
2018-11-07,1877.930000
2018-11-08,1878.110000
2018-11-09,1871.370000
2018-11-12,1844.460000
2018-11-13,1842.200000
2018-11-14,1829.940000
2018-11-15,1848.740000
2018-11-16,1844.650000
2018-11-19,1828.380000
2018-11-20,1806.340000
2018-11-21,1811.950000
2018-11-23,1803.430000
2018-11-26,1827.950000
2018-11-27,1831.520000
2018-11-28,1853.380000
2018-11-29,1851.540000
2018-11-30,1855.870000
2018-12-03,1869.900000
2018-12-04,1840.340000
2018-12-06,1840.200000
2018-12-07,1808.880000
2018-12-10,1814.870000
2018-12-11,1816.060000
2018-12-12,1825.120000
2018-12-13,1825.760000
2018-12-14,1793.750000
2018-12-17,1757.220000
2018-12-18,1757.100000
2018-12-19,1730.540000
2018-12-20,1702.570000
2018-12-21,1672.830000
2018-12-24,1638.550000
2018-12-26,1692.980000
2018-12-27,1698.900000
2018-12-28,1702.710000
2018-12-31,1715.520000
2019-01-02,1723.030000
2019-01-03,1701.340000
2019-01-04,1731.390000
2019-01-07,1736.380000
2019-01-08,1740.470000
2019-01-09,1742.480000
2019-01-10,1744.180000
2019-01-11,1745.370000
2019-01-14,1745.810000
2019-01-15,1746.420000
2019-01-16,1746.650000
2019-01-17,1746.820000
2019-01-18,1746.880000
2019-01-22,1733.760000
2019-01-23,1736.440000
2019-01-24,1740.230000
2019-01-25,1748.420000
2019-01-28,1742.050000
2019-01-29,1740.970000
2019-01-30,1755.960000
2019-01-31,1762.910000
2019-02-01,1764.730000
2019-02-04,1769.640000
2019-02-05,1770.760000
2019-02-06,1771.200000
2019-02-07,1768.810000
2019-02-08,1770.600000
2019-02-11,1772.660000
2019-02-12,1773.940000
2019-02-13,1774.300000
2019-02-14,1774.500000
2019-02-15,1777.110000
2019-02-19,1780.290000
2019-02-20,1782.880000
2019-02-21,1780.920000
2019-02-22,1786.480000
2019-02-25,1788.100000
2019-02-26,1787.670000
2019-02-27,1788.500000
2019-02-28,1787.480000
2019-03-01,1793.370000
2019-03-04,1791.900000
2019-03-05,1792.380000
2019-03-06,1788.170000
2019-03-07,1780.890000
2019-03-08,1781.400000
2019-03-11,1796.260000
2019-03-12,1797.790000
2019-03-13,1800.810000
2019-03-14,1801.260000
2019-03-15,1801.480000
2019-03-18,1804.150000
2019-03-19,1804.010000
2019-03-20,1801.920000
2019-03-21,1808.170000
2019-03-22,1790.580000
2019-03-25,1792.020000
2019-03-26,1801.090000
2019-03-27,1797.160000
2019-03-28,1802.400000
2019-03-29,1809.040000
2019-04-01,1817.030000
2019-04-02,1818.050000
2019-04-03,1818.630000
2019-04-04,1820.110000
2019-04-05,1822.110000
2019-04-08,1823.080000
2019-04-09,1822.240000
2019-04-10,1823.810000
2019-04-11,1824.250000
2019-04-12,1824.970000
2019-04-15,1825.480000
2019-04-16,1825.620000
2019-04-17,1825.800000
2019-04-18,1827.130000
2019-04-22,1829.500000
2019-04-23,1834.600000
2019-04-24,1832.970000
2019-04-25,1833.250000
2019-04-26,1836.400000
2019-04-29,1837.820000
2019-04-30,1837.440000
2019-05-01,1834.080000
2019-05-02,1833.790000
2019-05-03,1840.390000
2019-05-06,1837.370000
2019-05-07,1819.710000
2019-05-08,1819.100000
2019-05-09,1817.210000
2019-05-10,1828.640000
2019-05-13,1793.190000
2019-05-14,1808.090000
2019-05-15,1819.830000
2019-05-16,1835.340000
2019-05-17,1814.100000
2019-05-20,1808.240000
2019-05-21,1819.540000
2019-05-22,1817.890000
2019-05-23,1802.330000
2019-05-24,1806.120000
2019-05-28,1795.100000
2019-05-29,1785.720000
2019-05-30,1789.510000
2019-05-31,1768.670000
2019-06-03,1763.590000
2019-06-04,1799.290000
2019-06-05,1812.590000
2019-06-06,1821.110000
2019-06-07,1833.090000
2019-06-10,1837.670000
2019-06-11,1838.500000
2019-06-12,1838.650000
2019-06-13,1843.340000
2019-06-14,1844.370000
2019-06-17,1846.890000
2019-06-18,1851.550000
2019-06-19,1854.150000
2019-06-20,1854.740000
2019-06-21,1851.670000
2019-06-24,1852.130000
2019-06-25,1842.370000
2019-06-26,1842.390000
2019-06-27,1846.690000
2019-06-28,1853.030000
2019-07-01,1865.260000
2019-07-02,1869.560000
2019-07-03,1873.730000
2019-07-05,1874.420000
2019-07-08,1873.380000
2019-07-09,1874.400000
2019-07-10,1877.130000
2019-07-11,1878.120000
2019-07-12,1879.210000
2019-07-15,1879.960000
2019-07-16,1880.160000
2019-07-17,1880.080000
2019-07-18,1880.890000
2019-07-19,1880.350000
2019-07-23,1887.260000
2019-07-24,1891.140000
2019-07-25,1887.540000
2019-07-26,1893.230000
2019-07-29,1893.220000
2019-07-30,1890.130000
2019-07-31,1879.620000
2019-08-01,1867.960000
2019-08-02,1859.680000
2019-08-05,1808.690000
2019-08-06,1832.440000
2019-08-07,1834.180000
2019-08-08,1867.490000
2019-08-09,1856.530000
2019-08-12,1835.060000
2019-08-13,1862.280000
2019-08-14,1808.300000
2019-08-15,1811.390000
2019-08-16,1829.020000
2019-08-19,1842.320000
2019-08-20,1836.620000
2019-08-21,1844.780000
2019-08-22,1843.970000
2019-08-23,1817.620000
2019-08-26,1831.430000
2019-08-27,1827.940000
2019-08-28,1836.060000
2019-08-29,1846.930000
2019-08-30,1846.840000
2019-09-03,1845.050000
2019-09-04,1854.950000
2019-09-05,1862.820000
2019-09-06,1864.270000
2019-09-09,1866.050000
2019-09-10,1866.820000
2019-09-11,1868.300000
2019-09-12,1868.780000
2019-09-13,1869.230000
2019-09-16,1869.680000
2019-09-17,1870.100000
2019-09-18,1870.340000
2019-09-19,1870.650000
2019-09-20,1862.500000
2019-09-23,1865.320000
2019-09-24,1854.730000
2019-09-25,1863.400000
2019-09-26,1861.100000
2019-09-27,1853.990000
2019-09-30,1863.350000
2019-10-01,1846.250000
2019-10-02,1816.700000
2019-10-03,1830.780000
2019-10-04,1854.190000
2019-10-07,1848.280000
2019-10-08,1821.850000
2019-10-09,1837.670000
2019-10-10,1849.230000
2019-10-11,1866.430000
2019-10-14,1868.490000
2019-10-15,1883.930000
2019-10-16,1883.170000
2019-10-17,1888.560000
2019-10-18,1886.520000
2019-10-21,1894.380000
2019-10-22,1891.850000
2019-10-23,1895.240000
2019-10-24,1898.000000
2019-10-25,1902.200000
2019-10-28,1905.700000
2019-10-29,1905.310000
2019-10-30,1908.260000
2019-10-31,1906.790000
2019-11-01,1911.120000
2019-11-04,1912.630000
2019-11-05,1912.950000
2019-11-06,1913.870000
2019-11-07,1914.400000
2019-11-08,1914.980000
2019-11-11,1915.350000
2019-11-12,1915.530000
2019-11-13,1915.630000
2019-11-14,1915.800000
2019-11-15,1917.730000
2019-11-18,1918.980000
2019-11-19,1918.780000
2019-11-20,1916.650000
2019-11-21,1914.860000
2019-11-22,1917.690000
2019-11-25,1925.590000
2019-11-26,1927.770000
2019-11-27,1930.200000
2019-11-29,1928.110000
2019-12-02,1920.900000
2019-12-03,1913.920000
2019-12-04,1920.720000
2019-12-05,1923.800000
2019-12-06,1931.350000
2019-12-09,1929.410000
2019-12-10,1929.590000
2019-12-11,1932.670000
2019-12-12,1937.380000
2019-12-13,1939.340000
2019-12-16,1941.620000
2019-12-17,1942.280000
2019-12-18,1942.560000
2019-12-19,1942.710000
2019-12-20,1941.620000
2019-12-23,1943.210000
2019-12-24,1943.690000
2019-12-26,1947.880000
2019-12-27,1946.230000
2019-12-30,1942.030000
2019-12-31,1946.020000
2020-01-02,1953.800000
2020-01-03,1948.000000
2020-01-06,1952.740000
2020-01-07,1952.180000
2020-01-08,1955.190000
2020-01-09,1959.120000
2020-01-10,1959.050000
2020-01-13,1961.780000
2020-01-14,1961.870000
2020-01-15,1962.350000
2020-01-16,1962.570000
2020-01-17,1964.430000
2020-01-21,1961.800000
2020-01-22,1962.930000
2020-01-23,1963.920000
2020-01-24,1953.610000
2020-01-27,1931.790000
2020-01-28,1947.060000
2020-01-29,1945.770000
2020-01-30,1951.840000
2020-01-31,1924.820000
2020-02-03,1937.920000
2020-02-04,1959.370000
2020-02-05,1971.800000
2020-02-06,1975.420000
2020-02-07,1971.400000
2020-02-10,1978.720000
2020-02-11,1980.360000
2020-02-12,1984.850000
2020-02-13,1984.550000
2020-02-14,1986.190000
2020-02-18,1987.300000
2020-02-19,1988.600000
2020-02-20,1988.830000
2020-02-21,1985.700000
2020-02-24,1940.220000
2020-02-25,1888.420000
2020-02-26,1880.820000
2020-02-27,1798.200000
2020-02-28,1782.460000
2020-03-02,1867.040000
2020-03-03,1813.190000
2020-03-04,1888.970000
2020-03-05,1826.640000
2020-03-06,1794.690000
2020-03-09,1655.280000
2020-03-10,1741.580000
2020-03-11,1655.970000
2020-03-12,1493.020000
2020-03-13,1634.150000
2020-03-16,1446.810000
2020-03-17,1531.180000
2020-03-18,1456.420000
2020-03-19,1458.690000
2020-03-20,1435.420000
2020-03-23,1414.710000
2020-03-24,1492.990000
2020-03-25,1493.500000
2020-03-26,1527.750000
2020-03-27,1512.880000
2020-03-30,1543.850000
2020-03-31,1544.780000
2020-04-01,1518.830000
2020-04-02,1540.960000
2020-04-03,1540.670000
2020-04-06,1570.580000
2020-04-07,1572.090000
2020-04-08,1581.550000
2020-04-09,1584.690000
2020-04-13,1586.780000
2020-04-14,1587.130000
2020-04-15,1587.280000
2020-04-16,1587.420000
2020-04-17,1597.410000
2020-04-20,1581.510000
2020-04-21,1553.960000
2020-04-22,1580.500000
2020-04-23,1583.070000
2020-04-24,1602.750000
2020-04-27,1617.930000
2020-04-28,1614.700000
2020-04-29,1630.920000
2020-04-30,1625.250000
2020-05-01,1607.710000
2020-05-04,1616.570000
2020-05-05,1625.540000
2020-05-06,1622.840000
2020-05-07,1634.400000
2020-05-08,1646.170000
2020-05-11,1649.150000
2020-05-12,1641.850000
2020-05-13,1632.170000
2020-05-14,1648.560000
2020-05-15,1657.040000
2020-05-18,1678.010000
2020-05-19,1671.980000
2020-05-20,1683.610000
2020-05-21,1679.840000
2020-05-22,1682.870000
2020-05-26,1690.140000
2020-05-27,1695.060000
2020-05-28,1693.890000
2020-05-29,1697.070000
2020-06-01,1699.140000
2020-06-02,1701.920000
2020-06-03,1705.070000
2020-06-04,1705.250000
2020-06-05,1707.190000
2020-06-08,1707.650000
2020-06-09,1707.400000
2020-06-10,1707.600000
2020-06-11,1695.150000
2020-06-12,1703.430000
2020-06-15,1707.230000
2020-06-16,1708.430000
2020-06-17,1708.690000
2020-06-18,1708.790000
2020-06-19,1697.450000
2020-06-22,1707.780000
2020-06-23,1712.500000
2020-06-24,1687.310000
2020-06-25,1702.010000
2020-06-26,1674.790000
2020-06-29,1698.040000
2020-06-30,1714.790000
2020-07-01,1722.720000
2020-07-02,1731.750000
2020-07-06,1741.660000
2020-07-07,1735.800000
2020-07-08,1743.420000
2020-07-09,1740.890000
2020-07-10,1750.480000
2020-07-13,1744.400000
2020-07-14,1753.510000
2020-07-15,1757.840000
2020-07-16,1758.750000
2020-07-17,1761.760000
2020-07-20,1771.360000
2020-07-21,1771.570000
2020-07-22,1777.220000
2020-07-23,1768.040000
2020-07-24,1765.820000
2020-07-27,1774.440000
2020-07-28,1770.060000
2020-07-29,1781.000000
2020-07-30,1777.410000
2020-07-31,1785.040000
2020-08-03,1790.090000
2020-08-04,1793.020000
2020-08-05,1796.820000
2020-08-06,1799.750000
2020-08-07,1800.820000
2020-08-10,1802.780000
2020-08-11,1799.750000
2020-08-12,1804.730000
2020-08-13,1805.330000
2020-08-14,1806.360000
2020-08-17,1807.150000
2020-08-18,1807.270000
2020-08-19,1807.210000
2020-08-20,1807.540000
2020-08-21,1811.020000
2020-08-24,1818.960000
2020-08-25,1821.440000
2020-08-26,1824.550000
2020-08-27,1824.910000
2020-08-28,1830.170000
2020-08-31,1820.960000
2020-09-01,1831.300000
2020-09-02,1834.470000
2020-09-03,1816.210000
2020-09-04,1814.640000
2020-09-08,1793.940000
2020-09-09,1815.530000
2020-09-10,1800.730000
2020-09-11,1805.170000
2020-09-14,1824.350000
2020-09-15,1831.520000
2020-09-16,1832.120000
2020-09-17,1825.380000
2020-09-18,1821.550000
2020-09-21,1809.870000
2020-09-22,1821.990000
2020-09-23,1795.870000
2020-09-24,1800.330000
2020-09-25,1821.200000
2020-09-28,1836.300000
2020-09-29,1832.070000
2020-09-30,1839.780000
2020-10-01,1844.470000
2020-10-02,1839.990000
2020-10-05,1854.670000
2020-10-06,1846.880000
2020-10-07,1859.900000
2020-10-08,1865.400000
2020-10-09,1868.330000
2020-10-12,1869.380000
2020-10-13,1869.650000
2020-10-14,1869.670000
2020-10-15,1869.940000
2020-10-19,1849.340000
2020-10-20,1854.100000
2020-10-21,1853.580000
2020-10-22,1860.100000
2020-10-23,1865.270000
2020-10-26,1840.480000
2020-10-27,1837.100000
2020-10-28,1784.820000
2020-10-29,1803.260000
2020-10-30,1785.330000
2020-11-02,1807.110000
2020-11-03,1833.160000
2020-11-04,1866.850000
2020-11-05,1889.000000
2020-11-06,1894.480000
2020-11-09,1904.030000
2020-11-10,1907.060000
2020-11-11,1914.510000
2020-11-12,1908.690000
2020-11-13,1918.830000
2020-11-16,1924.370000
2020-11-17,1924.600000
2020-11-18,1923.920000
2020-11-19,1925.810000
2020-11-20,1920.020000
2020-11-23,1928.900000
2020-11-24,1941.860000
2020-11-25,1941.870000
2020-11-27,1944.210000
2020-11-30,1943.700000
2020-12-01,1950.200000
2020-12-02,1951.360000
2020-12-03,1952.190000
2020-12-04,1957.560000
2020-12-07,1958.700000
2020-12-08,1960.470000
2020-12-09,1958.430000
2020-12-10,1959.290000
2020-12-11,1959.020000
2020-12-14,1959.200000
2020-12-15,1963.480000
2020-12-16,1964.570000
2020-12-17,1964.860000
2020-12-18,1970.880000
2020-12-21,1962.790000
2020-12-22,1963.530000
2020-12-23,1967.290000
2020-12-24,1973.740000
2020-12-28,1982.690000
2020-12-29,1980.800000
2020-12-30,1982.920000
2020-12-31,1986.930000
2021-01-04,1976.630000
2021-01-05,1984.130000
2021-01-06,1988.010000
2021-01-07,2000.330000
2021-01-08,2002.520000
2021-01-11,2001.830000
2021-01-12,2004.060000
2021-01-13,2005.440000
2021-01-14,2005.780000
2021-01-15,2005.060000
2021-01-19,2013.780000
2021-01-20,2025.400000
2021-01-21,2026.550000
2021-01-22,2025.410000
2021-01-25,2027.600000
2021-01-26,2026.730000
2021-01-27,1997.470000
2021-01-28,2009.150000
2021-01-29,1991.370000
2021-02-01,2012.600000
2021-02-02,2028.100000
2021-02-03,2032.490000
2021-02-04,2040.460000
2021-02-05,2044.100000
2021-02-08,2046.810000
2021-02-09,2047.000000
2021-02-10,2046.820000
2021-02-11,2048.160000
2021-02-12,2050.290000
2021-02-16,2048.480000
2021-02-17,2050.890000
2021-02-18,2051.160000
2021-02-19,2045.090000
2021-02-22,2036.930000
2021-02-23,2039.060000
2021-02-24,2053.480000
2021-02-25,2014.250000
2021-02-26,2019.470000
2021-03-01,2049.770000
2021-03-02,2039.820000
2021-03-03,2020.780000
2021-03-04,1999.900000
2021-03-05,2031.580000
2021-03-08,2023.870000
2021-03-09,2046.380000
2021-03-10,2057.760000
2021-03-11,2070.240000
2021-03-12,2075.190000
2021-03-15,2081.710000
2021-03-16,2081.760000
2021-03-17,2085.350000
2021-03-18,2078.870000
2021-03-19,2079.970000
2021-03-22,2092.140000
2021-03-23,2083.550000
2021-03-24,2078.900000
2021-03-25,2086.670000
2021-03-26,2100.190000
2021-03-29,2098.570000
2021-03-30,2100.330000
2021-03-31,2104.860000
2021-04-01,2110.740000
2021-04-05,2114.430000
2021-04-06,2114.780000
2021-04-07,2115.950000
2021-04-08,2116.840000
2021-04-09,2117.620000
2021-04-12,2117.930000
2021-04-13,2117.960000
2021-04-14,2117.920000
2021-04-15,2118.070000
2021-04-16,2119.220000
2021-04-19,2114.710000
2021-04-20,2105.120000
2021-04-21,2116.860000
2021-04-22,2106.210000
2021-04-23,2120.860000
2021-04-26,2123.700000
2021-04-27,2124.370000
2021-04-28,2125.760000
2021-04-29,2130.590000
2021-04-30,2125.640000
2021-05-03,2129.850000
2021-05-04,2123.970000
2021-05-05,2124.850000
2021-05-06,2134.360000
2021-05-07,2141.350000
2021-05-10,2133.750000
2021-05-11,2123.310000
2021-05-12,2089.120000
2021-05-13,2111.610000
2021-05-14,2136.420000
2021-05-17,2136.160000
2021-05-18,2125.030000
2021-05-19,2121.620000
2021-05-20,2142.280000
2021-05-21,2149.080000
2021-05-24,2163.390000
2021-05-25,2161.760000
2021-05-26,2166.250000
2021-05-27,2169.160000
2021-05-28,2171.420000
2021-06-01,2170.920000
2021-06-02,2174.680000
2021-06-03,2171.210000
2021-06-04,2180.350000
2021-06-07,2182.080000
2021-06-08,2181.690000
2021-06-09,2180.380000
2021-06-10,2186.100000
2021-06-11,2187.620000
2021-06-14,2188.700000
2021-06-15,2188.330000
2021-06-16,2186.470000
2021-06-17,2190.010000
2021-06-18,2185.310000
2021-06-21,2203.180000
2021-06-22,2209.070000
2021-06-23,2209.950000
2021-06-24,2213.330000
2021-06-25,2216.400000
2021-06-28,2217.890000
2021-06-29,2218.160000
2021-06-30,2218.960000
2021-07-01,2221.010000
2021-07-02,2222.690000
2021-07-06,2222.640000
2021-07-07,2223.630000
2021-07-08,2221.290000
2021-07-09,2224.460000
2021-07-12,2225.300000
2021-07-13,2225.180000
2021-07-14,2225.500000
2021-07-15,2224.520000
2021-07-16,2219.010000
2021-07-19,2198.520000
2021-07-20,2218.650000
2021-07-21,2230.250000
2021-07-22,2232.750000
2021-07-23,2241.470000
2021-07-26,2243.890000
2021-07-27,2240.120000
2021-07-28,2241.730000
2021-07-29,2246.230000
2021-07-30,2242.610000
2021-08-02,2241.860000
2021-08-03,2250.270000
2021-08-04,2247.870000
2021-08-05,2252.660000
2021-08-06,2255.940000
2021-08-09,2256.770000
2021-08-10,2257.630000
2021-08-11,2259.790000
2021-08-12,2260.890000
2021-08-13,2261.910000
2021-08-16,2262.270000
2021-08-17,2261.730000
2021-08-18,2258.390000
2021-08-19,2262.220000
2021-08-20,2266.850000
2021-08-23,2277.720000
2021-08-24,2279.360000
2021-08-25,2281.860000
2021-08-26,2275.910000
2021-08-27,2285.500000
2021-08-30,2288.910000
2021-08-31,2288.290000
2021-09-01,2289.410000
2021-09-02,2290.480000
2021-09-03,2291.830000
2021-09-07,2291.410000
2021-09-08,2292.110000
2021-09-09,2290.040000
2021-09-10,2283.710000
2021-09-13,2290.240000
2021-09-14,2289.570000
2021-09-15,2296.190000
2021-09-16,2297.340000
2021-09-17,2295.660000
2021-09-20,2271.540000
2021-09-21,2271.800000
2021-09-22,2289.790000
2021-09-23,2307.030000
2021-09-24,2311.270000
2021-09-27,2310.180000
2021-09-28,2277.410000
2021-09-29,2281.680000
2021-09-30,2259.520000
2021-10-01,2283.500000
2021-10-04,2260.270000
2021-10-05,2280.760000
2021-10-06,2289.970000
2021-10-07,2306.110000
2021-10-08,2306.350000
2021-10-11,2293.390000
2021-10-12,2289.020000
2021-10-13,2297.320000
2021-10-14,2332.590000
2021-10-15,2338.550000
2021-10-18,2342.710000
2021-10-19,2350.190000
2021-10-20,2353.330000
2021-10-21,2356.080000
2021-10-22,2355.100000
2021-10-25,2359.710000
2021-10-26,2359.210000
2021-10-27,2355.440000
2021-10-28,2362.010000
2021-10-29,2362.760000
2021-11-01,2365.270000
2021-11-02,2367.400000
2021-11-03,2370.170000
2021-11-04,2371.290000
2021-11-05,2371.800000
2021-11-08,2372.690000
2021-11-09,2372.510000
2021-11-10,2371.800000
2021-11-11,2373.290000
2021-11-12,2374.680000
2021-11-15,2375.090000
2021-11-16,2375.110000
2021-11-17,2375.230000
2021-11-18,2375.310000
2021-11-19,2372.230000
2021-11-22,2368.940000
2021-11-23,2372.270000
2021-11-24,2375.610000
2021-11-26,2336.590000
2021-11-29,2362.480000
2021-11-30,2330.450000
2021-12-01,2303.210000
2021-12-02,2334.580000
2021-12-03,2319.180000
2021-12-06,2345.200000
2021-12-07,2380.540000
2021-12-08,2387.290000
2021-12-09,2378.320000
2021-12-10,2394.210000
2021-12-13,2384.230000
2021-12-14,2373.060000
2021-12-15,2399.740000
2021-12-16,2390.490000
2021-12-17,2371.930000
2021-12-20,2358.220000
2021-12-21,2382.580000
2021-12-22,2397.250000
2021-12-23,2404.540000
2021-12-27,2415.610000
2021-12-28,2416.110000
2021-12-29,2418.360000
2021-12-30,2417.350000
2021-12-31,2416.930000
2022-01-03,2421.910000
2022-01-04,2422.090000
2022-01-05,2408.010000
2022-01-06,2408.590000
2022-01-07,2408.830000
2022-01-10,2410.220000
2022-01-11,2417.830000
2022-01-12,2421.960000
2022-01-13,2409.660000
2022-01-14,2414.520000
2022-01-18,2390.390000
2022-01-19,2369.820000
2022-01-20,2342.880000
2022-01-21,2313.860000
2022-01-24,2318.130000
2022-01-25,2306.070000
2022-01-26,2300.120000
2022-01-27,2295.780000
2022-01-28,2334.490000
2022-01-31,2360.340000
2022-02-01,2372.280000
2022-02-02,2380.530000
2022-02-03,2355.960000
2022-02-04,2366.390000
2022-02-07,2367.600000
2022-02-08,2378.040000
2022-02-09,2389.560000
2022-02-10,2374.640000
2022-02-11,2349.630000
2022-02-14,2349.990000
2022-02-15,2378.860000
2022-02-16,2386.160000
2022-02-17,2347.960000
2022-02-18,2349.790000
2022-02-22,2340.150000
2022-02-23,2315.100000
2022-02-24,2339.200000
2022-02-25,2368.100000
2022-02-28,2364.770000
2022-03-01,2342.070000
2022-03-02,2369.670000
2022-03-03,2366.230000
2022-03-04,2357.760000
2022-03-07,2314.510000
2022-03-08,2302.770000
2022-03-09,2351.420000
2022-03-10,2349.150000
2022-03-11,2324.820000
2022-03-14,2312.430000
2022-03-15,2358.480000
2022-03-16,2402.280000
2022-03-17,2417.730000
2022-03-18,2428.290000
2022-03-21,2432.290000
2022-03-22,2442.880000
2022-03-23,2432.620000
2022-03-24,2446.880000
2022-03-25,2452.710000
2022-03-28,2460.160000
2022-03-29,2465.320000
2022-03-30,2464.330000
2022-03-31,2458.440000
2022-04-01,2464.410000
2022-04-04,2469.310000
2022-04-05,2464.230000
2022-04-06,2460.190000
2022-04-07,2464.670000
2022-04-08,2466.160000
2022-04-11,2455.380000
2022-04-12,2456.080000
2022-04-13,2471.640000
2022-04-14,2461.850000
2022-04-18,2465.700000
2022-04-19,2485.290000
2022-04-20,2486.720000
2022-04-21,2467.380000
2022-04-22,2421.200000
2022-04-25,2434.210000
2022-04-26,2376.470000
2022-04-27,2383.670000
2022-04-28,2432.170000
2022-04-29,2356.030000
2022-05-02,2370.980000
2022-05-03,2381.820000
2022-05-04,2445.570000
2022-05-05,2369.170000
2022-05-06,2356.520000
2022-05-09,2282.320000
2022-05-10,2287.440000
2022-05-11,2251.700000
2022-05-12,2247.440000
2022-05-13,2301.680000
2022-05-16,2295.210000
2022-05-17,2339.780000
2022-05-18,2247.680000
2022-05-19,2231.770000
2022-05-20,2261.150000
2022-05-23,2281.480000
2022-05-24,2275.220000
2022-05-25,2285.570000
2022-05-26,2301.320000
2022-05-27,2313.720000
2022-05-31,2313.690000
2022-06-01,2313.640000
2022-06-02,2320.180000
2022-06-03,2317.580000
2022-06-06,2320.450000
2022-06-07,2323.640000
2022-06-08,2323.320000
2022-06-09,2315.190000
2022-06-10,2295.530000
2022-06-13,2238.650000
2022-06-14,2235.180000
2022-06-15,2267.850000
2022-06-16,2202.290000
2022-06-17,2198.470000
2022-06-21,2223.740000
2022-06-22,2225.330000
2022-06-23,2232.520000
2022-06-24,2247.870000
2022-06-27,2250.360000
2022-06-28,2242.960000
2022-06-29,2243.890000
2022-06-30,2240.670000
2022-07-01,2249.570000
2022-07-05,2252.530000
2022-07-06,2255.570000
2022-07-07,2259.420000
2022-07-08,2260.860000
2022-07-11,2261.430000
2022-07-12,2260.300000
2022-07-13,2261.890000
2022-07-14,2262.460000
2022-07-15,2264.580000
2022-07-18,2256.860000
2022-07-19,2281.620000
2022-07-20,2288.340000
2022-07-21,2297.790000
2022-07-22,2294.050000
2022-07-25,2297.340000
2022-07-26,2287.280000
2022-07-27,2306.410000
2022-07-28,2312.770000
2022-07-29,2318.040000
2022-08-01,2317.530000
2022-08-02,2315.840000
2022-08-03,2320.970000
2022-08-04,2321.700000
2022-08-05,2322.440000
2022-08-08,2323.280000
2022-08-09,2323.230000
2022-08-10,2324.740000
2022-08-11,2324.900000
2022-08-12,2325.290000
2022-08-15,2325.620000
2022-08-16,2325.720000
2022-08-17,2325.840000
2022-08-18,2325.940000
2022-08-19,2326.300000
2022-08-22,2298.370000
2022-08-23,2295.430000
2022-08-24,2303.100000
2022-08-25,2323.990000
2022-08-26,2268.260000
2022-08-29,2256.300000
2022-08-30,2234.640000
2022-08-31,2218.710000
2022-09-01,2226.780000
2022-09-02,2203.570000
2022-09-06,2196.220000
2022-09-07,2235.150000
2022-09-08,2249.340000
2022-09-09,2284.060000
2022-09-12,2306.840000
2022-09-13,2209.200000
2022-09-14,2217.640000
2022-09-15,2192.630000
2022-09-16,2183.410000
2022-09-19,2193.520000
2022-09-20,2181.820000
2022-09-21,2161.970000
2022-09-22,2155.030000
2022-09-23,2130.820000
2022-09-26,2115.190000
2022-09-27,2112.190000
2022-09-28,2144.790000
2022-09-29,2112.960000
2022-09-30,2087.240000
2022-10-03,2135.000000
2022-10-04,2180.830000
2022-10-05,2180.500000
2022-10-06,2165.320000
2022-10-07,2120.550000
2022-10-10,2106.170000
2022-10-11,2094.030000
2022-10-12,2087.890000
2022-10-13,2139.470000
2022-10-14,2095.900000
2022-10-17,2147.750000
2022-10-18,2173.160000
2022-10-19,2160.060000
2022-10-20,2141.820000
2022-10-21,2147.450000
2022-10-24,2158.800000
2022-10-25,2171.270000
2022-10-26,2169.900000
2022-10-27,2168.480000
2022-10-28,2181.780000
2022-10-31,2182.240000
2022-11-01,2181.590000
2022-11-02,2169.620000
2022-11-03,2164.280000
2022-11-04,2176.980000
2022-11-07,2185.910000
2022-11-08,2188.020000
2022-11-09,2178.390000
2022-11-10,2197.800000
2022-11-11,2198.770000
2022-11-14,2199.610000
2022-11-15,2199.900000
2022-11-16,2200.240000
2022-11-17,2200.460000
2022-11-18,2204.010000
2022-11-21,2204.700000
2022-11-22,2219.490000
2022-11-23,2226.760000
2022-11-25,2228.590000
2022-11-28,2215.390000
2022-11-29,2214.360000
2022-11-30,2240.330000
2022-12-01,2241.050000
2022-12-02,2242.740000
2022-12-05,2231.850000
2022-12-06,2216.350000
2022-12-07,2215.040000
2022-12-08,2225.140000
2022-12-09,2218.910000
2022-12-12,2231.610000
2022-12-13,2247.750000
2022-12-14,2252.810000
2022-12-15,2228.450000
2022-12-16,2217.720000
2022-12-19,2212.310000
2022-12-20,2215.620000
2022-12-21,2233.340000
2022-12-22,2217.060000
2022-12-23,2225.480000
2022-12-27,2224.240000
2022-12-28,2209.150000
2022-12-29,2231.460000
2022-12-30,2230.390000
2023-01-03,2228.590000
2023-01-04,2239.590000
2023-01-05,2226.890000
2023-01-06,2254.190000
2023-01-09,2255.890000
2023-01-10,2263.030000
2023-01-11,2268.510000
2023-01-12,2275.120000
2023-01-13,2276.580000
2023-01-17,2278.300000
2023-01-18,2278.230000
2023-01-19,2278.930000
2023-01-20,2287.080000
2023-01-23,2297.430000
2023-01-24,2297.960000
2023-01-25,2299.600000
2023-01-26,2306.140000
2023-01-27,2308.700000
2023-01-30,2302.100000
2023-01-31,2310.480000
2023-02-01,2316.190000
2023-02-02,2319.110000
2023-02-03,2318.780000
2023-02-06,2319.200000
2023-02-07,2322.260000
2023-02-08,2321.340000
2023-02-09,2319.180000
2023-02-10,2321.670000
2023-02-13,2324.830000
2023-02-14,2325.930000
2023-02-15,2326.410000
2023-02-16,2326.450000
2023-02-17,2334.190000
2023-02-21,2312.000000
2023-02-22,2312.720000
2023-02-23,2322.050000
2023-02-24,2307.800000
2023-02-27,2316.010000
2023-02-28,2311.800000
2023-03-01,2306.180000
2023-03-02,2319.650000
2023-03-03,2344.310000
2023-03-06,2347.620000
2023-03-07,2326.700000
2023-03-08,2331.070000
2023-03-09,2295.140000
2023-03-10,2265.060000
2023-03-13,2262.980000
2023-03-14,2300.290000
2023-03-15,2287.800000
2023-03-16,2325.550000
2023-03-17,2323.920000
2023-03-20,2338.260000
2023-03-21,2354.180000
2023-03-22,2340.140000
2023-03-23,2341.370000
2023-03-24,2350.930000
2023-03-27,2357.930000
2023-03-28,2359.280000
2023-03-29,2370.610000
2023-03-30,2374.590000
2023-03-31,2380.690000
2023-04-03,2385.180000
2023-04-04,2384.760000
2023-04-05,2385.410000
2023-04-06,2387.710000
2023-04-10,2390.310000
2023-04-11,2390.930000
2023-04-12,2391.480000
2023-04-13,2393.140000
2023-04-14,2393.820000
2023-04-17,2394.980000
2023-04-18,2395.320000
2023-04-19,2395.710000
2023-04-20,2396.130000
2023-04-21,2398.900000
2023-04-24,2402.660000
2023-04-25,2381.900000
2023-04-26,2378.900000
2023-04-27,2404.680000
2023-04-28,2414.240000
2023-05-01,2416.320000
2023-05-02,2404.210000
2023-05-03,2397.180000
2023-05-04,2387.360000
2023-05-05,2414.730000
2023-05-08,2419.800000
2023-05-09,2416.060000
2023-05-10,2423.490000
2023-05-11,2424.100000
2023-05-12,2424.890000
2023-05-15,2432.270000
2023-05-16,2426.570000
2023-05-17,2437.470000
2023-05-18,2439.030000
2023-05-19,2440.240000
2023-05-22,2442.430000
2023-05-23,2427.470000
2023-05-24,2415.610000
2023-05-25,2429.750000
2023-05-26,2447.670000
2023-05-30,2452.520000
2023-05-31,2448.410000
2023-06-01,2461.990000
2023-06-02,2473.670000
2023-06-05,2475.180000
2023-06-06,2477.610000
2023-06-07,2477.730000
2023-06-08,2480.420000
2023-06-09,2481.880000
2023-06-12,2484.000000
2023-06-13,2485.080000
2023-06-14,2485.860000
2023-06-15,2486.360000
2023-06-16,2484.330000
2023-06-20,2480.890000
2023-06-21,2476.110000
2023-06-22,2482.680000
2023-06-23,2472.040000
2023-06-26,2466.010000
2023-06-27,2485.860000
2023-06-28,2487.250000
2023-06-29,2493.470000
2023-06-30,2508.870000
2023-07-03,2510.410000
2023-07-05,2509.850000
2023-07-06,2500.960000
2023-07-07,2500.660000
2023-07-10,2505.350000
2023-07-11,2513.970000
2023-07-12,2522.310000
2023-07-13,2526.450000
2023-07-14,2527.610000
2023-07-17,2529.840000
2023-07-18,2530.520000
2023-07-19,2531.030000
2023-07-20,2531.450000
2023-07-21,2528.490000
2023-07-24,2535.080000
2023-07-25,2537.570000
2023-07-26,2540.620000
2023-07-27,2532.930000
2023-07-28,2544.410000
2023-07-31,2548.660000
2023-08-01,2546.450000
2023-08-02,2529.770000
2023-08-03,2525.270000
2023-08-04,2520.070000
2023-08-07,2538.120000
2023-08-08,2531.900000
2023-08-09,2520.160000
2023-08-10,2521.630000
2023-08-11,2521.300000
2023-08-14,2535.920000
2023-08-15,2509.570000
2023-08-16,2490.710000
2023-08-17,2471.620000
2023-08-18,2453.750000
2023-08-21,2462.710000
2023-08-22,2462.300000
2023-08-23,2472.620000
2023-08-24,2462.490000
2023-08-25,2471.440000
2023-08-28,2478.940000
2023-08-29,2486.020000
2023-08-30,2488.280000
2023-08-31,2489.160000
2023-09-01,2490.420000
2023-09-05,2491.780000
2023-09-06,2491.380000
2023-09-07,2491.750000
2023-09-08,2493.490000
2023-09-11,2495.850000
2023-09-12,2496.000000
2023-09-13,2496.960000
2023-09-14,2497.400000
2023-09-15,2493.230000
2023-09-18,2495.460000
2023-09-19,2493.700000
2023-09-20,2480.920000
2023-09-21,2451.430000
2023-09-22,2447.330000
2023-09-25,2458.080000
2023-09-26,2427.680000
2023-09-27,2427.790000
2023-09-28,2441.010000
2023-09-29,2437.060000
2023-10-02,2438.210000
2023-10-03,2407.490000
2023-10-04,2423.640000
2023-10-05,2422.480000
2023-10-06,2449.270000
2023-10-09,2465.460000
2023-10-10,2477.820000
2023-10-11,2488.450000
2023-10-12,2475.270000
2023-10-13,2463.630000
2023-10-16,2489.240000
2023-10-17,2489.790000
2023-10-18,2457.110000
2023-10-19,2435.080000
2023-10-20,2431.600000
2023-10-23,2433.960000
2023-10-24,2444.860000
2023-10-25,2428.140000
2023-10-26,2410.830000
2023-10-27,2404.220000
2023-10-30,2427.530000
2023-10-31,2440.050000
2023-11-01,2456.650000
2023-11-02,2474.470000
2023-11-03,2480.220000
2023-11-06,2483.410000
2023-11-07,2484.860000
2023-11-08,2486.120000
2023-11-09,2485.130000
2023-11-10,2488.090000
2023-11-13,2489.490000
2023-11-14,2490.030000
2023-11-15,2490.550000
2023-11-16,2491.030000
2023-11-17,2493.130000
2023-11-20,2502.550000
2023-11-21,2501.690000
2023-11-22,2505.960000
2023-11-24,2508.630000
2023-11-27,2509.800000
2023-11-28,2511.070000
2023-11-29,2509.920000
2023-11-30,2513.440000
2023-12-01,2517.490000
2023-12-04,2517.080000
2023-12-05,2518.180000
2023-12-06,2516.650000
2023-12-07,2520.970000
2023-12-08,2524.290000
2023-12-11,2526.700000
2023-12-12,2527.600000
2023-12-13,2528.060000
2023-12-14,2528.510000
2023-12-15,2527.030000
2023-12-18,2533.600000
2023-12-19,2538.730000
2023-12-20,2523.870000
2023-12-21,2534.310000
2023-12-22,2537.790000
2023-12-26,2544.630000
2023-12-27,2548.020000
2023-12-28,2548.450000
2023-12-29,2548.280000
2024-01-02,2546.360000
2024-01-03,2537.780000
2024-01-04,2534.460000
2024-01-05,2538.350000
2024-01-08,2555.470000
2024-01-09,2556.070000
2024-01-10,2560.010000
2024-01-11,2561.310000
2024-01-12,2562.770000
2024-01-16,2564.600000
2024-01-17,2563.460000
2024-01-18,2567.330000
2024-01-19,2575.980000
2024-01-22,2580.440000
2024-01-23,2584.270000
2024-01-24,2584.620000
2024-01-25,2587.670000
2024-01-26,2588.430000
2024-01-29,2593.110000
2024-01-30,2593.950000
2024-01-31,2584.690000
2024-02-01,2593.680000
2024-02-02,2597.460000
2024-02-05,2599.120000
2024-02-06,2600.840000
2024-02-07,2602.040000
2024-02-08,2602.660000
2024-02-09,2603.070000
2024-02-12,2604.350000
2024-02-13,2604.320000
2024-02-14,2605.340000
2024-02-15,2605.810000
2024-02-16,2599.930000
2024-02-20,2594.960000
2024-02-21,2597.400000
2024-02-22,2619.200000
2024-02-23,2622.140000
2024-02-26,2622.110000
2024-02-27,2624.840000
2024-02-28,2624.440000
2024-02-29,2627.300000
2024-03-01,2632.400000
2024-03-04,2633.740000
2024-03-05,2628.840000
2024-03-06,2632.440000
2024-03-07,2636.540000
2024-03-08,2636.130000
2024-03-11,2637.790000
2024-03-12,2640.840000
2024-03-13,2641.430000
2024-03-14,2641.730000
2024-03-15,2642.000000
2024-03-18,2651.050000
2024-03-19,2658.060000
2024-03-20,2666.610000
2024-03-21,2669.450000
2024-03-22,2669.390000
2024-03-25,2670.360000
2024-03-26,2669.860000
2024-03-27,2675.900000
2024-03-28,2675.920000
2024-04-01,2677.520000
2024-04-02,2674.050000
2024-04-03,2675.760000
2024-04-04,2662.610000
2024-04-05,2673.530000
2024-04-08,2678.540000
2024-04-09,2680.610000
2024-04-10,2673.310000
2024-04-11,2681.870000
2024-04-12,2668.010000
2024-04-15,2650.270000
2024-04-16,2648.850000
2024-04-17,2635.890000
2024-04-18,2629.900000
2024-04-19,2624.020000
2024-04-22,2642.090000
2024-04-23,2655.540000
2024-04-24,2656.710000
2024-04-25,2653.100000
2024-04-26,2663.290000
2024-04-29,2668.180000
2024-04-30,2655.050000
2024-05-01,2654.050000
2024-05-02,2664.620000
2024-05-03,2675.250000
2024-05-06,2679.790000
2024-05-07,2680.800000
2024-05-08,2681.790000
2024-05-09,2682.800000
2024-05-10,2683.450000
2024-05-13,2684.790000
2024-05-14,2685.160000
2024-05-15,2685.680000
2024-05-16,2686.100000
2024-05-17,2688.980000
2024-05-20,2692.260000
2024-05-21,2696.370000
2024-05-22,2693.290000
2024-05-23,2684.470000
2024-05-24,2695.380000
2024-05-28,2697.980000
2024-05-29,2688.210000
2024-05-30,2678.820000
2024-05-31,2693.440000
2024-06-03,2695.670000
2024-06-04,2697.330000
2024-06-05,2710.510000
2024-06-06,2712.300000
2024-06-07,2713.210000
2024-06-10,2717.320000
2024-06-11,2719.630000
2024-06-12,2725.210000
2024-06-13,2726.420000
2024-06-14,2726.860000
2024-06-17,2728.630000
2024-06-18,2729.290000
2024-06-20,2730.140000
2024-06-21,2730.300000
2024-06-24,2729.290000
2024-06-25,2735.090000
2024-06-26,2738.350000
2024-06-27,2741.440000
2024-06-28,2737.620000
2024-07-01,2744.080000
2024-07-02,2751.220000
2024-07-03,2754.910000
2024-07-05,2759.320000
2024-07-08,2761.830000
2024-07-09,2763.100000
2024-07-10,2764.690000
2024-07-11,2764.920000
2024-07-12,2766.670000
2024-07-15,2768.120000
2024-07-16,2768.730000
2024-07-17,2769.040000
2024-07-18,2769.300000
2024-07-19,2769.080000
2024-07-22,2785.250000
2024-07-23,2784.770000
2024-07-24,2748.570000
2024-07-25,2738.800000
2024-07-26,2761.350000
2024-07-29,2764.930000
2024-07-30,2755.440000
2024-07-31,2781.870000
2024-08-01,2759.740000
2024-08-02,2719.310000
2024-08-05,2647.120000
2024-08-06,2671.970000
2024-08-07,2654.080000
2024-08-08,2713.440000
2024-08-09,2726.080000
2024-08-12,2729.140000
2024-08-13,2771.950000
2024-08-14,2782.350000
2024-08-15,2818.380000
2024-08-16,2822.940000
2024-08-19,2834.780000
2024-08-20,2831.730000
2024-08-21,2834.710000
2024-08-22,2827.040000
2024-08-23,2838.870000
2024-08-26,2840.170000
2024-08-27,2842.760000
2024-08-28,2836.700000
2024-08-29,2840.200000
2024-08-30,2848.910000
2024-09-03,2828.270000
2024-09-04,2825.430000
2024-09-05,2824.440000
2024-09-06,2794.630000
2024-09-09,2820.590000
2024-09-10,2829.510000
2024-09-11,2844.880000
2024-09-12,2856.630000
2024-09-13,2861.740000
2024-09-16,2864.600000
2024-09-17,2865.340000
2024-09-18,2867.800000
2024-09-19,2870.700000
2024-09-20,2873.390000
2024-09-23,2880.300000
2024-09-24,2884.890000
2024-09-25,2883.590000
2024-09-26,2887.880000
2024-09-27,2885.060000
2024-09-30,2892.170000
2024-10-01,2880.370000
2024-10-02,2882.630000
2024-10-03,2880.410000
2024-10-04,2894.470000
2024-10-07,2885.220000
2024-10-08,2897.790000
2024-10-09,2904.720000
2024-10-10,2906.700000
2024-10-11,2910.890000
2024-10-14,2914.570000
2024-10-15,2915.140000
2024-10-16,2916.180000
2024-10-17,2916.760000
2024-10-18,2918.230000
2024-10-21,2918.320000
2024-10-22,2918.390000
2024-10-23,2904.420000
2024-10-24,2909.200000
2024-10-25,2907.970000
2024-10-28,2915.020000
2024-10-29,2918.260000
2024-10-30,2914.370000
2024-10-31,2878.060000
2024-11-01,2888.130000
2024-11-04,2886.290000
2024-11-05,2911.790000
2024-11-06,2955.180000
2024-11-07,2962.150000
2024-11-08,2964.530000
2024-11-11,2966.770000
2024-11-12,2967.530000
2024-11-13,2968.410000
2024-11-14,2968.900000
2024-11-15,2968.080000
2024-11-18,2976.460000
2024-11-19,2979.170000
2024-11-20,2978.130000
2024-11-21,2985.030000
2024-11-22,2991.660000
2024-11-25,2998.280000
2024-11-26,3003.030000
2024-11-27,3002.500000
2024-11-29,3007.050000
2024-12-02,3010.070000
2024-12-03,3011.450000
2024-12-04,3013.650000
2024-12-05,3014.380000
2024-12-06,3016.240000
2024-12-09,3016.720000
2024-12-10,3016.810000
2024-12-11,3019.240000
2024-12-12,3019.510000
2024-12-13,3020.470000
2024-12-16,3021.750000
2024-12-17,3022.000000
2024-12-18,2997.850000
2024-12-19,3011.070000
2024-12-20,3002.000000
2024-12-23,3012.880000
2024-12-24,3025.950000
2024-12-26,3027.350000
2024-12-27,3019.120000
2024-12-30,3008.370000
2024-12-31,3005.260000
2025-01-02,3001.470000
2025-01-03,3022.780000
2025-01-06,3031.130000
2025-01-07,3018.520000
2025-01-08,3022.070000
2025-01-10,2997.960000
2025-01-13,3004.350000
2025-01-14,3008.810000
2025-01-15,3043.620000
2025-01-16,3046.740000
2025-01-17,3046.090000
2025-01-21,3061.860000
2025-01-22,3068.160000
2025-01-23,3073.090000
2025-01-24,3071.970000
2025-01-27,3054.550000
2025-01-28,3067.210000
2025-01-29,3062.940000
2025-01-30,3071.520000
2025-01-31,3065.250000
2025-02-03,3055.900000
2025-02-04,3069.570000
2025-02-05,3077.110000
2025-02-06,3082.330000
2025-02-07,3074.440000
2025-02-10,3086.110000
2025-02-11,3088.120000
2025-02-12,3087.310000
2025-02-13,3095.550000
2025-02-14,3097.640000
2025-02-18,3101.010000
2025-02-19,3101.770000
2025-02-20,3102.350000
2025-02-21,3082.840000
2025-02-24,3075.160000
2025-02-25,3065.060000
2025-02-26,3066.050000
2025-02-27,3028.640000
2025-02-28,3065.890000
2025-03-03,3024.620000
2025-03-04,2991.760000
2025-03-05,3022.200000
2025-03-06,2971.690000
2025-03-07,2987.920000
2025-03-10,2910.840000
2025-03-11,2887.360000
2025-03-12,2901.130000
2025-03-13,2862.600000
2025-03-14,2920.170000
2025-03-17,2943.260000
2025-03-18,2911.720000
2025-03-19,2942.830000
2025-03-20,2935.950000
2025-03-21,2924.700000
2025-03-24,2946.710000
2025-03-25,2950.700000
2025-03-26,2939.920000
2025-03-27,2937.630000
2025-03-28,2908.030000
2025-03-31,2919.760000
2025-04-01,2925.680000
2025-04-02,2934.920000
2025-04-03,2841.560000
2025-04-04,2680.340000
2025-04-07,2674.700000
2025-04-08,2634.450000
2025-04-09,2866.390000
2025-04-10,2779.660000
2025-04-11,2827.890000
2025-04-14,2857.960000
2025-04-15,2853.920000
2025-04-16,2789.030000
2025-04-17,2801.570000
2025-04-21,2766.370000
2025-04-22,2807.650000
2025-04-23,2829.940000
2025-04-24,2849.790000
2025-04-25,2858.830000
2025-04-28,2862.920000
2025-04-29,2868.090000
2025-04-30,2870.190000
2025-05-01,2873.320000
2025-05-02,2879.150000
2025-05-05,2881.430000
2025-05-06,2880.480000
2025-05-07,2882.820000
2025-05-08,2885.000000
2025-05-09,2886.230000
2025-05-12,2888.230000
2025-05-13,2888.500000
2025-05-14,2888.950000
2025-05-15,2889.330000
2025-05-16,2894.500000
2025-05-19,2896.250000
2025-05-20,2894.010000
2025-05-21,2868.470000
2025-05-22,2870.440000
2025-05-23,2856.940000
2025-05-27,2897.850000
2025-05-28,2890.930000
2025-05-29,2897.460000
2025-05-30,2897.290000
2025-06-02,2908.030000
2025-06-03,2917.100000
2025-06-04,2918.430000
2025-06-05,2913.370000
2025-06-06,2927.820000
2025-06-09,2931.470000
2025-06-10,2936.300000
2025-06-11,2935.010000
2025-06-12,2937.800000
2025-06-13,2929.210000
2025-06-16,2942.070000
2025-06-17,2936.290000
2025-06-18,2943.270000
2025-06-20,2943.780000
2025-06-23,2960.160000
2025-06-24,2973.880000
2025-06-25,2976.660000
2025-06-26,2982.730000
2025-06-27,2986.060000
2025-06-30,2989.620000
2025-07-01,2990.480000
2025-07-02,2992.550000
2025-07-03,2994.550000
2025-07-07,2996.050000
2025-07-08,2997.870000
2025-07-09,2999.490000
2025-07-10,3000.160000
2025-07-11,3000.620000
2025-07-14,3002.080000
2025-07-15,3002.440000
2025-07-16,3002.990000
2025-07-17,3003.410000
2025-07-18,3003.140000
2025-07-21,3008.130000
2025-07-22,3009.680000
2025-07-23,3021.280000
2025-07-24,3023.440000
2025-07-25,3028.050000
2025-07-28,3030.860000
2025-07-29,3028.430000
2025-07-30,3028.840000
2025-07-31,3025.690000
2025-08-01,2999.850000
2025-08-04,3028.550000
2025-08-05,3024.060000
2025-08-06,3035.390000
2025-08-07,3036.170000
2025-08-08,3044.440000
2025-08-11,3045.090000
2025-08-12,3050.250000
2025-08-13,3051.170000
2025-08-14,3051.690000
2025-08-15,3051.960000
2025-08-18,3054.950000
2025-08-19,3047.650000
2025-08-20,3043.460000
2025-08-21,3035.510000
2025-08-22,3063.090000
2025-08-25,3060.280000
2025-08-26,3066.470000
2025-08-27,3069.010000
2025-08-28,3075.480000
2025-08-29,3067.970000
2025-09-02,3058.580000
2025-09-03,3068.880000
2025-09-04,3080.840000
2025-09-05,3080.690000
2025-09-08,3086.020000
2025-09-09,3089.130000
2025-09-10,3091.890000
2025-09-11,3097.930000
2025-09-12,3098.770000
2025-09-15,3101.310000
2025-09-16,3101.640000
2025-09-17,3103.360000
2025-09-18,3104.440000
2025-09-19,3110.630000
2025-09-22,3116.750000
2025-09-23,3110.960000
2025-09-24,3109.200000
2025-09-25,3103.910000
2025-09-26,3115.630000
2025-09-29,3121.920000
2025-09-30,3126.270000
2025-10-01,3131.130000
2025-10-02,3132.510000
2025-10-03,3134.370000
2025-10-06,3140.750000
2025-10-07,3138.080000
2025-10-08,3144.830000
2025-10-09,3144.170000
2025-10-10,3099.840000
2025-10-13,3137.880000
2025-10-14,3136.950000
2025-10-15,3145.470000
2025-10-16,3141.670000
2025-10-17,3156.760000
2025-10-20,3176.910000
2025-10-21,3179.040000
2025-10-22,3173.710000
2025-10-23,3182.720000
2025-10-24,3190.790000
2025-10-27,3200.030000
2025-10-28,3200.770000
2025-10-29,3200.480000
2025-10-30,3196.420000
2025-10-31,3199.120000
2025-11-03,3204.080000
2025-11-04,3196.020000
2025-11-05,3201.830000
2025-11-06,3192.350000
2025-11-07,3195.920000
2025-11-10,3211.200000
2025-11-11,3214.200000
2025-11-12,3215.110000
2025-11-13,3204.910000
2025-11-14,3207.810000
2025-11-17,3201.780000
2025-11-18,3193.750000
2025-11-19,3204.160000
2025-11-20,3183.850000
2025-11-21,3201.560000
2025-11-24,3225.490000
2025-11-25,3236.900000
2025-11-26,3243.260000
2025-11-28,3248.490000
2025-12-01,3248.470000
2025-12-02,3251.520000
2025-12-03,3254.230000
2025-12-04,3255.850000
2025-12-05,3257.570000
2025-12-08,3258.500000
2025-12-09,3259.340000
2025-12-10,3261.290000
2025-12-11,3262.720000
2025-12-12,3262.560000
2025-12-15,3264.290000
2025-12-16,3264.850000
2025-12-17,3264.460000
2025-12-18,3265.910000
2025-12-19,3268.390000
2025-12-22,3280.350000
2025-12-23,3285.660000
2025-12-24,3289.650000
2025-12-26,3291.880000
2025-12-29,3291.860000
2025-12-30,3291.770000
2025-12-31,3284.120000
2026-01-02,3289.220000
2026-01-05,3298.670000
2026-01-06,3303.520000
2026-01-07,3302.510000
2026-01-08,3303.440000
2026-01-09,3308.770000
2026-01-12,3310.900000
2026-01-13,3311.390000
2026-01-14,3312.060000
2026-01-15,3313.200000
2026-01-16,3310.470000
2026-01-20,3270.580000
2026-01-21,3299.000000
2026-01-22,3311.450000
2026-01-23,3312.850000
2026-01-26,3323.040000
2026-01-27,3329.100000
2026-01-28,3328.700000
2026-01-29,3326.680000
2026-01-30,3322.730000
2026-02-02,3335.650000
2026-02-03,3321.530000
2026-02-04,3310.960000
2026-02-05,3281.980000
2026-02-06,3329.800000
2026-02-09,3341.550000
2026-02-10,3339.600000
2026-02-11,3341.780000
2026-02-12,3308.010000
2026-02-13,3312.960000
2026-02-17,3322.080000
2026-02-18,3338.550000
2026-02-19,3333.150000
2026-02-20,3324.380000
2026-02-23,3307.720000
2026-02-24,3324.740000
2026-02-25,3340.900000
2026-02-26,3334.890000
2026-02-27,3326.550000
2026-03-02,3327.300000
2026-03-03,3310.080000
2026-03-04,3328.470000
2026-03-05,3317.700000
2026-03-06,3282.740000
2026-03-09,3312.320000
2026-03-10,3308.880000
2026-03-11,3311.450000
2026-03-12,3267.960000
2026-03-13,3252.380000
2026-03-16,3286.220000
2026-03-17,3297.040000
2026-03-18,3250.480000
2026-03-19,3241.720000
2026-03-20,3222.550000
2026-03-23,3245.440000
2026-03-24,3241.210000
2026-03-25,3252.930000
2026-03-26,3222.700000
2026-03-27,3187.350000
2026-03-30,3188.750000
2026-03-31,3251.030000
2026-04-01,3265.490000
2026-04-02,3270.440000
2026-04-06,3281.990000
2026-04-07,3278.240000
2026-04-08,3308.460000
2026-04-09,3313.760000
2026-04-10,3314.860000
2026-04-13,3317.580000
2026-04-14,3318.530000
2026-04-15,3319.130000
2026-04-16,3319.630000
2026-04-17,3317.050000
2026-04-20,3314.920000
2026-04-21,3302.420000
2026-04-22,3322.350000
2026-04-23,3317.170000
2026-04-24,3328.570000
2026-04-27,3335.630000
2026-04-28,3331.990000
2026-04-29,3332.120000
2026-04-30,3348.830000
2026-05-01,3353.190000
2026-05-04,3351.820000
2026-05-05,3361.640000
2026-05-06,3368.300000
2026-05-07,3369.330000
2026-05-08,3371.990000
2026-05-11,3373.510000
2026-05-12,3374.360000
2026-05-13,3375.050000
2026-05-14,3375.600000
2026-05-15,3374.000000
2026-05-18,3378.010000
2026-05-19,3368.210000
2026-05-20,3385.410000
2026-05-21,3392.140000
2026-05-22,3397.500000
2026-05-26,3409.580000
2026-05-27,3412.850000
2026-05-28,3420.790000
2026-05-29,3423.200000
2026-06-01,3426.950000
2026-06-02,3429.460000
2026-06-03,3426.320000
2026-06-04,3431.680000
2026-06-05,3394.750000
2026-06-08,3405.250000
2026-06-09,3398.430000
2026-06-10,3360.570000
2026-06-11,3403.000000
2026-06-12,3420.500000
2026-06-15,3442.330000
2026-06-16,3441.960000
2026-06-17,3434.760000
2026-06-18,3449.880000
2026-06-22,3449.000000
2026-06-23,3420.180000
2026-06-24,3420.040000
2026-06-25,3422.640000
2026-06-26,3452.060000
2026-06-29,3451.290000
2026-06-30,3466.250000
2026-07-01,3469.110000
2026-07-02,3468.450000
2026-07-06,3488.090000
2026-07-07,3481.870000
2026-07-08,3477.310000
2026-07-09,3492.730000
2026-07-10,3499.310000
2026-07-13,3492.600000
2026-07-14,3501.300000
2026-07-15,3506.100000
2026-07-16,3506.250000
2026-07-17,3477.130000
2026-07-20,3479.330000
2026-07-21,3495.590000
2026-07-22,3495.230000
2026-07-23,3473.250000
2026-07-24,3477.530000
2026-07-27,3481.160000
2026-07-28,3486.960000
2026-07-29,3451.930000
2026-07-30,3496.680000
2026-07-31,3509.160000
