date,close
1975-01-02,70.230000
1975-01-03,70.710000
1975-01-06,71.070000
1975-01-07,71.020000
1975-01-08,70.040000
1975-01-09,71.170000
1975-01-10,72.610000
1975-01-13,72.310000
1975-01-14,71.680000
1975-01-15,72.140000
1975-01-16,72.050000
1975-01-17,70.960000
1975-01-20,71.080000
1975-01-21,70.700000
1975-01-22,71.740000
1975-01-23,72.070000
1975-01-24,72.980000
1975-01-27,75.370000
1975-01-28,76.030000
1975-01-29,77.260000
1975-01-30,76.210000
1975-01-31,76.980000
1975-02-03,77.820000
1975-02-04,77.610000
1975-02-05,78.950000
1975-02-06,78.560000
1975-02-07,78.630000
1975-02-10,78.360000
1975-02-11,78.580000
1975-02-12,79.920000
1975-02-13,81.010000
1975-02-14,81.500000
1975-02-18,80.930000
1975-02-19,81.440000
1975-02-20,82.210000
1975-02-21,82.620000
1975-02-24,81.440000
1975-02-25,79.530000
1975-02-26,80.370000
1975-02-27,80.770000
1975-02-28,81.590000
1975-03-03,83.030000
1975-03-04,83.560000
1975-03-05,83.900000
1975-03-06,83.690000
1975-03-07,84.300000
1975-03-10,84.950000
1975-03-11,84.360000
1975-03-12,83.590000
1975-03-13,83.740000
1975-03-14,84.760000
1975-03-17,86.010000
1975-03-18,85.130000
1975-03-19,84.340000
1975-03-20,83.610000
1975-03-21,83.390000
1975-03-24,81.420000
1975-03-25,82.060000
1975-03-26,83.590000
1975-03-27,83.850000
1975-03-31,83.360000
1975-04-01,82.640000
1975-04-02,82.430000
1975-04-03,81.510000
1975-04-04,80.880000
1975-04-07,80.350000
1975-04-08,80.990000
1975-04-09,82.840000
1975-04-10,83.770000
1975-04-11,84.180000
1975-04-14,85.600000
1975-04-15,86.300000
1975-04-16,86.600000
1975-04-17,87.250000
1975-04-18,86.300000
1975-04-21,87.230000
1975-04-22,87.090000
1975-04-23,86.120000
1975-04-24,86.040000
1975-04-25,86.620000
1975-04-28,86.230000
1975-04-29,85.640000
1975-04-30,87.300000
1975-05-01,88.100000
1975-05-02,89.220000
1975-05-05,90.080000
1975-05-06,88.640000
1975-05-07,89.080000
1975-05-08,89.560000
1975-05-09,90.530000
1975-05-12,90.610000
1975-05-13,91.580000
1975-05-14,92.270000
1975-05-15,91.410000
1975-05-16,90.430000
1975-05-19,90.530000
1975-05-20,90.070000
1975-05-21,89.060000
1975-05-22,89.390000
1975-05-23,90.580000
1975-05-27,90.340000
1975-05-28,89.710000
1975-05-29,89.680000
1975-05-30,91.150000
1975-06-02,92.580000
1975-06-03,92.890000
1975-06-04,92.600000
1975-06-05,92.690000
1975-06-06,92.480000
1975-06-09,91.210000
1975-06-10,90.440000
1975-06-11,90.550000
1975-06-12,90.080000
1975-06-13,90.520000
1975-06-16,91.460000
1975-06-17,90.580000
1975-06-18,90.390000
1975-06-19,92.020000
1975-06-20,92.610000
1975-06-23,93.620000
1975-06-24,94.190000
1975-06-25,94.620000
1975-06-26,94.810000
1975-06-27,94.810000
1975-06-30,95.190000
1975-07-01,94.850000
1975-07-02,94.180000
1975-07-03,94.360000
1975-07-07,93.540000
1975-07-08,93.390000
1975-07-09,94.800000
1975-07-10,94.810000
1975-07-11,94.660000
1975-07-14,95.190000
1975-07-15,95.610000
1975-07-16,94.610000
1975-07-17,93.630000
1975-07-18,93.200000
1975-07-21,92.440000
1975-07-22,91.450000
1975-07-23,90.180000
1975-07-24,90.070000
1975-07-25,89.290000
1975-07-28,88.690000
1975-07-29,88.190000
1975-07-30,88.830000
1975-07-31,88.750000
1975-08-01,87.990000
1975-08-04,87.150000
1975-08-05,86.230000
1975-08-06,86.250000
1975-08-07,86.300000
1975-08-08,86.020000
1975-08-11,86.550000
1975-08-12,87.120000
1975-08-13,85.970000
1975-08-14,85.600000
1975-08-15,86.360000
1975-08-18,86.200000
1975-08-19,84.950000
1975-08-20,83.220000
1975-08-21,83.070000
1975-08-22,84.280000
1975-08-25,85.060000
1975-08-26,83.960000
1975-08-27,84.430000
1975-08-28,86.400000
1975-08-29,86.880000
1975-09-02,85.480000
1975-09-03,86.030000
1975-09-04,86.200000
1975-09-05,85.620000
1975-09-08,85.890000
1975-09-09,84.600000
1975-09-10,83.790000
1975-09-11,83.450000
1975-09-12,83.300000
1975-09-15,82.880000
1975-09-16,82.090000
1975-09-17,82.370000
1975-09-18,84.060000
1975-09-19,85.880000
1975-09-22,85.070000
1975-09-23,84.940000
1975-09-24,85.740000
1975-09-25,85.640000
1975-09-26,86.190000
1975-09-29,85.030000
1975-09-30,83.870000
1975-10-01,82.930000
1975-10-02,83.820000
1975-10-03,85.950000
1975-10-06,86.880000
1975-10-07,86.770000
1975-10-08,87.940000
1975-10-09,88.370000
1975-10-10,88.210000
1975-10-13,89.460000
1975-10-14,89.280000
1975-10-15,89.230000
1975-10-16,89.370000
1975-10-17,88.860000
1975-10-20,89.820000
1975-10-21,90.560000
1975-10-22,90.710000
1975-10-23,91.240000
1975-10-24,89.830000
1975-10-27,89.730000
1975-10-28,90.510000
1975-10-29,89.390000
1975-10-30,89.310000
1975-10-31,89.040000
1975-11-03,88.090000
1975-11-04,88.510000
1975-11-05,89.150000
1975-11-06,89.550000
1975-11-07,89.330000
1975-11-10,89.340000
1975-11-11,89.870000
1975-11-12,91.190000
1975-11-13,91.040000
1975-11-14,90.970000
1975-11-17,91.460000
1975-11-18,91.000000
1975-11-19,89.980000
1975-11-20,89.640000
1975-11-21,89.530000
1975-11-24,89.700000
1975-11-25,90.710000
1975-11-26,90.940000
1975-11-28,91.240000
1975-12-01,90.670000
1975-12-02,89.330000
1975-12-03,87.600000
1975-12-04,87.840000
1975-12-05,86.820000
1975-12-08,87.070000
1975-12-09,87.300000
1975-12-10,88.080000
1975-12-11,87.800000
1975-12-12,87.830000
1975-12-15,88.090000
1975-12-16,88.930000
1975-12-17,89.150000
1975-12-18,89.430000
1975-12-19,88.800000
1975-12-22,88.140000
1975-12-23,88.730000
1975-12-24,89.460000
1975-12-26,90.250000
1975-12-29,90.130000
1975-12-30,89.770000
1975-12-31,90.190000
1976-01-02,90.900000
1976-01-05,92.580000
1976-01-06,93.530000
1976-01-07,93.950000
1976-01-08,94.580000
1976-01-09,94.950000
1976-01-12,96.330000
1976-01-13,95.570000
1976-01-14,97.130000
1976-01-15,96.610000
1976-01-16,97.000000
1976-01-19,98.320000
1976-01-20,98.860000
1976-01-21,98.240000
1976-01-22,98.040000
1976-01-23,99.210000
1976-01-26,99.680000
1976-01-27,99.070000
1976-01-28,98.530000
1976-01-29,100.110000
1976-01-30,100.860000
1976-02-02,100.870000
1976-02-03,101.180000
1976-02-04,101.910000
1976-02-05,100.390000
1976-02-06,99.460000
1976-02-09,99.620000
1976-02-10,100.470000
1976-02-11,100.770000
1976-02-12,100.250000
1976-02-13,99.670000
1976-02-17,99.050000
1976-02-18,99.850000
1976-02-19,101.410000
1976-02-20,102.100000
1976-02-23,101.610000
1976-02-24,102.030000
1976-02-25,101.690000
1976-02-26,100.110000
1976-02-27,99.710000
1976-03-01,100.020000
1976-03-02,100.580000
1976-03-03,99.980000
1976-03-04,98.920000
1976-03-05,99.110000
1976-03-08,100.190000
1976-03-09,100.580000
1976-03-10,100.940000
1976-03-11,101.890000
1976-03-12,100.860000
1976-03-15,99.800000
1976-03-16,100.920000
1976-03-17,100.860000
1976-03-18,100.450000
1976-03-19,100.580000
1976-03-22,100.710000
1976-03-23,102.240000
1976-03-24,103.420000
1976-03-25,102.850000
1976-03-26,102.850000
1976-03-29,102.410000
1976-03-30,102.010000
1976-03-31,102.770000
1976-04-01,102.240000
1976-04-02,102.250000
1976-04-05,103.510000
1976-04-06,103.360000
1976-04-07,102.210000
1976-04-08,101.280000
1976-04-09,100.350000
1976-04-12,100.200000
1976-04-13,101.050000
1976-04-14,100.310000
1976-04-15,100.670000
1976-04-19,101.440000
1976-04-20,102.870000
1976-04-21,103.320000
1976-04-22,102.980000
1976-04-23,102.290000
1976-04-26,102.430000
1976-04-27,101.860000
1976-04-28,102.130000
1976-04-29,102.130000
1976-04-30,101.640000
1976-05-03,100.920000
1976-05-04,101.460000
1976-05-05,100.880000
1976-05-06,101.160000
1976-05-07,101.880000
1976-05-10,103.100000
1976-05-11,102.950000
1976-05-12,102.770000
1976-05-13,102.160000
1976-05-14,101.340000
1976-05-17,101.090000
1976-05-18,101.260000
1976-05-19,101.180000
1976-05-20,102.000000
1976-05-21,101.260000
1976-05-24,99.440000
1976-05-25,99.490000
1976-05-26,99.340000
1976-05-27,99.380000
1976-05-28,100.180000
1976-06-01,99.850000
1976-06-02,100.220000
1976-06-03,100.130000
1976-06-04,99.150000
1976-06-07,98.630000
1976-06-08,98.800000
1976-06-09,98.740000
1976-06-10,99.560000
1976-06-11,100.920000
1976-06-14,101.950000
1976-06-15,101.460000
1976-06-16,102.010000
1976-06-17,103.610000
1976-06-18,103.760000
1976-06-21,104.280000
1976-06-22,103.470000
1976-06-23,103.250000
1976-06-24,103.790000
1976-06-25,103.720000
1976-06-28,103.430000
1976-06-29,103.860000
1976-06-30,104.280000
1976-07-01,103.590000
1976-07-02,104.110000
1976-07-06,103.540000
1976-07-07,103.830000
1976-07-08,103.980000
1976-07-09,104.980000
1976-07-12,105.900000
1976-07-13,105.670000
1976-07-14,105.950000
1976-07-15,105.200000
1976-07-16,104.680000
1976-07-19,104.290000
1976-07-20,103.720000
1976-07-21,103.820000
1976-07-22,103.930000
1976-07-23,104.060000
1976-07-26,104.070000
1976-07-27,103.480000
1976-07-28,103.050000
1976-07-29,102.930000
1976-07-30,103.440000
1976-08-02,103.190000
1976-08-03,104.140000
1976-08-04,104.430000
1976-08-05,103.850000
1976-08-06,103.790000
1976-08-09,103.490000
1976-08-10,104.410000
1976-08-11,104.060000
1976-08-12,104.220000
1976-08-13,104.250000
1976-08-16,104.430000
1976-08-17,104.800000
1976-08-18,104.560000
1976-08-19,103.390000
1976-08-20,102.370000
1976-08-23,101.960000
1976-08-24,101.270000
1976-08-25,102.030000
1976-08-26,101.320000
1976-08-27,101.480000
1976-08-30,102.070000
1976-08-31,102.910000
1976-09-01,104.060000
1976-09-02,103.920000
1976-09-03,104.300000
1976-09-07,105.030000
1976-09-08,104.940000
1976-09-09,104.400000
1976-09-10,104.650000
1976-09-13,104.290000
1976-09-14,103.940000
1976-09-15,104.250000
1976-09-16,105.340000
1976-09-17,106.270000
1976-09-20,106.320000
1976-09-21,107.830000
1976-09-22,107.460000
1976-09-23,106.920000
1976-09-24,106.800000
1976-09-27,107.270000
1976-09-28,105.920000
1976-09-29,105.370000
1976-09-30,105.240000
1976-10-01,104.170000
1976-10-04,104.030000
1976-10-05,103.230000
1976-10-06,102.970000
1976-10-07,103.540000
1976-10-08,102.560000
1976-10-11,101.640000
1976-10-12,100.810000
1976-10-13,102.120000
1976-10-14,100.850000
1976-10-15,100.880000
1976-10-18,101.470000
1976-10-19,101.450000
1976-10-20,101.740000
1976-10-21,100.770000
1976-10-22,99.960000
1976-10-25,100.070000
1976-10-26,101.060000
1976-10-27,101.760000
1976-10-28,101.610000
1976-10-29,102.900000
1976-11-01,103.100000
1976-11-03,101.920000
1976-11-04,102.410000
1976-11-05,100.820000
1976-11-08,99.600000
1976-11-09,99.320000
1976-11-10,98.810000
1976-11-11,99.640000
1976-11-12,99.240000
1976-11-15,99.900000
1976-11-16,100.040000
1976-11-17,100.610000
1976-11-18,101.890000
1976-11-19,101.920000
1976-11-22,102.590000
1976-11-23,101.960000
1976-11-24,102.410000
1976-11-26,103.150000
1976-11-29,102.440000
1976-11-30,102.100000
1976-12-01,102.490000
1976-12-02,102.120000
1976-12-03,102.760000
1976-12-06,103.560000
1976-12-07,103.490000
1976-12-08,104.080000
1976-12-09,104.510000
1976-12-10,104.700000
1976-12-13,104.630000
1976-12-14,105.070000
1976-12-15,105.140000
1976-12-16,104.800000
1976-12-17,104.260000
1976-12-20,103.650000
1976-12-21,104.220000
1976-12-22,104.710000
1976-12-23,104.840000
1976-12-27,106.060000
1976-12-28,106.770000
1976-12-29,106.340000
1976-12-30,106.880000
1976-12-31,107.460000
1977-01-03,107.000000
1977-01-04,105.700000
1977-01-05,104.760000
1977-01-06,105.020000
1977-01-07,105.010000
1977-01-10,105.200000
1977-01-11,104.120000
1977-01-12,103.400000
1977-01-13,104.200000
1977-01-14,104.010000
1977-01-17,103.730000
1977-01-18,103.320000
1977-01-19,103.850000
1977-01-20,102.970000
1977-01-21,103.320000
1977-01-24,103.250000
1977-01-25,103.130000
1977-01-26,102.340000
1977-01-27,101.790000
1977-01-28,101.930000
1977-01-31,102.030000
1977-02-01,102.540000
1977-02-02,102.360000
1977-02-03,101.850000
1977-02-04,101.880000
1977-02-07,101.890000
1977-02-08,101.600000
1977-02-09,100.730000
1977-02-10,100.820000
1977-02-11,100.220000
1977-02-14,100.740000
1977-02-15,101.040000
1977-02-16,101.500000
1977-02-17,100.920000
1977-02-18,100.490000
1977-02-22,100.490000
1977-02-23,100.190000
1977-02-24,99.600000
1977-02-25,99.480000
1977-02-28,99.820000
1977-03-01,100.660000
1977-03-02,100.390000
1977-03-03,100.880000
1977-03-04,101.200000
1977-03-07,101.250000
1977-03-08,100.870000
1977-03-09,100.100000
1977-03-10,100.670000
1977-03-11,100.650000
1977-03-14,101.420000
1977-03-15,101.980000
1977-03-16,102.170000
1977-03-17,102.080000
1977-03-18,101.860000
1977-03-21,101.310000
1977-03-22,101.000000
1977-03-23,100.200000
1977-03-24,99.700000
1977-03-25,99.060000
1977-03-28,99.000000
1977-03-29,99.690000
1977-03-30,98.540000
1977-03-31,98.420000
1977-04-01,99.210000
1977-04-04,98.230000
1977-04-05,98.010000
1977-04-06,97.910000
1977-04-07,98.350000
1977-04-11,98.880000
1977-04-12,100.150000
1977-04-13,100.160000
1977-04-14,101.000000
1977-04-15,101.040000
1977-04-18,100.540000
1977-04-19,100.070000
1977-04-20,100.400000
1977-04-21,99.750000
1977-04-22,98.440000
1977-04-25,97.150000
1977-04-26,97.110000
1977-04-27,97.960000
1977-04-28,98.200000
1977-04-29,98.440000
1977-05-02,98.930000
1977-05-03,99.430000
1977-05-04,99.960000
1977-05-05,100.110000
1977-05-06,99.490000
1977-05-09,99.180000
1977-05-10,99.470000
1977-05-11,98.780000
1977-05-12,98.730000
1977-05-13,99.030000
1977-05-16,99.470000
1977-05-17,99.770000
1977-05-18,100.300000
1977-05-19,99.880000
1977-05-20,99.450000
1977-05-23,98.150000
1977-05-24,97.670000
1977-05-25,96.770000
1977-05-26,97.010000
1977-05-27,96.270000
1977-05-31,96.120000
1977-06-01,96.930000
1977-06-02,96.740000
1977-06-03,97.690000
1977-06-06,97.230000
1977-06-07,97.730000
1977-06-08,98.200000
1977-06-09,98.140000
1977-06-10,98.460000
1977-06-13,98.740000
1977-06-14,99.860000
1977-06-15,99.610000
1977-06-16,99.850000
1977-06-17,99.970000
1977-06-20,100.420000
1977-06-21,100.740000
1977-06-22,100.460000
1977-06-23,100.620000
1977-06-24,101.190000
1977-06-27,100.980000
1977-06-28,100.140000
1977-06-29,100.110000
1977-06-30,100.480000
1977-07-01,100.100000
1977-07-05,100.090000
1977-07-06,99.580000
1977-07-07,99.930000
1977-07-08,99.790000
1977-07-11,99.550000
1977-07-12,99.450000
1977-07-13,99.590000
1977-07-15,100.180000
1977-07-18,100.950000
1977-07-19,101.790000
1977-07-20,101.730000
1977-07-21,101.590000
1977-07-22,101.670000
1977-07-25,100.850000
1977-07-26,100.270000
1977-07-27,98.640000
1977-07-28,98.790000
1977-07-29,98.850000
1977-08-01,99.120000
1977-08-02,98.500000
1977-08-03,98.370000
1977-08-04,98.740000
1977-08-05,98.760000
1977-08-08,97.990000
1977-08-09,98.050000
1977-08-10,98.920000
1977-08-11,98.160000
1977-08-12,97.880000
1977-08-15,98.180000
1977-08-16,97.730000
1977-08-17,97.740000
1977-08-18,97.680000
1977-08-19,97.510000
1977-08-22,97.790000
1977-08-23,97.620000
1977-08-24,97.230000
1977-08-25,96.150000
1977-08-26,96.060000
1977-08-29,96.920000
1977-08-30,96.380000
1977-08-31,96.770000
1977-09-01,96.830000
1977-09-02,97.450000
1977-09-06,97.710000
1977-09-07,98.010000
1977-09-08,97.280000
1977-09-09,96.370000
1977-09-12,96.030000
1977-09-13,96.090000
1977-09-14,96.550000
1977-09-15,96.800000
1977-09-16,96.480000
1977-09-19,95.850000
1977-09-20,95.890000
1977-09-21,95.100000
1977-09-22,95.090000
1977-09-23,95.040000
1977-09-26,95.380000
1977-09-27,95.240000
1977-09-28,95.310000
1977-09-29,95.850000
1977-09-30,96.530000
1977-10-03,96.740000
1977-10-04,96.030000
1977-10-05,95.680000
1977-10-06,96.050000
1977-10-07,95.970000
1977-10-10,95.750000
1977-10-11,94.930000
1977-10-12,94.040000
1977-10-13,93.460000
1977-10-14,93.560000
1977-10-17,93.470000
1977-10-18,93.460000
1977-10-19,92.380000
1977-10-20,92.670000
1977-10-21,92.320000
1977-10-24,91.630000
1977-10-25,91.000000
1977-10-26,92.100000
1977-10-27,92.340000
1977-10-28,92.610000
1977-10-31,92.340000
1977-11-01,91.350000
1977-11-02,90.710000
1977-11-03,90.760000
1977-11-04,91.580000
1977-11-07,92.290000
1977-11-08,92.460000
1977-11-09,92.980000
1977-11-10,94.710000
1977-11-11,95.980000
1977-11-14,95.320000
1977-11-15,95.930000
1977-11-16,95.450000
1977-11-17,95.160000
1977-11-18,95.330000
1977-11-21,95.250000
1977-11-22,96.090000
1977-11-23,96.490000
1977-11-25,96.690000
1977-11-28,96.040000
1977-11-29,94.550000
1977-11-30,94.830000
1977-12-01,94.690000
1977-12-02,94.670000
1977-12-05,94.270000
1977-12-06,92.830000
1977-12-07,92.780000
1977-12-08,92.960000
1977-12-09,93.650000
1977-12-12,93.630000
1977-12-13,93.560000
1977-12-14,94.030000
1977-12-15,93.550000
1977-12-16,93.400000
1977-12-19,92.690000
1977-12-20,92.500000
1977-12-21,93.050000
1977-12-22,93.800000
1977-12-23,94.690000
1977-12-27,94.690000
1977-12-28,94.750000
1977-12-29,94.940000
1977-12-30,95.100000
1978-01-03,93.820000
1978-01-04,93.520000
1978-01-05,92.740000
1978-01-06,91.620000
1978-01-09,90.640000
1978-01-10,90.170000
1978-01-11,89.740000
1978-01-12,89.820000
1978-01-13,89.690000
1978-01-16,89.430000
1978-01-17,89.880000
1978-01-18,90.560000
1978-01-19,90.090000
1978-01-20,89.890000
1978-01-23,89.240000
1978-01-24,89.250000
1978-01-25,89.390000
1978-01-26,88.580000
1978-01-27,88.580000
1978-01-30,89.340000
1978-01-31,89.250000
1978-02-01,89.930000
1978-02-02,90.130000
1978-02-03,89.620000
1978-02-06,89.500000
1978-02-07,90.330000
1978-02-08,90.830000
1978-02-09,90.300000
1978-02-10,90.080000
1978-02-13,89.860000
1978-02-14,89.040000
1978-02-15,88.830000
1978-02-16,88.080000
1978-02-17,87.960000
1978-02-21,87.590000
1978-02-22,87.560000
1978-02-23,87.640000
1978-02-24,88.490000
1978-02-27,87.720000
1978-02-28,87.040000
1978-03-01,87.190000
1978-03-02,87.320000
1978-03-03,87.450000
1978-03-06,86.900000
1978-03-07,87.360000
1978-03-08,87.840000
1978-03-09,87.890000
1978-03-10,88.880000
1978-03-13,88.950000
1978-03-14,89.350000
1978-03-15,89.120000
1978-03-16,89.510000
1978-03-17,90.200000
1978-03-20,90.820000
1978-03-21,89.790000
1978-03-22,89.470000
1978-03-23,89.360000
1978-03-27,88.870000
1978-03-28,89.500000
1978-03-29,89.640000
1978-03-30,89.410000
1978-03-31,89.210000
1978-04-03,88.460000
1978-04-04,88.860000
1978-04-05,89.640000
1978-04-06,89.790000
1978-04-07,90.170000
1978-04-10,90.490000
1978-04-11,90.250000
1978-04-12,90.110000
1978-04-13,90.980000
1978-04-14,92.920000
1978-04-17,94.450000
1978-04-18,93.430000
1978-04-19,93.860000
1978-04-20,94.540000
1978-04-21,94.340000
1978-04-24,95.770000
1978-04-25,96.640000
1978-04-26,96.820000
1978-04-27,95.860000
1978-04-28,96.830000
1978-05-01,97.670000
1978-05-02,97.250000
1978-05-03,96.260000
1978-05-04,95.930000
1978-05-05,96.530000
1978-05-08,96.190000
1978-05-09,95.900000
1978-05-10,95.920000
1978-05-11,97.200000
1978-05-12,98.070000
1978-05-15,98.760000
1978-05-16,99.350000
1978-05-17,99.600000
1978-05-18,98.620000
1978-05-19,98.120000
1978-05-22,99.090000
1978-05-23,98.050000
1978-05-24,97.080000
1978-05-25,96.800000
1978-05-26,96.580000
1978-05-30,96.860000
1978-05-31,97.240000
1978-06-01,97.350000
1978-06-02,98.140000
1978-06-05,99.950000
1978-06-06,100.320000
1978-06-07,100.120000
1978-06-08,100.210000
1978-06-09,99.930000
1978-06-12,99.550000
1978-06-13,99.570000
1978-06-14,99.480000
1978-06-15,98.340000
1978-06-16,97.420000
1978-06-19,97.490000
1978-06-20,96.510000
1978-06-21,96.010000
1978-06-22,96.240000
1978-06-23,95.850000
1978-06-26,94.600000
1978-06-27,94.980000
1978-06-28,95.400000
1978-06-29,95.570000
1978-06-30,95.530000
1978-07-03,95.090000
1978-07-05,94.270000
1978-07-06,94.320000
1978-07-07,94.890000
1978-07-10,95.270000
1978-07-11,95.930000
1978-07-12,96.240000
1978-07-13,96.250000
1978-07-14,97.580000
1978-07-17,97.780000
1978-07-18,96.870000
1978-07-19,98.120000
1978-07-20,98.030000
1978-07-21,97.750000
1978-07-24,97.720000
1978-07-25,98.440000
1978-07-26,99.080000
1978-07-27,99.540000
1978-07-28,100.000000
1978-07-31,100.680000
1978-08-01,100.660000
1978-08-02,102.920000
1978-08-03,103.510000
1978-08-04,103.920000
1978-08-07,103.550000
1978-08-08,104.010000
1978-08-09,104.500000
1978-08-10,103.660000
1978-08-11,103.960000
1978-08-14,103.970000
1978-08-15,103.850000
1978-08-16,104.650000
1978-08-17,105.080000
1978-08-18,104.730000
1978-08-21,103.890000
1978-08-22,104.310000
1978-08-23,104.910000
1978-08-24,105.080000
1978-08-25,104.900000
1978-08-28,103.960000
1978-08-29,103.390000
1978-08-30,103.500000
1978-08-31,103.290000
1978-09-01,103.680000
1978-09-05,104.490000
1978-09-06,105.380000
1978-09-07,105.420000
1978-09-08,106.790000
1978-09-11,106.980000
1978-09-12,106.990000
1978-09-13,106.340000
1978-09-14,105.100000
1978-09-15,104.120000
1978-09-18,103.210000
1978-09-19,102.530000
1978-09-20,101.730000
1978-09-21,101.900000
1978-09-22,101.840000
1978-09-25,101.860000
1978-09-26,102.620000
1978-09-27,101.660000
1978-09-28,101.960000
1978-09-29,102.540000
1978-10-02,102.960000
1978-10-03,102.600000
1978-10-04,103.060000
1978-10-05,103.270000
1978-10-06,103.520000
1978-10-09,104.590000
1978-10-10,104.460000
1978-10-11,105.390000
1978-10-12,104.880000
1978-10-13,104.660000
1978-10-16,102.610000
1978-10-17,101.260000
1978-10-18,100.490000
1978-10-19,99.330000
1978-10-20,97.950000
1978-10-23,98.180000
1978-10-24,97.490000
1978-10-25,97.310000
1978-10-26,96.030000
1978-10-27,94.590000
1978-10-30,95.060000
1978-10-31,93.150000
1978-11-01,96.850000
1978-11-02,95.610000
1978-11-03,96.180000
1978-11-06,95.190000
1978-11-07,93.850000
1978-11-08,94.450000
1978-11-09,94.420000
1978-11-10,94.770000
1978-11-13,93.130000
1978-11-14,92.490000
1978-11-15,92.710000
1978-11-16,93.710000
1978-11-17,94.420000
1978-11-20,95.250000
1978-11-21,95.010000
1978-11-22,95.480000
1978-11-24,95.790000
1978-11-27,95.990000
1978-11-28,95.150000
1978-11-29,93.750000
1978-11-30,94.700000
1978-12-01,96.280000
1978-12-04,96.150000
1978-12-05,97.440000
1978-12-06,97.490000
1978-12-07,97.080000
1978-12-08,96.630000
1978-12-11,97.110000
1978-12-12,96.590000
1978-12-13,96.060000
1978-12-14,96.040000
1978-12-15,95.330000
1978-12-18,93.440000
1978-12-19,94.240000
1978-12-20,94.680000
1978-12-21,94.710000
1978-12-22,96.310000
1978-12-26,97.520000
1978-12-27,96.660000
1978-12-28,96.280000
1978-12-29,96.110000
1979-01-02,96.730000
1979-01-03,97.800000
1979-01-04,98.580000
1979-01-05,99.130000
1979-01-08,98.800000
1979-01-09,99.330000
1979-01-10,98.770000
1979-01-11,99.100000
1979-01-12,99.930000
1979-01-15,100.690000
1979-01-16,99.460000
1979-01-17,99.480000
1979-01-18,99.720000
1979-01-19,99.750000
1979-01-22,99.900000
1979-01-23,100.600000
1979-01-24,100.160000
1979-01-25,101.190000
1979-01-26,101.860000
1979-01-29,101.550000
1979-01-30,101.050000
1979-01-31,99.930000
1979-02-01,99.960000
1979-02-02,99.500000
1979-02-05,98.090000
1979-02-06,98.050000
1979-02-07,97.160000
1979-02-08,97.650000
1979-02-09,97.870000
1979-02-12,98.200000
1979-02-13,98.930000
1979-02-14,98.870000
1979-02-15,98.730000
1979-02-16,98.670000
1979-02-20,99.420000
1979-02-21,99.070000
1979-02-22,98.330000
1979-02-23,97.780000
1979-02-26,97.670000
1979-02-27,96.130000
1979-02-28,96.280000
1979-03-01,96.900000
1979-03-02,96.970000
1979-03-05,98.060000
1979-03-06,97.870000
1979-03-07,98.440000
1979-03-08,99.580000
1979-03-09,99.540000
1979-03-12,99.670000
1979-03-13,99.840000
1979-03-14,99.710000
1979-03-15,99.860000
1979-03-16,100.690000
1979-03-19,101.060000
1979-03-20,100.500000
1979-03-21,101.250000
1979-03-22,101.670000
1979-03-23,101.600000
1979-03-26,101.040000
1979-03-27,102.480000
1979-03-28,102.120000
1979-03-29,102.030000
1979-03-30,101.590000
1979-04-02,100.900000
1979-04-03,102.400000
1979-04-04,102.650000
1979-04-05,103.260000
1979-04-06,103.180000
1979-04-09,102.870000
1979-04-10,103.340000
1979-04-11,102.310000
1979-04-12,102.000000
1979-04-16,101.120000
1979-04-17,101.240000
1979-04-18,101.700000
1979-04-19,101.280000
1979-04-20,101.230000
1979-04-23,101.570000
1979-04-24,102.200000
1979-04-25,102.500000
1979-04-26,102.010000
1979-04-27,101.800000
1979-04-30,101.760000
1979-05-01,101.680000
1979-05-02,101.720000
1979-05-03,101.810000
1979-05-04,100.690000
1979-05-07,99.020000
1979-05-08,99.170000
1979-05-09,99.460000
1979-05-10,98.520000
1979-05-11,98.520000
1979-05-14,98.060000
1979-05-15,98.140000
1979-05-16,98.420000
1979-05-17,99.940000
1979-05-18,99.930000
1979-05-21,100.140000
1979-05-22,100.510000
1979-05-23,99.890000
1979-05-24,99.930000
1979-05-25,100.220000
1979-05-29,100.050000
1979-05-30,99.110000
1979-05-31,99.080000
1979-06-01,99.170000
1979-06-04,99.320000
1979-06-05,100.620000
1979-06-06,101.300000
1979-06-07,101.790000
1979-06-08,101.490000
1979-06-11,101.910000
1979-06-12,102.850000
1979-06-13,102.310000
1979-06-14,102.200000
1979-06-15,102.090000
1979-06-18,101.560000
1979-06-19,101.580000
1979-06-20,101.630000
1979-06-21,102.090000
1979-06-22,102.640000
1979-06-25,102.090000
1979-06-26,101.660000
1979-06-27,102.270000
1979-06-28,102.800000
1979-06-29,102.910000
1979-07-02,101.990000
1979-07-03,102.090000
1979-07-05,102.430000
1979-07-06,103.620000
1979-07-09,104.470000
1979-07-10,104.200000
1979-07-11,103.640000
1979-07-12,102.690000
1979-07-13,102.320000
1979-07-16,102.740000
1979-07-17,101.830000
1979-07-18,101.690000
1979-07-19,101.610000
1979-07-20,101.820000
1979-07-23,101.590000
1979-07-24,101.970000
1979-07-25,103.080000
1979-07-26,103.100000
1979-07-27,103.100000
1979-07-30,103.150000
1979-07-31,103.810000
1979-08-01,104.170000
1979-08-02,104.100000
1979-08-03,104.040000
1979-08-06,104.300000
1979-08-07,105.650000
1979-08-08,105.980000
1979-08-09,105.490000
1979-08-10,106.400000
1979-08-13,107.420000
1979-08-14,107.520000
1979-08-15,108.250000
1979-08-16,108.090000
1979-08-17,108.300000
1979-08-20,108.830000
1979-08-21,108.910000
1979-08-22,108.990000
1979-08-23,108.630000
1979-08-24,108.600000
1979-08-27,109.140000
1979-08-28,109.020000
1979-08-29,109.020000
1979-08-30,109.020000
1979-08-31,109.320000
1979-09-04,107.440000
1979-09-05,106.400000
1979-09-06,106.850000
1979-09-07,107.660000
1979-09-10,108.170000
1979-09-11,107.510000
1979-09-12,107.820000
1979-09-13,107.850000
1979-09-14,108.760000
1979-09-17,108.840000
1979-09-18,108.000000
1979-09-19,108.280000
1979-09-20,110.510000
1979-09-21,110.470000
1979-09-24,109.610000
1979-09-25,109.680000
1979-09-26,109.960000
1979-09-27,110.210000
1979-09-28,109.320000
1979-10-01,108.560000
1979-10-02,109.590000
1979-10-03,109.590000
1979-10-04,110.170000
1979-10-05,111.270000
1979-10-08,109.880000
1979-10-09,106.630000
1979-10-10,105.300000
1979-10-11,105.050000
1979-10-12,104.490000
1979-10-15,103.360000
1979-10-16,103.190000
1979-10-17,103.390000
1979-10-18,103.610000
1979-10-19,101.600000
1979-10-22,100.710000
1979-10-23,100.280000
1979-10-24,100.440000
1979-10-25,100.000000
1979-10-26,100.570000
1979-10-29,100.710000
1979-10-30,102.670000
1979-10-31,101.820000
1979-11-01,102.570000
1979-11-02,102.510000
1979-11-05,101.820000
1979-11-06,101.200000
1979-11-07,99.870000
1979-11-08,100.300000
1979-11-09,101.510000
1979-11-12,103.510000
1979-11-13,102.940000
1979-11-14,103.390000
1979-11-15,104.130000
1979-11-16,103.790000
1979-11-19,104.230000
1979-11-20,103.690000
1979-11-21,103.890000
1979-11-23,104.670000
1979-11-26,106.800000
1979-11-27,106.380000
1979-11-28,106.770000
1979-11-29,106.810000
1979-11-30,106.160000
1979-12-03,105.830000
1979-12-04,106.790000
1979-12-05,107.250000
1979-12-06,108.000000
1979-12-07,107.520000
1979-12-10,107.670000
1979-12-11,107.490000
1979-12-12,107.520000
1979-12-13,107.670000
1979-12-14,108.920000
1979-12-17,109.330000
1979-12-18,108.300000
1979-12-19,108.200000
1979-12-20,108.260000
1979-12-21,107.590000
1979-12-24,107.660000
1979-12-26,107.780000
1979-12-27,107.960000
1979-12-28,107.840000
1979-12-31,107.940000
1980-01-02,105.760000
1980-01-03,105.220000
1980-01-04,106.520000
1980-01-07,106.810000
1980-01-08,108.950000
1980-01-09,109.050000
1980-01-10,109.890000
1980-01-11,109.920000
1980-01-14,110.380000
1980-01-15,111.140000
1980-01-16,111.050000
1980-01-17,110.700000
1980-01-18,111.070000
1980-01-21,112.100000
1980-01-22,111.510000
1980-01-23,113.440000
1980-01-24,113.700000
1980-01-25,113.610000
1980-01-28,114.850000
1980-01-29,114.070000
1980-01-30,115.200000
1980-01-31,114.160000
1980-02-01,115.120000
1980-02-04,114.370000
1980-02-05,114.660000
1980-02-06,115.720000
1980-02-07,116.280000
1980-02-08,117.950000
1980-02-11,117.120000
1980-02-12,117.900000
1980-02-13,118.440000
1980-02-14,116.720000
1980-02-15,115.410000
1980-02-19,114.600000
1980-02-20,116.470000
1980-02-21,115.280000
1980-02-22,115.040000
1980-02-25,113.330000
1980-02-26,113.980000
1980-02-27,112.380000
1980-02-28,112.350000
1980-02-29,113.660000
1980-03-03,112.500000
1980-03-04,112.780000
1980-03-05,111.130000
1980-03-06,108.650000
1980-03-07,106.900000
1980-03-10,106.510000
1980-03-11,107.780000
1980-03-12,106.870000
1980-03-13,105.620000
1980-03-14,105.430000
1980-03-17,102.260000
1980-03-18,104.100000
1980-03-19,104.310000
1980-03-20,103.120000
1980-03-21,102.310000
1980-03-24,99.280000
1980-03-25,99.190000
1980-03-26,98.680000
1980-03-27,98.220000
1980-03-28,100.680000
1980-03-31,102.090000
1980-04-01,102.180000
1980-04-02,102.680000
1980-04-03,102.150000
1980-04-07,100.190000
1980-04-08,101.200000
1980-04-09,103.110000
1980-04-10,104.080000
1980-04-11,103.790000
1980-04-14,102.840000
1980-04-15,102.630000
1980-04-16,101.540000
1980-04-17,101.050000
1980-04-18,100.550000
1980-04-21,99.800000
1980-04-22,103.430000
1980-04-23,103.730000
1980-04-24,104.400000
1980-04-25,105.160000
1980-04-28,105.640000
1980-04-29,105.860000
1980-04-30,106.290000
1980-05-01,105.460000
1980-05-02,105.580000
1980-05-05,106.380000
1980-05-06,106.250000
1980-05-07,107.180000
1980-05-08,106.130000
1980-05-09,104.720000
1980-05-12,104.780000
1980-05-13,106.300000
1980-05-14,106.850000
1980-05-15,106.990000
1980-05-16,107.350000
1980-05-19,107.670000
1980-05-20,107.620000
1980-05-21,107.720000
1980-05-22,109.010000
1980-05-23,110.620000
1980-05-27,111.400000
1980-05-28,112.060000
1980-05-29,110.270000
1980-05-30,111.240000
1980-06-02,110.760000
1980-06-03,110.510000
1980-06-04,112.610000
1980-06-05,112.780000
1980-06-06,113.200000
1980-06-09,113.710000
1980-06-10,114.660000
1980-06-11,116.020000
1980-06-12,115.520000
1980-06-13,115.810000
1980-06-16,116.090000
1980-06-17,116.030000
1980-06-18,116.260000
1980-06-19,114.660000
1980-06-20,114.060000
1980-06-23,114.510000
1980-06-24,115.140000
1980-06-25,116.720000
1980-06-26,116.190000
1980-06-27,116.000000
1980-06-30,114.240000
1980-07-01,114.930000
1980-07-02,115.680000
1980-07-03,117.460000
1980-07-07,118.290000
1980-07-08,117.840000
1980-07-09,117.980000
1980-07-10,116.950000
1980-07-11,117.840000
1980-07-14,120.010000
1980-07-15,119.300000
1980-07-16,119.630000
1980-07-17,121.440000
1980-07-18,122.040000
1980-07-21,122.510000
1980-07-22,122.190000
1980-07-23,121.930000
1980-07-24,121.790000
1980-07-25,120.780000
1980-07-28,121.430000
1980-07-29,122.400000
1980-07-30,122.230000
1980-07-31,121.670000
1980-08-01,121.210000
1980-08-04,120.980000
1980-08-05,120.740000
1980-08-06,121.550000
1980-08-07,123.300000
1980-08-08,123.610000
1980-08-11,124.780000
1980-08-12,123.790000
1980-08-13,123.280000
1980-08-14,125.250000
1980-08-15,125.720000
1980-08-18,123.390000
1980-08-19,122.600000
1980-08-20,123.770000
1980-08-21,125.460000
1980-08-22,126.020000
1980-08-25,125.160000
1980-08-26,124.840000
1980-08-27,123.520000
1980-08-28,122.080000
1980-08-29,122.380000
1980-09-02,123.740000
1980-09-03,126.120000
1980-09-04,125.420000
1980-09-05,124.880000
1980-09-08,123.310000
1980-09-09,124.070000
1980-09-10,124.810000
1980-09-11,125.660000
1980-09-12,125.540000
1980-09-15,125.670000
1980-09-16,126.740000
1980-09-17,128.870000
1980-09-18,128.400000
1980-09-19,129.250000
1980-09-22,130.400000
1980-09-23,129.430000
1980-09-24,130.370000
1980-09-25,128.720000
1980-09-26,126.350000
1980-09-29,123.540000
1980-09-30,125.460000
1980-10-01,127.130000
1980-10-02,128.090000
1980-10-03,129.330000
1980-10-06,131.730000
1980-10-07,131.000000
1980-10-08,131.650000
1980-10-09,131.040000
1980-10-10,130.290000
1980-10-13,132.030000
1980-10-14,132.020000
1980-10-15,133.700000
1980-10-16,132.220000
1980-10-17,131.520000
1980-10-20,132.610000
1980-10-21,131.840000
1980-10-22,131.920000
1980-10-23,129.530000
1980-10-24,129.850000
1980-10-27,127.880000
1980-10-28,128.050000
1980-10-29,127.910000
1980-10-30,126.290000
1980-10-31,127.470000
1980-11-03,129.040000
1980-11-05,131.330000
1980-11-06,128.910000
1980-11-07,129.180000
1980-11-10,129.480000
1980-11-11,131.260000
1980-11-12,134.590000
1980-11-13,136.490000
1980-11-14,137.150000
1980-11-17,137.750000
1980-11-18,139.700000
1980-11-19,139.060000
1980-11-20,140.400000
1980-11-21,139.110000
1980-11-24,138.310000
1980-11-25,139.330000
1980-11-26,140.170000
1980-11-28,140.520000
1980-12-01,137.210000
1980-12-02,136.970000
1980-12-03,136.710000
1980-12-04,136.480000
1980-12-05,134.030000
1980-12-08,130.610000
1980-12-09,130.480000
1980-12-10,128.260000
1980-12-11,127.360000
1980-12-12,129.230000
1980-12-15,129.450000
1980-12-16,130.600000
1980-12-17,132.890000
1980-12-18,133.000000
1980-12-19,133.700000
1980-12-22,135.780000
1980-12-23,135.300000
1980-12-24,135.880000
1980-12-26,136.570000
1980-12-29,135.030000
1980-12-30,135.330000
1980-12-31,135.760000
1981-01-02,136.340000
1981-01-05,137.970000
1981-01-06,138.120000
1981-01-07,135.080000
1981-01-08,133.060000
1981-01-09,133.480000
1981-01-12,133.520000
1981-01-13,133.290000
1981-01-14,133.470000
1981-01-15,134.220000
1981-01-16,134.770000
1981-01-19,134.370000
1981-01-20,131.650000
1981-01-21,131.360000
1981-01-22,130.260000
1981-01-23,130.230000
1981-01-26,129.840000
1981-01-27,131.120000
1981-01-28,130.340000
1981-01-29,130.240000
1981-01-30,129.550000
1981-02-02,126.910000
1981-02-03,128.460000
1981-02-04,128.590000
1981-02-05,129.630000
1981-02-06,130.600000
1981-02-09,129.270000
1981-02-10,129.240000
1981-02-11,128.240000
1981-02-12,127.480000
1981-02-13,126.980000
1981-02-17,127.810000
1981-02-18,128.480000
1981-02-19,126.610000
1981-02-20,126.580000
1981-02-23,127.350000
1981-02-24,127.390000
1981-02-25,128.520000
1981-02-26,130.100000
1981-02-27,131.270000
1981-03-02,132.010000
1981-03-03,130.560000
1981-03-04,130.860000
1981-03-05,129.930000
1981-03-06,129.850000
1981-03-09,131.120000
1981-03-10,130.460000
1981-03-11,129.950000
1981-03-12,133.190000
1981-03-13,133.110000
1981-03-16,134.680000
1981-03-17,133.920000
1981-03-18,134.220000
1981-03-19,133.460000
1981-03-20,134.080000
1981-03-23,135.690000
1981-03-24,134.670000
1981-03-25,137.110000
1981-03-26,136.270000
1981-03-27,134.650000
1981-03-30,134.280000
1981-03-31,136.000000
1981-04-01,136.570000
1981-04-02,136.320000
1981-04-03,135.490000
1981-04-06,133.930000
1981-04-07,133.910000
1981-04-08,134.310000
1981-04-09,134.670000
1981-04-10,134.510000
1981-04-13,133.150000
1981-04-14,132.680000
1981-04-15,134.170000
1981-04-16,134.700000
1981-04-20,135.450000
1981-04-21,134.230000
1981-04-22,134.140000
1981-04-23,133.940000
1981-04-24,135.140000
1981-04-27,135.480000
1981-04-28,134.330000
1981-04-29,133.050000
1981-04-30,132.810000
1981-05-01,132.720000
1981-05-04,130.670000
1981-05-05,130.320000
1981-05-06,130.780000
1981-05-07,131.670000
1981-05-08,131.660000
1981-05-11,129.710000
1981-05-12,130.720000
1981-05-13,130.550000
1981-05-14,131.280000
1981-05-15,132.170000
1981-05-18,132.540000
1981-05-19,132.090000
1981-05-20,132.000000
1981-05-21,131.750000
1981-05-22,131.330000
1981-05-26,132.770000
1981-05-27,133.770000
1981-05-28,133.450000
1981-05-29,132.590000
1981-06-01,132.410000
1981-06-02,130.620000
1981-06-03,130.710000
1981-06-04,130.960000
1981-06-05,132.220000
1981-06-08,132.240000
1981-06-09,131.970000
1981-06-10,132.320000
1981-06-11,133.750000
1981-06-12,133.490000
1981-06-15,133.610000
1981-06-16,132.150000
1981-06-17,133.320000
1981-06-18,131.640000
1981-06-19,132.270000
1981-06-22,131.950000
1981-06-23,133.350000
1981-06-24,132.660000
1981-06-25,132.810000
1981-06-26,132.560000
1981-06-29,131.890000
1981-06-30,131.210000
1981-07-01,129.770000
1981-07-02,128.640000
1981-07-06,127.370000
1981-07-07,128.240000
1981-07-08,128.320000
1981-07-09,129.300000
1981-07-10,129.370000
1981-07-13,129.640000
1981-07-14,129.650000
1981-07-15,130.230000
1981-07-16,130.340000
1981-07-17,130.760000
1981-07-20,128.720000
1981-07-21,129.650000
1981-07-22,127.130000
1981-07-23,127.400000
1981-07-24,128.460000
1981-07-27,129.900000
1981-07-28,129.140000
1981-07-29,129.160000
1981-07-30,130.010000
1981-07-31,130.920000
1981-08-03,130.480000
1981-08-04,131.180000
1981-08-05,132.670000
1981-08-06,132.640000
1981-08-07,131.750000
1981-08-10,132.540000
1981-08-11,133.850000
1981-08-12,133.400000
1981-08-13,133.510000
1981-08-14,132.490000
1981-08-17,131.220000
1981-08-18,130.110000
1981-08-19,130.490000
1981-08-20,130.690000
1981-08-21,129.230000
1981-08-24,125.500000
1981-08-25,125.130000
1981-08-26,124.960000
1981-08-27,123.510000
1981-08-28,124.080000
1981-08-31,122.790000
1981-09-01,123.020000
1981-09-02,123.490000
1981-09-03,121.240000
1981-09-04,120.070000
1981-09-08,117.980000
1981-09-09,118.400000
1981-09-10,120.140000
1981-09-11,121.610000
1981-09-14,120.660000
1981-09-15,119.770000
1981-09-16,118.870000
1981-09-17,117.150000
1981-09-18,116.260000
1981-09-21,117.240000
1981-09-22,116.680000
1981-09-23,115.650000
1981-09-24,115.010000
1981-09-25,112.770000
1981-09-28,115.530000
1981-09-29,115.940000
1981-09-30,116.180000
1981-10-01,117.080000
1981-10-02,119.360000
1981-10-05,119.510000
1981-10-06,119.390000
1981-10-07,121.310000
1981-10-08,122.310000
1981-10-09,121.450000
1981-10-12,121.210000
1981-10-13,120.780000
1981-10-14,118.800000
1981-10-15,119.710000
1981-10-16,119.190000
1981-10-19,118.980000
1981-10-20,120.280000
1981-10-21,120.100000
1981-10-22,119.640000
1981-10-23,118.600000
1981-10-26,118.160000
1981-10-27,119.290000
1981-10-28,119.450000
1981-10-29,119.060000
1981-10-30,121.890000
1981-11-02,124.200000
1981-11-03,124.800000
1981-11-04,124.740000
1981-11-05,123.540000
1981-11-06,122.670000
1981-11-09,123.290000
1981-11-10,122.700000
1981-11-11,122.920000
1981-11-12,123.190000
1981-11-13,121.670000
1981-11-16,120.240000
1981-11-17,121.150000
1981-11-18,120.260000
1981-11-19,120.710000
1981-11-20,121.710000
1981-11-23,121.600000
1981-11-24,123.510000
1981-11-25,124.050000
1981-11-27,125.090000
1981-11-30,126.350000
1981-12-01,126.100000
1981-12-02,124.690000
1981-12-03,125.120000
1981-12-04,126.260000
1981-12-07,125.190000
1981-12-08,124.820000
1981-12-09,125.480000
1981-12-10,125.710000
1981-12-11,124.930000
1981-12-14,122.780000
1981-12-15,122.990000
1981-12-16,122.420000
1981-12-17,123.120000
1981-12-18,124.000000
1981-12-21,123.340000
1981-12-22,122.880000
1981-12-23,122.310000
1981-12-24,122.540000
1981-12-28,122.270000
1981-12-29,121.670000
1981-12-30,122.300000
1981-12-31,122.550000
1982-01-04,122.740000
1982-01-05,120.050000
1982-01-06,119.180000
1982-01-07,118.930000
1982-01-08,119.550000
1982-01-11,116.780000
1982-01-12,116.300000
1982-01-13,114.880000
1982-01-14,115.540000
1982-01-15,116.330000
1982-01-18,117.220000
1982-01-19,115.970000
1982-01-20,115.270000
1982-01-21,115.750000
1982-01-22,115.380000
1982-01-25,115.410000
1982-01-26,115.190000
1982-01-27,115.740000
1982-01-28,118.920000
1982-01-29,120.400000
1982-02-01,117.780000
1982-02-02,118.010000
1982-02-03,116.480000
1982-02-04,116.420000
1982-02-05,117.260000
1982-02-08,114.630000
1982-02-09,113.680000
1982-02-10,114.660000
1982-02-11,114.430000
1982-02-12,114.380000
1982-02-16,114.060000
1982-02-17,113.690000
1982-02-18,113.820000
1982-02-19,113.220000
1982-02-22,111.590000
1982-02-23,111.510000
1982-02-24,113.470000
1982-02-25,113.210000
1982-02-26,113.110000
1982-03-01,113.310000
1982-03-02,112.680000
1982-03-03,110.920000
1982-03-04,109.880000
1982-03-05,109.340000
1982-03-08,107.340000
1982-03-09,108.830000
1982-03-10,109.410000
1982-03-11,109.360000
1982-03-12,108.610000
1982-03-15,109.450000
1982-03-16,109.280000
1982-03-17,109.080000
1982-03-18,110.300000
1982-03-19,110.610000
1982-03-22,112.770000
1982-03-23,113.550000
1982-03-24,112.970000
1982-03-25,113.210000
1982-03-26,111.940000
1982-03-29,112.300000
1982-03-30,112.270000
1982-03-31,111.960000
1982-04-01,113.790000
1982-04-02,115.120000
1982-04-05,114.730000
1982-04-06,115.360000
1982-04-07,115.460000
1982-04-08,116.220000
1982-04-12,116.000000
1982-04-13,115.990000
1982-04-14,115.830000
1982-04-15,116.350000
1982-04-16,116.810000
1982-04-19,116.700000
1982-04-20,115.440000
1982-04-21,115.720000
1982-04-22,117.190000
1982-04-23,118.640000
1982-04-26,119.260000
1982-04-27,118.000000
1982-04-28,117.260000
1982-04-29,116.130000
1982-04-30,116.440000
1982-05-03,116.810000
1982-05-04,117.460000
1982-05-05,117.670000
1982-05-06,118.680000
1982-05-07,119.470000
1982-05-10,118.380000
1982-05-11,119.420000
1982-05-12,119.170000
1982-05-13,118.220000
1982-05-14,118.010000
1982-05-17,116.710000
1982-05-18,115.840000
1982-05-19,114.890000
1982-05-20,114.590000
1982-05-21,114.890000
1982-05-24,114.790000
1982-05-25,114.400000
1982-05-26,113.110000
1982-05-27,112.660000
1982-05-28,111.880000
1982-06-01,111.680000
1982-06-02,112.040000
1982-06-03,111.860000
1982-06-04,110.090000
1982-06-07,110.120000
1982-06-08,109.630000
1982-06-09,108.990000
1982-06-10,109.610000
1982-06-11,111.240000
1982-06-14,109.960000
1982-06-15,109.690000
1982-06-16,108.870000
1982-06-17,107.600000
1982-06-18,107.280000
1982-06-21,107.200000
1982-06-22,108.300000
1982-06-23,110.140000
1982-06-24,109.830000
1982-06-25,109.140000
1982-06-28,110.260000
1982-06-29,110.210000
1982-06-30,109.610000
1982-07-01,108.710000
1982-07-02,107.650000
1982-07-06,107.290000
1982-07-07,107.220000
1982-07-08,107.530000
1982-07-09,108.830000
1982-07-12,109.570000
1982-07-13,109.450000
1982-07-14,110.440000
1982-07-15,110.470000
1982-07-16,111.070000
1982-07-19,110.730000
1982-07-20,111.540000
1982-07-21,111.420000
1982-07-22,111.470000
1982-07-23,111.170000
1982-07-26,110.360000
1982-07-27,109.430000
1982-07-28,107.730000
1982-07-29,107.720000
1982-07-30,107.090000
1982-08-02,108.980000
1982-08-03,107.830000
1982-08-04,106.140000
1982-08-05,105.160000
1982-08-06,103.710000
1982-08-09,103.080000
1982-08-10,102.840000
1982-08-11,102.600000
1982-08-12,102.420000
1982-08-13,103.850000
1982-08-16,104.090000
1982-08-17,109.040000
1982-08-18,108.530000
1982-08-19,109.160000
1982-08-20,113.020000
1982-08-23,116.110000
1982-08-24,115.340000
1982-08-25,117.580000
1982-08-26,118.550000
1982-08-27,117.110000
1982-08-30,117.660000
1982-08-31,119.510000
1982-09-01,118.250000
1982-09-02,120.280000
1982-09-03,122.680000
1982-09-07,121.370000
1982-09-08,122.200000
1982-09-09,121.970000
1982-09-10,120.970000
1982-09-13,122.240000
1982-09-14,123.100000
1982-09-15,124.290000
1982-09-16,123.770000
1982-09-17,122.550000
1982-09-20,122.510000
1982-09-21,124.880000
1982-09-22,123.990000
1982-09-23,123.810000
1982-09-24,123.320000
1982-09-27,123.620000
1982-09-28,123.240000
1982-09-29,121.630000
1982-09-30,120.420000
1982-10-01,121.970000
1982-10-04,121.510000
1982-10-05,121.980000
1982-10-06,125.970000
1982-10-07,128.800000
1982-10-08,131.050000
1982-10-11,134.470000
1982-10-12,134.440000
1982-10-13,136.710000
1982-10-14,134.570000
1982-10-15,133.570000
1982-10-18,136.730000
1982-10-19,136.580000
1982-10-20,139.230000
1982-10-21,139.060000
1982-10-22,138.830000
1982-10-25,133.320000
1982-10-26,134.480000
1982-10-27,135.280000
1982-10-28,133.590000
1982-10-29,133.710000
1982-11-01,135.470000
1982-11-02,137.490000
1982-11-03,142.870000
1982-11-04,141.850000
1982-11-05,142.160000
1982-11-08,140.440000
1982-11-09,143.020000
1982-11-10,141.160000
1982-11-11,141.760000
1982-11-12,139.530000
1982-11-15,137.030000
1982-11-16,135.420000
1982-11-17,137.930000
1982-11-18,138.340000
1982-11-19,137.020000
1982-11-22,134.220000
1982-11-23,132.930000
1982-11-24,133.880000
1982-11-26,134.880000
1982-11-29,134.200000
1982-11-30,138.540000
1982-12-01,138.720000
1982-12-02,138.820000
1982-12-03,138.690000
1982-12-06,141.770000
1982-12-07,142.720000
1982-12-08,141.810000
1982-12-09,140.000000
1982-12-10,139.570000
1982-12-13,139.950000
1982-12-14,137.390000
1982-12-15,135.240000
1982-12-16,135.300000
1982-12-17,137.490000
1982-12-20,136.260000
1982-12-21,138.610000
1982-12-22,138.830000
1982-12-23,139.720000
1982-12-27,142.180000
1982-12-28,140.770000
1982-12-29,141.240000
1982-12-30,140.330000
1982-12-31,140.640000
1983-01-03,138.340000
1983-01-04,141.350000
1983-01-05,141.960000
1983-01-06,145.270000
1983-01-07,145.180000
1983-01-10,146.780000
1983-01-11,145.780000
1983-01-12,146.690000
1983-01-13,145.730000
1983-01-14,146.650000
1983-01-17,146.710000
1983-01-18,146.400000
1983-01-19,145.270000
1983-01-20,146.290000
1983-01-21,143.850000
1983-01-24,139.970000
1983-01-25,141.750000
1983-01-26,141.540000
1983-01-27,144.270000
1983-01-28,144.510000
1983-01-31,145.300000
1983-02-01,142.960000
1983-02-02,143.230000
1983-02-03,144.260000
1983-02-04,146.140000
1983-02-07,146.930000
1983-02-08,145.700000
1983-02-09,145.000000
1983-02-10,147.500000
1983-02-11,147.630000
1983-02-14,148.920000
1983-02-15,148.300000
1983-02-16,147.430000
1983-02-17,147.440000
1983-02-18,148.000000
1983-02-22,145.480000
1983-02-23,146.790000
1983-02-24,149.600000
1983-02-25,149.740000
1983-02-28,148.060000
1983-03-01,150.880000
1983-03-02,152.300000
1983-03-03,153.480000
1983-03-04,153.670000
1983-03-07,153.670000
1983-03-08,151.260000
1983-03-09,152.870000
1983-03-10,151.800000
1983-03-11,151.240000
1983-03-14,150.830000
1983-03-15,151.360000
1983-03-16,149.800000
1983-03-17,149.590000
1983-03-18,149.900000
1983-03-21,151.190000
1983-03-22,150.660000
1983-03-23,152.810000
1983-03-24,153.370000
1983-03-25,152.670000
1983-03-28,151.850000
1983-03-29,151.590000
1983-03-30,153.390000
1983-03-31,152.960000
1983-04-04,153.020000
1983-04-05,151.890000
1983-04-06,151.040000
1983-04-07,151.760000
1983-04-08,152.850000
1983-04-11,155.140000
1983-04-12,155.820000
1983-04-13,156.770000
1983-04-14,158.110000
1983-04-15,158.750000
1983-04-18,159.740000
1983-04-19,158.710000
1983-04-20,160.710000
1983-04-21,160.050000
1983-04-22,160.420000
1983-04-25,158.810000
1983-04-26,161.810000
1983-04-27,161.440000
1983-04-28,162.950000
1983-04-29,164.420000
1983-05-02,162.110000
1983-05-03,162.340000
1983-05-04,163.310000
1983-05-05,164.280000
1983-05-06,166.100000
1983-05-09,165.810000
1983-05-10,165.950000
1983-05-11,164.960000
1983-05-12,164.250000
1983-05-13,164.900000
1983-05-16,163.400000
1983-05-17,163.710000
1983-05-18,163.270000
1983-05-19,161.990000
1983-05-20,162.140000
1983-05-23,163.430000
1983-05-24,165.540000
1983-05-25,166.210000
1983-05-26,165.480000
1983-05-27,164.460000
1983-05-31,162.390000
1983-06-01,162.550000
1983-06-02,163.980000
1983-06-03,164.420000
1983-06-06,164.830000
1983-06-07,162.770000
1983-06-08,161.360000
1983-06-09,161.830000
1983-06-10,162.680000
1983-06-13,164.840000
1983-06-14,165.530000
1983-06-15,167.120000
1983-06-16,169.140000
1983-06-17,169.130000
1983-06-20,169.020000
1983-06-21,170.530000
1983-06-22,170.990000
1983-06-23,170.570000
1983-06-24,170.400000
1983-06-27,168.460000
1983-06-28,165.680000
1983-06-29,166.640000
1983-06-30,168.110000
1983-07-01,168.910000
1983-07-05,166.600000
1983-07-06,168.480000
1983-07-07,167.560000
1983-07-08,167.080000
1983-07-11,168.110000
1983-07-12,165.530000
1983-07-13,165.460000
1983-07-14,166.010000
1983-07-15,164.290000
1983-07-18,163.950000
1983-07-19,164.830000
1983-07-20,169.290000
1983-07-21,169.060000
1983-07-22,168.890000
1983-07-25,169.530000
1983-07-26,170.350000
1983-07-27,167.590000
1983-07-28,165.040000
1983-07-29,162.560000
1983-08-01,162.040000
1983-08-02,162.010000
1983-08-03,163.440000
1983-08-04,161.330000
1983-08-05,161.740000
1983-08-08,159.180000
1983-08-09,160.130000
1983-08-10,161.540000
1983-08-11,161.550000
1983-08-12,162.160000
1983-08-15,163.710000
1983-08-16,163.410000
1983-08-17,165.290000
1983-08-18,163.550000
1983-08-19,163.980000
1983-08-22,164.340000
1983-08-23,162.770000
1983-08-24,161.250000
1983-08-25,160.840000
1983-08-26,162.140000
1983-08-29,162.250000
1983-08-30,162.580000
1983-08-31,164.400000
1983-09-01,164.230000
1983-09-02,165.000000
1983-09-06,167.890000
1983-09-07,167.960000
1983-09-08,167.770000
1983-09-09,166.920000
1983-09-12,165.480000
1983-09-13,164.800000
1983-09-14,165.360000
1983-09-15,164.380000
1983-09-16,166.240000
1983-09-19,167.620000
1983-09-20,169.250000
1983-09-21,168.410000
1983-09-22,169.760000
1983-09-23,169.510000
1983-09-26,170.070000
1983-09-27,168.430000
1983-09-28,168.010000
1983-09-29,167.230000
1983-09-30,166.070000
1983-10-03,165.800000
1983-10-04,166.270000
1983-10-05,167.740000
1983-10-06,170.280000
1983-10-07,170.800000
1983-10-10,172.650000
1983-10-11,170.340000
1983-10-12,169.630000
1983-10-13,169.880000
1983-10-14,169.860000
1983-10-17,170.430000
1983-10-18,167.810000
1983-10-19,166.730000
1983-10-20,166.980000
1983-10-21,165.950000
1983-10-24,165.990000
1983-10-25,166.470000
1983-10-26,165.380000
1983-10-27,164.840000
1983-10-28,163.370000
1983-10-31,163.550000
1983-11-01,163.640000
1983-11-02,164.840000
1983-11-03,163.450000
1983-11-04,162.440000
1983-11-07,161.910000
1983-11-08,161.760000
1983-11-09,163.970000
1983-11-10,164.410000
1983-11-11,166.290000
1983-11-14,166.580000
1983-11-15,165.360000
1983-11-16,166.080000
1983-11-17,166.130000
1983-11-18,165.090000
1983-11-21,166.050000
1983-11-22,166.840000
1983-11-23,166.960000
1983-11-25,167.180000
1983-11-28,166.540000
1983-11-29,167.910000
1983-11-30,166.400000
1983-12-01,166.490000
1983-12-02,165.440000
1983-12-05,165.770000
1983-12-06,165.470000
1983-12-07,165.910000
1983-12-08,165.200000
1983-12-09,165.090000
1983-12-12,165.620000
1983-12-13,164.930000
1983-12-14,163.330000
1983-12-15,161.670000
1983-12-16,162.390000
1983-12-19,162.320000
1983-12-20,162.000000
1983-12-21,163.560000
1983-12-22,163.270000
1983-12-23,163.220000
1983-12-27,164.760000
1983-12-28,165.340000
1983-12-29,164.860000
1983-12-30,164.930000
1984-01-03,164.040000
1984-01-04,166.780000
1984-01-05,168.810000
1984-01-06,169.280000
1984-01-09,168.900000
1984-01-10,167.950000
1984-01-11,167.790000
1984-01-12,167.750000
1984-01-13,167.020000
1984-01-16,167.180000
1984-01-17,167.830000
1984-01-18,167.550000
1984-01-19,167.040000
1984-01-20,166.210000
1984-01-23,164.870000
1984-01-24,165.940000
1984-01-25,164.840000
1984-01-26,164.240000
1984-01-27,163.940000
1984-01-30,162.870000
1984-01-31,163.410000
1984-02-01,162.740000
1984-02-02,163.360000
1984-02-03,160.910000
1984-02-06,158.080000
1984-02-07,158.740000
1984-02-08,155.850000
1984-02-09,155.420000
1984-02-10,156.300000
1984-02-13,154.950000
1984-02-14,156.610000
1984-02-15,156.250000
1984-02-16,156.130000
1984-02-17,155.740000
1984-02-21,154.640000
1984-02-22,154.310000
1984-02-23,154.290000
1984-02-24,157.510000
1984-02-27,159.300000
1984-02-28,156.820000
1984-02-29,157.060000
1984-03-01,158.190000
1984-03-02,159.240000
1984-03-05,157.890000
1984-03-06,156.250000
1984-03-07,154.570000
1984-03-08,155.190000
1984-03-09,154.350000
1984-03-12,156.340000
1984-03-13,156.780000
1984-03-14,156.770000
1984-03-15,157.410000
1984-03-16,159.270000
1984-03-19,157.780000
1984-03-20,158.860000
1984-03-21,158.660000
1984-03-22,156.690000
1984-03-23,156.860000
1984-03-26,156.670000
1984-03-27,157.300000
1984-03-28,159.880000
1984-03-29,159.520000
1984-03-30,159.180000
1984-04-02,157.980000
1984-04-03,157.660000
1984-04-04,157.540000
1984-04-05,155.040000
1984-04-06,155.480000
1984-04-09,155.450000
1984-04-10,155.870000
1984-04-11,155.000000
1984-04-12,157.730000
1984-04-13,157.310000
1984-04-16,158.320000
1984-04-17,158.970000
1984-04-18,157.900000
1984-04-19,158.020000
1984-04-23,156.800000
1984-04-24,158.070000
1984-04-25,158.650000
1984-04-26,160.300000
1984-04-27,159.890000
1984-04-30,160.050000
1984-05-01,161.680000
1984-05-02,161.900000
1984-05-03,161.200000
1984-05-04,159.110000
1984-05-07,159.470000
1984-05-08,160.520000
1984-05-09,160.110000
1984-05-10,160.000000
1984-05-11,158.490000
1984-05-14,157.500000
1984-05-15,158.000000
1984-05-16,157.990000
1984-05-17,156.570000
1984-05-18,155.780000
1984-05-21,154.730000
1984-05-22,153.880000
1984-05-23,153.150000
1984-05-24,151.230000
1984-05-25,151.620000
1984-05-29,150.290000
1984-05-30,150.350000
1984-05-31,150.550000
1984-06-01,153.240000
1984-06-04,154.340000
1984-06-05,153.650000
1984-06-06,155.010000
1984-06-07,154.920000
1984-06-08,155.170000
1984-06-11,153.060000
1984-06-12,152.190000
1984-06-13,152.130000
1984-06-14,150.390000
1984-06-15,149.030000
1984-06-18,151.730000
1984-06-19,152.610000
1984-06-20,154.840000
1984-06-21,154.510000
1984-06-22,154.460000
1984-06-25,153.970000
1984-06-26,152.710000
1984-06-27,151.640000
1984-06-28,152.840000
1984-06-29,153.180000
1984-07-02,153.200000
1984-07-03,153.700000
1984-07-05,152.760000
1984-07-06,152.240000
1984-07-09,153.360000
1984-07-10,152.890000
1984-07-11,150.560000
1984-07-12,150.030000
1984-07-13,150.880000
1984-07-16,151.600000
1984-07-17,152.380000
1984-07-18,151.400000
1984-07-19,150.370000
1984-07-20,149.550000
1984-07-23,148.950000
1984-07-24,147.820000
1984-07-25,148.830000
1984-07-26,150.080000
1984-07-27,151.190000
1984-07-30,150.190000
1984-07-31,150.660000
1984-08-01,154.080000
1984-08-02,157.990000
1984-08-03,162.350000
1984-08-06,162.600000
1984-08-07,162.710000
1984-08-08,161.750000
1984-08-09,165.540000
1984-08-10,165.420000
1984-08-13,165.430000
1984-08-14,164.420000
1984-08-15,162.800000
1984-08-16,163.770000
1984-08-17,164.140000
1984-08-20,164.940000
1984-08-21,167.830000
1984-08-22,167.060000
1984-08-23,167.120000
1984-08-24,167.510000
1984-08-27,166.440000
1984-08-28,167.400000
1984-08-29,167.100000
1984-08-30,166.600000
1984-08-31,166.680000
1984-09-04,164.880000
1984-09-05,164.290000
1984-09-06,165.650000
1984-09-07,164.370000
1984-09-10,164.260000
1984-09-11,164.450000
1984-09-12,164.680000
1984-09-13,167.940000
1984-09-14,168.780000
1984-09-17,168.870000
1984-09-18,167.650000
1984-09-19,166.940000
1984-09-20,167.470000
1984-09-21,165.670000
1984-09-24,165.280000
1984-09-25,165.620000
1984-09-26,166.280000
1984-09-27,166.960000
1984-09-28,166.100000
1984-10-01,164.620000
1984-10-02,163.590000
1984-10-03,162.440000
1984-10-04,162.920000
1984-10-05,162.680000
1984-10-08,162.130000
1984-10-09,161.670000
1984-10-10,162.110000
1984-10-11,162.780000
1984-10-12,164.180000
1984-10-15,165.770000
1984-10-16,164.780000
1984-10-17,164.140000
1984-10-18,168.100000
1984-10-19,167.960000
1984-10-22,167.360000
1984-10-23,167.090000
1984-10-24,167.200000
1984-10-25,166.310000
1984-10-26,165.290000
1984-10-29,164.780000
1984-10-30,166.840000
1984-10-31,166.090000
1984-11-01,167.490000
1984-11-02,167.420000
1984-11-05,168.580000
1984-11-06,170.410000
1984-11-07,169.170000
1984-11-08,168.680000
1984-11-09,167.600000
1984-11-12,167.360000
1984-11-13,165.970000
1984-11-14,165.990000
1984-11-15,165.890000
1984-11-16,164.100000
1984-11-19,163.100000
1984-11-20,164.180000
1984-11-21,164.520000
1984-11-23,166.920000
1984-11-26,165.550000
1984-11-27,166.290000
1984-11-28,165.020000
1984-11-29,163.910000
1984-11-30,163.580000
1984-12-03,162.820000
1984-12-04,163.380000
1984-12-05,162.100000
1984-12-06,162.760000
1984-12-07,162.260000
1984-12-10,162.830000
1984-12-11,163.070000
1984-12-12,162.630000
1984-12-13,161.810000
1984-12-14,162.690000
1984-12-17,163.610000
1984-12-18,168.110000
1984-12-19,167.160000
1984-12-20,166.380000
1984-12-21,165.510000
1984-12-24,166.760000
1984-12-26,166.470000
1984-12-27,165.750000
1984-12-28,166.260000
1984-12-31,167.240000
1985-01-02,165.370000
1985-01-03,164.570000
1985-01-04,163.680000
1985-01-07,164.240000
1985-01-08,163.990000
1985-01-09,165.180000
1985-01-10,168.310000
1985-01-11,167.910000
1985-01-14,170.510000
1985-01-15,170.810000
1985-01-16,171.190000
1985-01-17,170.730000
1985-01-18,171.320000
1985-01-21,175.230000
1985-01-22,175.480000
1985-01-23,177.300000
1985-01-24,176.710000
1985-01-25,177.350000
1985-01-28,177.400000
1985-01-29,179.180000
1985-01-30,179.390000
1985-01-31,179.630000
1985-02-01,178.630000
1985-02-04,180.350000
1985-02-05,180.610000
1985-02-06,180.430000
1985-02-07,181.820000
1985-02-08,182.190000
1985-02-11,180.510000
1985-02-12,180.560000
1985-02-13,183.350000
1985-02-14,182.410000
1985-02-15,181.600000
1985-02-19,181.330000
1985-02-20,181.180000
1985-02-21,180.190000
1985-02-22,179.360000
1985-02-25,179.230000
1985-02-26,181.170000
1985-02-27,180.710000
1985-02-28,181.180000
1985-03-01,183.230000
1985-03-04,182.060000
1985-03-05,182.230000
1985-03-06,180.650000
1985-03-07,179.510000
1985-03-08,179.100000
1985-03-11,178.790000
1985-03-12,179.660000
1985-03-13,178.190000
1985-03-14,177.840000
1985-03-15,176.530000
1985-03-18,176.880000
1985-03-19,179.540000
1985-03-20,179.080000
1985-03-21,179.350000
1985-03-22,179.040000
1985-03-25,177.970000
1985-03-26,178.430000
1985-03-27,179.540000
1985-03-28,179.540000
1985-03-29,180.660000
1985-04-01,181.270000
1985-04-02,180.530000
1985-04-03,179.110000
1985-04-04,179.030000
1985-04-08,178.030000
1985-04-09,178.210000
1985-04-10,179.420000
1985-04-11,180.190000
1985-04-12,180.540000
1985-04-15,180.920000
1985-04-16,181.200000
1985-04-17,181.680000
1985-04-18,180.840000
1985-04-19,181.110000
1985-04-22,180.700000
1985-04-23,181.880000
1985-04-24,182.260000
1985-04-25,183.430000
1985-04-26,182.180000
1985-04-29,180.630000
1985-04-30,179.830000
1985-05-01,178.370000
1985-05-02,179.010000
1985-05-03,180.080000
1985-05-06,179.990000
1985-05-07,180.760000
1985-05-08,180.620000
1985-05-09,181.920000
1985-05-10,184.280000
1985-05-13,184.610000
1985-05-14,183.870000
1985-05-15,184.540000
1985-05-16,185.660000
1985-05-17,187.420000
1985-05-20,189.720000
1985-05-21,189.640000
1985-05-22,188.560000
1985-05-23,187.600000
1985-05-24,188.290000
1985-05-28,187.860000
1985-05-29,187.680000
1985-05-30,187.750000
1985-05-31,189.550000
1985-06-03,189.320000
1985-06-04,190.040000
1985-06-05,190.160000
1985-06-06,191.060000
1985-06-07,189.680000
1985-06-10,189.510000
1985-06-11,189.040000
1985-06-12,187.610000
1985-06-13,185.330000
1985-06-14,187.100000
1985-06-17,186.530000
1985-06-18,187.340000
1985-06-19,186.630000
1985-06-20,186.730000
1985-06-21,189.610000
1985-06-24,189.150000
1985-06-25,189.740000
1985-06-26,190.060000
1985-06-27,191.230000
1985-06-28,191.850000
1985-07-01,192.430000
1985-07-02,192.010000
1985-07-03,191.450000
1985-07-05,192.520000
1985-07-08,191.930000
1985-07-09,191.050000
1985-07-10,192.370000
1985-07-11,192.940000
1985-07-12,193.290000
1985-07-15,192.720000
1985-07-16,194.720000
1985-07-17,195.650000
1985-07-18,194.380000
1985-07-19,195.130000
1985-07-22,194.350000
1985-07-23,192.550000
1985-07-24,191.580000
1985-07-25,192.060000
1985-07-26,192.400000
1985-07-29,189.600000
1985-07-30,189.930000
1985-07-31,190.920000
1985-08-01,192.110000
1985-08-02,191.480000
1985-08-05,190.620000
1985-08-06,187.930000
1985-08-07,187.680000
1985-08-08,188.950000
1985-08-09,188.320000
1985-08-12,187.630000
1985-08-13,187.300000
1985-08-14,187.410000
1985-08-15,187.260000
1985-08-16,186.100000
1985-08-19,186.380000
1985-08-20,188.080000
1985-08-21,189.160000
1985-08-22,187.360000
1985-08-23,187.170000
1985-08-26,187.310000
1985-08-27,188.100000
1985-08-28,188.830000
1985-08-29,188.930000
1985-08-30,188.630000
1985-09-03,187.910000
1985-09-04,187.370000
1985-09-05,187.270000
1985-09-06,188.240000
1985-09-09,188.250000
1985-09-10,186.900000
1985-09-11,185.030000
1985-09-12,183.690000
1985-09-13,182.910000
1985-09-16,182.880000
1985-09-17,181.360000
1985-09-18,181.710000
1985-09-19,183.390000
1985-09-20,182.050000
1985-09-23,184.300000
1985-09-24,182.620000
1985-09-25,180.660000
1985-09-26,181.290000
1985-09-27,181.300000
1985-09-30,182.080000
1985-10-01,185.070000
1985-10-02,184.060000
1985-10-03,184.360000
1985-10-04,183.220000
1985-10-07,181.870000
1985-10-08,181.870000
1985-10-09,182.520000
1985-10-10,182.780000
1985-10-11,184.280000
1985-10-14,186.370000
1985-10-15,186.080000
1985-10-16,187.980000
1985-10-17,187.660000
1985-10-18,187.040000
1985-10-21,186.960000
1985-10-22,188.040000
1985-10-23,189.090000
1985-10-24,188.500000
1985-10-25,187.520000
1985-10-28,187.760000
1985-10-29,189.230000
1985-10-30,190.070000
1985-10-31,189.820000
1985-11-01,191.530000
1985-11-04,191.250000
1985-11-05,192.370000
1985-11-06,192.760000
1985-11-07,192.620000
1985-11-08,193.720000
1985-11-11,197.280000
1985-11-12,198.080000
1985-11-13,197.100000
1985-11-14,199.060000
1985-11-15,198.110000
1985-11-18,198.710000
1985-11-19,198.670000
1985-11-20,198.990000
1985-11-21,201.410000
1985-11-22,201.520000
1985-11-25,200.350000
1985-11-26,200.670000
1985-11-27,202.540000
1985-11-29,202.170000
1985-12-02,200.460000
1985-12-03,200.860000
1985-12-04,204.230000
1985-12-05,203.880000
1985-12-06,202.990000
1985-12-09,204.250000
1985-12-10,204.390000
1985-12-11,206.310000
1985-12-12,206.730000
1985-12-13,209.940000
1985-12-16,212.020000
1985-12-17,210.650000
1985-12-18,209.810000
1985-12-19,210.020000
1985-12-20,210.940000
1985-12-23,208.570000
1985-12-24,207.140000
1985-12-26,207.650000
1985-12-27,209.610000
1985-12-30,210.680000
1985-12-31,211.280000
1986-01-02,209.590000
1986-01-03,210.880000
1986-01-06,210.650000
1986-01-07,213.800000
1986-01-08,207.970000
1986-01-09,206.110000
1986-01-10,205.960000
1986-01-13,206.720000
1986-01-14,206.640000
1986-01-15,208.260000
1986-01-16,209.170000
1986-01-17,208.430000
1986-01-20,207.530000
1986-01-21,205.790000
1986-01-22,203.490000
1986-01-23,204.250000
1986-01-24,206.430000
1986-01-27,207.390000
1986-01-28,209.810000
1986-01-29,210.290000
1986-01-30,209.330000
1986-01-31,211.780000
1986-02-03,213.960000
1986-02-04,212.790000
1986-02-05,212.960000
1986-02-06,213.470000
1986-02-07,214.560000
1986-02-10,216.240000
1986-02-11,215.920000
1986-02-12,215.970000
1986-02-13,217.400000
1986-02-14,219.760000
1986-02-18,222.450000
1986-02-19,219.760000
1986-02-20,222.220000
1986-02-21,224.620000
1986-02-24,224.340000
1986-02-25,223.790000
1986-02-26,224.040000
1986-02-27,226.770000
1986-02-28,226.920000
1986-03-03,225.420000
1986-03-04,224.380000
1986-03-05,224.340000
1986-03-06,225.130000
1986-03-07,225.570000
1986-03-10,226.580000
1986-03-11,231.690000
1986-03-12,232.540000
1986-03-13,233.190000
1986-03-14,236.550000
1986-03-17,234.670000
1986-03-18,235.780000
1986-03-19,235.600000
1986-03-20,236.540000
1986-03-21,233.340000
1986-03-24,235.330000
1986-03-25,234.720000
1986-03-26,237.300000
1986-03-27,238.970000
1986-03-31,238.900000
1986-04-01,235.140000
1986-04-02,235.710000
1986-04-03,232.470000
1986-04-04,228.690000
1986-04-07,228.630000
1986-04-08,233.520000
1986-04-09,233.750000
1986-04-10,236.440000
1986-04-11,235.970000
1986-04-14,237.280000
1986-04-15,237.730000
1986-04-16,242.220000
1986-04-17,243.030000
1986-04-18,242.380000
1986-04-21,244.740000
1986-04-22,242.420000
1986-04-23,241.750000
1986-04-24,242.020000
1986-04-25,242.290000
1986-04-28,243.080000
1986-04-29,240.510000
1986-04-30,235.520000
1986-05-01,235.160000
1986-05-02,234.790000
1986-05-05,237.730000
1986-05-06,237.240000
1986-05-07,236.080000
1986-05-08,237.130000
1986-05-09,237.850000
1986-05-12,237.580000
1986-05-13,236.410000
1986-05-14,237.540000
1986-05-15,234.430000
1986-05-16,232.760000
1986-05-19,233.200000
1986-05-20,236.110000
1986-05-21,235.450000
1986-05-22,240.120000
1986-05-23,241.350000
1986-05-27,244.750000
1986-05-28,246.630000
1986-05-29,247.980000
1986-05-30,247.350000
1986-06-02,245.040000
1986-06-03,245.510000
1986-06-04,243.940000
1986-06-05,245.650000
1986-06-06,245.670000
1986-06-09,239.960000
1986-06-10,239.580000
1986-06-11,241.130000
1986-06-12,241.490000
1986-06-13,245.730000
1986-06-16,246.130000
1986-06-17,244.350000
1986-06-18,244.990000
1986-06-19,244.060000
1986-06-20,247.580000
1986-06-23,245.260000
1986-06-24,247.030000
1986-06-25,248.930000
1986-06-26,248.740000
1986-06-27,249.600000
1986-06-30,250.840000
1986-07-01,252.040000
1986-07-02,252.700000
1986-07-03,251.790000
1986-07-07,244.050000
1986-07-08,241.590000
1986-07-09,242.820000
1986-07-10,243.010000
1986-07-11,242.220000
1986-07-14,238.110000
1986-07-15,233.660000
1986-07-16,235.010000
1986-07-17,236.070000
1986-07-18,236.360000
1986-07-21,236.240000
1986-07-22,238.180000
1986-07-23,238.670000
1986-07-24,237.950000
1986-07-25,240.220000
1986-07-28,236.010000
1986-07-29,234.550000
1986-07-30,236.590000
1986-07-31,236.120000
1986-08-01,234.910000
1986-08-04,235.990000
1986-08-05,237.030000
1986-08-06,236.840000
1986-08-07,237.040000
1986-08-08,236.880000
1986-08-11,240.680000
1986-08-12,243.340000
1986-08-13,245.670000
1986-08-14,246.250000
1986-08-15,247.150000
1986-08-18,247.380000
1986-08-19,246.510000
1986-08-20,249.770000
1986-08-21,249.670000
1986-08-22,250.190000
1986-08-25,247.810000
1986-08-26,252.840000
1986-08-27,253.300000
1986-08-28,252.840000
1986-08-29,252.930000
1986-09-02,248.520000
1986-09-03,250.080000
1986-09-04,253.830000
1986-09-05,250.470000
1986-09-08,248.140000
1986-09-09,247.670000
1986-09-10,247.060000
1986-09-11,235.180000
1986-09-12,230.670000
1986-09-15,231.940000
1986-09-16,231.720000
1986-09-17,231.680000
1986-09-18,232.310000
1986-09-19,232.210000
1986-09-22,234.930000
1986-09-23,235.670000
1986-09-24,236.280000
1986-09-25,231.830000
1986-09-26,232.230000
1986-09-29,229.910000
1986-09-30,231.220000
1986-10-01,233.600000
1986-10-02,233.920000
1986-10-03,233.710000
1986-10-06,234.780000
1986-10-07,234.410000
1986-10-08,236.680000
1986-10-09,235.850000
1986-10-10,235.480000
1986-10-13,235.910000
1986-10-14,235.370000
1986-10-15,238.800000
1986-10-16,239.530000
1986-10-17,238.840000
1986-10-20,235.970000
1986-10-21,235.880000
1986-10-22,236.260000
1986-10-23,239.280000
1986-10-24,238.260000
1986-10-27,238.770000
1986-10-28,239.260000
1986-10-29,240.940000
1986-10-30,243.710000
1986-10-31,243.980000
1986-11-03,245.800000
1986-11-04,246.200000
1986-11-05,246.580000
1986-11-06,245.870000
1986-11-07,245.770000
1986-11-10,246.130000
1986-11-11,247.080000
1986-11-12,246.640000
1986-11-13,243.020000
1986-11-14,244.500000
1986-11-17,243.210000
1986-11-18,236.780000
1986-11-19,237.660000
1986-11-20,242.050000
1986-11-21,245.860000
1986-11-24,247.450000
1986-11-25,248.170000
1986-11-26,248.770000
1986-11-28,249.220000
1986-12-01,249.050000
1986-12-02,254.000000
1986-12-03,253.850000
1986-12-04,253.040000
1986-12-05,251.170000
1986-12-08,251.160000
1986-12-09,249.280000
1986-12-10,250.960000
1986-12-11,248.170000
1986-12-12,247.350000
1986-12-15,248.210000
1986-12-16,250.040000
1986-12-17,247.560000
1986-12-18,246.780000
1986-12-19,249.730000
1986-12-22,248.750000
1986-12-23,246.340000
1986-12-24,246.750000
1986-12-26,246.920000
1986-12-29,244.670000
1986-12-30,243.370000
1986-12-31,242.170000
1987-01-02,246.450000
1987-01-05,252.190000
1987-01-06,252.780000
1987-01-07,255.330000
1987-01-08,257.280000
1987-01-09,258.730000
1987-01-12,260.300000
1987-01-13,259.950000
1987-01-14,262.640000
1987-01-15,265.490000
1987-01-16,266.280000
1987-01-19,269.340000
1987-01-20,269.040000
1987-01-21,267.840000
1987-01-22,273.910000
1987-01-23,270.100000
1987-01-26,269.610000
1987-01-27,273.750000
1987-01-28,275.400000
1987-01-29,274.240000
1987-01-30,274.080000
1987-02-02,276.450000
1987-02-03,275.990000
1987-02-04,279.640000
1987-02-05,281.160000
1987-02-06,280.040000
1987-02-09,278.160000
1987-02-10,275.070000
1987-02-11,277.540000
1987-02-12,275.620000
1987-02-13,279.700000
1987-02-17,285.490000
1987-02-18,285.420000
1987-02-19,285.570000
1987-02-20,285.480000
1987-02-23,282.380000
1987-02-24,282.880000
1987-02-25,284.000000
1987-02-26,282.960000
1987-02-27,284.200000
1987-03-02,283.000000
1987-03-03,284.120000
1987-03-04,288.620000
1987-03-05,290.520000
1987-03-06,290.660000
1987-03-09,288.300000
1987-03-10,290.860000
1987-03-11,290.310000
1987-03-12,291.220000
1987-03-13,289.890000
1987-03-16,288.230000
1987-03-17,292.470000
1987-03-18,292.780000
1987-03-19,294.080000
1987-03-20,298.170000
1987-03-23,301.160000
1987-03-24,301.640000
1987-03-25,300.380000
1987-03-26,300.930000
1987-03-27,296.130000
1987-03-30,289.200000
1987-03-31,291.700000
1987-04-01,292.390000
1987-04-02,293.630000
1987-04-03,300.410000
1987-04-06,301.950000
1987-04-07,296.690000
1987-04-08,297.260000
1987-04-09,292.860000
1987-04-10,292.490000
1987-04-13,285.620000
1987-04-14,279.160000
1987-04-15,284.440000
1987-04-16,286.910000
1987-04-20,286.090000
1987-04-21,293.070000
1987-04-22,287.190000
1987-04-23,286.820000
1987-04-24,281.520000
1987-04-27,281.830000
1987-04-28,282.510000
1987-04-29,284.570000
1987-04-30,288.360000
1987-05-01,288.030000
1987-05-04,289.360000
1987-05-05,295.340000
1987-05-06,295.470000
1987-05-07,294.710000
1987-05-08,293.370000
1987-05-11,291.570000
1987-05-12,293.300000
1987-05-13,293.980000
1987-05-14,294.240000
1987-05-15,287.430000
1987-05-18,286.650000
1987-05-19,279.620000
1987-05-20,278.210000
1987-05-21,280.170000
1987-05-22,282.160000
1987-05-26,289.110000
1987-05-27,288.730000
1987-05-28,290.760000
1987-05-29,290.100000
1987-06-01,289.830000
1987-06-02,288.460000
1987-06-03,293.470000
1987-06-04,295.090000
1987-06-05,293.450000
1987-06-08,296.720000
1987-06-09,297.280000
1987-06-10,297.470000
1987-06-11,298.730000
1987-06-12,301.620000
1987-06-15,303.140000
1987-06-16,304.760000
1987-06-17,304.810000
1987-06-18,305.690000
1987-06-19,306.970000
1987-06-22,309.650000
1987-06-23,308.430000
1987-06-24,306.860000
1987-06-25,308.960000
1987-06-26,307.160000
1987-06-29,307.900000
1987-06-30,304.000000
1987-07-01,304.920000
1987-07-02,305.630000
1987-07-06,304.920000
1987-07-07,307.400000
1987-07-08,308.290000
1987-07-09,307.520000
1987-07-10,308.370000
1987-07-13,307.630000
1987-07-14,310.680000
1987-07-15,310.420000
1987-07-16,312.700000
1987-07-17,314.590000
1987-07-20,311.390000
1987-07-21,308.550000
1987-07-22,308.470000
1987-07-23,307.810000
1987-07-24,309.270000
1987-07-27,310.650000
1987-07-28,312.330000
1987-07-29,315.650000
1987-07-30,318.050000
1987-07-31,318.660000
1987-08-03,317.570000
1987-08-04,316.230000
1987-08-05,318.450000
1987-08-06,322.090000
1987-08-07,323.000000
1987-08-10,328.000000
1987-08-11,333.330000
1987-08-12,332.390000
1987-08-13,334.650000
1987-08-14,333.990000
1987-08-17,334.110000
1987-08-18,329.250000
1987-08-19,329.830000
1987-08-20,334.840000
1987-08-21,335.900000
1987-08-24,333.330000
1987-08-25,336.770000
1987-08-26,334.570000
1987-08-27,331.380000
1987-08-28,327.040000
1987-08-31,329.800000
1987-09-01,323.400000
1987-09-02,321.680000
1987-09-03,320.210000
1987-09-04,316.700000
1987-09-08,313.560000
1987-09-09,313.920000
1987-09-10,317.130000
1987-09-11,321.980000
1987-09-14,323.080000
1987-09-15,317.740000
1987-09-16,314.860000
1987-09-17,314.930000
1987-09-18,314.860000
1987-09-21,310.540000
1987-09-22,319.500000
1987-09-23,321.190000
1987-09-24,319.720000
1987-09-25,320.160000
1987-09-28,323.200000
1987-09-29,321.690000
1987-09-30,321.830000
1987-10-01,327.330000
1987-10-02,328.070000
1987-10-05,328.080000
1987-10-06,319.220000
1987-10-07,318.540000
1987-10-08,314.160000
1987-10-09,311.070000
1987-10-12,309.390000
1987-10-13,314.520000
1987-10-14,305.230000
1987-10-15,298.080000
1987-10-16,282.700000
1987-10-19,224.840000
1987-10-20,236.830000
1987-10-21,258.380000
1987-10-22,248.250000
1987-10-23,248.220000
1987-10-26,227.670000
1987-10-27,233.190000
1987-10-28,233.280000
1987-10-29,244.770000
1987-10-30,251.790000
1987-11-02,255.750000
1987-11-03,250.820000
1987-11-04,248.960000
1987-11-05,254.480000
1987-11-06,250.410000
1987-11-09,243.170000
1987-11-10,239.000000
1987-11-11,241.900000
1987-11-12,248.520000
1987-11-13,245.640000
1987-11-16,246.760000
1987-11-17,243.040000
1987-11-18,245.550000
1987-11-19,240.050000
1987-11-20,242.000000
1987-11-23,242.990000
1987-11-24,246.390000
1987-11-25,244.100000
1987-11-27,240.340000
1987-11-30,230.300000
1987-12-01,232.000000
1987-12-02,233.450000
1987-12-03,225.210000
1987-12-04,223.920000
1987-12-07,228.760000
1987-12-08,234.910000
1987-12-09,238.890000
1987-12-10,233.570000
1987-12-11,235.320000
1987-12-14,242.190000
1987-12-15,242.810000
1987-12-16,248.080000
1987-12-17,242.980000
1987-12-18,249.160000
1987-12-21,249.540000
1987-12-22,249.950000
1987-12-23,253.160000
1987-12-24,252.020000
1987-12-28,245.570000
1987-12-29,244.590000
1987-12-30,247.860000
1987-12-31,247.080000
1988-01-04,255.940000
1988-01-05,258.630000
1988-01-06,258.890000
1988-01-07,261.070000
1988-01-08,243.400000
1988-01-11,247.490000
1988-01-12,245.420000
1988-01-13,245.810000
1988-01-14,245.880000
1988-01-15,252.050000
1988-01-18,251.880000
1988-01-19,249.320000
1988-01-20,242.630000
1988-01-21,243.140000
1988-01-22,246.500000
1988-01-25,252.170000
1988-01-26,249.570000
1988-01-27,249.380000
1988-01-28,253.290000
1988-01-29,257.070000
1988-02-01,255.040000
1988-02-02,255.570000
1988-02-03,252.210000
1988-02-04,252.210000
1988-02-05,250.960000
1988-02-08,249.100000
1988-02-09,251.720000
1988-02-10,256.660000
1988-02-11,255.950000
1988-02-12,257.630000
1988-02-16,259.830000
1988-02-17,259.210000
1988-02-18,257.910000
1988-02-19,261.610000
1988-02-22,265.640000
1988-02-23,265.020000
1988-02-24,264.430000
1988-02-25,261.580000
1988-02-26,262.460000
1988-02-29,267.820000
1988-03-01,267.220000
1988-03-02,267.980000
1988-03-03,267.880000
1988-03-04,267.300000
1988-03-07,267.380000
1988-03-08,269.430000
1988-03-09,269.060000
1988-03-10,263.840000
1988-03-11,264.940000
1988-03-14,266.370000
1988-03-15,266.130000
1988-03-16,268.650000
1988-03-17,271.220000
1988-03-18,271.120000
1988-03-21,268.740000
1988-03-22,268.840000
1988-03-23,268.910000
1988-03-24,263.350000
1988-03-25,258.510000
1988-03-28,258.060000
1988-03-29,260.070000
1988-03-30,258.070000
1988-03-31,258.890000
1988-04-04,256.090000
1988-04-05,258.510000
1988-04-06,265.490000
1988-04-07,266.160000
1988-04-08,269.430000
1988-04-11,270.160000
1988-04-12,271.370000
1988-04-13,271.550000
1988-04-14,259.750000
1988-04-15,259.770000
1988-04-18,259.210000
1988-04-19,257.920000
1988-04-20,256.130000
1988-04-21,256.420000
1988-04-22,260.140000
1988-04-25,262.460000
1988-04-26,263.930000
1988-04-27,263.800000
1988-04-28,262.610000
1988-04-29,261.330000
1988-05-02,261.560000
1988-05-03,263.000000
1988-05-04,260.320000
1988-05-05,258.790000
1988-05-06,257.480000
1988-05-09,256.540000
1988-05-10,257.620000
1988-05-11,253.310000
1988-05-12,253.850000
1988-05-13,256.780000
1988-05-16,258.710000
1988-05-17,255.390000
1988-05-18,251.350000
1988-05-19,252.570000
1988-05-20,253.020000
1988-05-23,250.830000
1988-05-24,253.510000
1988-05-25,253.760000
1988-05-26,254.630000
1988-05-27,253.420000
1988-05-31,262.160000
1988-06-01,266.690000
1988-06-02,265.330000
1988-06-03,266.450000
1988-06-06,267.050000
1988-06-07,265.170000
1988-06-08,271.520000
1988-06-09,270.210000
1988-06-10,271.260000
1988-06-13,271.430000
1988-06-14,274.310000
1988-06-15,274.440000
1988-06-16,269.770000
1988-06-17,270.680000
1988-06-20,268.940000
1988-06-21,271.670000
1988-06-22,275.660000
1988-06-23,274.820000
1988-06-24,273.780000
1988-06-27,269.070000
1988-06-28,272.310000
1988-06-29,270.980000
1988-06-30,273.500000
1988-07-01,271.780000
1988-07-05,275.800000
1988-07-06,272.030000
1988-07-07,271.780000
1988-07-08,270.020000
1988-07-11,270.550000
1988-07-12,267.850000
1988-07-13,269.320000
1988-07-14,270.260000
1988-07-15,272.050000
1988-07-18,270.510000
1988-07-19,268.470000
1988-07-20,270.000000
1988-07-21,266.660000
1988-07-22,263.500000
1988-07-25,264.680000
1988-07-26,265.190000
1988-07-27,262.500000
1988-07-28,266.020000
1988-07-29,272.020000
1988-08-01,272.210000
1988-08-02,272.060000
1988-08-03,272.980000
1988-08-04,271.930000
1988-08-05,271.150000
1988-08-08,269.980000
1988-08-09,266.490000
1988-08-10,261.900000
1988-08-11,262.750000
1988-08-12,262.550000
1988-08-15,258.690000
1988-08-16,260.560000
1988-08-17,260.770000
1988-08-18,261.030000
1988-08-19,260.240000
1988-08-22,256.980000
1988-08-23,257.090000
1988-08-24,261.130000
1988-08-25,259.100000
1988-08-26,259.680000
1988-08-29,262.330000
1988-08-30,262.510000
1988-08-31,261.520000
1988-09-01,258.350000
1988-09-02,264.480000
1988-09-06,265.590000
1988-09-07,265.870000
1988-09-08,265.880000
1988-09-09,266.840000
1988-09-12,266.470000
1988-09-13,267.430000
1988-09-14,269.310000
1988-09-15,268.130000
1988-09-16,270.650000
1988-09-19,268.820000
1988-09-20,269.730000
1988-09-21,270.160000
1988-09-22,269.180000
1988-09-23,269.760000
1988-09-26,268.880000
1988-09-27,268.260000
1988-09-28,269.080000
1988-09-29,272.590000
1988-09-30,271.910000
1988-10-03,271.380000
1988-10-04,270.620000
1988-10-05,271.860000
1988-10-06,272.390000
1988-10-07,278.070000
1988-10-10,278.240000
1988-10-11,277.930000
1988-10-12,273.980000
1988-10-13,275.220000
1988-10-14,275.500000
1988-10-17,276.410000
1988-10-18,279.380000
1988-10-19,276.970000
1988-10-20,282.880000
1988-10-21,283.660000
1988-10-24,282.280000
1988-10-25,282.380000
1988-10-26,281.380000
1988-10-27,277.280000
1988-10-28,278.530000
1988-10-31,278.970000
1988-11-01,279.060000
1988-11-02,279.060000
1988-11-03,279.200000
1988-11-04,276.310000
1988-11-07,273.930000
1988-11-08,275.150000
1988-11-09,273.330000
1988-11-10,273.690000
1988-11-11,267.920000
1988-11-14,267.720000
1988-11-15,268.340000
1988-11-16,263.820000
1988-11-17,264.600000
1988-11-18,266.470000
1988-11-21,266.220000
1988-11-22,267.210000
1988-11-23,269.000000
1988-11-25,267.230000
1988-11-28,268.640000
1988-11-29,270.910000
1988-11-30,273.700000
1988-12-01,272.490000
1988-12-02,271.810000
1988-12-05,274.930000
1988-12-06,277.590000
1988-12-07,278.130000
1988-12-08,276.570000
1988-12-09,277.030000
1988-12-12,276.520000
1988-12-13,276.310000
1988-12-14,275.310000
1988-12-15,274.280000
1988-12-16,276.290000
1988-12-19,278.910000
1988-12-20,277.470000
1988-12-21,277.380000
1988-12-22,276.870000
1988-12-23,277.870000
1988-12-27,276.830000
1988-12-28,277.080000
1988-12-29,279.400000
1988-12-30,277.720000
1989-01-03,275.310000
1989-01-04,279.430000
1989-01-05,280.010000
1989-01-06,280.670000
1989-01-09,280.980000
1989-01-10,280.380000
1989-01-11,282.010000
1989-01-12,283.170000
1989-01-13,283.870000
1989-01-16,284.140000
1989-01-17,283.550000
1989-01-18,286.530000
1989-01-19,286.900000
1989-01-20,286.630000
1989-01-23,284.500000
1989-01-24,288.490000
1989-01-25,289.140000
1989-01-26,291.690000
1989-01-27,293.820000
1989-01-30,294.990000
1989-01-31,297.470000
1989-02-01,297.090000
1989-02-02,296.840000
1989-02-03,296.970000
1989-02-06,296.040000
1989-02-07,299.630000
1989-02-08,298.650000
1989-02-09,296.060000
1989-02-10,292.020000
1989-02-13,292.540000
1989-02-14,291.810000
1989-02-15,294.240000
1989-02-16,294.810000
1989-02-17,296.760000
1989-02-21,295.980000
1989-02-22,290.910000
1989-02-23,292.050000
1989-02-24,287.130000
1989-02-27,287.820000
1989-02-28,288.860000
1989-03-01,287.110000
1989-03-02,289.950000
1989-03-03,291.180000
1989-03-06,294.810000
1989-03-07,293.870000
1989-03-08,294.080000
1989-03-09,293.930000
1989-03-10,292.880000
1989-03-13,295.320000
1989-03-14,295.140000
1989-03-15,296.670000
1989-03-16,299.440000
1989-03-17,292.690000
1989-03-20,289.920000
1989-03-21,291.330000
1989-03-22,290.490000
1989-03-23,288.980000
1989-03-27,290.570000
1989-03-28,291.590000
1989-03-29,292.350000
1989-03-30,292.520000
1989-03-31,294.870000
1989-04-03,296.390000
1989-04-04,295.310000
1989-04-05,296.240000
1989-04-06,295.290000
1989-04-07,297.160000
1989-04-10,297.110000
1989-04-11,298.490000
1989-04-12,298.990000
1989-04-13,296.400000
1989-04-14,301.360000
1989-04-17,301.720000
1989-04-18,306.020000
1989-04-19,307.150000
1989-04-20,306.190000
1989-04-21,309.610000
1989-04-24,308.690000
1989-04-25,306.750000
1989-04-26,306.930000
1989-04-27,309.580000
1989-04-28,309.640000
1989-05-01,309.120000
1989-05-02,308.120000
1989-05-03,308.160000
1989-05-04,307.770000
1989-05-05,307.610000
1989-05-08,306.000000
1989-05-09,305.190000
1989-05-10,305.800000
1989-05-11,306.950000
1989-05-12,313.840000
1989-05-15,316.160000
1989-05-16,315.280000
1989-05-17,317.480000
1989-05-18,317.970000
1989-05-19,321.240000
1989-05-22,321.980000
1989-05-23,318.320000
1989-05-24,319.140000
1989-05-25,319.170000
1989-05-26,321.590000
1989-05-30,319.050000
1989-05-31,320.520000
1989-06-01,321.970000
1989-06-02,325.520000
1989-06-05,322.030000
1989-06-06,324.240000
1989-06-07,326.950000
1989-06-08,326.750000
1989-06-09,326.690000
1989-06-12,326.240000
1989-06-13,323.910000
1989-06-14,323.830000
1989-06-15,320.080000
1989-06-16,321.350000
1989-06-19,321.890000
1989-06-20,321.250000
1989-06-21,320.480000
1989-06-22,322.320000
1989-06-23,328.000000
1989-06-26,326.600000
1989-06-27,328.440000
1989-06-28,325.810000
1989-06-29,319.680000
1989-06-30,317.980000
1989-07-03,319.230000
1989-07-05,320.640000
1989-07-06,321.550000
1989-07-07,324.910000
1989-07-10,327.070000
1989-07-11,328.780000
1989-07-12,329.810000
1989-07-13,329.950000
1989-07-14,331.840000
1989-07-17,332.440000
1989-07-18,331.350000
1989-07-19,335.730000
1989-07-20,333.510000
1989-07-21,335.900000
1989-07-24,333.670000
1989-07-25,333.880000
1989-07-26,338.050000
1989-07-27,341.990000
1989-07-28,342.150000
1989-07-31,346.080000
1989-08-01,343.750000
1989-08-02,344.340000
1989-08-03,344.740000
1989-08-04,343.920000
1989-08-07,349.410000
1989-08-08,349.350000
1989-08-09,346.940000
1989-08-10,348.250000
1989-08-11,344.740000
1989-08-14,343.060000
1989-08-15,344.710000
1989-08-16,345.660000
1989-08-17,344.450000
1989-08-18,346.030000
1989-08-21,340.670000
1989-08-22,341.190000
1989-08-23,344.700000
1989-08-24,351.520000
1989-08-25,350.520000
1989-08-28,352.090000
1989-08-29,349.840000
1989-08-30,350.650000
1989-08-31,351.450000
1989-09-01,353.730000
1989-09-05,352.560000
1989-09-06,349.240000
1989-09-07,348.350000
1989-09-08,348.760000
1989-09-11,347.660000
1989-09-12,348.700000
1989-09-13,345.460000
1989-09-14,343.160000
1989-09-15,345.060000
1989-09-18,346.730000
1989-09-19,346.550000
1989-09-20,346.470000
1989-09-21,345.700000
1989-09-22,347.050000
1989-09-25,344.230000
1989-09-26,344.330000
1989-09-27,345.100000
1989-09-28,348.600000
1989-09-29,349.150000
1989-10-02,350.870000
1989-10-03,354.710000
1989-10-04,356.940000
1989-10-05,356.970000
1989-10-06,358.780000
1989-10-09,359.800000
1989-10-10,359.130000
1989-10-11,356.990000
1989-10-12,355.390000
1989-10-13,333.650000
1989-10-16,342.850000
1989-10-17,341.160000
1989-10-18,341.760000
1989-10-19,347.130000
1989-10-20,347.160000
1989-10-23,344.830000
1989-10-24,343.700000
1989-10-25,342.500000
1989-10-26,337.930000
1989-10-27,335.060000
1989-10-30,335.070000
1989-10-31,340.360000
1989-11-01,341.200000
1989-11-02,338.480000
1989-11-03,337.620000
1989-11-06,332.610000
1989-11-07,334.810000
1989-11-08,338.150000
1989-11-09,336.570000
1989-11-10,339.100000
1989-11-13,339.550000
1989-11-14,337.990000
1989-11-15,340.540000
1989-11-16,340.580000
1989-11-17,341.610000
1989-11-20,339.350000
1989-11-21,339.590000
1989-11-22,341.910000
1989-11-24,343.970000
1989-11-27,345.610000
1989-11-28,345.770000
1989-11-29,343.600000
1989-11-30,345.990000
1989-12-01,350.630000
1989-12-04,351.410000
1989-12-05,349.580000
1989-12-06,348.550000
1989-12-07,347.590000
1989-12-08,348.690000
1989-12-11,348.560000
1989-12-12,351.730000
1989-12-13,352.750000
1989-12-14,350.930000
1989-12-15,350.140000
1989-12-18,343.690000
1989-12-19,342.460000
1989-12-20,342.840000
1989-12-21,344.780000
1989-12-22,347.420000
1989-12-26,346.810000
1989-12-27,348.810000
1989-12-28,350.670000
1989-12-29,353.400000
1990-01-02,359.690000
1990-01-03,358.760000
1990-01-04,355.670000
1990-01-05,352.200000
1990-01-08,353.790000
1990-01-09,349.620000
1990-01-10,347.310000
1990-01-11,348.530000
1990-01-12,339.930000
1990-01-15,337.000000
1990-01-16,340.750000
1990-01-17,337.400000
1990-01-18,338.190000
1990-01-19,339.150000
1990-01-22,330.380000
1990-01-23,331.610000
1990-01-24,330.260000
1990-01-25,326.080000
1990-01-26,325.800000
1990-01-29,325.200000
1990-01-30,322.980000
1990-01-31,329.080000
1990-02-01,328.790000
1990-02-02,330.920000
1990-02-05,331.850000
1990-02-06,329.660000
1990-02-07,333.750000
1990-02-08,332.960000
1990-02-09,333.620000
1990-02-12,330.080000
1990-02-13,331.020000
1990-02-14,332.010000
1990-02-15,334.890000
1990-02-16,332.720000
1990-02-20,327.990000
1990-02-21,327.670000
1990-02-22,325.700000
1990-02-23,324.150000
1990-02-26,328.670000
1990-02-27,330.260000
1990-02-28,331.890000
1990-03-01,332.740000
1990-03-02,335.540000
1990-03-05,333.740000
1990-03-06,337.930000
1990-03-07,336.950000
1990-03-08,340.270000
1990-03-09,337.930000
1990-03-12,338.670000
1990-03-13,336.000000
1990-03-14,336.870000
1990-03-15,338.070000
1990-03-16,341.910000
1990-03-19,343.530000
1990-03-20,341.570000
1990-03-21,339.740000
1990-03-22,335.650000
1990-03-23,337.220000
1990-03-26,337.630000
1990-03-27,341.500000
1990-03-28,342.000000
1990-03-29,340.790000
1990-03-30,339.940000
1990-04-02,338.700000
1990-04-03,343.640000
1990-04-04,341.090000
1990-04-05,340.730000
1990-04-06,340.080000
1990-04-09,341.370000
1990-04-10,342.070000
1990-04-11,341.920000
1990-04-12,344.340000
1990-04-16,344.740000
1990-04-17,344.680000
1990-04-18,340.720000
1990-04-19,338.090000
1990-04-20,335.120000
1990-04-23,331.050000
1990-04-24,330.360000
1990-04-25,332.030000
1990-04-26,332.920000
1990-04-27,329.110000
1990-04-30,330.800000
1990-05-01,332.250000
1990-05-02,334.480000
1990-05-03,335.570000
1990-05-04,338.390000
1990-05-07,340.530000
1990-05-08,342.010000
1990-05-09,342.860000
1990-05-10,343.820000
1990-05-11,352.000000
1990-05-14,354.750000
1990-05-15,354.280000
1990-05-16,354.000000
1990-05-17,354.470000
1990-05-18,354.640000
1990-05-21,358.000000
1990-05-22,358.430000
1990-05-23,359.290000
1990-05-24,358.410000
1990-05-25,354.580000
1990-05-29,360.650000
1990-05-30,360.860000
1990-05-31,361.230000
1990-06-01,363.160000
1990-06-04,367.400000
1990-06-05,366.640000
1990-06-06,364.960000
1990-06-07,363.150000
1990-06-08,358.710000
1990-06-11,361.630000
1990-06-12,366.250000
1990-06-13,364.900000
1990-06-14,362.900000
1990-06-15,362.910000
1990-06-18,356.880000
1990-06-19,358.470000
1990-06-20,359.100000
1990-06-21,360.470000
1990-06-22,355.430000
1990-06-25,352.310000
1990-06-26,352.060000
1990-06-27,355.140000
1990-06-28,357.630000
1990-06-29,358.020000
1990-07-02,359.540000
1990-07-03,360.160000
1990-07-05,355.680000
1990-07-06,358.420000
1990-07-09,359.520000
1990-07-10,356.490000
1990-07-11,361.230000
1990-07-12,365.440000
1990-07-13,367.310000
1990-07-16,368.950000
1990-07-17,367.520000
1990-07-18,364.220000
1990-07-19,365.320000
1990-07-20,361.610000
1990-07-23,355.310000
1990-07-24,355.790000
1990-07-25,357.090000
1990-07-26,355.910000
1990-07-27,353.440000
1990-07-30,355.550000
1990-07-31,356.150000
1990-08-01,355.520000
1990-08-02,351.480000
1990-08-03,344.860000
1990-08-06,334.430000
1990-08-07,334.830000
1990-08-08,338.350000
1990-08-09,339.940000
1990-08-10,335.520000
1990-08-13,335.730000
1990-08-14,339.390000
1990-08-15,340.060000
1990-08-16,332.390000
1990-08-17,327.830000
1990-08-20,328.510000
1990-08-21,321.860000
1990-08-22,316.550000
1990-08-23,307.060000
1990-08-24,311.510000
1990-08-27,321.440000
1990-08-28,321.340000
1990-08-29,324.190000
1990-08-30,318.710000
1990-08-31,322.560000
1990-09-04,323.090000
1990-09-05,324.390000
1990-09-06,320.460000
1990-09-07,323.400000
1990-09-10,321.630000
1990-09-11,321.040000
1990-09-12,322.540000
1990-09-13,318.650000
1990-09-14,316.830000
1990-09-17,317.770000
1990-09-18,318.600000
1990-09-19,316.600000
1990-09-20,311.480000
1990-09-21,311.320000
1990-09-24,304.550000
1990-09-25,308.260000
1990-09-26,305.060000
1990-09-27,300.970000
1990-09-28,306.050000
1990-10-01,314.940000
1990-10-02,315.210000
1990-10-03,311.400000
1990-10-04,312.690000
1990-10-05,311.500000
1990-10-08,313.480000
1990-10-09,305.100000
1990-10-10,300.390000
1990-10-11,295.460000
1990-10-12,300.030000
1990-10-15,303.230000
1990-10-16,298.920000
1990-10-17,298.760000
1990-10-18,305.740000
1990-10-19,312.480000
1990-10-22,314.760000
1990-10-23,312.360000
1990-10-24,312.600000
1990-10-25,310.170000
1990-10-26,304.710000
1990-10-29,301.880000
1990-10-30,304.060000
1990-10-31,304.000000
1990-11-01,307.020000
1990-11-02,311.850000
1990-11-05,314.590000
1990-11-06,311.620000
1990-11-07,306.010000
1990-11-08,307.610000
1990-11-09,313.740000
1990-11-12,319.480000
1990-11-13,317.670000
1990-11-14,320.400000
1990-11-15,317.020000
1990-11-16,317.120000
1990-11-19,319.340000
1990-11-20,315.310000
1990-11-21,316.030000
1990-11-23,315.100000
1990-11-26,316.510000
1990-11-27,318.100000
1990-11-28,317.950000
1990-11-29,316.420000
1990-11-30,322.220000
1990-12-03,324.100000
1990-12-04,326.350000
1990-12-05,329.920000
1990-12-06,329.070000
1990-12-07,327.750000
1990-12-10,328.890000
1990-12-11,326.440000
1990-12-12,330.190000
1990-12-13,329.340000
1990-12-14,326.820000
1990-12-17,326.020000
1990-12-18,330.050000
1990-12-19,330.200000
1990-12-20,330.120000
1990-12-21,331.750000
1990-12-24,329.900000
1990-12-26,330.850000
1990-12-27,328.290000
1990-12-28,328.720000
1990-12-31,330.220000
1991-01-02,326.450000
1991-01-03,321.910000
1991-01-04,321.000000
1991-01-07,315.440000
1991-01-08,314.900000
1991-01-09,311.490000
1991-01-10,314.530000
1991-01-11,315.230000
1991-01-14,312.490000
1991-01-15,313.730000
1991-01-16,316.170000
1991-01-17,327.970000
1991-01-18,332.230000
1991-01-21,331.060000
1991-01-22,328.310000
1991-01-23,330.210000
1991-01-24,334.780000
1991-01-25,336.070000
1991-01-28,336.030000
1991-01-29,335.840000
1991-01-30,340.910000
1991-01-31,343.930000
1991-02-01,343.050000
1991-02-04,348.340000
1991-02-05,351.260000
1991-02-06,358.070000
1991-02-07,356.520000
1991-02-08,359.350000
1991-02-11,368.580000
1991-02-12,365.500000
1991-02-13,369.020000
1991-02-14,364.220000
1991-02-15,369.060000
1991-02-19,369.390000
1991-02-20,365.140000
1991-02-21,364.970000
1991-02-22,365.650000
1991-02-25,367.260000
1991-02-26,362.810000
1991-02-27,367.740000
1991-02-28,367.070000
1991-03-01,370.470000
1991-03-04,369.330000
1991-03-05,376.720000
1991-03-06,376.170000
1991-03-07,375.910000
1991-03-08,374.950000
1991-03-11,372.960000
1991-03-12,370.030000
1991-03-13,374.570000
1991-03-14,373.500000
1991-03-15,373.590000
1991-03-18,372.110000
1991-03-19,366.590000
1991-03-20,367.920000
1991-03-21,366.580000
1991-03-22,367.480000
1991-03-25,369.830000
1991-03-26,376.300000
1991-03-27,375.350000
1991-03-28,375.220000
1991-04-01,371.300000
1991-04-02,379.500000
1991-04-03,378.940000
1991-04-04,379.770000
1991-04-05,375.360000
1991-04-08,378.660000
1991-04-09,373.560000
1991-04-10,373.150000
1991-04-11,377.630000
1991-04-12,380.400000
1991-04-15,381.190000
1991-04-16,387.620000
1991-04-17,390.450000
1991-04-18,388.460000
1991-04-19,384.200000
1991-04-22,380.950000
1991-04-23,381.760000
1991-04-24,382.760000
1991-04-25,379.250000
1991-04-26,379.020000
1991-04-29,373.660000
1991-04-30,375.350000
1991-05-01,380.290000
1991-05-02,380.520000
1991-05-03,380.800000
1991-05-06,380.080000
1991-05-07,377.320000
1991-05-08,378.510000
1991-05-09,383.250000
1991-05-10,375.740000
1991-05-13,376.760000
1991-05-14,371.620000
1991-05-15,368.570000
1991-05-16,372.190000
1991-05-17,372.390000
1991-05-20,372.280000
1991-05-21,375.350000
1991-05-22,376.190000
1991-05-23,374.970000
1991-05-24,377.490000
1991-05-28,381.940000
1991-05-29,382.790000
1991-05-30,386.960000
1991-05-31,389.830000
1991-06-03,388.060000
1991-06-04,387.740000
1991-06-05,385.090000
1991-06-06,383.630000
1991-06-07,379.430000
1991-06-10,378.570000
1991-06-11,381.050000
1991-06-12,376.650000
1991-06-13,377.630000
1991-06-14,382.290000
1991-06-17,380.130000
1991-06-18,378.590000
1991-06-19,375.090000
1991-06-20,375.420000
1991-06-21,377.750000
1991-06-24,370.940000
1991-06-25,370.650000
1991-06-26,371.590000
1991-06-27,374.400000
1991-06-28,371.160000
1991-07-01,377.920000
1991-07-02,377.470000
1991-07-03,373.330000
1991-07-05,374.080000
1991-07-08,377.940000
1991-07-09,376.110000
1991-07-10,375.740000
1991-07-11,376.970000
1991-07-12,380.250000
1991-07-15,382.390000
1991-07-16,381.540000
1991-07-17,381.180000
1991-07-18,385.370000
1991-07-19,384.220000
1991-07-22,382.880000
1991-07-23,379.420000
1991-07-24,378.640000
1991-07-25,380.960000
1991-07-26,380.930000
1991-07-29,383.150000
1991-07-30,386.690000
1991-07-31,387.810000
1991-08-01,387.120000
1991-08-02,387.180000
1991-08-05,385.060000
1991-08-06,390.620000
1991-08-07,390.560000
1991-08-08,389.320000
1991-08-09,387.120000
1991-08-12,388.020000
1991-08-13,389.620000
1991-08-14,389.900000
1991-08-15,389.330000
1991-08-16,385.580000
1991-08-19,376.470000
1991-08-20,379.430000
1991-08-21,390.590000
1991-08-22,391.330000
1991-08-23,394.170000
1991-08-26,393.850000
1991-08-27,393.060000
1991-08-28,396.640000
1991-08-29,396.470000
1991-08-30,395.430000
1991-09-03,392.150000
1991-09-04,389.970000
1991-09-05,389.140000
1991-09-06,389.100000
1991-09-09,388.570000
1991-09-10,384.560000
1991-09-11,385.090000
1991-09-12,387.340000
1991-09-13,383.590000
1991-09-16,385.780000
1991-09-17,385.500000
1991-09-18,386.940000
1991-09-19,387.560000
1991-09-20,387.920000
1991-09-23,385.920000
1991-09-24,387.710000
1991-09-25,386.880000
1991-09-26,386.490000
1991-09-27,385.900000
1991-09-30,387.860000
1991-10-01,389.200000
1991-10-02,388.260000
1991-10-03,384.470000
1991-10-04,381.240000
1991-10-07,379.500000
1991-10-08,380.670000
1991-10-09,376.800000
1991-10-10,380.550000
1991-10-11,381.450000
1991-10-14,386.470000
1991-10-15,391.010000
1991-10-16,392.800000
1991-10-17,391.920000
1991-10-18,392.500000
1991-10-21,390.020000
1991-10-22,387.830000
1991-10-23,387.940000
1991-10-24,385.070000
1991-10-25,384.200000
1991-10-28,389.520000
1991-10-29,391.480000
1991-10-30,392.960000
1991-10-31,392.460000
1991-11-01,391.320000
1991-11-04,390.280000
1991-11-05,388.710000
1991-11-06,389.970000
1991-11-07,393.720000
1991-11-08,392.890000
1991-11-11,393.120000
1991-11-12,396.740000
1991-11-13,397.410000
1991-11-14,397.150000
1991-11-15,382.620000
1991-11-18,385.240000
1991-11-19,379.420000
1991-11-20,378.530000
1991-11-21,380.060000
1991-11-22,376.140000
1991-11-25,375.340000
1991-11-26,377.960000
1991-11-27,376.550000
1991-11-29,375.220000
1991-12-02,381.400000
1991-12-03,380.960000
1991-12-04,380.070000
1991-12-05,377.390000
1991-12-06,379.100000
1991-12-09,378.260000
1991-12-10,377.900000
1991-12-11,377.700000
1991-12-12,381.550000
1991-12-13,384.470000
1991-12-16,384.460000
1991-12-17,382.740000
1991-12-18,383.480000
1991-12-19,382.520000
1991-12-20,387.040000
1991-12-23,396.820000
1991-12-24,399.330000
1991-12-26,404.840000
1991-12-27,406.460000
1991-12-30,415.140000
1991-12-31,417.090000
1992-01-02,417.260000
1992-01-03,419.340000
1992-01-06,417.960000
1992-01-07,417.400000
1992-01-08,418.100000
1992-01-09,417.610000
1992-01-10,415.100000
1992-01-13,414.340000
1992-01-14,420.440000
1992-01-15,420.770000
1992-01-16,418.210000
1992-01-17,418.860000
1992-01-20,416.360000
1992-01-21,412.640000
1992-01-22,418.130000
1992-01-23,414.960000
1992-01-24,415.480000
1992-01-27,414.990000
1992-01-28,414.960000
1992-01-29,410.340000
1992-01-30,411.620000
1992-01-31,408.790000
1992-02-03,409.530000
1992-02-04,413.850000
1992-02-05,413.840000
1992-02-06,413.820000
1992-02-07,411.090000
1992-02-10,413.770000
1992-02-11,413.760000
1992-02-12,417.130000
1992-02-13,413.690000
1992-02-14,412.480000
1992-02-18,407.380000
1992-02-19,408.260000
1992-02-20,413.900000
1992-02-21,411.460000
1992-02-24,412.270000
1992-02-25,410.450000
1992-02-26,415.350000
1992-02-27,413.860000
1992-02-28,412.700000
1992-03-02,412.450000
1992-03-03,412.850000
1992-03-04,409.330000
1992-03-05,406.510000
1992-03-06,404.440000
1992-03-09,405.210000
1992-03-10,406.890000
1992-03-11,404.030000
1992-03-12,403.890000
1992-03-13,405.840000
1992-03-16,406.390000
1992-03-17,409.580000
1992-03-18,409.150000
1992-03-19,409.800000
1992-03-20,411.300000
1992-03-23,409.910000
1992-03-24,408.880000
1992-03-25,407.520000
1992-03-26,407.860000
1992-03-27,403.500000
1992-03-30,403.000000
1992-03-31,403.690000
1992-04-01,404.230000
1992-04-02,400.500000
1992-04-03,401.550000
1992-04-06,405.590000
1992-04-07,398.060000
1992-04-08,394.500000
1992-04-09,400.640000
1992-04-10,404.290000
1992-04-13,406.080000
1992-04-14,412.390000
1992-04-15,416.280000
1992-04-16,416.050000
1992-04-20,410.160000
1992-04-21,410.260000
1992-04-22,409.810000
1992-04-23,411.600000
1992-04-24,409.020000
1992-04-27,408.450000
1992-04-28,409.110000
1992-04-29,412.020000
1992-04-30,414.950000
1992-05-01,412.530000
1992-05-04,416.910000
1992-05-05,416.840000
1992-05-06,416.790000
1992-05-07,415.850000
1992-05-08,416.050000
1992-05-11,418.490000
1992-05-12,416.290000
1992-05-13,416.450000
1992-05-14,413.140000
1992-05-15,410.090000
1992-05-18,412.810000
1992-05-19,416.370000
1992-05-20,415.390000
1992-05-21,412.600000
1992-05-22,414.020000
1992-05-26,411.410000
1992-05-27,412.170000
1992-05-28,416.740000
1992-05-29,415.350000
1992-06-01,417.300000
1992-06-02,413.500000
1992-06-03,414.590000
1992-06-04,413.260000
1992-06-05,413.480000
1992-06-08,413.360000
1992-06-09,410.060000
1992-06-10,407.250000
1992-06-11,409.050000
1992-06-12,409.760000
1992-06-15,410.290000
1992-06-16,408.320000
1992-06-17,402.260000
1992-06-18,400.960000
1992-06-19,403.670000
1992-06-22,403.400000
1992-06-23,404.040000
1992-06-24,403.830000
1992-06-25,403.120000
1992-06-26,403.460000
1992-06-29,408.940000
1992-06-30,408.140000
1992-07-01,412.880000
1992-07-02,411.770000
1992-07-06,413.840000
1992-07-07,409.160000
1992-07-08,410.280000
1992-07-09,414.230000
1992-07-10,414.620000
1992-07-13,414.870000
1992-07-14,417.680000
1992-07-15,417.100000
1992-07-16,417.540000
1992-07-17,415.620000
1992-07-20,413.750000
1992-07-21,413.760000
1992-07-22,410.930000
1992-07-23,412.080000
1992-07-24,411.600000
1992-07-27,411.540000
1992-07-28,417.520000
1992-07-29,422.230000
1992-07-30,423.920000
1992-07-31,424.210000
1992-08-03,425.090000
1992-08-04,424.360000
1992-08-05,422.190000
1992-08-06,420.590000
1992-08-07,418.880000
1992-08-10,419.420000
1992-08-11,418.900000
1992-08-12,417.780000
1992-08-13,417.730000
1992-08-14,419.910000
1992-08-17,420.740000
1992-08-18,421.340000
1992-08-19,418.180000
1992-08-20,418.260000
1992-08-21,414.850000
1992-08-24,410.720000
1992-08-25,411.610000
1992-08-26,413.510000
1992-08-27,413.530000
1992-08-28,414.840000
1992-08-31,414.030000
1992-09-01,416.070000
1992-09-02,417.980000
1992-09-03,417.980000
1992-09-04,417.080000
1992-09-08,414.440000
1992-09-09,416.360000
1992-09-10,419.950000
1992-09-11,419.580000
1992-09-14,425.270000
1992-09-15,419.770000
1992-09-16,419.920000
1992-09-17,419.930000
1992-09-18,422.930000
1992-09-21,422.140000
1992-09-22,417.140000
1992-09-23,417.440000
1992-09-24,418.470000
1992-09-25,414.350000
1992-09-28,416.620000
1992-09-29,416.800000
1992-09-30,417.800000
1992-10-01,416.290000
1992-10-02,410.470000
1992-10-05,407.570000
1992-10-06,407.180000
1992-10-07,404.250000
1992-10-08,407.750000
1992-10-09,402.660000
1992-10-12,407.440000
1992-10-13,409.300000
1992-10-14,409.370000
1992-10-15,409.600000
1992-10-16,411.730000
1992-10-19,414.980000
1992-10-20,415.480000
1992-10-21,415.670000
1992-10-22,414.900000
1992-10-23,414.100000
1992-10-26,418.160000
1992-10-27,418.490000
1992-10-28,420.130000
1992-10-29,420.860000
1992-10-30,418.680000
1992-11-02,422.750000
1992-11-03,419.920000
1992-11-04,417.110000
1992-11-05,418.340000
1992-11-06,417.580000
1992-11-09,418.590000
1992-11-10,418.620000
1992-11-11,422.200000
1992-11-12,422.870000
1992-11-13,422.430000
1992-11-16,420.680000
1992-11-17,419.270000
1992-11-18,422.850000
1992-11-19,423.610000
1992-11-20,426.650000
1992-11-23,425.120000
1992-11-24,427.590000
1992-11-25,429.190000
1992-11-27,430.160000
1992-11-30,431.350000
1992-12-01,430.780000
1992-12-02,429.890000
1992-12-03,429.910000
1992-12-04,432.060000
1992-12-07,435.310000
1992-12-08,436.990000
1992-12-09,435.650000
1992-12-10,434.640000
1992-12-11,433.730000
1992-12-14,432.840000
1992-12-15,432.570000
1992-12-16,431.520000
1992-12-17,435.430000
1992-12-18,441.280000
1992-12-21,440.700000
1992-12-22,440.310000
1992-12-23,439.030000
1992-12-24,439.770000
1992-12-28,439.150000
1992-12-29,437.980000
1992-12-30,438.820000
1992-12-31,435.710000
1993-01-04,435.380000
1993-01-05,434.340000
1993-01-06,434.520000
1993-01-07,430.730000
1993-01-08,429.050000
1993-01-11,430.950000
1993-01-12,431.040000
1993-01-13,433.030000
1993-01-14,435.940000
1993-01-15,437.150000
1993-01-18,436.840000
1993-01-19,435.130000
1993-01-20,433.370000
1993-01-21,435.490000
1993-01-22,436.110000
1993-01-25,440.010000
1993-01-26,439.950000
1993-01-27,438.110000
1993-01-28,438.660000
1993-01-29,438.780000
1993-02-01,442.520000
1993-02-02,442.560000
1993-02-03,447.200000
1993-02-04,449.560000
1993-02-05,448.930000
1993-02-08,447.850000
1993-02-09,445.330000
1993-02-10,446.230000
1993-02-11,447.660000
1993-02-12,444.580000
1993-02-16,433.910000
1993-02-17,433.300000
1993-02-18,431.900000
1993-02-19,434.220000
1993-02-22,435.240000
1993-02-23,434.800000
1993-02-24,440.870000
1993-02-25,442.340000
1993-02-26,443.380000
1993-03-01,442.010000
1993-03-02,447.900000
1993-03-03,449.260000
1993-03-04,447.340000
1993-03-05,446.110000
1993-03-08,454.710000
1993-03-09,454.400000
1993-03-10,456.330000
1993-03-11,453.720000
1993-03-12,449.830000
1993-03-15,451.430000
1993-03-16,451.370000
1993-03-17,448.310000
1993-03-18,451.880000
1993-03-19,450.180000
1993-03-22,448.880000
1993-03-23,448.760000
1993-03-24,448.070000
1993-03-25,450.880000
1993-03-26,447.780000
1993-03-29,450.770000
1993-03-30,451.970000
1993-03-31,451.670000
1993-04-01,450.300000
1993-04-02,441.390000
1993-04-05,442.290000
1993-04-06,441.160000
1993-04-07,442.730000
1993-04-08,441.840000
1993-04-12,448.370000
1993-04-13,449.220000
1993-04-14,448.660000
1993-04-15,448.400000
1993-04-16,448.940000
1993-04-19,447.460000
1993-04-20,445.100000
1993-04-21,443.630000
1993-04-22,439.460000
1993-04-23,437.030000
1993-04-26,433.540000
1993-04-27,438.010000
1993-04-28,438.020000
1993-04-29,438.890000
1993-04-30,440.190000
1993-05-03,442.460000
1993-05-04,444.050000
1993-05-05,444.520000
1993-05-06,443.260000
1993-05-07,442.310000
1993-05-10,442.800000
1993-05-11,444.360000
1993-05-12,444.800000
1993-05-13,439.230000
1993-05-14,439.560000
1993-05-17,440.370000
1993-05-18,440.320000
1993-05-19,447.570000
1993-05-20,450.590000
1993-05-21,445.840000
1993-05-24,448.000000
1993-05-25,448.850000
1993-05-26,453.440000
1993-05-27,452.410000
1993-05-28,450.190000
1993-06-01,453.830000
1993-06-02,453.850000
1993-06-03,452.490000
1993-06-04,450.060000
1993-06-07,447.690000
1993-06-08,444.710000
1993-06-09,445.780000
1993-06-10,445.380000
1993-06-11,447.260000
1993-06-14,447.710000
1993-06-15,446.270000
1993-06-16,447.430000
1993-06-17,448.540000
1993-06-18,443.680000
1993-06-21,446.220000
1993-06-22,445.930000
1993-06-23,443.190000
1993-06-24,446.620000
1993-06-25,447.600000
1993-06-28,451.850000
1993-06-29,450.690000
1993-06-30,450.530000
1993-07-01,449.020000
1993-07-02,445.840000
1993-07-06,441.430000
1993-07-07,442.830000
1993-07-08,448.640000
1993-07-09,448.130000
1993-07-12,448.980000
1993-07-13,448.090000
1993-07-14,450.080000
1993-07-15,449.220000
1993-07-16,445.750000
1993-07-19,446.030000
1993-07-20,447.310000
1993-07-21,447.180000
1993-07-22,444.510000
1993-07-23,447.100000
1993-07-26,449.090000
1993-07-27,448.240000
1993-07-28,447.190000
1993-07-29,450.240000
1993-07-30,448.130000
1993-08-02,450.150000
1993-08-03,449.270000
1993-08-04,448.540000
1993-08-05,448.130000
1993-08-06,448.680000
1993-08-09,450.720000
1993-08-10,449.450000
1993-08-11,450.460000
1993-08-12,448.960000
1993-08-13,450.140000
1993-08-16,452.380000
1993-08-17,453.130000
1993-08-18,456.040000
1993-08-19,456.430000
1993-08-20,456.160000
1993-08-23,455.230000
1993-08-24,459.770000
1993-08-25,460.130000
1993-08-26,461.040000
1993-08-27,460.540000
1993-08-30,461.900000
1993-08-31,463.560000
1993-09-01,463.150000
1993-09-02,461.300000
1993-09-03,461.340000
1993-09-07,458.520000
1993-09-08,456.650000
1993-09-09,457.500000
1993-09-10,461.720000
1993-09-13,462.060000
1993-09-14,459.900000
1993-09-15,461.600000
1993-09-16,459.430000
1993-09-17,458.830000
1993-09-20,455.050000
1993-09-21,452.950000
1993-09-22,456.200000
1993-09-23,457.740000
1993-09-24,457.630000
1993-09-27,461.800000
1993-09-28,461.530000
1993-09-29,460.110000
1993-09-30,458.930000
1993-10-01,461.290000
1993-10-04,461.340000
1993-10-05,461.200000
1993-10-06,460.740000
1993-10-07,459.180000
1993-10-08,460.310000
1993-10-11,460.880000
1993-10-12,461.120000
1993-10-13,461.490000
1993-10-14,466.830000
1993-10-15,469.500000
1993-10-18,468.450000
1993-10-19,466.210000
1993-10-20,466.070000
1993-10-21,465.360000
1993-10-22,463.270000
1993-10-25,464.200000
1993-10-26,464.300000
1993-10-27,464.610000
1993-10-28,467.730000
1993-10-29,467.830000
1993-11-01,469.100000
1993-11-02,468.440000
1993-11-03,463.020000
1993-11-04,457.490000
1993-11-05,459.570000
1993-11-08,460.210000
1993-11-09,460.330000
1993-11-10,463.720000
1993-11-11,462.640000
1993-11-12,465.390000
1993-11-15,463.750000
1993-11-16,466.740000
1993-11-17,464.810000
1993-11-18,463.620000
1993-11-19,462.600000
1993-11-22,459.130000
1993-11-23,461.030000
1993-11-24,462.360000
1993-11-26,463.060000
1993-11-29,461.900000
1993-11-30,461.790000
1993-12-01,461.890000
1993-12-02,463.110000
1993-12-03,464.890000
1993-12-06,466.430000
1993-12-07,466.760000
1993-12-08,466.290000
1993-12-09,464.180000
1993-12-10,463.930000
1993-12-13,465.700000
1993-12-14,463.060000
1993-12-15,461.840000
1993-12-16,463.340000
1993-12-17,466.380000
1993-12-20,465.850000
1993-12-21,465.300000
1993-12-22,467.320000
1993-12-23,467.380000
1993-12-27,470.540000
1993-12-28,470.940000
1993-12-29,470.580000
1993-12-30,468.640000
1993-12-31,466.450000
1994-01-03,465.440000
1994-01-04,466.890000
1994-01-05,467.550000
1994-01-06,467.120000
1994-01-07,469.900000
1994-01-10,475.270000
1994-01-11,474.130000
1994-01-12,474.170000
1994-01-13,472.470000
1994-01-14,474.910000
1994-01-17,473.300000
1994-01-18,474.250000
1994-01-19,474.300000
1994-01-20,474.980000
1994-01-21,474.720000
1994-01-24,471.970000
1994-01-25,470.920000
1994-01-26,473.200000
1994-01-27,477.050000
1994-01-28,478.700000
1994-01-31,481.610000
1994-02-01,479.620000
1994-02-02,482.000000
1994-02-03,480.710000
1994-02-04,469.810000
1994-02-07,471.760000
1994-02-08,471.050000
1994-02-09,472.770000
1994-02-10,468.930000
1994-02-11,470.180000
1994-02-14,470.230000
1994-02-15,472.520000
1994-02-16,472.790000
1994-02-17,470.340000
1994-02-18,467.690000
1994-02-22,471.460000
1994-02-23,470.690000
1994-02-24,464.260000
1994-02-25,466.070000
1994-02-28,467.140000
1994-03-01,464.440000
1994-03-02,464.810000
1994-03-03,463.010000
1994-03-04,464.740000
1994-03-07,466.910000
1994-03-08,465.880000
1994-03-09,467.060000
1994-03-10,463.900000
1994-03-11,466.440000
1994-03-14,467.390000
1994-03-15,467.010000
1994-03-16,469.420000
1994-03-17,470.900000
1994-03-18,471.060000
1994-03-21,468.540000
1994-03-22,468.800000
1994-03-23,468.540000
1994-03-24,464.350000
1994-03-25,460.580000
1994-03-28,460.000000
1994-03-29,452.480000
1994-03-30,445.550000
1994-03-31,445.770000
1994-04-04,438.920000
1994-04-05,448.290000
1994-04-06,448.050000
1994-04-07,450.880000
1994-04-08,447.100000
1994-04-11,449.870000
1994-04-12,447.570000
1994-04-13,446.260000
1994-04-14,446.380000
1994-04-15,446.180000
1994-04-18,442.460000
1994-04-19,442.540000
1994-04-20,441.960000
1994-04-21,448.730000
1994-04-22,447.630000
1994-04-25,452.710000
1994-04-26,451.870000
1994-04-28,449.100000
1994-04-29,450.910000
1994-05-02,453.020000
1994-05-03,453.030000
1994-05-04,451.720000
1994-05-05,451.380000
1994-05-06,447.820000
1994-05-09,442.320000
1994-05-10,446.010000
1994-05-11,441.490000
1994-05-12,443.750000
1994-05-13,444.140000
1994-05-16,444.490000
1994-05-17,449.370000
1994-05-18,453.690000
1994-05-19,456.480000
1994-05-20,454.920000
1994-05-23,453.200000
1994-05-24,454.810000
1994-05-25,456.340000
1994-05-26,457.060000
1994-05-27,457.330000
1994-05-31,456.500000
1994-06-01,457.630000
1994-06-02,457.650000
1994-06-03,460.130000
1994-06-06,458.880000
1994-06-07,458.210000
1994-06-08,457.060000
1994-06-09,457.860000
1994-06-10,458.670000
1994-06-13,459.100000
1994-06-14,462.370000
1994-06-15,460.610000
1994-06-16,461.930000
1994-06-17,458.450000
1994-06-20,455.480000
1994-06-21,451.340000
1994-06-22,453.090000
1994-06-23,449.630000
1994-06-24,442.800000
1994-06-27,447.310000
1994-06-28,446.070000
1994-06-29,447.630000
1994-06-30,444.270000
1994-07-01,446.200000
1994-07-05,446.370000
1994-07-06,446.130000
1994-07-07,448.380000
1994-07-08,449.550000
1994-07-11,448.060000
1994-07-12,447.950000
1994-07-13,448.730000
1994-07-14,453.410000
1994-07-15,454.160000
1994-07-18,455.220000
1994-07-19,453.860000
1994-07-20,451.600000
1994-07-21,452.610000
1994-07-22,453.110000
1994-07-25,454.250000
1994-07-26,453.360000
1994-07-27,452.570000
1994-07-28,454.240000
1994-07-29,458.260000
1994-08-01,461.010000
1994-08-02,460.560000
1994-08-03,461.450000
1994-08-04,458.400000
1994-08-05,457.090000
1994-08-08,457.890000
1994-08-09,457.930000
1994-08-10,460.300000
1994-08-11,458.880000
1994-08-12,461.940000
1994-08-15,461.230000
1994-08-16,465.010000
1994-08-17,465.170000
1994-08-18,463.170000
1994-08-19,463.680000
1994-08-22,462.320000
1994-08-23,464.510000
1994-08-24,469.030000
1994-08-25,468.080000
1994-08-26,473.800000
1994-08-29,474.590000
1994-08-30,476.070000
1994-08-31,475.490000
1994-09-01,473.170000
1994-09-02,470.990000
1994-09-06,471.860000
1994-09-07,470.960000
1994-09-08,473.140000
1994-09-09,468.180000
1994-09-12,466.210000
1994-09-13,467.510000
1994-09-14,468.800000
1994-09-15,474.810000
1994-09-16,471.190000
1994-09-19,470.850000
1994-09-20,463.360000
1994-09-21,461.460000
1994-09-22,461.270000
1994-09-23,459.670000
1994-09-26,460.820000
1994-09-27,462.050000
1994-09-28,464.840000
1994-09-29,462.240000
1994-09-30,462.690000
1994-10-03,461.740000
1994-10-04,454.590000
1994-10-05,453.520000
1994-10-06,452.360000
1994-10-07,455.100000
1994-10-10,459.040000
1994-10-11,465.790000
1994-10-12,465.470000
1994-10-13,467.770000
1994-10-14,469.100000
1994-10-17,468.960000
1994-10-18,467.660000
1994-10-19,470.280000
1994-10-20,466.850000
1994-10-21,464.890000
1994-10-24,460.830000
1994-10-25,461.530000
1994-10-26,462.620000
1994-10-27,465.850000
1994-10-28,473.770000
1994-10-31,472.350000
1994-11-01,468.420000
1994-11-02,466.500000
1994-11-03,467.910000
1994-11-04,462.280000
1994-11-07,463.070000
1994-11-08,465.650000
1994-11-09,465.400000
1994-11-10,464.370000
1994-11-11,462.350000
1994-11-14,466.040000
1994-11-15,465.030000
1994-11-16,465.600000
1994-11-17,463.560000
1994-11-18,461.470000
1994-11-21,458.300000
1994-11-22,450.090000
1994-11-23,449.930000
1994-11-25,452.290000
1994-11-28,454.160000
1994-11-29,455.170000
1994-11-30,453.690000
1994-12-01,448.920000
1994-12-02,453.300000
1994-12-05,453.320000
1994-12-06,453.110000
1994-12-07,451.230000
1994-12-08,445.450000
1994-12-09,446.960000
1994-12-12,449.470000
1994-12-13,450.150000
1994-12-14,454.970000
1994-12-15,455.340000
1994-12-16,458.800000
1994-12-19,457.910000
1994-12-20,457.100000
1994-12-21,459.610000
1994-12-22,459.670000
1994-12-23,459.830000
1994-12-27,462.470000
1994-12-28,460.860000
1994-12-29,461.160000
1994-12-30,459.270000
1995-01-03,459.110000
1995-01-04,460.710000
1995-01-05,460.340000
1995-01-06,460.680000
1995-01-09,460.830000
1995-01-10,461.680000
1995-01-11,461.660000
1995-01-12,461.640000
1995-01-13,465.970000
1995-01-16,469.380000
1995-01-17,470.050000
1995-01-18,469.720000
1995-01-19,466.950000
1995-01-20,464.780000
1995-01-23,465.810000
1995-01-24,465.860000
1995-01-25,467.440000
1995-01-26,468.320000
1995-01-27,470.390000
1995-01-30,468.510000
1995-01-31,470.420000
1995-02-01,470.400000
1995-02-02,472.780000
1995-02-03,478.640000
1995-02-06,481.140000
1995-02-07,480.810000
1995-02-08,481.190000
1995-02-09,480.190000
1995-02-10,481.460000
1995-02-13,481.650000
1995-02-14,482.550000
1995-02-15,484.540000
1995-02-16,485.220000
1995-02-17,481.970000
1995-02-21,482.740000
1995-02-22,485.070000
1995-02-23,486.910000
1995-02-24,488.110000
1995-02-27,483.810000
1995-02-28,487.390000
1995-03-01,485.650000
1995-03-02,485.130000
1995-03-03,485.420000
1995-03-06,485.630000
1995-03-07,482.120000
1995-03-08,483.140000
1995-03-09,483.160000
1995-03-10,489.570000
1995-03-13,490.050000
1995-03-14,492.890000
1995-03-15,491.880000
1995-03-16,495.410000
1995-03-17,495.520000
1995-03-20,496.150000
1995-03-21,495.070000
1995-03-22,495.670000
1995-03-23,495.950000
1995-03-24,500.970000
1995-03-27,503.200000
1995-03-28,503.900000
1995-03-29,503.120000
1995-03-30,502.220000
1995-03-31,500.710000
1995-04-03,501.850000
1995-04-04,505.240000
1995-04-05,505.570000
1995-04-06,506.080000
1995-04-07,506.420000
1995-04-10,507.010000
1995-04-11,505.530000
1995-04-12,507.170000
1995-04-13,509.230000
1995-04-17,506.130000
1995-04-18,505.370000
1995-04-19,504.920000
1995-04-20,505.290000
1995-04-21,508.490000
1995-04-24,512.890000
1995-04-25,512.100000
1995-04-26,512.660000
1995-04-27,513.550000
1995-04-28,514.710000
1995-05-01,514.260000
1995-05-02,514.860000
1995-05-03,520.480000
1995-05-04,520.540000
1995-05-05,520.120000
1995-05-08,523.960000
1995-05-09,523.560000
1995-05-10,524.360000
1995-05-11,524.370000
1995-05-12,525.550000
1995-05-15,527.740000
1995-05-16,528.190000
1995-05-17,527.070000
1995-05-18,519.580000
1995-05-19,519.190000
1995-05-22,523.650000
1995-05-23,528.590000
1995-05-24,528.610000
1995-05-25,528.590000
1995-05-26,523.650000
1995-05-30,523.580000
1995-05-31,533.400000
1995-06-01,533.490000
1995-06-02,532.510000
1995-06-05,535.600000
1995-06-06,535.550000
1995-06-07,533.130000
1995-06-08,532.350000
1995-06-09,527.940000
1995-06-12,530.880000
1995-06-13,536.050000
1995-06-14,536.470000
1995-06-15,537.120000
1995-06-16,539.830000
1995-06-19,545.220000
1995-06-20,544.980000
1995-06-21,543.980000
1995-06-22,551.070000
1995-06-23,549.710000
1995-06-26,544.130000
1995-06-27,542.430000
1995-06-28,544.730000
1995-06-29,543.870000
1995-06-30,544.750000
1995-07-03,547.090000
1995-07-05,547.260000
1995-07-06,553.990000
1995-07-07,556.370000
1995-07-10,557.190000
1995-07-11,554.780000
1995-07-12,560.890000
1995-07-13,561.000000
1995-07-14,559.890000
1995-07-17,562.720000
1995-07-18,558.460000
1995-07-19,550.980000
1995-07-20,553.540000
1995-07-21,553.620000
1995-07-24,556.630000
1995-07-25,561.100000
1995-07-26,561.610000
1995-07-27,565.220000
1995-07-28,562.930000
1995-07-31,562.060000
1995-08-01,559.640000
1995-08-02,558.800000
1995-08-03,558.750000
1995-08-04,558.940000
1995-08-07,560.030000
1995-08-08,560.390000
1995-08-09,559.710000
1995-08-10,557.450000
1995-08-11,555.110000
1995-08-14,559.740000
1995-08-15,558.570000
1995-08-16,559.970000
1995-08-17,559.040000
1995-08-18,559.210000
1995-08-21,558.110000
1995-08-22,559.520000
1995-08-23,557.140000
1995-08-24,557.460000
1995-08-25,560.100000
1995-08-28,559.050000
1995-08-29,560.000000
1995-08-30,560.920000
1995-08-31,561.880000
1995-09-01,563.840000
1995-09-05,569.170000
1995-09-06,570.170000
1995-09-07,570.290000
1995-09-08,572.680000
1995-09-11,573.910000
1995-09-12,576.510000
1995-09-13,578.770000
1995-09-14,583.610000
1995-09-15,583.350000
1995-09-18,582.770000
1995-09-19,584.200000
1995-09-20,586.770000
1995-09-21,583.000000
1995-09-22,581.730000
1995-09-25,581.810000
1995-09-26,581.410000
1995-09-27,581.040000
1995-09-28,585.870000
1995-09-29,584.410000
1995-10-02,581.720000
1995-10-03,582.340000
1995-10-04,581.470000
1995-10-05,582.630000
1995-10-06,582.490000
1995-10-09,578.370000
1995-10-10,577.520000
1995-10-11,579.460000
1995-10-12,583.100000
1995-10-13,584.500000
1995-10-16,583.030000
1995-10-17,586.780000
1995-10-18,587.440000
1995-10-19,590.650000
1995-10-20,587.460000
1995-10-23,585.060000
1995-10-24,586.540000
1995-10-25,582.470000
1995-10-26,576.720000
1995-10-27,579.700000
1995-10-30,583.250000
1995-10-31,581.500000
1995-11-01,584.220000
1995-11-02,589.720000
1995-11-03,590.570000
1995-11-06,588.460000
1995-11-07,586.320000
1995-11-08,591.710000
1995-11-09,593.260000
1995-11-10,592.720000
1995-11-13,592.300000
1995-11-14,589.290000
1995-11-15,593.960000
1995-11-16,597.340000
1995-11-17,600.070000
1995-11-20,596.850000
1995-11-21,600.240000
1995-11-22,598.400000
1995-11-24,599.970000
1995-11-27,601.320000
1995-11-28,606.450000
1995-11-29,607.640000
1995-11-30,605.370000
1995-12-01,606.980000
1995-12-04,613.680000
1995-12-05,617.680000
1995-12-06,620.180000
1995-12-07,616.170000
1995-12-08,617.480000
1995-12-11,619.520000
1995-12-12,618.780000
1995-12-13,621.690000
1995-12-14,616.920000
1995-12-15,616.340000
1995-12-18,606.810000
1995-12-19,611.930000
1995-12-20,605.940000
1995-12-21,610.490000
1995-12-22,611.960000
1995-12-26,614.300000
1995-12-27,614.530000
1995-12-28,614.120000
1995-12-29,615.930000
1996-01-02,620.730000
1996-01-03,621.320000
1996-01-04,617.700000
1996-01-05,616.710000
1996-01-08,618.460000
1996-01-09,609.450000
1996-01-10,598.480000
1996-01-11,602.690000
1996-01-12,601.810000
1996-01-15,599.820000
1996-01-16,608.440000
1996-01-17,606.370000
1996-01-18,608.240000
1996-01-19,611.830000
1996-01-22,613.400000
1996-01-23,612.790000
1996-01-24,619.960000
1996-01-25,617.030000
1996-01-26,621.620000
1996-01-29,624.220000
1996-01-30,630.150000
1996-01-31,636.020000
1996-02-01,638.460000
1996-02-02,635.840000
1996-02-05,641.430000
1996-02-06,646.330000
1996-02-07,649.930000
1996-02-08,656.070000
1996-02-09,656.370000
1996-02-12,661.450000
1996-02-13,660.510000
1996-02-14,655.580000
1996-02-15,651.320000
1996-02-16,647.980000
1996-02-20,640.650000
1996-02-21,648.100000
1996-02-22,658.860000
1996-02-23,659.080000
1996-02-26,650.460000
1996-02-27,647.240000
1996-02-28,644.750000
1996-02-29,640.430000
1996-03-01,644.370000
1996-03-04,650.810000
1996-03-05,655.790000
1996-03-06,652.000000
1996-03-07,653.650000
1996-03-08,633.500000
1996-03-11,640.020000
1996-03-12,637.090000
1996-03-13,638.550000
1996-03-14,640.870000
1996-03-15,641.430000
1996-03-18,652.650000
1996-03-19,651.690000
1996-03-20,649.980000
1996-03-21,649.190000
1996-03-22,650.620000
1996-03-25,650.040000
1996-03-26,652.970000
1996-03-27,648.910000
1996-03-28,648.940000
1996-03-29,645.500000
1996-04-01,653.730000
1996-04-02,655.260000
1996-04-03,655.880000
1996-04-04,655.860000
1996-04-08,644.240000
1996-04-09,642.190000
1996-04-10,633.500000
1996-04-11,631.180000
1996-04-12,636.710000
1996-04-15,642.490000
1996-04-16,645.000000
1996-04-17,641.610000
1996-04-18,643.610000
1996-04-19,645.070000
1996-04-22,647.890000
1996-04-23,651.580000
1996-04-24,650.170000
1996-04-25,652.870000
1996-04-26,653.460000
1996-04-29,654.160000
1996-04-30,654.170000
1996-05-01,654.580000
1996-05-02,643.380000
1996-05-03,641.630000
1996-05-06,640.810000
1996-05-07,638.260000
1996-05-08,644.770000
1996-05-09,645.440000
1996-05-10,652.090000
1996-05-13,661.510000
1996-05-14,665.600000
1996-05-15,665.420000
1996-05-16,664.850000
1996-05-17,668.910000
1996-05-20,673.150000
1996-05-21,672.760000
1996-05-22,678.420000
1996-05-23,676.000000
1996-05-24,678.510000
1996-05-28,672.230000
1996-05-29,667.930000
1996-05-30,671.700000
1996-05-31,669.120000
1996-06-03,667.680000
1996-06-04,672.560000
1996-06-05,678.440000
1996-06-06,673.030000
1996-06-07,673.310000
1996-06-10,672.160000
1996-06-11,670.970000
1996-06-12,669.040000
1996-06-13,667.920000
1996-06-14,665.850000
1996-06-17,665.160000
1996-06-18,662.060000
1996-06-19,661.960000
1996-06-20,662.100000
1996-06-21,666.840000
1996-06-24,668.850000
1996-06-25,668.480000
1996-06-26,664.390000
1996-06-27,668.550000
1996-06-28,670.630000
1996-07-01,675.880000
1996-07-02,673.610000
1996-07-03,672.400000
1996-07-05,657.440000
1996-07-08,652.540000
1996-07-09,654.750000
1996-07-10,656.060000
1996-07-11,645.670000
1996-07-12,646.190000
1996-07-15,629.800000
1996-07-16,628.370000
1996-07-17,634.070000
1996-07-18,643.560000
1996-07-19,638.730000
1996-07-22,633.770000
1996-07-23,626.870000
1996-07-24,626.650000
1996-07-25,631.170000
1996-07-26,635.900000
1996-07-29,630.910000
1996-07-30,635.260000
1996-07-31,639.950000
1996-08-01,650.020000
1996-08-02,662.490000
1996-08-05,660.230000
1996-08-06,662.380000
1996-08-07,664.160000
1996-08-08,662.590000
1996-08-09,662.100000
1996-08-12,665.770000
1996-08-13,660.200000
1996-08-14,662.050000
1996-08-15,662.280000
1996-08-16,665.210000
1996-08-19,666.580000
1996-08-20,665.690000
1996-08-21,665.070000
1996-08-22,670.680000
1996-08-23,667.030000
1996-08-26,663.880000
1996-08-27,666.310000
1996-08-28,664.810000
1996-08-29,657.400000
1996-08-30,651.990000
1996-09-03,654.720000
1996-09-04,655.610000
1996-09-05,649.440000
1996-09-06,655.680000
1996-09-09,663.760000
1996-09-10,663.810000
1996-09-11,667.280000
1996-09-12,671.150000
1996-09-13,680.540000
1996-09-16,683.980000
1996-09-17,682.940000
1996-09-18,681.470000
1996-09-19,683.000000
1996-09-20,687.030000
1996-09-23,686.480000
1996-09-24,685.610000
1996-09-25,685.830000
1996-09-26,685.860000
1996-09-27,686.190000
1996-09-30,687.310000
1996-10-01,689.080000
1996-10-02,694.010000
1996-10-03,692.780000
1996-10-04,701.460000
1996-10-07,703.340000
1996-10-08,700.640000
1996-10-09,696.740000
1996-10-10,694.610000
1996-10-11,700.660000
1996-10-14,703.540000
1996-10-15,702.570000
1996-10-16,704.410000
1996-10-17,706.990000
1996-10-18,710.820000
1996-10-21,709.850000
1996-10-22,706.570000
1996-10-23,707.270000
1996-10-24,702.290000
1996-10-25,700.920000
1996-10-28,697.260000
1996-10-29,701.500000
1996-10-30,700.900000
1996-10-31,705.270000
1996-11-01,703.770000
1996-11-04,706.720000
1996-11-05,714.140000
1996-11-06,724.590000
1996-11-07,727.650000
1996-11-08,730.820000
1996-11-11,731.870000
1996-11-12,729.560000
1996-11-13,731.130000
1996-11-14,735.880000
1996-11-15,737.620000
1996-11-18,737.020000
1996-11-19,742.160000
1996-11-20,743.950000
1996-11-21,742.750000
1996-11-22,748.730000
1996-11-25,757.030000
1996-11-26,755.960000
1996-11-27,754.990000
1996-11-29,757.020000
1996-12-02,756.530000
1996-12-03,748.280000
1996-12-04,745.100000
1996-12-05,744.380000
1996-12-06,739.600000
1996-12-09,749.730000
1996-12-10,747.540000
1996-12-11,740.730000
1996-12-12,729.300000
1996-12-13,728.640000
1996-12-16,720.980000
1996-12-17,726.040000
1996-12-18,731.540000
1996-12-19,745.760000
1996-12-20,748.870000
1996-12-23,746.920000
1996-12-24,751.030000
1996-12-26,755.820000
1996-12-27,756.790000
1996-12-30,753.850000
1996-12-31,740.740000
1997-01-02,737.010000
1997-01-03,748.030000
1997-01-06,747.650000
1997-01-07,753.230000
1997-01-08,748.410000
1997-01-09,754.850000
1997-01-10,759.500000
1997-01-13,759.510000
1997-01-14,768.860000
1997-01-15,767.250000
1997-01-16,769.740000
1997-01-17,776.170000
1997-01-20,776.700000
1997-01-21,782.720000
1997-01-22,786.230000
1997-01-23,777.560000
1997-01-24,770.520000
1997-01-27,765.000000
1997-01-28,765.030000
1997-01-29,772.500000
1997-01-30,784.150000
1997-01-31,786.160000
1997-02-03,786.700000
1997-02-04,789.280000
1997-02-05,778.180000
1997-02-06,780.130000
1997-02-07,787.140000
1997-02-10,785.450000
1997-02-11,789.320000
1997-02-12,802.770000
1997-02-13,811.830000
1997-02-14,808.450000
1997-02-18,816.290000
1997-02-19,812.470000
1997-02-20,802.770000
1997-02-21,801.760000
1997-02-24,810.290000
1997-02-25,812.100000
1997-02-26,803.690000
1997-02-27,795.080000
1997-02-28,791.090000
1997-03-03,794.970000
1997-03-04,790.950000
1997-03-05,801.990000
1997-03-06,798.590000
1997-03-07,804.060000
1997-03-10,813.650000
1997-03-11,811.280000
1997-03-12,804.260000
1997-03-13,789.560000
1997-03-14,793.550000
1997-03-17,793.170000
1997-03-18,789.590000
1997-03-19,785.500000
1997-03-20,782.590000
1997-03-21,784.100000
1997-03-24,790.890000
1997-03-25,789.070000
1997-03-26,791.010000
1997-03-27,773.300000
1997-03-31,757.120000
1997-04-01,759.600000
1997-04-02,750.120000
1997-04-03,750.320000
1997-04-04,757.270000
1997-04-07,762.390000
1997-04-08,766.120000
1997-04-09,760.220000
1997-04-10,758.320000
1997-04-11,737.650000
1997-04-14,743.730000
1997-04-15,754.720000
1997-04-16,763.530000
1997-04-17,761.780000
1997-04-18,766.340000
1997-04-21,760.260000
1997-04-22,774.640000
1997-04-23,773.630000
1997-04-24,771.160000
1997-04-25,765.370000
1997-04-28,772.960000
1997-04-29,794.050000
1997-04-30,801.340000
1997-05-01,798.530000
1997-05-02,812.970000
1997-05-05,830.240000
1997-05-06,827.760000
1997-05-07,815.620000
1997-05-08,820.260000
1997-05-09,824.780000
1997-05-12,837.660000
1997-05-13,833.130000
1997-05-14,836.040000
1997-05-15,841.880000
1997-05-16,829.750000
1997-05-19,833.270000
1997-05-20,841.660000
1997-05-21,839.350000
1997-05-22,835.660000
1997-05-23,847.030000
1997-05-27,849.710000
1997-05-28,847.210000
1997-05-29,844.080000
1997-05-30,848.280000
1997-06-02,846.360000
1997-06-03,845.400000
1997-06-04,845.480000
1997-06-05,843.430000
1997-06-06,858.010000
1997-06-09,862.910000
1997-06-10,865.270000
1997-06-11,869.570000
1997-06-12,883.480000
1997-06-13,893.270000
1997-06-16,893.900000
1997-06-17,894.420000
1997-06-18,889.060000
1997-06-19,897.990000
1997-06-20,898.700000
1997-06-23,878.620000
1997-06-24,896.340000
1997-06-25,888.990000
1997-06-26,883.680000
1997-06-27,887.300000
1997-06-30,885.140000
1997-07-01,891.030000
1997-07-02,904.030000
1997-07-03,916.920000
1997-07-07,912.200000
1997-07-08,918.750000
1997-07-09,907.540000
1997-07-10,913.780000
1997-07-11,916.680000
1997-07-14,918.380000
1997-07-15,925.760000
1997-07-16,936.590000
1997-07-17,931.610000
1997-07-18,915.300000
1997-07-21,912.940000
1997-07-22,933.980000
1997-07-23,936.560000
1997-07-24,940.300000
1997-07-25,938.790000
1997-07-28,936.450000
1997-07-29,942.290000
1997-07-30,952.290000
1997-07-31,954.290000
1997-08-01,947.140000
1997-08-04,950.300000
1997-08-05,952.370000
1997-08-06,960.320000
1997-08-07,951.190000
1997-08-08,933.540000
1997-08-11,937.000000
1997-08-12,926.530000
1997-08-13,922.020000
1997-08-14,924.770000
1997-08-15,900.810000
1997-08-18,912.490000
1997-08-19,926.010000
1997-08-20,939.350000
1997-08-21,925.050000
1997-08-22,923.550000
1997-08-25,920.160000
1997-08-26,913.020000
1997-08-27,913.700000
1997-08-28,903.670000
1997-08-29,899.470000
1997-09-02,927.580000
1997-09-03,927.860000
1997-09-04,930.870000
1997-09-05,929.050000
1997-09-08,931.200000
1997-09-09,933.620000
1997-09-10,919.030000
1997-09-11,912.590000
1997-09-12,923.910000
1997-09-15,919.770000
1997-09-16,945.640000
1997-09-17,943.000000
1997-09-18,947.290000
1997-09-19,950.510000
1997-09-22,955.430000
1997-09-23,951.930000
1997-09-24,944.480000
1997-09-25,937.910000
1997-09-26,945.220000
1997-09-29,953.340000
1997-09-30,947.280000
1997-10-01,955.410000
1997-10-02,960.460000
1997-10-03,965.030000
1997-10-06,972.690000
1997-10-07,983.120000
1997-10-08,973.840000
1997-10-09,970.620000
1997-10-10,966.980000
1997-10-13,968.100000
1997-10-14,970.280000
1997-10-15,965.720000
1997-10-16,955.230000
1997-10-17,944.160000
1997-10-20,955.610000
1997-10-21,972.280000
1997-10-22,968.490000
1997-10-23,950.690000
1997-10-24,941.640000
1997-10-27,876.990000
1997-10-28,921.850000
1997-10-29,919.160000
1997-10-30,903.680000
1997-10-31,914.620000
1997-11-03,938.990000
1997-11-04,940.760000
1997-11-05,942.760000
1997-11-06,938.030000
1997-11-07,927.510000
1997-11-10,921.130000
1997-11-11,923.780000
1997-11-12,905.960000
1997-11-13,916.660000
1997-11-14,928.350000
1997-11-17,946.200000
1997-11-18,938.230000
1997-11-19,944.590000
1997-11-20,958.980000
1997-11-21,963.090000
1997-11-24,946.670000
1997-11-25,950.820000
1997-11-26,951.640000
1997-11-28,955.400000
1997-12-01,974.770000
1997-12-02,971.680000
1997-12-03,976.770000
1997-12-04,973.100000
1997-12-05,983.790000
1997-12-08,982.370000
1997-12-09,975.780000
1997-12-10,969.790000
1997-12-11,954.940000
1997-12-12,953.390000
1997-12-15,963.390000
1997-12-16,968.040000
1997-12-17,965.540000
1997-12-18,955.300000
1997-12-19,946.780000
1997-12-22,953.700000
1997-12-23,939.130000
1997-12-24,932.700000
1997-12-26,936.460000
1997-12-29,953.350000
1997-12-30,970.840000
1997-12-31,970.430000
1998-01-02,975.040000
1998-01-05,977.070000
1998-01-06,966.580000
1998-01-07,964.000000
1998-01-08,956.040000
1998-01-09,927.690000
1998-01-12,939.210000
1998-01-13,952.120000
1998-01-14,957.940000
1998-01-15,950.730000
1998-01-16,961.510000
1998-01-20,978.600000
1998-01-21,970.810000
1998-01-22,963.040000
1998-01-23,957.590000
1998-01-26,956.950000
1998-01-27,969.020000
1998-01-28,977.460000
1998-01-29,985.490000
1998-01-30,980.280000
1998-02-02,1001.270000
1998-02-03,1006.000000
1998-02-04,1006.900000
1998-02-05,1003.540000
1998-02-06,1012.460000
1998-02-09,1010.740000
1998-02-10,1019.010000
1998-02-11,1020.010000
1998-02-12,1024.140000
1998-02-13,1020.090000
1998-02-17,1022.760000
1998-02-18,1032.080000
1998-02-19,1028.280000
1998-02-20,1034.210000
1998-02-23,1038.140000
1998-02-24,1030.560000
1998-02-25,1042.900000
1998-02-26,1048.670000
1998-02-27,1049.340000
1998-03-02,1047.700000
1998-03-03,1052.020000
1998-03-04,1047.330000
1998-03-05,1035.050000
1998-03-06,1055.690000
1998-03-09,1052.310000
1998-03-10,1064.250000
1998-03-11,1068.470000
1998-03-12,1069.920000
1998-03-13,1068.610000
1998-03-16,1079.270000
1998-03-17,1080.450000
1998-03-18,1085.520000
1998-03-19,1089.740000
1998-03-20,1099.160000
1998-03-23,1095.550000
1998-03-24,1105.650000
1998-03-25,1101.930000
1998-03-26,1100.800000
1998-03-27,1095.440000
1998-03-30,1093.550000
1998-03-31,1101.750000
1998-04-01,1108.150000
1998-04-02,1120.010000
1998-04-03,1122.700000
1998-04-06,1121.380000
1998-04-07,1109.550000
1998-04-08,1101.650000
1998-04-09,1110.670000
1998-04-13,1109.690000
1998-04-14,1115.750000
1998-04-15,1119.320000
1998-04-16,1108.170000
1998-04-17,1122.720000
1998-04-20,1123.650000
1998-04-21,1126.670000
1998-04-22,1130.540000
1998-04-23,1119.580000
1998-04-24,1107.900000
1998-04-27,1086.540000
1998-04-28,1085.110000
1998-04-29,1094.630000
1998-04-30,1111.750000
1998-05-01,1121.000000
1998-05-04,1122.070000
1998-05-05,1115.500000
1998-05-06,1104.920000
1998-05-07,1095.140000
1998-05-08,1108.140000
1998-05-11,1106.640000
1998-05-12,1115.790000
1998-05-13,1118.860000
1998-05-14,1117.370000
1998-05-15,1108.730000
1998-05-18,1105.820000
1998-05-19,1109.520000
1998-05-20,1119.060000
1998-05-21,1114.640000
1998-05-22,1110.470000
1998-05-26,1094.020000
1998-05-27,1092.230000
1998-05-28,1097.600000
1998-05-29,1090.820000
1998-06-01,1090.980000
1998-06-02,1093.220000
1998-06-03,1082.730000
1998-06-04,1094.830000
1998-06-05,1113.860000
1998-06-08,1115.720000
1998-06-09,1118.410000
1998-06-10,1112.280000
1998-06-11,1094.580000
1998-06-12,1098.840000
1998-06-15,1077.010000
1998-06-16,1087.590000
1998-06-17,1107.110000
1998-06-18,1106.370000
1998-06-19,1100.650000
1998-06-22,1103.210000
1998-06-23,1119.490000
1998-06-24,1132.880000
1998-06-25,1129.280000
1998-06-26,1133.200000
1998-06-29,1138.490000
1998-06-30,1133.840000
1998-07-01,1148.560000
1998-07-02,1146.420000
1998-07-06,1157.330000
1998-07-07,1154.660000
1998-07-08,1166.380000
1998-07-09,1158.560000
1998-07-10,1164.330000
1998-07-13,1165.190000
1998-07-14,1177.580000
1998-07-15,1174.810000
1998-07-16,1183.990000
1998-07-17,1186.750000
1998-07-20,1184.100000
1998-07-21,1165.070000
1998-07-22,1164.080000
1998-07-23,1139.750000
1998-07-24,1140.800000
1998-07-27,1147.270000
1998-07-28,1130.240000
1998-07-29,1125.210000
1998-07-30,1142.950000
1998-07-31,1120.670000
1998-08-03,1112.440000
1998-08-04,1072.120000
1998-08-05,1081.430000
1998-08-06,1089.630000
1998-08-07,1089.450000
1998-08-10,1083.140000
1998-08-11,1068.980000
1998-08-12,1084.220000
1998-08-13,1074.910000
1998-08-14,1062.750000
1998-08-17,1083.670000
1998-08-18,1101.200000
1998-08-19,1098.060000
1998-08-20,1091.600000
1998-08-21,1081.240000
1998-08-24,1088.140000
1998-08-25,1092.850000
1998-08-26,1084.190000
1998-08-27,1042.590000
1998-08-28,1027.140000
1998-08-31,957.280000
1998-09-01,994.260000
1998-09-02,990.470000
1998-09-03,982.260000
1998-09-04,973.890000
1998-09-08,1023.460000
1998-09-09,1006.200000
1998-09-10,980.190000
1998-09-11,1009.060000
1998-09-14,1029.720000
1998-09-15,1037.680000
1998-09-16,1045.480000
1998-09-17,1018.870000
1998-09-18,1020.090000
1998-09-21,1023.890000
1998-09-22,1029.630000
1998-09-23,1066.090000
1998-09-24,1042.720000
1998-09-25,1044.750000
1998-09-28,1048.690000
1998-09-29,1049.020000
1998-09-30,1017.010000
1998-10-01,986.390000
1998-10-02,1002.600000
1998-10-05,988.560000
1998-10-06,984.590000
1998-10-07,970.680000
1998-10-08,959.440000
1998-10-09,984.390000
1998-10-12,997.710000
1998-10-13,994.800000
1998-10-14,1005.530000
1998-10-15,1047.490000
1998-10-16,1056.420000
1998-10-19,1062.390000
1998-10-20,1063.930000
1998-10-21,1069.920000
1998-10-22,1078.480000
1998-10-23,1070.670000
1998-10-26,1072.320000
1998-10-27,1065.340000
1998-10-28,1068.090000
1998-10-29,1085.930000
1998-10-30,1098.670000
1998-11-02,1111.600000
1998-11-03,1110.840000
1998-11-04,1118.670000
1998-11-05,1133.850000
1998-11-06,1141.010000
1998-11-09,1130.200000
1998-11-10,1128.260000
1998-11-11,1120.970000
1998-11-12,1117.690000
1998-11-13,1125.720000
1998-11-16,1135.870000
1998-11-17,1139.320000
1998-11-18,1144.480000
1998-11-19,1152.610000
1998-11-20,1163.550000
1998-11-23,1188.210000
1998-11-24,1182.990000
1998-11-25,1186.870000
1998-11-27,1192.330000
1998-11-30,1163.630000
1998-12-01,1175.280000
1998-12-02,1171.250000
1998-12-03,1150.140000
1998-12-04,1176.740000
1998-12-07,1187.700000
1998-12-08,1181.380000
1998-12-09,1183.490000
1998-12-10,1165.020000
1998-12-11,1166.460000
1998-12-14,1141.200000
1998-12-15,1162.830000
1998-12-16,1161.940000
1998-12-17,1179.980000
1998-12-18,1188.030000
1998-12-21,1202.840000
1998-12-22,1203.570000
1998-12-23,1228.540000
1998-12-24,1226.270000
1998-12-28,1225.490000
1998-12-29,1241.810000
1998-12-30,1231.930000
1998-12-31,1229.230000
1999-01-04,1228.100000
1999-01-05,1244.780000
1999-01-06,1272.340000
1999-01-07,1269.730000
1999-01-08,1275.090000
1999-01-11,1263.880000
1999-01-12,1239.510000
1999-01-13,1234.400000
1999-01-14,1212.190000
1999-01-15,1243.260000
1999-01-19,1252.000000
1999-01-20,1256.620000
1999-01-21,1235.160000
1999-01-22,1225.190000
1999-01-25,1233.980000
1999-01-26,1252.310000
1999-01-27,1243.170000
1999-01-28,1265.370000
1999-01-29,1279.640000
1999-02-01,1273.000000
1999-02-02,1261.990000
1999-02-03,1272.070000
1999-02-04,1248.490000
1999-02-05,1239.400000
1999-02-08,1243.770000
1999-02-09,1216.140000
1999-02-10,1223.550000
1999-02-11,1254.040000
1999-02-12,1230.130000
1999-02-16,1241.870000
1999-02-17,1224.030000
1999-02-18,1237.280000
1999-02-19,1239.220000
1999-02-22,1272.140000
1999-02-23,1271.180000
1999-02-24,1253.410000
1999-02-25,1245.020000
1999-02-26,1238.330000
1999-03-01,1236.160000
1999-03-02,1225.500000
1999-03-03,1227.700000
1999-03-04,1246.640000
1999-03-05,1275.470000
1999-03-08,1282.730000
1999-03-09,1279.840000
1999-03-10,1286.840000
1999-03-11,1297.680000
1999-03-12,1294.590000
1999-03-15,1307.260000
1999-03-16,1306.380000
1999-03-17,1297.820000
1999-03-18,1316.550000
1999-03-19,1299.290000
1999-03-22,1297.010000
1999-03-23,1262.140000
1999-03-24,1268.590000
1999-03-25,1289.990000
1999-03-26,1282.800000
1999-03-29,1310.170000
1999-03-30,1300.750000
1999-03-31,1286.370000
1999-04-01,1293.720000
1999-04-05,1321.120000
1999-04-06,1317.890000
1999-04-07,1326.890000
1999-04-08,1343.980000
1999-04-09,1348.350000
1999-04-12,1358.640000
1999-04-13,1349.820000
1999-04-14,1328.440000
1999-04-15,1322.860000
1999-04-16,1319.000000
1999-04-19,1289.480000
1999-04-20,1306.170000
1999-04-21,1336.120000
1999-04-22,1358.820000
1999-04-23,1356.850000
1999-04-26,1360.040000
1999-04-27,1362.800000
1999-04-28,1350.910000
1999-04-29,1342.830000
1999-04-30,1335.180000
1999-05-03,1354.630000
1999-05-04,1332.000000
1999-05-05,1347.310000
1999-05-06,1332.050000
1999-05-07,1345.000000
1999-05-10,1340.300000
1999-05-11,1355.610000
1999-05-12,1364.000000
1999-05-13,1367.560000
1999-05-14,1337.800000
1999-05-17,1339.490000
1999-05-18,1333.320000
1999-05-19,1344.230000
1999-05-20,1338.830000
1999-05-21,1330.290000
1999-05-24,1306.650000
1999-05-25,1284.400000
1999-05-26,1304.760000
1999-05-27,1281.410000
1999-05-28,1301.840000
1999-06-01,1294.260000
1999-06-02,1294.810000
1999-06-03,1299.540000
1999-06-04,1327.750000
1999-06-07,1334.520000
1999-06-08,1317.330000
1999-06-09,1318.640000
1999-06-10,1302.820000
1999-06-11,1293.640000
1999-06-14,1294.000000
1999-06-15,1301.160000
1999-06-16,1330.410000
1999-06-17,1339.900000
1999-06-18,1342.840000
1999-06-21,1349.000000
1999-06-22,1335.880000
1999-06-23,1333.060000
1999-06-24,1315.780000
1999-06-25,1315.310000
1999-06-28,1331.350000
1999-06-29,1351.450000
1999-06-30,1372.710000
1999-07-01,1380.960000
1999-07-02,1391.220000
1999-07-06,1388.120000
1999-07-07,1395.860000
1999-07-08,1394.420000
1999-07-09,1403.280000
1999-07-12,1399.100000
1999-07-13,1393.560000
1999-07-14,1398.170000
1999-07-15,1409.620000
1999-07-16,1418.780000
1999-07-19,1407.650000
1999-07-20,1377.100000
1999-07-21,1379.290000
1999-07-22,1360.970000
1999-07-23,1356.940000
1999-07-26,1347.760000
1999-07-27,1362.840000
1999-07-28,1365.400000
1999-07-29,1341.030000
1999-07-30,1328.720000
1999-08-02,1328.050000
1999-08-03,1322.180000
1999-08-04,1305.330000
1999-08-05,1313.710000
1999-08-06,1300.290000
1999-08-09,1297.800000
1999-08-10,1281.430000
1999-08-11,1301.930000
1999-08-12,1298.160000
1999-08-13,1327.680000
1999-08-16,1330.770000
1999-08-17,1344.160000
1999-08-18,1332.840000
1999-08-19,1323.590000
1999-08-20,1336.610000
1999-08-23,1360.220000
1999-08-24,1363.500000
1999-08-25,1381.790000
1999-08-26,1362.010000
1999-08-27,1348.270000
1999-08-30,1324.020000
1999-08-31,1320.410000
1999-09-01,1331.070000
1999-09-02,1319.110000
1999-09-03,1357.240000
1999-09-07,1350.450000
1999-09-08,1344.150000
1999-09-09,1347.660000
1999-09-10,1351.660000
1999-09-13,1344.130000
1999-09-14,1336.290000
1999-09-15,1317.970000
1999-09-16,1318.480000
1999-09-17,1335.420000
1999-09-20,1335.530000
1999-09-21,1307.580000
1999-09-22,1310.510000
1999-09-23,1280.410000
1999-09-24,1277.360000
1999-09-27,1283.310000
1999-09-28,1282.200000
1999-09-29,1268.370000
1999-09-30,1282.710000
1999-10-01,1282.810000
1999-10-04,1304.600000
1999-10-05,1301.350000
1999-10-06,1325.400000
1999-10-07,1317.640000
1999-10-08,1336.020000
1999-10-11,1335.210000
1999-10-12,1313.040000
1999-10-13,1285.550000
1999-10-14,1283.420000
1999-10-15,1247.410000
1999-10-18,1254.130000
1999-10-19,1261.320000
1999-10-20,1289.430000
1999-10-21,1283.610000
1999-10-22,1301.650000
1999-10-25,1293.630000
1999-10-26,1281.910000
1999-10-27,1296.710000
1999-10-28,1342.440000
1999-10-29,1362.930000
1999-11-01,1354.120000
1999-11-02,1347.740000
1999-11-03,1354.930000
1999-11-04,1362.640000
1999-11-05,1370.230000
1999-11-08,1377.010000
1999-11-09,1365.280000
1999-11-10,1373.460000
1999-11-11,1381.460000
1999-11-12,1396.060000
1999-11-15,1394.390000
1999-11-16,1419.830000
1999-11-17,1410.710000
1999-11-18,1424.940000
1999-11-19,1422.000000
1999-11-22,1420.940000
1999-11-23,1404.640000
1999-11-24,1417.080000
1999-11-26,1416.620000
1999-11-29,1407.830000
1999-11-30,1388.910000
1999-12-01,1397.720000
1999-12-02,1409.040000
1999-12-03,1433.300000
1999-12-06,1423.330000
1999-12-07,1409.170000
1999-12-08,1403.880000
1999-12-09,1408.110000
1999-12-10,1417.040000
1999-12-13,1415.220000
1999-12-14,1403.170000
1999-12-15,1413.320000
1999-12-16,1418.780000
1999-12-17,1421.030000
1999-12-20,1418.090000
1999-12-21,1433.430000
1999-12-22,1436.130000
1999-12-23,1458.340000
1999-12-27,1457.100000
1999-12-28,1457.660000
1999-12-29,1463.460000
1999-12-30,1464.470000
2000-01-03,1455.220000
2000-01-04,1399.420000
2000-01-05,1402.110000
2000-01-06,1403.450000
2000-01-07,1441.470000
2000-01-10,1457.600000
2000-01-11,1438.560000
2000-01-12,1432.250000
2000-01-13,1449.680000
2000-01-14,1465.150000
2000-01-18,1455.140000
2000-01-19,1455.900000
2000-01-20,1445.570000
2000-01-21,1441.360000
2000-01-24,1401.530000
2000-01-25,1410.030000
2000-01-26,1404.090000
2000-01-27,1398.560000
2000-01-28,1360.160000
2000-01-31,1394.460000
2000-02-01,1409.280000
2000-02-02,1409.120000
2000-02-03,1424.970000
2000-02-04,1424.370000
2000-02-07,1424.240000
2000-02-08,1441.750000
2000-02-09,1411.700000
2000-02-10,1416.830000
2000-02-11,1387.120000
2000-02-14,1389.940000
2000-02-15,1402.050000
2000-02-16,1387.670000
2000-02-17,1388.260000
2000-02-18,1346.090000
2000-02-22,1352.170000
2000-02-23,1360.690000
2000-02-24,1353.430000
2000-02-25,1333.360000
2000-02-28,1348.050000
2000-02-29,1366.420000
2000-03-01,1379.190000
2000-03-02,1381.760000
2000-03-03,1409.170000
2000-03-06,1391.280000
2000-03-07,1355.620000
2000-03-08,1366.700000
2000-03-09,1401.690000
2000-03-10,1395.070000
2000-03-13,1383.620000
2000-03-14,1359.150000
2000-03-15,1392.150000
2000-03-16,1458.470000
2000-03-17,1464.470000
2000-03-20,1456.630000
2000-03-21,1493.870000
2000-03-22,1500.640000
2000-03-23,1527.350000
2000-03-24,1527.460000
2000-03-27,1523.860000
2000-03-28,1507.730000
2000-03-29,1508.520000
2000-03-30,1487.920000
2000-03-31,1498.580000
2000-04-03,1505.970000
2000-04-04,1494.730000
2000-04-05,1487.370000
2000-04-06,1501.340000
2000-04-07,1516.350000
2000-04-10,1504.460000
2000-04-11,1500.590000
2000-04-12,1467.170000
2000-04-13,1440.510000
2000-04-14,1356.560000
2000-04-17,1401.440000
2000-04-18,1441.610000
2000-04-19,1427.470000
2000-04-20,1434.540000
2000-04-24,1429.860000
2000-04-25,1477.440000
2000-04-26,1460.990000
2000-04-27,1464.920000
2000-04-28,1452.430000
2000-05-01,1468.250000
2000-05-02,1446.290000
2000-05-03,1415.100000
2000-05-04,1409.570000
2000-05-05,1432.630000
2000-05-08,1424.170000
2000-05-09,1412.140000
2000-05-10,1383.050000
2000-05-11,1407.810000
2000-05-12,1420.960000
2000-05-15,1452.360000
2000-05-16,1466.040000
2000-05-17,1447.800000
2000-05-18,1437.210000
2000-05-19,1406.950000
2000-05-22,1400.720000
2000-05-23,1373.860000
2000-05-24,1399.050000
2000-05-25,1381.520000
2000-05-26,1378.020000
2000-05-30,1422.450000
2000-05-31,1420.600000
2000-06-01,1448.810000
2000-06-02,1477.260000
2000-06-05,1467.630000
2000-06-06,1457.840000
2000-06-07,1471.360000
2000-06-08,1461.670000
2000-06-09,1456.950000
2000-06-12,1446.000000
2000-06-13,1469.440000
2000-06-14,1470.540000
2000-06-15,1478.730000
2000-06-16,1464.460000
2000-06-19,1486.000000
2000-06-20,1475.950000
2000-06-21,1479.130000
2000-06-22,1452.180000
2000-06-23,1441.480000
2000-06-26,1455.310000
2000-06-27,1450.550000
2000-06-28,1454.820000
2000-06-29,1442.390000
2000-06-30,1454.600000
2000-07-03,1469.540000
2000-07-05,1446.230000
2000-07-06,1456.670000
2000-07-07,1478.900000
2000-07-10,1475.620000
2000-07-11,1480.880000
2000-07-12,1492.920000
2000-07-13,1495.840000
2000-07-14,1509.980000
2000-07-17,1510.490000
2000-07-18,1493.740000
2000-07-19,1481.960000
2000-07-20,1495.570000
2000-07-21,1480.190000
2000-07-24,1464.290000
2000-07-25,1474.470000
2000-07-26,1452.420000
2000-07-27,1449.620000
2000-07-28,1419.890000
2000-07-31,1430.830000
2000-08-01,1438.100000
2000-08-02,1438.700000
2000-08-03,1452.560000
2000-08-04,1462.930000
2000-08-07,1479.320000
2000-08-08,1482.800000
2000-08-09,1472.870000
2000-08-10,1460.250000
2000-08-11,1471.840000
2000-08-14,1491.560000
2000-08-15,1484.430000
2000-08-16,1479.850000
2000-08-17,1496.070000
2000-08-18,1491.720000
2000-08-21,1499.480000
2000-08-22,1498.130000
2000-08-23,1505.970000
2000-08-24,1508.310000
2000-08-25,1506.450000
2000-08-28,1514.090000
2000-08-29,1509.840000
2000-08-30,1502.590000
2000-08-31,1517.680000
2000-09-01,1520.770000
2000-09-05,1507.080000
2000-09-06,1492.250000
2000-09-07,1502.510000
2000-09-08,1494.500000
2000-09-11,1489.260000
2000-09-12,1481.990000
2000-09-13,1484.910000
2000-09-14,1480.870000
2000-09-15,1465.810000
2000-09-18,1444.510000
2000-09-19,1459.900000
2000-09-20,1451.340000
2000-09-21,1449.050000
2000-09-22,1448.720000
2000-09-25,1439.030000
2000-09-26,1427.210000
2000-09-27,1426.570000
2000-09-28,1458.290000
2000-09-29,1436.510000
2000-10-02,1436.230000
2000-10-03,1426.460000
2000-10-04,1434.320000
2000-10-05,1436.280000
2000-10-06,1408.990000
2000-10-09,1402.030000
2000-10-10,1387.020000
2000-10-11,1364.590000
2000-10-12,1329.780000
2000-10-13,1374.170000
2000-10-16,1374.620000
2000-10-17,1349.970000
2000-10-18,1342.130000
2000-10-19,1388.760000
2000-10-20,1396.930000
2000-10-23,1395.780000
2000-10-24,1398.130000
2000-10-25,1364.900000
2000-10-26,1364.440000
2000-10-27,1379.580000
2000-10-30,1398.660000
2000-10-31,1429.400000
2000-11-01,1421.220000
2000-11-02,1428.320000
2000-11-03,1426.690000
2000-11-06,1432.190000
2000-11-07,1431.870000
2000-11-08,1409.280000
2000-11-09,1400.140000
2000-11-10,1365.980000
2000-11-13,1351.260000
2000-11-14,1382.950000
2000-11-15,1389.810000
2000-11-16,1372.320000
2000-11-17,1367.720000
2000-11-20,1342.620000
2000-11-21,1347.350000
2000-11-22,1322.360000
2000-11-24,1341.770000
2000-11-27,1348.970000
2000-11-28,1336.090000
2000-11-29,1341.910000
2000-11-30,1314.950000
2000-12-01,1315.230000
2000-12-04,1324.970000
2000-12-05,1376.540000
2000-12-06,1351.460000
2000-12-07,1343.550000
2000-12-08,1369.890000
2000-12-11,1380.200000
2000-12-12,1371.180000
2000-12-13,1359.990000
2000-12-14,1340.930000
2000-12-15,1312.150000
2000-12-18,1322.740000
2000-12-19,1305.600000
2000-12-20,1264.740000
2000-12-21,1274.860000
2000-12-22,1274.860000
2000-12-26,1315.190000
2000-12-27,1328.920000
2000-12-28,1334.220000
2000-12-29,1320.280000
2001-01-02,1283.270000
2001-01-03,1347.560000
2001-01-04,1333.340000
2001-01-05,1298.350000
2001-01-08,1295.860000
2001-01-09,1300.800000
2001-01-10,1313.270000
2001-01-11,1326.820000
2001-01-12,1318.320000
2001-01-16,1326.650000
2001-01-17,1329.470000
2001-01-18,1347.970000
2001-01-19,1342.540000
2001-01-22,1342.900000
2001-01-23,1360.400000
2001-01-24,1364.300000
2001-01-25,1357.510000
2001-01-26,1354.950000
2001-01-29,1364.170000
2001-01-30,1373.730000
2001-01-31,1366.010000
2001-02-01,1373.470000
2001-02-02,1349.470000
2001-02-05,1354.310000
2001-02-06,1352.260000
2001-02-07,1340.890000
2001-02-08,1332.530000
2001-02-09,1314.760000
2001-02-12,1330.310000
2001-02-13,1318.800000
2001-02-14,1315.920000
2001-02-15,1326.610000
2001-02-16,1301.530000
2001-02-20,1278.940000
2001-02-21,1255.270000
2001-02-22,1252.820000
2001-02-23,1245.860000
2001-02-26,1267.650000
2001-02-27,1257.940000
2001-02-28,1239.940000
2001-03-01,1241.230000
2001-03-02,1234.180000
2001-03-05,1241.410000
2001-03-06,1253.800000
2001-03-07,1261.890000
2001-03-08,1264.740000
2001-03-09,1233.420000
2001-03-12,1180.160000
2001-03-13,1197.660000
2001-03-14,1166.710000
2001-03-15,1173.560000
2001-03-16,1150.530000
2001-03-19,1170.810000
2001-03-20,1142.620000
2001-03-21,1122.140000
2001-03-22,1117.580000
2001-03-23,1139.830000
2001-03-26,1152.690000
2001-03-27,1182.170000
2001-03-28,1153.290000
2001-03-29,1147.950000
2001-03-30,1160.330000
2001-04-02,1145.870000
2001-04-03,1106.460000
2001-04-04,1103.250000
2001-04-05,1151.440000
2001-04-06,1128.430000
2001-04-09,1137.590000
2001-04-10,1168.380000
2001-04-11,1165.890000
2001-04-12,1183.500000
2001-04-16,1179.600000
2001-04-17,1191.810000
2001-04-18,1238.160000
2001-04-19,1253.700000
2001-04-20,1242.980000
2001-04-23,1224.360000
2001-04-24,1209.470000
2001-04-25,1228.750000
2001-04-26,1234.520000
2001-04-27,1253.050000
2001-04-30,1249.460000
2001-05-01,1266.440000
2001-05-02,1267.430000
2001-05-03,1248.580000
2001-05-04,1266.610000
2001-05-07,1263.510000
2001-05-08,1261.200000
2001-05-09,1255.540000
2001-05-10,1255.180000
2001-05-11,1245.670000
2001-05-14,1248.920000
2001-05-15,1249.440000
2001-05-16,1284.990000
2001-05-17,1288.490000
2001-05-18,1291.960000
2001-05-21,1312.830000
2001-05-22,1309.380000
2001-05-23,1289.050000
2001-05-24,1293.170000
2001-05-25,1277.890000
2001-05-29,1267.930000
2001-05-30,1248.080000
2001-05-31,1255.820000
2001-06-01,1260.670000
2001-06-04,1267.110000
2001-06-05,1283.570000
2001-06-06,1270.030000
2001-06-07,1276.960000
2001-06-08,1264.960000
2001-06-11,1254.390000
2001-06-12,1255.850000
2001-06-13,1241.600000
2001-06-14,1219.870000
2001-06-15,1214.360000
2001-06-18,1208.430000
2001-06-19,1212.580000
2001-06-20,1223.140000
2001-06-21,1237.040000
2001-06-22,1225.350000
2001-06-25,1218.600000
2001-06-26,1216.760000
2001-06-27,1211.070000
2001-06-28,1226.200000
2001-06-29,1224.380000
2001-07-02,1236.710000
2001-07-03,1234.450000
2001-07-05,1219.240000
2001-07-06,1190.590000
2001-07-09,1198.780000
2001-07-10,1181.520000
2001-07-11,1180.180000
2001-07-12,1208.140000
2001-07-13,1215.680000
2001-07-16,1202.450000
2001-07-17,1214.440000
2001-07-18,1207.710000
2001-07-19,1215.020000
2001-07-20,1210.850000
2001-07-23,1191.030000
2001-07-24,1171.650000
2001-07-25,1190.490000
2001-07-26,1202.930000
2001-07-27,1205.820000
2001-07-30,1204.520000
2001-07-31,1211.230000
2001-08-01,1215.930000
2001-08-02,1220.750000
2001-08-03,1214.350000
2001-08-06,1200.480000
2001-08-07,1204.400000
2001-08-08,1183.530000
2001-08-09,1183.430000
2001-08-10,1190.160000
2001-08-13,1191.290000
2001-08-14,1186.730000
2001-08-15,1178.020000
2001-08-16,1181.660000
2001-08-17,1161.970000
2001-08-20,1171.410000
2001-08-21,1157.260000
2001-08-22,1165.310000
2001-08-23,1162.090000
2001-08-24,1184.930000
2001-08-27,1179.210000
2001-08-28,1161.510000
2001-08-29,1148.600000
2001-08-30,1129.030000
2001-08-31,1133.580000
2001-09-04,1132.940000
2001-09-05,1131.740000
2001-09-06,1106.400000
2001-09-07,1085.780000
2001-09-10,1092.540000
2001-09-17,1038.770000
2001-09-18,1032.740000
2001-09-19,1016.100000
2001-09-20,984.540000
2001-09-21,965.800000
2001-09-24,1003.450000
2001-09-25,1012.270000
2001-09-26,1007.040000
2001-09-27,1018.610000
2001-09-28,1040.940000
2001-10-01,1038.550000
2001-10-02,1051.330000
2001-10-03,1072.280000
2001-10-04,1069.630000
2001-10-05,1071.380000
2001-10-08,1062.440000
2001-10-09,1056.750000
2001-10-10,1080.990000
2001-10-11,1097.430000
2001-10-12,1091.650000
2001-10-15,1089.980000
2001-10-16,1097.540000
2001-10-17,1077.090000
2001-10-18,1068.610000
2001-10-19,1073.480000
2001-10-22,1089.900000
2001-10-23,1084.780000
2001-10-24,1085.200000
2001-10-25,1100.090000
2001-10-26,1104.610000
2001-10-29,1078.300000
2001-10-30,1059.790000
2001-10-31,1059.780000
2001-11-01,1084.100000
2001-11-02,1087.200000
2001-11-05,1102.840000
2001-11-06,1118.860000
2001-11-07,1115.800000
2001-11-08,1118.540000
2001-11-09,1120.310000
2001-11-12,1118.330000
2001-11-13,1139.090000
2001-11-14,1141.210000
2001-11-15,1142.240000
2001-11-16,1138.650000
2001-11-19,1151.060000
2001-11-20,1142.660000
2001-11-21,1137.030000
2001-11-23,1150.340000
2001-11-26,1157.420000
2001-11-27,1149.500000
2001-11-28,1128.520000
2001-11-29,1140.200000
2001-11-30,1139.450000
2001-12-03,1129.900000
2001-12-04,1144.800000
2001-12-05,1170.350000
2001-12-06,1167.100000
2001-12-07,1158.310000
2001-12-10,1139.930000
2001-12-11,1136.760000
2001-12-12,1137.070000
2001-12-13,1119.380000
2001-12-14,1123.090000
2001-12-17,1134.360000
2001-12-18,1142.920000
2001-12-19,1149.560000
2001-12-20,1139.930000
2001-12-21,1144.890000
2001-12-24,1144.650000
2001-12-26,1149.370000
2001-12-27,1157.130000
2001-12-28,1161.020000
2001-12-31,1148.080000
2002-01-02,1154.670000
2002-01-03,1165.270000
2002-01-04,1172.510000
2002-01-07,1164.890000
2002-01-08,1160.710000
2002-01-09,1155.140000
2002-01-10,1156.550000
2002-01-11,1145.600000
2002-01-14,1138.410000
2002-01-15,1146.190000
2002-01-16,1127.570000
2002-01-17,1138.880000
2002-01-18,1127.580000
2002-01-22,1119.310000
2002-01-23,1128.180000
2002-01-24,1132.150000
2002-01-25,1133.280000
2002-01-28,1133.060000
2002-01-29,1100.640000
2002-01-30,1113.570000
2002-01-31,1130.200000
2002-02-01,1122.200000
2002-02-04,1094.440000
2002-02-05,1090.020000
2002-02-06,1083.510000
2002-02-07,1080.170000
2002-02-08,1096.220000
2002-02-11,1111.940000
2002-02-12,1107.500000
2002-02-13,1118.510000
2002-02-14,1116.480000
2002-02-15,1104.180000
2002-02-19,1083.340000
2002-02-20,1097.980000
2002-02-21,1080.950000
2002-02-22,1089.840000
2002-02-25,1109.430000
2002-02-26,1109.380000
2002-02-27,1109.890000
2002-02-28,1106.730000
2002-03-01,1131.780000
2002-03-04,1153.840000
2002-03-05,1146.140000
2002-03-06,1162.770000
2002-03-07,1157.540000
2002-03-08,1164.310000
2002-03-11,1168.260000
2002-03-12,1165.580000
2002-03-13,1154.090000
2002-03-14,1153.040000
2002-03-15,1166.160000
2002-03-18,1165.550000
2002-03-19,1170.290000
2002-03-20,1151.850000
2002-03-21,1153.590000
2002-03-22,1148.700000
2002-03-25,1131.870000
2002-03-26,1138.490000
2002-03-27,1144.580000
2002-03-28,1147.390000
2002-04-01,1146.540000
2002-04-02,1136.760000
2002-04-03,1125.400000
2002-04-04,1126.340000
2002-04-05,1122.730000
2002-04-08,1125.290000
2002-04-09,1117.800000
2002-04-10,1130.470000
2002-04-11,1103.690000
2002-04-12,1111.010000
2002-04-15,1102.550000
2002-04-16,1128.370000
2002-04-17,1126.070000
2002-04-18,1124.470000
2002-04-19,1125.170000
2002-04-22,1107.830000
2002-04-23,1100.960000
2002-04-24,1093.140000
2002-04-25,1091.480000
2002-04-26,1076.320000
2002-04-29,1065.450000
2002-04-30,1076.920000
2002-05-01,1086.460000
2002-05-02,1084.560000
2002-05-03,1073.430000
2002-05-06,1052.670000
2002-05-07,1049.490000
2002-05-08,1088.850000
2002-05-09,1073.010000
2002-05-10,1054.990000
2002-05-13,1074.560000
2002-05-14,1097.280000
2002-05-15,1091.070000
2002-05-16,1098.230000
2002-05-17,1106.590000
2002-05-20,1091.880000
2002-05-21,1079.880000
2002-05-22,1086.020000
2002-05-23,1097.080000
2002-05-24,1083.820000
2002-05-28,1074.550000
2002-05-29,1067.660000
2002-05-30,1064.660000
2002-05-31,1067.140000
2002-06-03,1040.680000
2002-06-04,1040.690000
2002-06-05,1049.900000
2002-06-06,1029.150000
2002-06-07,1027.530000
2002-06-10,1030.740000
2002-06-11,1013.600000
2002-06-12,1020.260000
2002-06-13,1009.560000
2002-06-14,1007.270000
2002-06-17,1036.170000
2002-06-18,1037.140000
2002-06-19,1019.990000
2002-06-20,1006.290000
2002-06-21,989.140000
2002-06-24,992.720000
2002-06-25,976.140000
2002-06-26,973.530000
2002-06-27,990.640000
2002-06-28,989.820000
2002-07-01,968.650000
2002-07-02,948.090000
2002-07-03,953.990000
2002-07-05,989.030000
2002-07-08,976.980000
2002-07-09,952.830000
2002-07-10,920.470000
2002-07-11,927.370000
2002-07-12,921.390000
2002-07-15,917.930000
2002-07-16,900.940000
2002-07-17,906.040000
2002-07-18,881.560000
2002-07-19,847.750000
2002-07-22,819.850000
2002-07-23,797.700000
2002-07-24,843.430000
2002-07-25,838.680000
2002-07-26,852.840000
2002-07-29,898.960000
2002-07-30,902.780000
2002-07-31,911.620000
2002-08-01,884.660000
2002-08-02,864.240000
2002-08-05,834.600000
2002-08-06,859.570000
2002-08-07,876.770000
2002-08-08,905.460000
2002-08-09,908.640000
2002-08-12,903.800000
2002-08-13,884.210000
2002-08-14,919.620000
2002-08-15,930.250000
2002-08-16,928.770000
2002-08-19,950.700000
2002-08-20,937.430000
2002-08-21,949.360000
2002-08-22,962.700000
2002-08-23,940.860000
2002-08-26,947.950000
2002-08-27,934.820000
2002-08-28,917.870000
2002-08-29,917.800000
2002-08-30,916.070000
2002-09-03,878.020000
2002-09-04,893.400000
2002-09-05,879.150000
2002-09-06,893.920000
2002-09-09,902.960000
2002-09-10,909.580000
2002-09-11,909.450000
2002-09-12,886.910000
2002-09-13,889.810000
2002-09-16,891.100000
2002-09-17,873.520000
2002-09-18,869.460000
2002-09-19,843.320000
2002-09-20,845.390000
2002-09-23,833.700000
2002-09-24,819.290000
2002-09-25,839.660000
2002-09-26,854.950000
2002-09-27,827.370000
2002-09-30,815.280000
2002-10-01,847.910000
2002-10-02,827.910000
2002-10-03,818.950000
2002-10-04,800.580000
2002-10-07,785.280000
2002-10-08,798.550000
2002-10-09,776.760000
2002-10-10,803.920000
2002-10-11,835.320000
2002-10-14,841.440000
2002-10-15,881.270000
2002-10-16,860.020000
2002-10-17,879.200000
2002-10-18,884.390000
2002-10-21,899.720000
2002-10-22,890.160000
2002-10-23,896.140000
2002-10-24,882.500000
2002-10-25,897.650000
2002-10-28,890.230000
2002-10-29,882.150000
2002-10-30,890.710000
2002-10-31,885.760000
2002-11-01,900.960000
2002-11-04,908.350000
2002-11-05,915.390000
2002-11-06,923.760000
2002-11-07,902.650000
2002-11-08,894.740000
2002-11-11,876.190000
2002-11-12,882.950000
2002-11-13,882.530000
2002-11-14,904.270000
2002-11-15,909.830000
2002-11-18,900.360000
2002-11-19,896.740000
2002-11-20,914.150000
2002-11-21,933.760000
2002-11-22,930.550000
2002-11-25,932.870000
2002-11-26,913.310000
2002-11-27,938.870000
2002-11-29,936.310000
2002-12-02,934.530000
2002-12-03,920.750000
2002-12-04,917.580000
2002-12-05,906.550000
2002-12-06,912.230000
2002-12-09,892.000000
2002-12-10,904.450000
2002-12-11,904.960000
2002-12-12,901.580000
2002-12-13,889.480000
2002-12-16,910.400000
2002-12-17,902.990000
2002-12-18,891.120000
2002-12-19,884.250000
2002-12-20,895.760000
2002-12-23,897.380000
2002-12-24,892.470000
2002-12-26,889.660000
2002-12-27,875.400000
2002-12-30,879.390000
2002-12-31,879.820000
2003-01-02,909.030000
2003-01-03,908.590000
2003-01-06,929.010000
2003-01-07,922.930000
2003-01-08,909.930000
2003-01-09,927.570000
2003-01-10,927.570000
2003-01-13,926.260000
2003-01-14,931.660000
2003-01-15,918.220000
2003-01-16,914.600000
2003-01-17,901.780000
2003-01-21,887.620000
2003-01-22,878.360000
2003-01-23,887.340000
2003-01-24,861.400000
2003-01-27,847.480000
2003-01-28,858.540000
2003-01-29,864.360000
2003-01-30,844.610000
2003-01-31,855.700000
2003-02-03,860.320000
2003-02-04,848.200000
2003-02-05,843.590000
2003-02-06,838.150000
2003-02-07,829.690000
2003-02-10,835.970000
2003-02-11,829.200000
2003-02-12,818.680000
2003-02-13,817.370000
2003-02-14,834.890000
2003-02-18,851.170000
2003-02-19,845.130000
2003-02-20,837.100000
2003-02-21,848.170000
2003-02-24,832.580000
2003-02-25,838.570000
2003-02-26,827.550000
2003-02-27,837.280000
2003-02-28,841.150000
2003-03-03,834.810000
2003-03-04,821.990000
2003-03-05,829.850000
2003-03-06,822.100000
2003-03-07,828.890000
2003-03-10,807.480000
2003-03-11,800.730000
2003-03-12,804.190000
2003-03-13,831.900000
2003-03-14,833.270000
2003-03-17,862.790000
2003-03-18,866.450000
2003-03-19,874.020000
2003-03-20,875.840000
2003-03-21,895.790000
2003-03-24,864.230000
2003-03-25,874.740000
2003-03-26,869.950000
2003-03-27,868.520000
2003-03-28,863.500000
2003-03-31,848.180000
2003-04-01,858.480000
2003-04-02,880.900000
2003-04-03,876.450000
2003-04-04,878.850000
2003-04-07,879.930000
2003-04-08,878.290000
2003-04-09,865.990000
2003-04-10,871.580000
2003-04-11,868.300000
2003-04-14,885.230000
2003-04-15,890.810000
2003-04-16,879.910000
2003-04-17,893.580000
2003-04-21,892.010000
2003-04-22,911.370000
2003-04-23,919.020000
2003-04-24,911.430000
2003-04-25,898.810000
2003-04-28,914.840000
2003-04-29,917.840000
2003-04-30,916.920000
2003-05-01,916.300000
2003-05-02,930.080000
2003-05-05,926.550000
2003-05-06,934.390000
2003-05-07,929.620000
2003-05-08,920.270000
2003-05-09,933.410000
2003-05-12,945.110000
2003-05-13,942.300000
2003-05-14,939.280000
2003-05-15,946.670000
2003-05-16,944.300000
2003-05-19,920.770000
2003-05-20,919.730000
2003-05-21,923.420000
2003-05-22,931.870000
2003-05-23,933.220000
2003-05-27,951.480000
2003-05-28,953.220000
2003-05-29,949.640000
2003-05-30,963.590000
2003-06-02,967.000000
2003-06-03,971.560000
2003-06-04,986.240000
2003-06-05,990.140000
2003-06-06,987.760000
2003-06-09,975.930000
2003-06-10,984.840000
2003-06-11,997.480000
2003-06-12,998.510000
2003-06-13,988.610000
2003-06-16,1010.740000
2003-06-17,1011.660000
2003-06-18,1010.090000
2003-06-19,994.700000
2003-06-20,995.690000
2003-06-23,981.640000
2003-06-24,983.450000
2003-06-25,975.320000
2003-06-26,985.820000
2003-06-27,976.220000
2003-06-30,974.500000
2003-07-01,982.320000
2003-07-02,993.750000
2003-07-03,985.700000
2003-07-07,1004.420000
2003-07-08,1007.840000
2003-07-09,1002.210000
2003-07-10,988.700000
2003-07-11,998.140000
2003-07-14,1003.860000
2003-07-15,1000.420000
2003-07-16,994.090000
2003-07-17,981.730000
2003-07-18,993.320000
2003-07-21,978.800000
2003-07-22,988.110000
2003-07-23,988.610000
2003-07-24,981.600000
2003-07-25,998.680000
2003-07-28,996.520000
2003-07-29,989.280000
2003-07-30,987.490000
2003-07-31,990.310000
2003-08-01,980.150000
2003-08-04,982.820000
2003-08-05,965.460000
2003-08-06,967.080000
2003-08-07,974.120000
2003-08-08,977.590000
2003-08-11,980.590000
2003-08-12,990.350000
2003-08-13,984.030000
2003-08-14,990.510000
2003-08-15,990.670000
2003-08-18,999.740000
2003-08-19,1002.350000
2003-08-20,1000.300000
2003-08-21,1003.270000
2003-08-22,993.060000
2003-08-25,993.710000
2003-08-26,996.730000
2003-08-27,996.790000
2003-08-28,1002.840000
2003-08-29,1008.010000
2003-09-02,1021.990000
2003-09-03,1026.270000
2003-09-04,1027.970000
2003-09-05,1021.390000
2003-09-08,1031.640000
2003-09-09,1023.170000
2003-09-10,1010.920000
2003-09-11,1016.420000
2003-09-12,1018.630000
2003-09-15,1014.810000
2003-09-16,1029.320000
2003-09-17,1025.970000
2003-09-18,1039.580000
2003-09-19,1036.300000
2003-09-22,1022.820000
2003-09-23,1029.030000
2003-09-24,1009.380000
2003-09-25,1003.270000
2003-09-26,996.850000
2003-09-29,1006.580000
2003-09-30,995.970000
2003-10-01,1018.220000
2003-10-02,1020.240000
2003-10-03,1029.850000
2003-10-06,1034.350000
2003-10-07,1039.250000
2003-10-08,1033.780000
2003-10-09,1038.730000
2003-10-10,1038.060000
2003-10-13,1045.350000
2003-10-14,1049.480000
2003-10-15,1046.760000
2003-10-16,1050.070000
2003-10-17,1039.320000
2003-10-20,1044.680000
2003-10-21,1046.030000
2003-10-22,1030.360000
2003-10-23,1033.770000
2003-10-24,1028.910000
2003-10-27,1031.130000
2003-10-28,1046.790000
2003-10-29,1048.110000
2003-10-30,1046.940000
2003-10-31,1050.710000
2003-11-03,1059.020000
2003-11-04,1053.250000
2003-11-05,1051.810000
2003-11-06,1058.050000
2003-11-07,1053.210000
2003-11-10,1047.110000
2003-11-11,1046.570000
2003-11-12,1058.530000
2003-11-13,1058.410000
2003-11-14,1050.350000
2003-11-17,1043.630000
2003-11-18,1034.150000
2003-11-19,1042.440000
2003-11-20,1033.650000
2003-11-21,1035.280000
2003-11-24,1052.080000
2003-11-25,1053.890000
2003-11-26,1058.450000
2003-11-28,1058.200000
2003-12-01,1070.120000
2003-12-02,1066.620000
2003-12-03,1064.730000
2003-12-04,1069.720000
2003-12-05,1061.500000
2003-12-08,1069.300000
2003-12-09,1060.180000
2003-12-10,1059.050000
2003-12-11,1071.210000
2003-12-12,1074.140000
2003-12-15,1068.040000
2003-12-16,1075.130000
2003-12-17,1076.480000
2003-12-18,1089.180000
2003-12-19,1088.660000
2003-12-22,1092.940000
2003-12-23,1096.020000
2003-12-24,1094.040000
2003-12-26,1095.890000
2003-12-29,1109.480000
2003-12-30,1109.640000
2003-12-31,1111.920000
2004-01-02,1108.480000
2004-01-05,1122.220000
2004-01-06,1123.670000
2004-01-07,1126.330000
2004-01-08,1131.920000
2004-01-09,1121.860000
2004-01-12,1127.230000
2004-01-13,1121.220000
2004-01-14,1130.520000
2004-01-15,1132.050000
2004-01-16,1139.830000
2004-01-20,1138.770000
2004-01-21,1147.620000
2004-01-22,1143.940000
2004-01-23,1141.550000
2004-01-26,1155.370000
2004-01-27,1144.050000
2004-01-28,1128.480000
2004-01-29,1134.110000
2004-01-30,1131.130000
2004-02-02,1135.260000
2004-02-03,1136.030000
2004-02-04,1126.520000
2004-02-05,1128.590000
2004-02-06,1142.760000
2004-02-09,1139.810000
2004-02-10,1145.540000
2004-02-11,1157.760000
2004-02-12,1152.110000
2004-02-13,1145.810000
2004-02-17,1156.990000
2004-02-18,1151.820000
2004-02-19,1147.060000
2004-02-20,1144.110000
2004-02-23,1140.990000
2004-02-24,1139.090000
2004-02-25,1143.670000
2004-02-26,1144.910000
2004-02-27,1144.940000
2004-03-01,1155.970000
2004-03-02,1149.100000
2004-03-03,1151.030000
2004-03-04,1154.870000
2004-03-05,1156.860000
2004-03-08,1147.200000
2004-03-09,1140.580000
2004-03-10,1123.890000
2004-03-11,1106.780000
2004-03-12,1120.570000
2004-03-15,1104.490000
2004-03-16,1110.700000
2004-03-17,1123.750000
2004-03-18,1122.320000
2004-03-19,1109.780000
2004-03-22,1095.400000
2004-03-23,1093.950000
2004-03-24,1091.330000
2004-03-25,1109.190000
2004-03-26,1108.060000
2004-03-29,1122.470000
2004-03-30,1127.000000
2004-03-31,1126.210000
2004-04-01,1132.170000
2004-04-02,1141.810000
2004-04-05,1150.570000
2004-04-06,1148.160000
2004-04-07,1140.530000
2004-04-08,1139.320000
2004-04-12,1145.200000
2004-04-13,1129.440000
2004-04-14,1128.170000
2004-04-15,1128.840000
2004-04-16,1134.610000
2004-04-19,1135.820000
2004-04-20,1118.150000
2004-04-21,1124.090000
2004-04-22,1139.930000
2004-04-23,1140.600000
2004-04-26,1135.530000
2004-04-27,1138.110000
2004-04-28,1122.410000
2004-04-29,1113.890000
2004-04-30,1107.300000
2004-05-03,1117.490000
2004-05-04,1119.550000
2004-05-05,1121.530000
2004-05-06,1113.990000
2004-05-07,1098.700000
2004-05-10,1087.120000
2004-05-11,1095.450000
2004-05-12,1097.280000
2004-05-13,1096.440000
2004-05-14,1095.700000
2004-05-17,1084.100000
2004-05-18,1091.490000
2004-05-19,1088.680000
2004-05-20,1089.190000
2004-05-21,1093.560000
2004-05-24,1095.410000
2004-05-25,1113.050000
2004-05-26,1114.940000
2004-05-27,1121.280000
2004-05-28,1120.680000
2004-06-01,1121.200000
2004-06-02,1124.990000
2004-06-03,1116.640000
2004-06-04,1122.500000
2004-06-07,1140.420000
2004-06-08,1142.180000
2004-06-09,1131.330000
2004-06-10,1136.470000
2004-06-14,1125.290000
2004-06-15,1132.010000
2004-06-16,1133.560000
2004-06-17,1132.050000
2004-06-18,1135.020000
2004-06-21,1130.300000
2004-06-22,1134.410000
2004-06-23,1144.060000
2004-06-24,1140.650000
2004-06-25,1134.430000
2004-06-28,1133.350000
2004-06-29,1136.200000
2004-06-30,1140.840000
2004-07-01,1128.940000
2004-07-02,1125.380000
2004-07-06,1116.210000
2004-07-07,1118.330000
2004-07-08,1109.110000
2004-07-09,1112.810000
2004-07-12,1114.350000
2004-07-13,1115.140000
2004-07-14,1111.470000
2004-07-15,1106.690000
2004-07-16,1101.390000
2004-07-19,1100.900000
2004-07-20,1108.670000
2004-07-21,1093.880000
2004-07-22,1096.840000
2004-07-23,1086.200000
2004-07-26,1084.070000
2004-07-27,1094.830000
2004-07-28,1095.420000
2004-07-29,1100.430000
2004-07-30,1101.720000
2004-08-02,1106.620000
2004-08-03,1099.690000
2004-08-04,1098.630000
2004-08-05,1080.700000
2004-08-06,1063.970000
2004-08-09,1065.220000
2004-08-10,1079.040000
2004-08-11,1075.790000
2004-08-12,1063.230000
2004-08-13,1064.800000
2004-08-16,1079.340000
2004-08-17,1081.710000
2004-08-18,1095.170000
2004-08-19,1091.230000
2004-08-20,1098.350000
2004-08-23,1095.680000
2004-08-24,1096.190000
2004-08-25,1104.960000
2004-08-26,1105.090000
2004-08-27,1107.770000
2004-08-30,1099.150000
2004-08-31,1104.240000
2004-09-01,1105.910000
2004-09-02,1118.310000
2004-09-03,1113.630000
2004-09-07,1121.300000
2004-09-08,1116.270000
2004-09-09,1118.380000
2004-09-10,1123.920000
2004-09-13,1125.820000
2004-09-14,1128.330000
2004-09-15,1120.370000
2004-09-16,1123.500000
2004-09-17,1128.550000
2004-09-20,1122.200000
2004-09-21,1129.300000
2004-09-22,1113.560000
2004-09-23,1108.360000
2004-09-24,1110.110000
2004-09-27,1103.520000
2004-09-28,1110.060000
2004-09-29,1114.800000
2004-09-30,1114.580000
2004-10-01,1131.500000
2004-10-04,1135.170000
2004-10-05,1134.480000
2004-10-06,1142.050000
2004-10-07,1130.650000
2004-10-08,1122.140000
2004-10-11,1124.390000
2004-10-12,1121.840000
2004-10-13,1113.650000
2004-10-14,1103.290000
2004-10-15,1108.200000
2004-10-18,1114.020000
2004-10-19,1103.230000
2004-10-20,1103.660000
2004-10-21,1106.490000
2004-10-22,1095.740000
2004-10-25,1094.800000
2004-10-26,1111.090000
2004-10-27,1125.400000
2004-10-28,1127.440000
2004-10-29,1130.200000
2004-11-01,1130.510000
2004-11-02,1130.560000
2004-11-03,1143.200000
2004-11-04,1161.670000
2004-11-05,1166.170000
2004-11-08,1164.890000
2004-11-09,1164.080000
2004-11-10,1162.910000
2004-11-11,1173.480000
2004-11-12,1184.170000
2004-11-15,1183.810000
2004-11-16,1175.430000
2004-11-17,1181.940000
2004-11-18,1183.550000
2004-11-19,1170.340000
2004-11-22,1177.240000
2004-11-23,1176.940000
2004-11-24,1181.760000
2004-11-26,1182.650000
2004-11-29,1178.570000
2004-11-30,1173.820000
2004-12-01,1191.370000
2004-12-02,1190.330000
2004-12-03,1191.170000
2004-12-06,1190.250000
2004-12-07,1177.070000
2004-12-08,1182.810000
2004-12-09,1189.240000
2004-12-10,1188.000000
2004-12-13,1198.680000
2004-12-14,1203.380000
2004-12-15,1205.720000
2004-12-16,1203.210000
2004-12-17,1194.200000
2004-12-20,1194.650000
2004-12-21,1205.450000
2004-12-22,1209.570000
2004-12-23,1210.130000
2004-12-27,1204.920000
2004-12-28,1213.540000
2004-12-29,1213.450000
2004-12-30,1213.550000
2004-12-31,1211.920000
2005-01-03,1202.080000
2005-01-04,1188.050000
2005-01-05,1183.740000
2005-01-06,1187.890000
2005-01-07,1186.190000
2005-01-10,1190.250000
2005-01-11,1182.990000
2005-01-12,1187.700000
2005-01-13,1177.450000
2005-01-14,1184.520000
2005-01-18,1195.980000
2005-01-19,1184.630000
2005-01-20,1175.410000
2005-01-21,1167.870000
2005-01-24,1163.750000
2005-01-25,1168.410000
2005-01-26,1174.070000
2005-01-27,1174.550000
2005-01-28,1171.360000
2005-01-31,1181.270000
2005-02-01,1189.410000
2005-02-02,1193.190000
2005-02-03,1189.890000
2005-02-04,1203.030000
2005-02-07,1201.720000
2005-02-08,1202.300000
2005-02-09,1191.990000
2005-02-10,1197.010000
2005-02-11,1205.300000
2005-02-14,1206.140000
2005-02-15,1210.120000
2005-02-16,1210.340000
2005-02-17,1200.750000
2005-02-18,1201.590000
2005-02-22,1184.160000
2005-02-23,1190.800000
2005-02-24,1200.200000
2005-02-25,1211.370000
2005-02-28,1203.600000
2005-03-01,1210.410000
2005-03-02,1210.080000
2005-03-03,1210.470000
2005-03-04,1222.120000
2005-03-07,1225.310000
2005-03-08,1219.430000
2005-03-09,1207.010000
2005-03-10,1209.250000
2005-03-11,1200.080000
2005-03-14,1206.830000
2005-03-15,1197.750000
2005-03-16,1188.070000
2005-03-17,1190.210000
2005-03-18,1189.650000
2005-03-21,1183.780000
2005-03-22,1171.710000
2005-03-23,1172.530000
2005-03-24,1171.420000
2005-03-28,1174.280000
2005-03-29,1165.360000
2005-03-30,1181.410000
2005-03-31,1180.590000
2005-04-01,1172.920000
2005-04-04,1176.120000
2005-04-05,1181.390000
2005-04-06,1184.070000
2005-04-07,1191.140000
2005-04-08,1181.200000
2005-04-11,1181.210000
2005-04-12,1187.760000
2005-04-13,1173.790000
2005-04-14,1162.050000
2005-04-15,1142.620000
2005-04-18,1145.980000
2005-04-19,1152.780000
2005-04-20,1137.500000
2005-04-21,1159.950000
2005-04-22,1152.120000
2005-04-25,1162.100000
2005-04-26,1151.740000
2005-04-27,1156.380000
2005-04-28,1143.220000
2005-04-29,1156.850000
2005-05-02,1162.160000
2005-05-03,1161.170000
2005-05-04,1175.650000
2005-05-05,1172.630000
2005-05-06,1171.350000
2005-05-09,1178.840000
2005-05-10,1166.220000
2005-05-11,1171.110000
2005-05-12,1159.360000
2005-05-13,1154.050000
2005-05-16,1165.690000
2005-05-17,1173.800000
2005-05-18,1185.560000
2005-05-19,1191.080000
2005-05-20,1189.280000
2005-05-23,1193.860000
2005-05-24,1194.070000
2005-05-25,1190.010000
2005-05-26,1197.620000
2005-05-27,1198.780000
2005-05-31,1191.500000
2005-06-01,1202.270000
2005-06-02,1204.290000
2005-06-03,1196.020000
2005-06-06,1197.510000
2005-06-07,1197.260000
2005-06-08,1194.670000
2005-06-09,1200.930000
2005-06-10,1198.110000
2005-06-13,1200.820000
2005-06-14,1203.910000
2005-06-15,1206.580000
2005-06-16,1210.960000
2005-06-17,1216.960000
2005-06-20,1216.100000
2005-06-21,1213.610000
2005-06-22,1213.880000
2005-06-23,1200.730000
2005-06-24,1191.570000
2005-06-27,1190.690000
2005-06-28,1201.570000
2005-06-29,1199.850000
2005-06-30,1191.330000
2005-07-01,1194.440000
2005-07-05,1204.990000
2005-07-06,1194.940000
2005-07-07,1197.870000
2005-07-08,1211.860000
2005-07-11,1219.440000
2005-07-12,1222.210000
2005-07-13,1223.290000
2005-07-14,1226.500000
2005-07-15,1227.920000
2005-07-18,1221.130000
2005-07-19,1229.350000
2005-07-20,1235.200000
2005-07-21,1227.040000
2005-07-22,1233.680000
2005-07-25,1229.030000
2005-07-26,1231.160000
2005-07-27,1236.790000
2005-07-28,1243.720000
2005-07-29,1234.180000
2005-08-01,1235.350000
2005-08-02,1244.120000
2005-08-03,1245.040000
2005-08-04,1235.860000
2005-08-05,1226.420000
2005-08-08,1223.130000
2005-08-09,1231.380000
2005-08-10,1229.130000
2005-08-11,1237.810000
2005-08-12,1230.390000
2005-08-15,1233.870000
2005-08-16,1219.340000
2005-08-17,1220.240000
2005-08-18,1219.020000
2005-08-19,1219.710000
2005-08-22,1221.730000
2005-08-23,1217.590000
2005-08-24,1209.590000
2005-08-25,1212.390000
2005-08-26,1205.100000
2005-08-29,1212.280000
2005-08-30,1208.410000
2005-08-31,1220.330000
2005-09-01,1221.590000
2005-09-02,1218.020000
2005-09-06,1233.390000
2005-09-07,1236.360000
2005-09-08,1231.670000
2005-09-09,1241.480000
2005-09-12,1240.560000
2005-09-13,1231.200000
2005-09-14,1227.160000
2005-09-15,1227.730000
2005-09-16,1237.910000
2005-09-19,1231.020000
2005-09-20,1221.340000
2005-09-21,1210.200000
2005-09-22,1214.620000
2005-09-23,1215.290000
2005-09-26,1215.630000
2005-09-27,1215.660000
2005-09-28,1216.890000
2005-09-29,1227.680000
2005-09-30,1228.810000
2005-10-03,1226.700000
2005-10-04,1214.470000
2005-10-05,1196.390000
2005-10-06,1191.490000
2005-10-07,1195.900000
2005-10-10,1187.330000
2005-10-11,1184.870000
2005-10-12,1177.680000
2005-10-13,1176.840000
2005-10-14,1186.570000
2005-10-17,1190.100000
2005-10-18,1178.140000
2005-10-19,1195.760000
2005-10-20,1177.800000
2005-10-21,1179.590000
2005-10-24,1199.380000
2005-10-25,1196.540000
2005-10-26,1191.380000
2005-10-27,1178.900000
2005-10-28,1198.410000
2005-10-31,1207.010000
2005-11-01,1202.760000
2005-11-02,1214.760000
2005-11-03,1219.940000
2005-11-04,1220.140000
2005-11-07,1222.810000
2005-11-08,1218.590000
2005-11-09,1220.650000
2005-11-10,1230.960000
2005-11-11,1234.720000
2005-11-14,1233.710000
2005-11-15,1229.010000
2005-11-16,1231.210000
2005-11-17,1242.800000
2005-11-18,1248.270000
2005-11-21,1254.850000
2005-11-22,1261.230000
2005-11-23,1265.610000
2005-11-25,1268.250000
2005-11-28,1257.460000
2005-11-29,1257.480000
2005-11-30,1249.480000
2005-12-01,1264.670000
2005-12-02,1265.080000
2005-12-05,1262.090000
2005-12-06,1263.700000
2005-12-07,1257.370000
2005-12-08,1255.840000
2005-12-09,1259.370000
2005-12-12,1260.430000
2005-12-13,1267.430000
2005-12-14,1272.740000
2005-12-15,1270.940000
2005-12-16,1267.320000
2005-12-19,1259.920000
2005-12-20,1259.620000
2005-12-21,1262.790000
2005-12-22,1268.120000
2005-12-23,1268.660000
2005-12-27,1256.540000
2005-12-28,1258.170000
2005-12-29,1254.420000
2005-12-30,1248.290000
2006-01-03,1268.800000
2006-01-04,1273.460000
2006-01-05,1273.480000
2006-01-06,1285.450000
2006-01-09,1290.150000
2006-01-10,1289.690000
2006-01-11,1294.180000
2006-01-12,1286.060000
2006-01-13,1287.610000
2006-01-17,1282.930000
2006-01-18,1277.930000
2006-01-19,1285.040000
2006-01-20,1261.490000
2006-01-23,1263.820000
2006-01-24,1266.860000
2006-01-25,1264.680000
2006-01-26,1273.830000
2006-01-27,1283.720000
2006-01-30,1285.200000
2006-01-31,1280.080000
2006-02-01,1282.460000
2006-02-02,1270.840000
2006-02-03,1264.030000
2006-02-06,1265.020000
2006-02-07,1254.780000
2006-02-08,1265.650000
2006-02-09,1263.780000
2006-02-10,1266.990000
2006-02-13,1262.860000
2006-02-14,1275.530000
2006-02-15,1280.000000
2006-02-16,1289.380000
2006-02-17,1287.240000
2006-02-21,1283.040000
2006-02-22,1292.670000
2006-02-23,1287.790000
2006-02-24,1289.430000
2006-02-27,1294.120000
2006-02-28,1280.660000
2006-03-01,1291.240000
2006-03-02,1289.140000
2006-03-03,1287.230000
2006-03-06,1278.260000
2006-03-07,1275.880000
2006-03-08,1278.470000
2006-03-09,1272.230000
2006-03-10,1281.580000
2006-03-13,1284.130000
2006-03-14,1297.480000
2006-03-15,1303.020000
2006-03-16,1305.330000
2006-03-17,1307.250000
2006-03-20,1305.080000
2006-03-21,1297.230000
2006-03-22,1305.040000
2006-03-23,1301.670000
2006-03-24,1302.950000
2006-03-27,1301.610000
2006-03-28,1293.230000
2006-03-29,1302.890000
2006-03-30,1300.250000
2006-03-31,1294.830000
2006-04-03,1297.810000
2006-04-04,1305.930000
2006-04-05,1311.560000
2006-04-06,1309.040000
2006-04-07,1295.500000
2006-04-10,1296.620000
2006-04-11,1286.570000
2006-04-12,1288.120000
2006-04-13,1289.120000
2006-04-17,1285.330000
2006-04-18,1307.650000
2006-04-19,1309.930000
2006-04-20,1311.460000
2006-04-21,1311.280000
2006-04-24,1308.110000
2006-04-25,1301.740000
2006-04-26,1305.410000
2006-04-27,1309.720000
2006-04-28,1310.610000
2006-05-01,1305.190000
2006-05-02,1313.210000
2006-05-03,1307.850000
2006-05-04,1312.250000
2006-05-05,1325.760000
2006-05-08,1324.660000
2006-05-09,1325.140000
2006-05-10,1322.850000
2006-05-11,1305.920000
2006-05-12,1291.240000
2006-05-15,1294.500000
2006-05-16,1292.080000
2006-05-17,1270.320000
2006-05-18,1261.810000
2006-05-19,1267.030000
2006-05-22,1262.070000
2006-05-23,1256.580000
2006-05-24,1258.570000
2006-05-25,1272.880000
2006-05-26,1280.160000
2006-05-30,1259.840000
2006-05-31,1270.090000
2006-06-01,1285.710000
2006-06-02,1288.220000
2006-06-05,1265.290000
2006-06-06,1263.850000
2006-06-07,1256.150000
2006-06-08,1257.930000
2006-06-09,1252.300000
2006-06-12,1236.400000
2006-06-13,1223.690000
2006-06-14,1230.040000
2006-06-15,1256.160000
2006-06-16,1251.540000
2006-06-19,1240.140000
2006-06-20,1240.120000
2006-06-21,1252.200000
2006-06-22,1245.600000
2006-06-23,1244.500000
2006-06-26,1250.560000
2006-06-27,1239.200000
2006-06-28,1246.000000
2006-06-29,1272.870000
2006-06-30,1270.200000
2006-07-03,1280.190000
2006-07-05,1270.910000
2006-07-06,1274.080000
2006-07-07,1265.480000
2006-07-10,1267.340000
2006-07-11,1272.520000
2006-07-12,1258.600000
2006-07-13,1242.290000
2006-07-14,1236.200000
2006-07-17,1234.490000
2006-07-18,1236.860000
2006-07-19,1259.810000
2006-07-20,1249.130000
2006-07-21,1240.290000
2006-07-24,1260.910000
2006-07-25,1268.880000
2006-07-26,1268.400000
2006-07-27,1263.200000
2006-07-28,1278.550000
2006-07-31,1276.660000
2006-08-01,1270.920000
2006-08-02,1278.550000
2006-08-03,1280.270000
2006-08-04,1279.360000
2006-08-07,1275.770000
2006-08-08,1271.480000
2006-08-09,1265.950000
2006-08-10,1271.810000
2006-08-11,1266.740000
2006-08-14,1268.210000
2006-08-15,1285.580000
2006-08-16,1295.430000
2006-08-17,1297.480000
2006-08-18,1302.300000
2006-08-21,1297.520000
2006-08-22,1298.820000
2006-08-23,1292.990000
2006-08-24,1296.060000
2006-08-25,1295.090000
2006-08-28,1301.780000
2006-08-29,1304.280000
2006-08-30,1304.270000
2006-08-31,1303.820000
2006-09-01,1311.010000
2006-09-05,1313.250000
2006-09-06,1300.260000
2006-09-07,1294.020000
2006-09-08,1298.920000
2006-09-11,1299.540000
2006-09-12,1313.110000
2006-09-13,1318.070000
2006-09-14,1316.280000
2006-09-15,1319.870000
2006-09-18,1321.180000
2006-09-19,1318.310000
2006-09-20,1325.180000
2006-09-21,1318.030000
2006-09-22,1314.780000
2006-09-25,1326.370000
2006-09-26,1336.340000
2006-09-27,1336.590000
2006-09-28,1339.150000
2006-09-29,1335.850000
2006-10-02,1331.320000
2006-10-03,1334.110000
2006-10-04,1350.220000
2006-10-05,1353.220000
2006-10-06,1349.580000
2006-10-09,1350.660000
2006-10-10,1353.420000
2006-10-11,1349.950000
2006-10-12,1362.830000
2006-10-13,1365.620000
2006-10-16,1369.050000
2006-10-17,1364.050000
2006-10-18,1365.960000
2006-10-19,1366.960000
2006-10-20,1368.600000
2006-10-23,1377.020000
2006-10-24,1377.380000
2006-10-25,1382.220000
2006-10-26,1389.080000
2006-10-27,1377.340000
2006-10-30,1377.930000
2006-10-31,1377.940000
2006-11-01,1367.810000
2006-11-02,1367.340000
2006-11-03,1364.300000
2006-11-06,1379.780000
2006-11-07,1382.840000
2006-11-08,1385.720000
2006-11-09,1378.330000
2006-11-10,1380.900000
2006-11-13,1384.420000
2006-11-14,1393.220000
2006-11-15,1396.570000
2006-11-16,1399.760000
2006-11-17,1401.200000
2006-11-20,1400.500000
2006-11-21,1402.810000
2006-11-22,1406.090000
2006-11-24,1400.950000
2006-11-27,1381.900000
2006-11-28,1386.720000
2006-11-29,1399.480000
2006-11-30,1400.630000
2006-12-01,1396.710000
2006-12-04,1409.120000
2006-12-05,1414.760000
2006-12-06,1412.900000
2006-12-07,1407.290000
2006-12-08,1409.840000
2006-12-11,1413.040000
2006-12-12,1411.560000
2006-12-13,1413.210000
2006-12-14,1425.490000
2006-12-15,1427.090000
2006-12-18,1422.480000
2006-12-19,1425.550000
2006-12-20,1423.530000
2006-12-21,1418.300000
2006-12-22,1410.760000
2006-12-26,1416.900000
2006-12-27,1426.840000
2006-12-28,1424.730000
2006-12-29,1418.300000
2007-01-03,1416.630000
2007-01-04,1418.340000
2007-01-05,1409.710000
2007-01-08,1412.840000
2007-01-09,1412.110000
2007-01-10,1414.850000
2007-01-11,1423.820000
2007-01-12,1430.730000
2007-01-16,1431.900000
2007-01-17,1430.620000
2007-01-18,1426.370000
2007-01-19,1430.500000
2007-01-22,1422.950000
2007-01-23,1427.990000
2007-01-24,1440.130000
2007-01-25,1423.900000
2007-01-26,1422.180000
2007-01-29,1420.620000
2007-01-30,1428.820000
2007-01-31,1438.240000
2007-02-01,1445.940000
2007-02-02,1448.390000
2007-02-05,1446.990000
2007-02-06,1448.000000
2007-02-07,1450.020000
2007-02-08,1448.310000
2007-02-09,1438.060000
2007-02-12,1433.370000
2007-02-13,1444.260000
2007-02-14,1455.300000
2007-02-15,1456.810000
2007-02-16,1455.540000
2007-02-20,1459.680000
2007-02-21,1457.630000
2007-02-22,1456.380000
2007-02-23,1451.190000
2007-02-26,1449.370000
2007-02-27,1399.040000
2007-02-28,1406.820000
2007-03-01,1403.170000
2007-03-02,1387.170000
2007-03-05,1374.120000
2007-03-06,1395.410000
2007-03-07,1391.970000
2007-03-08,1401.890000
2007-03-09,1402.850000
2007-03-12,1406.600000
2007-03-13,1377.950000
2007-03-14,1387.170000
2007-03-15,1392.280000
2007-03-16,1386.950000
2007-03-19,1402.060000
2007-03-20,1410.940000
2007-03-21,1435.040000
2007-03-22,1434.540000
2007-03-23,1436.110000
2007-03-26,1437.500000
2007-03-27,1428.610000
2007-03-28,1417.230000
2007-03-29,1422.530000
2007-03-30,1420.860000
2007-04-02,1424.550000
2007-04-03,1437.770000
2007-04-04,1439.370000
2007-04-05,1443.760000
2007-04-09,1444.610000
2007-04-10,1448.390000
2007-04-11,1438.870000
2007-04-12,1447.800000
2007-04-13,1452.850000
2007-04-16,1468.470000
2007-04-17,1471.480000
2007-04-18,1472.500000
2007-04-19,1470.730000
2007-04-20,1484.350000
2007-04-23,1480.930000
2007-04-24,1480.410000
2007-04-25,1495.420000
2007-04-26,1494.250000
2007-04-27,1494.070000
2007-04-30,1482.370000
2007-05-01,1486.300000
2007-05-02,1495.920000
2007-05-03,1502.390000
2007-05-04,1505.620000
2007-05-07,1509.480000
2007-05-08,1507.720000
2007-05-09,1512.580000
2007-05-10,1491.470000
2007-05-11,1505.850000
2007-05-14,1503.150000
2007-05-15,1501.190000
2007-05-16,1514.140000
2007-05-17,1512.750000
2007-05-18,1522.750000
2007-05-21,1525.100000
2007-05-22,1524.120000
2007-05-23,1522.280000
2007-05-24,1507.510000
2007-05-25,1515.730000
2007-05-29,1518.110000
2007-05-30,1530.230000
2007-05-31,1530.620000
2007-06-01,1536.340000
2007-06-04,1539.180000
2007-06-05,1530.950000
2007-06-06,1517.380000
2007-06-07,1490.720000
2007-06-08,1507.670000
2007-06-11,1509.120000
2007-06-12,1493.000000
2007-06-13,1515.670000
2007-06-14,1522.970000
2007-06-15,1532.910000
2007-06-18,1531.050000
2007-06-19,1533.700000
2007-06-20,1512.840000
2007-06-21,1522.190000
2007-06-22,1502.560000
2007-06-25,1497.740000
2007-06-26,1492.890000
2007-06-27,1506.340000
2007-06-28,1505.710000
2007-06-29,1503.350000
2007-07-02,1519.430000
2007-07-03,1524.870000
2007-07-05,1525.400000
2007-07-06,1530.440000
2007-07-09,1531.850000
2007-07-10,1510.120000
2007-07-11,1518.760000
2007-07-12,1547.700000
2007-07-13,1552.500000
2007-07-16,1549.520000
2007-07-17,1549.370000
2007-07-18,1546.170000
2007-07-19,1553.080000
2007-07-20,1534.100000
2007-07-23,1541.570000
2007-07-24,1511.040000
2007-07-25,1518.090000
2007-07-26,1482.660000
2007-07-27,1458.950000
2007-07-30,1473.910000
2007-07-31,1455.270000
2007-08-01,1465.810000
2007-08-02,1472.200000
2007-08-03,1433.060000
2007-08-06,1467.670000
2007-08-07,1476.710000
2007-08-08,1497.490000
2007-08-09,1453.090000
2007-08-10,1453.640000
2007-08-13,1452.920000
2007-08-14,1426.540000
2007-08-15,1406.700000
2007-08-16,1411.270000
2007-08-17,1445.940000
2007-08-20,1445.550000
2007-08-21,1447.120000
2007-08-22,1464.070000
2007-08-23,1462.500000
2007-08-24,1479.370000
2007-08-27,1466.790000
2007-08-28,1432.360000
2007-08-29,1463.760000
2007-08-30,1457.640000
2007-08-31,1473.990000
2007-09-04,1489.420000
2007-09-05,1472.290000
2007-09-06,1478.550000
2007-09-07,1453.550000
2007-09-10,1451.700000
2007-09-11,1471.490000
2007-09-12,1471.560000
2007-09-13,1483.950000
2007-09-14,1484.250000
2007-09-17,1476.650000
2007-09-18,1519.780000
2007-09-19,1529.030000
2007-09-20,1518.750000
2007-09-21,1525.750000
2007-09-24,1517.730000
2007-09-25,1517.210000
2007-09-26,1525.420000
2007-09-27,1531.380000
2007-09-28,1526.750000
2007-10-01,1547.040000
2007-10-02,1546.630000
2007-10-03,1539.590000
2007-10-04,1542.840000
2007-10-05,1557.590000
2007-10-08,1552.580000
2007-10-09,1565.150000
2007-10-10,1562.470000
2007-10-11,1554.410000
2007-10-12,1561.800000
2007-10-15,1548.710000
2007-10-16,1538.530000
2007-10-17,1541.240000
2007-10-18,1540.080000
2007-10-19,1500.630000
2007-10-22,1506.330000
2007-10-23,1519.590000
2007-10-24,1515.880000
2007-10-25,1514.400000
2007-10-26,1535.280000
2007-10-29,1540.980000
2007-10-30,1531.020000
2007-10-31,1549.380000
2007-11-01,1508.440000
2007-11-02,1509.650000
2007-11-05,1502.170000
2007-11-06,1520.270000
2007-11-07,1475.620000
2007-11-08,1474.770000
2007-11-09,1453.700000
2007-11-12,1439.180000
2007-11-13,1481.050000
2007-11-14,1470.580000
2007-11-15,1451.150000
2007-11-16,1458.740000
2007-11-19,1433.270000
2007-11-20,1439.700000
2007-11-21,1416.770000
2007-11-23,1440.700000
2007-11-26,1407.220000
2007-11-27,1428.230000
2007-11-28,1469.020000
2007-11-29,1469.720000
2007-11-30,1481.140000
2007-12-03,1472.420000
2007-12-04,1462.790000
2007-12-05,1485.010000
2007-12-06,1507.340000
2007-12-07,1504.660000
2007-12-10,1515.960000
2007-12-11,1477.650000
2007-12-12,1486.590000
2007-12-13,1488.410000
2007-12-14,1467.950000
2007-12-17,1445.900000
2007-12-18,1454.980000
2007-12-19,1453.000000
2007-12-20,1460.120000
2007-12-21,1484.460000
2007-12-24,1496.450000
2007-12-26,1497.660000
2007-12-27,1476.270000
2007-12-28,1478.490000
2007-12-31,1468.360000
2008-01-02,1447.160000
2008-01-03,1447.160000
2008-01-04,1411.630000
2008-01-07,1416.180000
2008-01-08,1390.190000
2008-01-09,1409.130000
2008-01-10,1420.330000
2008-01-11,1401.020000
2008-01-14,1416.250000
2008-01-15,1380.950000
2008-01-16,1373.200000
2008-01-17,1333.250000
2008-01-18,1325.190000
2008-01-22,1310.500000
2008-01-23,1338.600000
2008-01-24,1352.070000
2008-01-25,1330.610000
2008-01-28,1353.960000
2008-01-29,1362.300000
2008-01-30,1355.810000
2008-01-31,1378.550000
2008-02-01,1395.420000
2008-02-04,1380.820000
2008-02-05,1336.640000
2008-02-06,1326.450000
2008-02-07,1336.910000
2008-02-08,1331.290000
2008-02-11,1339.130000
2008-02-12,1348.860000
2008-02-13,1367.210000
2008-02-14,1348.860000
2008-02-15,1349.990000
2008-02-19,1348.780000
2008-02-20,1360.030000
2008-02-21,1342.530000
2008-02-22,1353.110000
2008-02-25,1371.800000
2008-02-26,1381.290000
2008-02-27,1380.020000
2008-02-28,1367.680000
2008-02-29,1330.630000
2008-03-03,1331.340000
2008-03-04,1326.750000
2008-03-05,1333.700000
2008-03-06,1304.340000
2008-03-07,1293.370000
2008-03-10,1273.370000
2008-03-11,1320.650000
2008-03-12,1308.770000
2008-03-13,1315.480000
2008-03-14,1288.140000
2008-03-17,1276.600000
2008-03-18,1330.740000
2008-03-19,1298.420000
2008-03-20,1329.510000
2008-03-24,1349.880000
2008-03-25,1352.990000
2008-03-26,1341.130000
2008-03-27,1325.760000
2008-03-28,1315.220000
2008-03-31,1322.700000
2008-04-01,1370.180000
2008-04-02,1367.530000
2008-04-03,1369.310000
2008-04-04,1370.400000
2008-04-07,1372.540000
2008-04-08,1365.540000
2008-04-09,1354.490000
2008-04-10,1360.550000
2008-04-11,1332.830000
2008-04-14,1328.320000
2008-04-15,1334.430000
2008-04-16,1364.710000
2008-04-17,1365.560000
2008-04-18,1390.330000
2008-04-21,1388.170000
2008-04-22,1375.940000
2008-04-23,1379.930000
2008-04-24,1388.820000
2008-04-25,1397.840000
2008-04-28,1396.370000
2008-04-29,1390.940000
2008-04-30,1385.590000
2008-05-01,1409.340000
2008-05-02,1413.900000
2008-05-05,1407.490000
2008-05-06,1418.260000
2008-05-07,1392.570000
2008-05-08,1397.680000
2008-05-09,1388.280000
2008-05-12,1403.580000
2008-05-13,1403.040000
2008-05-14,1408.660000
2008-05-15,1423.570000
2008-05-16,1425.350000
2008-05-19,1426.630000
2008-05-20,1413.400000
2008-05-21,1390.710000
2008-05-22,1394.350000
2008-05-23,1375.930000
2008-05-27,1385.350000
2008-05-28,1390.840000
2008-05-29,1398.260000
2008-05-30,1400.380000
2008-06-02,1385.670000
2008-06-03,1377.650000
2008-06-04,1377.200000
2008-06-05,1404.050000
2008-06-06,1360.680000
2008-06-09,1361.760000
2008-06-10,1358.440000
2008-06-11,1335.490000
2008-06-12,1339.870000
2008-06-13,1360.030000
2008-06-16,1360.140000
2008-06-17,1350.930000
2008-06-18,1337.810000
2008-06-19,1342.830000
2008-06-20,1317.930000
2008-06-23,1318.000000
2008-06-24,1314.290000
2008-06-25,1321.970000
2008-06-26,1283.150000
2008-06-27,1278.380000
2008-06-30,1280.000000
2008-07-01,1284.910000
2008-07-02,1261.520000
2008-07-03,1262.900000
2008-07-07,1252.310000
2008-07-08,1273.700000
2008-07-09,1244.690000
2008-07-10,1253.390000
2008-07-11,1239.490000
2008-07-14,1228.300000
2008-07-15,1214.910000
2008-07-16,1245.360000
2008-07-17,1260.320000
2008-07-18,1260.680000
2008-07-21,1260.000000
2008-07-22,1277.000000
2008-07-23,1282.190000
2008-07-24,1252.540000
2008-07-25,1257.760000
2008-07-28,1234.370000
2008-07-29,1263.200000
2008-07-30,1284.260000
2008-07-31,1267.380000
2008-08-01,1260.310000
2008-08-04,1249.010000
2008-08-05,1284.880000
2008-08-06,1289.190000
2008-08-07,1266.070000
2008-08-08,1296.320000
2008-08-11,1305.320000
2008-08-12,1289.590000
2008-08-13,1285.830000
2008-08-14,1292.930000
2008-08-15,1298.200000
2008-08-18,1278.600000
2008-08-19,1266.690000
2008-08-20,1274.540000
2008-08-21,1277.720000
2008-08-22,1292.200000
2008-08-25,1266.840000
2008-08-26,1271.510000
2008-08-27,1281.660000
2008-08-28,1300.680000
2008-08-29,1282.830000
2008-09-02,1277.580000
2008-09-03,1274.980000
2008-09-04,1236.830000
2008-09-05,1242.310000
2008-09-08,1267.790000
2008-09-09,1224.510000
2008-09-10,1232.040000
2008-09-11,1249.050000
2008-09-12,1251.700000
2008-09-15,1192.700000
2008-09-16,1213.600000
2008-09-17,1156.390000
2008-09-18,1206.510000
2008-09-19,1255.080000
2008-09-22,1207.090000
2008-09-23,1188.220000
2008-09-24,1185.870000
2008-09-25,1209.180000
2008-09-26,1213.270000
2008-09-29,1106.390000
2008-09-30,1166.360000
2008-10-01,1161.060000
2008-10-02,1114.280000
2008-10-03,1099.230000
2008-10-06,1056.890000
2008-10-07,996.230000
2008-10-08,984.940000
2008-10-09,909.920000
2008-10-10,899.220000
2008-10-13,1003.350000
2008-10-14,998.010000
2008-10-15,907.840000
2008-10-16,946.430000
2008-10-17,940.550000
2008-10-20,985.400000
2008-10-21,955.050000
2008-10-22,896.780000
2008-10-23,908.110000
2008-10-24,876.770000
2008-10-27,848.920000
2008-10-28,940.510000
2008-10-29,930.090000
2008-10-30,954.090000
2008-10-31,968.750000
2008-11-03,966.300000
2008-11-04,1005.750000
2008-11-05,952.770000
2008-11-06,904.880000
2008-11-07,930.990000
2008-11-10,919.210000
2008-11-11,898.950000
2008-11-12,852.300000
2008-11-13,911.290000
2008-11-14,873.290000
2008-11-17,850.750000
2008-11-18,859.120000
2008-11-19,806.580000
2008-11-20,752.440000
2008-11-21,800.030000
2008-11-24,851.810000
2008-11-25,857.390000
2008-11-26,887.680000
2008-11-28,896.240000
2008-12-01,816.210000
2008-12-02,848.810000
2008-12-03,870.740000
2008-12-04,845.220000
2008-12-05,876.070000
2008-12-08,909.700000
2008-12-09,888.670000
2008-12-10,899.240000
2008-12-11,873.590000
2008-12-12,879.730000
2008-12-15,868.570000
2008-12-16,913.180000
2008-12-17,904.420000
2008-12-18,885.280000
2008-12-19,887.880000
2008-12-22,871.630000
2008-12-23,863.160000
2008-12-24,868.150000
2008-12-26,872.800000
2008-12-29,869.420000
2008-12-30,890.640000
2008-12-31,903.250000
2009-01-02,931.800000
2009-01-05,927.450000
2009-01-06,934.700000
2009-01-07,906.650000
2009-01-08,909.730000
2009-01-09,890.350000
2009-01-12,870.260000
2009-01-13,871.790000
2009-01-14,842.620000
2009-01-15,843.740000
2009-01-16,850.120000
2009-01-20,805.220000
2009-01-21,840.240000
2009-01-22,827.500000
2009-01-23,831.950000
2009-01-26,836.570000
2009-01-27,845.710000
2009-01-28,874.090000
2009-01-29,845.140000
2009-01-30,825.880000
2009-02-02,825.440000
2009-02-03,838.510000
2009-02-04,832.230000
2009-02-05,845.850000
2009-02-06,868.600000
2009-02-09,869.890000
2009-02-10,827.160000
2009-02-11,833.740000
2009-02-12,835.190000
2009-02-13,826.840000
2009-02-17,789.170000
2009-02-18,788.420000
2009-02-19,778.940000
2009-02-20,770.050000
2009-02-23,743.330000
2009-02-24,773.140000
2009-02-25,764.900000
2009-02-26,752.830000
2009-02-27,735.090000
2009-03-02,700.820000
2009-03-03,696.330000
2009-03-04,712.870000
2009-03-05,682.550000
2009-03-06,683.380000
2009-03-09,676.530000
2009-03-10,719.600000
2009-03-11,721.360000
2009-03-12,750.740000
2009-03-13,756.550000
2009-03-16,753.890000
2009-03-17,778.120000
2009-03-18,794.350000
2009-03-19,784.040000
2009-03-20,768.540000
2009-03-23,822.920000
2009-03-24,806.250000
2009-03-25,813.880000
2009-03-26,832.860000
2009-03-27,815.940000
2009-03-30,787.530000
2009-03-31,797.870000
2009-04-01,811.080000
2009-04-02,834.380000
2009-04-03,842.500000
2009-04-06,835.480000
2009-04-07,815.550000
2009-04-08,825.160000
2009-04-09,856.560000
2009-04-13,858.730000
2009-04-14,841.500000
2009-04-15,852.060000
2009-04-16,865.300000
2009-04-17,869.600000
2009-04-20,832.390000
2009-04-21,850.080000
2009-04-22,843.550000
2009-04-23,851.920000
2009-04-24,866.230000
2009-04-27,857.510000
2009-04-28,855.160000
2009-04-29,873.640000
2009-04-30,872.810000
2009-05-01,877.520000
2009-05-04,907.240000
2009-05-05,903.800000
2009-05-06,919.530000
2009-05-07,907.390000
2009-05-08,929.230000
2009-05-11,909.240000
2009-05-12,908.350000
2009-05-13,883.920000
2009-05-14,893.070000
2009-05-15,882.880000
2009-05-18,909.710000
2009-05-19,908.130000
2009-05-20,903.470000
2009-05-21,888.330000
2009-05-22,887.000000
2009-05-26,910.330000
2009-05-27,893.060000
2009-05-28,906.830000
2009-05-29,919.140000
2009-06-01,942.870000
2009-06-02,944.740000
2009-06-03,931.760000
2009-06-04,942.460000
2009-06-05,940.090000
2009-06-08,939.140000
2009-06-09,942.430000
2009-06-10,939.150000
2009-06-11,944.890000
2009-06-12,946.210000
2009-06-15,923.720000
2009-06-16,911.970000
2009-06-17,910.710000
2009-06-18,918.370000
2009-06-19,921.230000
2009-06-22,893.040000
2009-06-23,895.100000
2009-06-24,900.940000
2009-06-25,920.260000
2009-06-26,918.900000
2009-06-29,927.230000
2009-06-30,919.320000
2009-07-01,923.330000
2009-07-02,896.420000
2009-07-06,898.720000
2009-07-07,881.030000
2009-07-08,879.560000
2009-07-09,882.680000
2009-07-10,879.130000
2009-07-13,901.050000
2009-07-14,905.840000
2009-07-15,932.680000
2009-07-16,940.740000
2009-07-17,940.380000
2009-07-20,951.130000
2009-07-21,954.580000
2009-07-22,954.070000
2009-07-23,976.290000
2009-07-24,979.260000
2009-07-27,982.180000
2009-07-28,979.620000
2009-07-29,975.150000
2009-07-30,986.750000
2009-07-31,987.480000
2009-08-03,1002.630000
2009-08-04,1005.650000
2009-08-05,1002.720000
2009-08-06,997.080000
2009-08-07,1010.480000
2009-08-10,1007.100000
2009-08-11,994.350000
2009-08-12,1005.810000
2009-08-13,1012.730000
2009-08-14,1004.090000
2009-08-17,979.730000
2009-08-18,989.670000
2009-08-19,996.460000
2009-08-20,1007.370000
2009-08-21,1026.130000
2009-08-24,1025.570000
2009-08-25,1028.000000
2009-08-26,1028.120000
2009-08-27,1030.980000
2009-08-28,1028.930000
2009-08-31,1020.620000
2009-09-01,998.040000
2009-09-02,994.750000
2009-09-03,1003.240000
2009-09-04,1016.400000
2009-09-08,1025.390000
2009-09-09,1033.370000
2009-09-10,1044.140000
2009-09-11,1042.730000
2009-09-14,1049.340000
2009-09-15,1052.630000
2009-09-16,1068.760000
2009-09-17,1065.490000
2009-09-18,1068.300000
2009-09-21,1064.660000
2009-09-22,1071.660000
2009-09-23,1060.870000
2009-09-24,1050.780000
2009-09-25,1044.380000
2009-09-28,1062.980000
2009-09-29,1060.610000
2009-09-30,1057.080000
2009-10-01,1029.850000
2009-10-02,1025.210000
2009-10-05,1040.460000
2009-10-06,1054.720000
2009-10-07,1057.580000
2009-10-08,1065.480000
2009-10-09,1071.490000
2009-10-12,1076.190000
2009-10-13,1073.190000
2009-10-14,1092.020000
2009-10-15,1096.560000
2009-10-16,1087.680000
2009-10-19,1097.910000
2009-10-20,1091.060000
2009-10-21,1081.400000
2009-10-22,1092.910000
2009-10-23,1079.600000
2009-10-26,1066.950000
2009-10-27,1063.410000
2009-10-28,1042.630000
2009-10-29,1066.110000
2009-10-30,1036.190000
2009-11-02,1042.880000
2009-11-03,1045.410000
2009-11-04,1046.500000
2009-11-05,1066.630000
2009-11-06,1069.300000
2009-11-09,1093.080000
2009-11-10,1093.010000
2009-11-11,1098.510000
2009-11-12,1087.240000
2009-11-13,1093.480000
2009-11-16,1109.300000
2009-11-17,1110.320000
2009-11-18,1109.800000
2009-11-19,1094.900000
2009-11-20,1091.380000
2009-11-23,1106.240000
2009-11-24,1105.650000
2009-11-25,1110.630000
2009-11-27,1091.490000
2009-11-30,1095.630000
2009-12-01,1108.860000
2009-12-02,1109.240000
2009-12-03,1099.920000
2009-12-04,1105.980000
2009-12-07,1103.250000
2009-12-08,1091.940000
2009-12-09,1095.950000
2009-12-10,1102.350000
2009-12-11,1106.410000
2009-12-14,1114.110000
2009-12-15,1107.930000
2009-12-16,1109.180000
2009-12-17,1096.080000
2009-12-18,1102.470000
2009-12-21,1114.050000
2009-12-22,1118.020000
2009-12-23,1120.590000
2009-12-24,1126.480000
2009-12-28,1127.780000
2009-12-29,1126.200000
2009-12-30,1126.420000
2009-12-31,1115.100000
2010-01-04,1132.990000
2010-01-05,1136.520000
2010-01-06,1137.140000
2010-01-07,1141.690000
2010-01-08,1144.980000
2010-01-11,1146.980000
2010-01-12,1136.220000
2010-01-13,1145.680000
2010-01-14,1148.460000
2010-01-15,1136.030000
2010-01-19,1150.230000
2010-01-20,1138.040000
2010-01-21,1116.480000
2010-01-22,1091.760000
2010-01-25,1096.780000
2010-01-26,1092.170000
2010-01-27,1097.500000
2010-01-28,1084.530000
2010-01-29,1073.870000
2010-02-01,1089.190000
2010-02-02,1103.320000
2010-02-03,1097.280000
2010-02-04,1063.110000
2010-02-05,1066.190000
2010-02-08,1056.740000
2010-02-09,1070.520000
2010-02-10,1068.130000
2010-02-11,1078.470000
2010-02-12,1075.510000
2010-02-16,1094.870000
2010-02-17,1099.510000
2010-02-18,1106.750000
2010-02-19,1109.170000
2010-02-22,1108.010000
2010-02-23,1094.600000
2010-02-24,1105.240000
2010-02-25,1102.940000
2010-02-26,1104.490000
2010-03-01,1115.710000
2010-03-02,1118.310000
2010-03-03,1118.790000
2010-03-04,1122.970000
2010-03-05,1138.700000
2010-03-08,1138.500000
2010-03-09,1140.450000
2010-03-10,1145.610000
2010-03-11,1150.240000
2010-03-12,1149.990000
2010-03-15,1150.510000
2010-03-16,1159.460000
2010-03-17,1166.210000
2010-03-18,1165.830000
2010-03-19,1159.900000
2010-03-22,1165.810000
2010-03-23,1174.170000
2010-03-24,1167.720000
2010-03-25,1165.730000
2010-03-26,1166.590000
2010-03-29,1173.220000
2010-03-30,1173.270000
2010-03-31,1169.430000
2010-04-01,1178.100000
2010-04-05,1187.440000
2010-04-06,1189.440000
2010-04-07,1182.450000
2010-04-08,1186.440000
2010-04-09,1194.370000
2010-04-12,1196.480000
2010-04-13,1197.300000
2010-04-14,1210.650000
2010-04-15,1211.670000
2010-04-16,1192.130000
2010-04-19,1197.520000
2010-04-20,1207.170000
2010-04-21,1205.940000
2010-04-22,1208.670000
2010-04-23,1217.280000
2010-04-26,1212.050000
2010-04-27,1183.710000
2010-04-28,1191.360000
2010-04-29,1206.780000
2010-04-30,1186.690000
2010-05-03,1202.260000
2010-05-04,1173.600000
2010-05-05,1165.900000
2010-05-06,1128.150000
2010-05-07,1110.880000
2010-05-10,1159.730000
2010-05-11,1155.790000
2010-05-12,1171.670000
2010-05-13,1157.440000
2010-05-14,1135.680000
2010-05-17,1136.940000
2010-05-18,1120.800000
2010-05-19,1115.050000
2010-05-20,1071.590000
2010-05-21,1087.690000
2010-05-24,1073.650000
2010-05-25,1074.030000
2010-05-26,1067.950000
2010-05-27,1103.060000
2010-05-28,1089.410000
2010-06-01,1070.710000
2010-06-02,1098.380000
2010-06-03,1102.830000
2010-06-04,1064.880000
2010-06-07,1050.470000
2010-06-08,1062.000000
2010-06-09,1055.690000
2010-06-10,1086.840000
2010-06-11,1091.600000
2010-06-14,1089.630000
2010-06-15,1115.230000
2010-06-16,1114.610000
2010-06-17,1116.040000
2010-06-18,1117.510000
2010-06-21,1113.200000
2010-06-22,1095.310000
2010-06-23,1092.040000
2010-06-24,1073.690000
2010-06-25,1076.760000
2010-06-28,1074.570000
2010-06-29,1041.240000
2010-06-30,1030.710000
2010-07-01,1027.370000
2010-07-02,1022.580000
2010-07-06,1028.060000
2010-07-07,1060.270000
2010-07-08,1070.250000
2010-07-09,1077.960000
2010-07-12,1078.750000
2010-07-13,1095.340000
2010-07-14,1095.170000
2010-07-15,1096.480000
2010-07-16,1064.880000
2010-07-19,1071.250000
2010-07-20,1083.480000
2010-07-21,1069.590000
2010-07-22,1093.670000
2010-07-23,1102.660000
2010-07-26,1115.010000
2010-07-27,1113.840000
2010-07-28,1106.130000
2010-07-29,1101.530000
2010-07-30,1101.600000
2010-08-02,1125.860000
2010-08-03,1120.460000
2010-08-04,1127.240000
2010-08-05,1125.810000
2010-08-06,1121.640000
2010-08-09,1127.790000
2010-08-10,1121.060000
2010-08-11,1089.470000
2010-08-12,1083.610000
2010-08-13,1079.250000
2010-08-16,1079.380000
2010-08-17,1092.540000
2010-08-18,1094.160000
2010-08-19,1075.630000
2010-08-20,1071.690000
2010-08-23,1067.360000
2010-08-24,1051.870000
2010-08-25,1055.330000
2010-08-26,1047.220000
2010-08-27,1064.590000
2010-08-30,1048.920000
2010-08-31,1049.330000
2010-09-01,1080.290000
2010-09-02,1090.100000
2010-09-03,1104.510000
2010-09-07,1091.840000
2010-09-08,1098.870000
2010-09-09,1104.180000
2010-09-10,1109.550000
2010-09-13,1121.900000
2010-09-14,1121.100000
2010-09-15,1125.070000
2010-09-16,1124.660000
2010-09-17,1125.590000
2010-09-20,1142.710000
2010-09-21,1139.780000
2010-09-22,1134.280000
2010-09-23,1124.830000
2010-09-24,1148.670000
2010-09-27,1142.160000
2010-09-28,1147.700000
2010-09-29,1144.730000
2010-09-30,1141.200000
2010-10-01,1146.240000
2010-10-04,1137.030000
2010-10-05,1160.750000
2010-10-06,1159.970000
2010-10-07,1158.060000
2010-10-08,1165.150000
2010-10-11,1165.320000
2010-10-12,1169.770000
2010-10-13,1178.100000
2010-10-14,1173.810000
2010-10-15,1176.190000
2010-10-18,1184.710000
2010-10-19,1165.900000
2010-10-20,1178.170000
2010-10-21,1180.260000
2010-10-22,1183.080000
2010-10-25,1185.620000
2010-10-26,1185.640000
2010-10-27,1182.450000
2010-10-28,1183.780000
2010-10-29,1183.260000
2010-11-01,1184.380000
2010-11-02,1193.570000
2010-11-03,1197.960000
2010-11-04,1221.060000
2010-11-05,1225.850000
2010-11-08,1223.250000
2010-11-09,1213.400000
2010-11-10,1218.710000
2010-11-11,1213.540000
2010-11-12,1199.210000
2010-11-15,1197.750000
2010-11-16,1178.340000
2010-11-17,1178.590000
2010-11-18,1196.690000
2010-11-19,1199.730000
2010-11-22,1197.840000
2010-11-23,1180.730000
2010-11-24,1198.350000
2010-11-26,1189.400000
2010-11-29,1187.760000
2010-11-30,1180.550000
2010-12-01,1206.070000
2010-12-02,1221.530000
2010-12-03,1224.710000
2010-12-06,1223.120000
2010-12-07,1223.750000
2010-12-08,1228.280000
2010-12-09,1233.000000
2010-12-10,1240.400000
2010-12-13,1240.460000
2010-12-14,1241.590000
2010-12-15,1235.230000
2010-12-16,1242.870000
2010-12-17,1243.910000
2010-12-20,1247.080000
2010-12-21,1254.600000
2010-12-22,1258.840000
2010-12-23,1256.770000
2010-12-27,1257.540000
2010-12-28,1258.510000
2010-12-29,1259.780000
2010-12-30,1257.880000
2010-12-31,1257.640000
2011-01-03,1271.890000
2011-01-04,1270.200000
2011-01-05,1276.560000
2011-01-06,1273.850000
2011-01-07,1271.500000
2011-01-10,1269.750000
2011-01-11,1274.480000
2011-01-12,1285.960000
2011-01-13,1283.760000
2011-01-14,1293.240000
2011-01-18,1295.020000
2011-01-19,1281.920000
2011-01-20,1280.260000
2011-01-21,1283.350000
2011-01-24,1290.840000
2011-01-25,1291.180000
2011-01-26,1296.630000
2011-01-27,1299.540000
2011-01-28,1276.340000
2011-01-31,1286.120000
2011-02-01,1307.590000
2011-02-02,1304.030000
2011-02-03,1307.100000
2011-02-04,1310.870000
2011-02-07,1319.050000
2011-02-08,1324.570000
2011-02-09,1320.880000
2011-02-10,1321.870000
2011-02-11,1329.150000
2011-02-14,1332.320000
2011-02-15,1328.010000
2011-02-16,1336.320000
2011-02-17,1340.430000
2011-02-18,1343.010000
2011-02-22,1315.440000
2011-02-23,1307.400000
2011-02-24,1306.100000
2011-02-25,1319.880000
2011-02-28,1327.220000
2011-03-01,1306.330000
2011-03-02,1308.440000
2011-03-03,1330.970000
2011-03-04,1321.150000
2011-03-07,1310.130000
2011-03-08,1321.820000
2011-03-09,1320.020000
2011-03-10,1295.110000
2011-03-11,1304.280000
2011-03-14,1296.390000
2011-03-15,1281.870000
2011-03-16,1256.880000
2011-03-17,1273.720000
2011-03-18,1279.200000
2011-03-21,1298.380000
2011-03-22,1293.770000
2011-03-23,1297.540000
2011-03-24,1309.660000
2011-03-25,1313.800000
2011-03-28,1310.190000
2011-03-29,1319.440000
2011-03-30,1328.260000
2011-03-31,1325.830000
2011-04-01,1332.410000
2011-04-04,1332.870000
2011-04-05,1332.630000
2011-04-06,1335.540000
2011-04-07,1333.510000
2011-04-08,1328.170000
2011-04-11,1324.460000
2011-04-12,1314.160000
2011-04-13,1314.410000
2011-04-14,1314.520000
2011-04-15,1319.680000
2011-04-18,1305.140000
2011-04-19,1312.620000
2011-04-20,1330.360000
2011-04-21,1337.380000
2011-04-25,1335.250000
2011-04-26,1347.240000
2011-04-27,1355.660000
2011-04-28,1360.480000
2011-04-29,1363.610000
2011-05-02,1361.220000
2011-05-03,1356.620000
2011-05-04,1347.320000
2011-05-05,1335.100000
2011-05-06,1340.200000
2011-05-09,1346.290000
2011-05-10,1357.160000
2011-05-11,1342.080000
2011-05-12,1348.650000
2011-05-13,1337.770000
2011-05-16,1329.470000
2011-05-17,1328.980000
2011-05-18,1340.680000
2011-05-19,1343.600000
2011-05-20,1333.270000
2011-05-23,1317.370000
2011-05-24,1316.280000
2011-05-25,1320.470000
2011-05-26,1325.690000
2011-05-27,1331.100000
2011-05-31,1345.200000
2011-06-01,1314.550000
2011-06-02,1312.940000
2011-06-03,1300.160000
2011-06-06,1286.170000
2011-06-07,1284.940000
2011-06-08,1279.560000
2011-06-09,1289.000000
2011-06-10,1270.980000
2011-06-13,1271.830000
2011-06-14,1287.870000
2011-06-15,1265.420000
2011-06-16,1267.640000
2011-06-17,1271.500000
2011-06-20,1278.360000
2011-06-21,1295.520000
2011-06-22,1287.140000
2011-06-23,1283.500000
2011-06-24,1268.450000
2011-06-27,1280.100000
2011-06-28,1296.670000
2011-06-29,1307.410000
2011-06-30,1320.640000
2011-07-01,1339.670000
2011-07-05,1337.880000
2011-07-06,1339.220000
2011-07-07,1353.220000
2011-07-08,1343.800000
2011-07-11,1319.490000
2011-07-12,1313.640000
2011-07-13,1317.720000
2011-07-14,1308.870000
2011-07-15,1316.140000
2011-07-18,1305.440000
2011-07-19,1326.730000
2011-07-20,1325.840000
2011-07-21,1343.800000
2011-07-22,1345.020000
2011-07-25,1337.430000
2011-07-26,1331.940000
2011-07-27,1304.890000
2011-07-28,1300.670000
2011-07-29,1292.280000
2011-08-01,1286.940000
2011-08-02,1254.050000
2011-08-03,1260.340000
2011-08-04,1200.070000
2011-08-05,1199.380000
2011-08-08,1119.460000
2011-08-09,1172.530000
2011-08-10,1120.760000
2011-08-11,1172.640000
2011-08-12,1178.810000
2011-08-15,1204.490000
2011-08-16,1192.760000
2011-08-17,1193.890000
2011-08-18,1140.650000
2011-08-19,1123.530000
2011-08-22,1123.820000
2011-08-23,1162.350000
2011-08-24,1177.600000
2011-08-25,1159.270000
2011-08-26,1176.800000
2011-08-29,1210.080000
2011-08-30,1212.920000
2011-08-31,1218.890000
2011-09-01,1204.420000
2011-09-02,1173.970000
2011-09-06,1165.240000
2011-09-07,1198.620000
2011-09-08,1185.900000
2011-09-09,1154.230000
2011-09-12,1162.270000
2011-09-13,1172.870000
2011-09-14,1188.680000
2011-09-15,1209.110000
2011-09-16,1216.010000
2011-09-19,1204.090000
2011-09-20,1202.090000
2011-09-21,1166.760000
2011-09-22,1129.560000
2011-09-23,1136.430000
2011-09-26,1162.950000
2011-09-27,1175.380000
2011-09-28,1151.060000
2011-09-29,1160.400000
2011-09-30,1131.420000
2011-10-03,1099.230000
2011-10-04,1123.950000
2011-10-05,1144.030000
2011-10-06,1164.970000
2011-10-07,1155.460000
2011-10-10,1194.890000
2011-10-11,1195.540000
2011-10-12,1207.250000
2011-10-13,1203.660000
2011-10-14,1224.580000
2011-10-17,1200.860000
2011-10-18,1225.380000
2011-10-19,1209.880000
2011-10-20,1215.390000
2011-10-21,1238.250000
2011-10-24,1254.190000
2011-10-25,1229.050000
2011-10-26,1242.000000
2011-10-27,1284.590000
2011-10-28,1285.090000
2011-10-31,1253.300000
2011-11-01,1218.280000
2011-11-02,1237.900000
2011-11-03,1261.150000
2011-11-04,1253.230000
2011-11-07,1261.120000
2011-11-08,1275.920000
2011-11-09,1229.100000
2011-11-10,1239.700000
2011-11-11,1263.850000
2011-11-14,1251.780000
2011-11-15,1257.810000
2011-11-16,1236.910000
2011-11-17,1216.130000
2011-11-18,1215.650000
2011-11-21,1192.980000
2011-11-22,1188.040000
2011-11-23,1161.790000
2011-11-25,1158.670000
2011-11-28,1192.550000
2011-11-29,1195.190000
2011-11-30,1246.960000
2011-12-01,1244.580000
2011-12-02,1244.280000
2011-12-05,1257.080000
2011-12-06,1258.470000
2011-12-07,1261.010000
2011-12-08,1234.350000
2011-12-09,1255.190000
2011-12-12,1236.470000
2011-12-13,1225.730000
2011-12-14,1211.820000
2011-12-15,1215.750000
2011-12-16,1219.660000
2011-12-19,1205.350000
2011-12-20,1241.300000
2011-12-21,1243.720000
2011-12-22,1254.000000
2011-12-23,1265.330000
2011-12-27,1265.430000
2011-12-28,1249.640000
2011-12-29,1263.020000
2011-12-30,1257.600000
2012-01-03,1277.060000
2012-01-04,1277.300000
2012-01-05,1281.060000
2012-01-06,1277.810000
2012-01-09,1280.700000
2012-01-10,1292.080000
2012-01-11,1292.480000
2012-01-12,1295.500000
2012-01-13,1289.090000
2012-01-17,1293.670000
2012-01-18,1308.040000
2012-01-19,1314.500000
2012-01-20,1315.380000
2012-01-23,1316.000000
2012-01-24,1314.650000
2012-01-25,1326.050000
2012-01-26,1318.430000
2012-01-27,1316.330000
2012-01-30,1313.010000
2012-01-31,1312.410000
2012-02-01,1324.090000
2012-02-02,1325.540000
2012-02-03,1344.900000
2012-02-06,1344.330000
2012-02-07,1347.050000
2012-02-08,1349.960000
2012-02-09,1351.950000
2012-02-10,1342.640000
2012-02-13,1351.770000
2012-02-14,1350.500000
2012-02-15,1343.230000
2012-02-16,1358.040000
2012-02-17,1361.230000
2012-02-21,1362.210000
2012-02-22,1357.660000
2012-02-23,1363.460000
2012-02-24,1365.740000
2012-02-27,1367.590000
2012-02-28,1372.180000
2012-02-29,1365.680000
2012-03-01,1374.090000
2012-03-02,1369.630000
2012-03-05,1364.330000
2012-03-06,1343.360000
2012-03-07,1352.630000
2012-03-08,1365.910000
2012-03-09,1370.870000
2012-03-12,1371.090000
2012-03-13,1395.950000
2012-03-14,1394.280000
2012-03-15,1402.600000
2012-03-16,1404.170000
2012-03-19,1409.750000
2012-03-20,1405.520000
2012-03-21,1402.890000
2012-03-22,1392.780000
2012-03-23,1397.110000
2012-03-26,1416.510000
2012-03-27,1412.520000
2012-03-28,1405.540000
2012-03-29,1403.280000
2012-03-30,1408.470000
2012-04-02,1419.040000
2012-04-03,1413.380000
2012-04-04,1398.960000
2012-04-05,1398.080000
2012-04-09,1382.200000
2012-04-10,1358.590000
2012-04-11,1368.710000
2012-04-12,1387.570000
2012-04-13,1370.260000
2012-04-16,1369.570000
2012-04-17,1390.780000
2012-04-18,1385.140000
2012-04-19,1376.920000
2012-04-20,1378.530000
2012-04-23,1366.940000
2012-04-24,1371.970000
2012-04-25,1390.690000
2012-04-26,1399.980000
2012-04-27,1403.360000
2012-04-30,1397.910000
2012-05-01,1405.820000
2012-05-02,1402.310000
2012-05-03,1391.570000
2012-05-04,1369.100000
2012-05-07,1369.580000
2012-05-08,1363.720000
2012-05-09,1354.580000
2012-05-10,1357.990000
2012-05-11,1353.390000
2012-05-14,1338.350000
2012-05-15,1330.660000
2012-05-16,1324.800000
2012-05-17,1304.860000
2012-05-18,1295.220000
2012-05-21,1315.990000
2012-05-22,1316.630000
2012-05-23,1318.860000
2012-05-24,1320.680000
2012-05-25,1317.820000
2012-05-29,1332.420000
2012-05-30,1313.320000
2012-05-31,1310.330000
2012-06-01,1278.040000
2012-06-04,1278.180000
2012-06-05,1285.500000
2012-06-06,1315.130000
2012-06-07,1314.990000
2012-06-08,1325.660000
2012-06-11,1308.930000
2012-06-12,1324.180000
2012-06-13,1314.880000
2012-06-14,1329.100000
2012-06-15,1342.840000
2012-06-18,1344.780000
2012-06-19,1357.980000
2012-06-20,1355.690000
2012-06-21,1325.510000
2012-06-22,1335.020000
2012-06-25,1313.720000
2012-06-26,1319.990000
2012-06-27,1331.850000
2012-06-28,1329.040000
2012-06-29,1362.160000
2012-07-02,1365.510000
2012-07-03,1374.020000
2012-07-05,1367.580000
2012-07-06,1354.680000
2012-07-09,1352.460000
2012-07-10,1341.470000
2012-07-11,1341.450000
2012-07-12,1334.760000
2012-07-13,1356.780000
2012-07-16,1353.640000
2012-07-17,1363.670000
2012-07-18,1372.780000
2012-07-19,1376.510000
2012-07-20,1362.660000
2012-07-23,1350.520000
2012-07-24,1338.310000
2012-07-25,1337.890000
2012-07-26,1360.020000
2012-07-27,1385.970000
2012-07-30,1385.300000
2012-07-31,1379.320000
2012-08-01,1375.320000
2012-08-02,1365.000000
2012-08-03,1390.990000
2012-08-06,1394.230000
2012-08-07,1401.350000
2012-08-08,1402.220000
2012-08-09,1402.800000
2012-08-10,1405.870000
2012-08-13,1404.110000
2012-08-14,1403.930000
2012-08-15,1405.530000
2012-08-16,1415.510000
2012-08-17,1418.160000
2012-08-20,1418.130000
2012-08-21,1413.170000
2012-08-22,1413.490000
2012-08-23,1402.080000
2012-08-24,1411.130000
2012-08-27,1410.440000
2012-08-28,1409.300000
2012-08-29,1410.490000
2012-08-30,1399.480000
2012-08-31,1406.580000
2012-09-04,1404.940000
2012-09-05,1403.440000
2012-09-06,1432.120000
2012-09-07,1437.920000
2012-09-10,1429.080000
2012-09-11,1433.560000
2012-09-12,1436.560000
2012-09-13,1459.990000
2012-09-14,1465.770000
2012-09-17,1461.190000
2012-09-18,1459.320000
2012-09-19,1461.050000
2012-09-20,1460.260000
2012-09-21,1460.150000
2012-09-24,1456.890000
2012-09-25,1441.590000
2012-09-26,1433.320000
2012-09-27,1447.150000
2012-09-28,1440.670000
2012-10-01,1444.490000
2012-10-02,1445.750000
2012-10-03,1450.990000
2012-10-04,1461.400000
2012-10-05,1460.930000
2012-10-08,1455.880000
2012-10-09,1441.480000
2012-10-10,1432.560000
2012-10-11,1432.840000
2012-10-12,1428.590000
2012-10-15,1440.130000
2012-10-16,1454.920000
2012-10-17,1460.910000
2012-10-18,1457.340000
2012-10-19,1433.190000
2012-10-22,1433.820000
2012-10-23,1413.110000
2012-10-24,1408.750000
2012-10-25,1412.970000
2012-10-26,1411.940000
2012-10-31,1412.160000
2012-11-01,1427.590000
2012-11-02,1414.200000
2012-11-05,1417.260000
2012-11-06,1428.390000
2012-11-07,1394.530000
2012-11-08,1377.510000
2012-11-09,1379.850000
2012-11-12,1380.030000
2012-11-13,1374.530000
2012-11-14,1355.490000
2012-11-15,1353.330000
2012-11-16,1359.880000
2012-11-19,1386.890000
2012-11-20,1387.810000
2012-11-21,1391.030000
2012-11-23,1409.150000
2012-11-26,1406.290000
2012-11-27,1398.940000
2012-11-28,1409.930000
2012-11-29,1415.950000
2012-11-30,1416.180000
2012-12-03,1409.460000
2012-12-04,1407.050000
2012-12-05,1409.280000
2012-12-06,1413.940000
2012-12-07,1418.070000
2012-12-10,1418.550000
2012-12-11,1427.840000
2012-12-12,1428.480000
2012-12-13,1419.450000
2012-12-14,1413.580000
2012-12-17,1430.360000
2012-12-18,1446.790000
2012-12-19,1435.810000
2012-12-20,1443.690000
2012-12-21,1430.150000
2012-12-24,1426.660000
2012-12-26,1419.830000
2012-12-27,1418.100000
2012-12-28,1402.430000
2012-12-31,1426.190000
2013-01-02,1462.420000
2013-01-03,1459.370000
2013-01-04,1466.470000
2013-01-07,1461.890000
2013-01-08,1457.150000
2013-01-09,1461.020000
2013-01-10,1472.120000
2013-01-11,1472.050000
2013-01-14,1470.680000
2013-01-15,1472.340000
2013-01-16,1472.630000
2013-01-17,1480.940000
2013-01-18,1485.980000
2013-01-22,1492.560000
2013-01-23,1494.810000
2013-01-24,1494.820000
2013-01-25,1502.960000
2013-01-28,1500.180000
2013-01-29,1507.840000
2013-01-30,1501.960000
2013-01-31,1498.110000
2013-02-01,1513.170000
2013-02-04,1495.710000
2013-02-05,1511.290000
2013-02-06,1512.120000
2013-02-07,1509.390000
2013-02-08,1517.930000
2013-02-11,1517.010000
2013-02-12,1519.430000
2013-02-13,1520.330000
2013-02-14,1521.380000
2013-02-15,1519.790000
2013-02-19,1530.940000
2013-02-20,1511.950000
2013-02-21,1502.420000
2013-02-22,1515.600000
2013-02-25,1487.850000
2013-02-26,1496.940000
2013-02-27,1515.990000
2013-02-28,1514.680000
2013-03-01,1518.200000
2013-03-04,1525.200000
2013-03-05,1539.790000
2013-03-06,1541.460000
2013-03-07,1544.260000
2013-03-08,1551.180000
2013-03-11,1556.220000
2013-03-12,1552.480000
2013-03-13,1554.520000
2013-03-14,1563.230000
2013-03-15,1560.700000
2013-03-18,1552.100000
2013-03-19,1548.340000
2013-03-20,1558.710000
2013-03-21,1545.800000
2013-03-22,1556.890000
2013-03-25,1551.690000
2013-03-26,1563.770000
2013-03-27,1562.850000
2013-03-28,1569.190000
2013-04-01,1562.170000
2013-04-02,1570.250000
2013-04-03,1553.690000
2013-04-04,1559.980000
2013-04-05,1553.280000
2013-04-08,1563.070000
2013-04-09,1568.610000
2013-04-10,1587.730000
2013-04-11,1593.370000
2013-04-12,1588.850000
2013-04-15,1552.360000
2013-04-16,1574.570000
2013-04-17,1552.010000
2013-04-18,1541.610000
2013-04-19,1555.250000
2013-04-22,1562.500000
2013-04-23,1578.780000
2013-04-24,1578.790000
2013-04-25,1585.160000
2013-04-26,1582.240000
2013-04-29,1593.610000
2013-04-30,1597.570000
2013-05-01,1582.700000
2013-05-02,1597.590000
2013-05-03,1614.420000
2013-05-06,1617.500000
2013-05-07,1625.960000
2013-05-08,1632.690000
2013-05-09,1626.670000
2013-05-10,1633.700000
2013-05-13,1633.770000
2013-05-14,1650.340000
2013-05-15,1658.780000
2013-05-16,1650.470000
2013-05-17,1667.470000
2013-05-20,1666.290000
2013-05-21,1669.160000
2013-05-22,1655.350000
2013-05-23,1650.510000
2013-05-24,1649.600000
2013-05-28,1660.060000
2013-05-29,1648.360000
2013-05-30,1654.410000
2013-05-31,1630.740000
2013-06-03,1640.420000
2013-06-04,1631.380000
2013-06-05,1608.900000
2013-06-06,1622.560000
2013-06-07,1643.380000
2013-06-10,1642.810000
2013-06-11,1626.130000
2013-06-12,1612.520000
2013-06-13,1636.360000
2013-06-14,1626.730000
2013-06-17,1639.040000
2013-06-18,1651.810000
2013-06-19,1628.930000
2013-06-20,1588.190000
2013-06-21,1592.430000
2013-06-24,1573.090000
2013-06-25,1588.030000
2013-06-26,1603.260000
2013-06-27,1613.200000
2013-06-28,1606.280000
2013-07-01,1614.960000
2013-07-02,1614.080000
2013-07-03,1615.410000
2013-07-05,1631.890000
2013-07-08,1640.460000
2013-07-09,1652.320000
2013-07-10,1652.620000
2013-07-11,1675.020000
2013-07-12,1680.190000
2013-07-15,1682.500000
2013-07-16,1676.260000
2013-07-17,1680.910000
2013-07-18,1689.370000
2013-07-19,1692.090000
2013-07-22,1695.530000
2013-07-23,1692.390000
2013-07-24,1685.940000
2013-07-25,1690.250000
2013-07-26,1691.650000
2013-07-29,1685.330000
2013-07-30,1685.960000
2013-07-31,1685.730000
2013-08-01,1706.870000
2013-08-02,1709.670000
2013-08-05,1707.140000
2013-08-06,1697.370000
2013-08-07,1690.910000
2013-08-08,1697.480000
2013-08-09,1691.420000
2013-08-12,1689.470000
2013-08-13,1694.160000
2013-08-14,1685.390000
2013-08-15,1661.320000
2013-08-16,1655.830000
2013-08-19,1646.060000
2013-08-20,1652.350000
2013-08-21,1642.800000
2013-08-22,1656.960000
2013-08-23,1663.500000
2013-08-26,1656.780000
2013-08-27,1630.480000
2013-08-28,1634.960000
2013-08-29,1638.170000
2013-08-30,1632.970000
2013-09-03,1639.770000
2013-09-04,1653.080000
2013-09-05,1655.080000
2013-09-06,1655.170000
2013-09-09,1671.710000
2013-09-10,1683.990000
2013-09-11,1689.130000
2013-09-12,1683.420000
2013-09-13,1687.990000
2013-09-16,1697.600000
2013-09-17,1704.760000
2013-09-18,1725.520000
2013-09-19,1722.340000
2013-09-20,1709.910000
2013-09-23,1701.840000
2013-09-24,1697.420000
2013-09-25,1692.770000
2013-09-26,1698.670000
2013-09-27,1691.750000
2013-09-30,1681.550000
2013-10-01,1695.000000
2013-10-02,1693.870000
2013-10-03,1678.660000
2013-10-04,1690.500000
2013-10-07,1676.120000
2013-10-08,1655.450000
2013-10-09,1656.400000
2013-10-10,1692.560000
2013-10-11,1703.200000
2013-10-14,1710.140000
2013-10-15,1698.060000
2013-10-16,1721.540000
2013-10-17,1733.150000
2013-10-18,1744.500000
2013-10-21,1744.660000
2013-10-22,1754.670000
2013-10-23,1746.380000
2013-10-24,1752.070000
2013-10-25,1759.770000
2013-10-28,1762.110000
2013-10-29,1771.950000
2013-10-30,1763.310000
2013-10-31,1756.540000
2013-11-01,1761.640000
2013-11-04,1767.930000
2013-11-05,1762.970000
2013-11-06,1770.490000
2013-11-07,1747.150000
2013-11-08,1770.610000
2013-11-11,1771.890000
2013-11-12,1767.690000
2013-11-13,1782.000000
2013-11-14,1790.620000
2013-11-15,1798.180000
2013-11-18,1791.530000
2013-11-19,1787.870000
2013-11-20,1781.370000
2013-11-21,1795.850000
2013-11-22,1804.760000
2013-11-25,1802.480000
2013-11-26,1802.750000
2013-11-27,1807.230000
2013-11-29,1805.810000
2013-12-02,1800.900000
2013-12-03,1795.150000
2013-12-04,1792.810000
2013-12-05,1785.030000
2013-12-06,1805.090000
2013-12-09,1808.370000
2013-12-10,1802.620000
2013-12-11,1782.220000
2013-12-12,1775.500000
2013-12-13,1775.320000
2013-12-16,1786.540000
2013-12-17,1781.000000
2013-12-18,1810.650000
2013-12-19,1809.600000
2013-12-20,1818.320000
2013-12-23,1827.990000
2013-12-24,1833.320000
2013-12-26,1842.020000
2013-12-27,1841.400000
2013-12-30,1841.070000
2013-12-31,1848.360000
2014-01-02,1831.980000
2014-01-03,1831.370000
2014-01-06,1826.770000
2014-01-07,1837.880000
2014-01-08,1837.490000
2014-01-09,1838.130000
2014-01-10,1842.370000
2014-01-13,1819.200000
2014-01-14,1838.880000
2014-01-15,1848.380000
2014-01-16,1845.890000
2014-01-17,1838.700000
2014-01-21,1843.800000
2014-01-22,1844.860000
2014-01-23,1828.460000
2014-01-24,1790.290000
2014-01-27,1781.560000
2014-01-28,1792.500000
2014-01-29,1774.200000
2014-01-30,1794.190000
2014-01-31,1782.590000
2014-02-03,1741.890000
2014-02-04,1755.200000
2014-02-05,1751.640000
2014-02-06,1773.430000
2014-02-07,1797.020000
2014-02-10,1799.840000
2014-02-11,1819.750000
2014-02-12,1819.260000
2014-02-13,1829.830000
2014-02-14,1838.630000
2014-02-18,1840.760000
2014-02-19,1828.750000
2014-02-20,1839.780000
2014-02-21,1836.250000
2014-02-24,1847.610000
2014-02-25,1845.120000
2014-02-26,1845.160000
2014-02-27,1854.290000
2014-02-28,1859.450000
2014-03-03,1845.730000
2014-03-04,1873.910000
2014-03-05,1873.810000
2014-03-06,1877.030000
2014-03-07,1878.040000
2014-03-10,1877.170000
2014-03-11,1867.630000
2014-03-12,1868.200000
2014-03-13,1846.340000
2014-03-14,1841.130000
2014-03-17,1858.830000
2014-03-18,1872.250000
2014-03-19,1860.770000
2014-03-20,1872.010000
2014-03-21,1866.520000
2014-03-24,1857.440000
2014-03-25,1865.620000
2014-03-26,1852.560000
2014-03-27,1849.040000
2014-03-28,1857.620000
2014-03-31,1872.340000
2014-04-01,1885.520000
2014-04-02,1890.900000
2014-04-03,1888.770000
2014-04-04,1865.090000
2014-04-07,1845.040000
2014-04-08,1851.960000
2014-04-09,1872.180000
2014-04-10,1833.080000
2014-04-11,1815.690000
2014-04-14,1830.610000
2014-04-15,1842.980000
2014-04-16,1862.310000
2014-04-17,1864.850000
2014-04-21,1871.890000
2014-04-22,1879.550000
2014-04-23,1875.390000
2014-04-24,1878.610000
2014-04-25,1863.400000
2014-04-28,1869.430000
2014-04-29,1878.330000
2014-04-30,1883.950000
2014-05-01,1883.680000
2014-05-02,1881.140000
2014-05-05,1884.660000
2014-05-06,1867.720000
2014-05-07,1878.210000
2014-05-08,1875.630000
2014-05-09,1878.480000
2014-05-12,1896.650000
2014-05-13,1897.450000
2014-05-14,1888.530000
2014-05-15,1870.850000
2014-05-16,1877.860000
2014-05-19,1885.080000
2014-05-20,1872.830000
2014-05-21,1888.030000
2014-05-22,1892.490000
2014-05-23,1900.530000
2014-05-27,1911.910000
2014-05-28,1909.780000
2014-05-29,1920.030000
2014-05-30,1923.570000
2014-06-02,1924.970000
2014-06-03,1924.240000
2014-06-04,1927.880000
2014-06-05,1940.460000
2014-06-06,1949.440000
2014-06-09,1951.270000
2014-06-10,1950.790000
2014-06-11,1943.890000
2014-06-12,1930.110000
2014-06-13,1936.160000
2014-06-16,1937.780000
2014-06-17,1941.990000
2014-06-18,1956.980000
2014-06-19,1959.480000
2014-06-20,1962.870000
2014-06-23,1962.610000
2014-06-24,1949.980000
2014-06-25,1959.530000
2014-06-26,1957.220000
2014-06-27,1960.960000
2014-06-30,1960.230000
2014-07-01,1973.320000
2014-07-02,1974.620000
2014-07-03,1985.440000
2014-07-07,1977.650000
2014-07-08,1963.710000
2014-07-09,1972.830000
2014-07-10,1964.680000
2014-07-11,1967.570000
2014-07-14,1977.100000
2014-07-15,1973.280000
2014-07-16,1981.570000
2014-07-17,1958.120000
2014-07-18,1978.220000
2014-07-21,1973.630000
2014-07-22,1983.530000
2014-07-23,1987.010000
2014-07-24,1987.980000
2014-07-25,1978.340000
2014-07-28,1978.910000
2014-07-29,1969.950000
2014-07-30,1970.070000
2014-07-31,1930.670000
2014-08-01,1925.150000
2014-08-04,1938.990000
2014-08-05,1920.210000
2014-08-06,1920.240000
2014-08-07,1909.570000
2014-08-08,1931.590000
2014-08-11,1936.920000
2014-08-12,1933.750000
2014-08-13,1946.720000
2014-08-14,1955.180000
2014-08-15,1955.060000
2014-08-18,1971.740000
2014-08-19,1981.600000
2014-08-20,1986.510000
2014-08-21,1992.370000
2014-08-22,1988.400000
2014-08-25,1997.920000
2014-08-26,2000.020000
2014-08-27,2000.120000
2014-08-28,1996.740000
2014-08-29,2003.370000
2014-09-02,2002.280000
2014-09-03,2000.720000
2014-09-04,1997.650000
2014-09-05,2007.710000
2014-09-08,2001.540000
2014-09-09,1988.440000
2014-09-10,1995.690000
2014-09-11,1997.450000
2014-09-12,1985.540000
2014-09-15,1984.130000
2014-09-16,1998.980000
2014-09-17,2001.570000
2014-09-18,2011.360000
2014-09-19,2010.400000
2014-09-22,1994.290000
2014-09-23,1982.770000
2014-09-24,1998.300000
2014-09-25,1965.990000
2014-09-26,1982.850000
2014-09-29,1977.800000
2014-09-30,1972.290000
2014-10-01,1946.160000
2014-10-02,1946.170000
2014-10-03,1967.900000
2014-10-06,1964.820000
2014-10-07,1935.100000
2014-10-08,1968.890000
2014-10-09,1928.210000
2014-10-10,1906.130000
2014-10-13,1874.740000
2014-10-14,1877.700000
2014-10-15,1862.490000
2014-10-16,1862.760000
2014-10-17,1886.760000
2014-10-20,1904.010000
2014-10-21,1941.280000
2014-10-22,1927.110000
2014-10-23,1950.820000
2014-10-24,1964.580000
2014-10-27,1961.630000
2014-10-28,1985.050000
2014-10-29,1982.300000
2014-10-30,1994.650000
2014-10-31,2018.050000
2014-11-03,2017.810000
2014-11-04,2012.100000
2014-11-05,2023.570000
2014-11-06,2031.210000
2014-11-07,2031.920000
2014-11-10,2038.260000
2014-11-11,2039.680000
2014-11-12,2038.250000
2014-11-13,2039.330000
2014-11-14,2039.820000
2014-11-17,2041.320000
2014-11-18,2051.800000
2014-11-19,2048.720000
2014-11-20,2052.750000
2014-11-21,2063.500000
2014-11-24,2069.410000
2014-11-25,2067.030000
2014-11-26,2072.830000
2014-11-28,2067.560000
2014-12-01,2053.440000
2014-12-02,2066.550000
2014-12-03,2074.330000
2014-12-04,2071.920000
2014-12-05,2075.370000
2014-12-08,2060.310000
2014-12-09,2059.820000
2014-12-10,2026.140000
2014-12-11,2035.330000
2014-12-12,2002.330000
2014-12-15,1989.630000
2014-12-16,1972.740000
2014-12-17,2012.890000
2014-12-18,2061.230000
2014-12-19,2070.650000
2014-12-22,2078.540000
2014-12-23,2082.170000
2014-12-24,2081.880000
2014-12-26,2088.770000
2014-12-29,2090.570000
2014-12-30,2080.350000
2014-12-31,2058.900000
2015-01-02,2058.200000
2015-01-05,2020.580000
2015-01-06,2002.610000
2015-01-07,2025.900000
2015-01-08,2062.140000
2015-01-09,2044.810000
2015-01-12,2028.260000
2015-01-13,2023.030000
2015-01-14,2011.270000
2015-01-15,1992.670000
2015-01-16,2019.420000
2015-01-20,2022.550000
2015-01-21,2032.120000
2015-01-22,2063.150000
2015-01-23,2051.820000
2015-01-26,2057.090000
2015-01-27,2029.550000
2015-01-28,2002.160000
2015-01-29,2021.250000
2015-01-30,1994.990000
2015-02-02,2020.850000
2015-02-03,2050.030000
2015-02-04,2041.510000
2015-02-05,2062.520000
2015-02-06,2055.470000
2015-02-09,2046.740000
2015-02-10,2068.590000
2015-02-11,2068.530000
2015-02-12,2088.480000
2015-02-13,2096.990000
2015-02-17,2100.340000
2015-02-18,2099.680000
2015-02-19,2097.450000
2015-02-20,2110.300000
2015-02-23,2109.660000
2015-02-24,2115.480000
2015-02-25,2113.860000
2015-02-26,2110.740000
2015-02-27,2104.500000
2015-03-02,2117.390000
2015-03-03,2107.780000
2015-03-04,2098.530000
2015-03-05,2101.040000
2015-03-06,2071.260000
2015-03-09,2079.430000
2015-03-10,2044.160000
2015-03-11,2040.240000
2015-03-12,2065.950000
2015-03-13,2053.400000
2015-03-16,2081.190000
2015-03-17,2074.280000
2015-03-18,2099.500000
2015-03-19,2089.270000
2015-03-20,2108.100000
2015-03-23,2104.420000
2015-03-24,2091.500000
2015-03-25,2061.050000
2015-03-26,2056.150000
2015-03-27,2061.020000
2015-03-30,2086.240000
2015-03-31,2067.890000
2015-04-01,2059.690000
2015-04-02,2066.960000
2015-04-06,2080.620000
2015-04-07,2076.330000
2015-04-08,2081.900000
2015-04-09,2091.180000
2015-04-10,2102.060000
2015-04-13,2092.430000
2015-04-14,2095.840000
2015-04-15,2106.630000
2015-04-16,2104.990000
2015-04-17,2081.180000
2015-04-20,2100.400000
2015-04-21,2097.290000
2015-04-22,2107.960000
2015-04-23,2112.930000
2015-04-24,2117.690000
2015-04-27,2108.920000
2015-04-28,2114.760000
2015-04-29,2106.850000
2015-04-30,2085.510000
2015-05-01,2108.290000
2015-05-04,2114.490000
2015-05-05,2089.460000
2015-05-06,2080.150000
2015-05-07,2088.000000
2015-05-08,2116.100000
2015-05-11,2105.330000
2015-05-12,2099.120000
2015-05-13,2098.480000
2015-05-14,2121.100000
2015-05-15,2122.730000
2015-05-18,2129.200000
2015-05-19,2127.830000
2015-05-20,2125.850000
2015-05-21,2130.820000
2015-05-22,2126.060000
2015-05-26,2104.200000
2015-05-27,2123.480000
2015-05-28,2120.790000
2015-05-29,2107.390000
2015-06-01,2111.730000
2015-06-02,2109.600000
2015-06-03,2114.070000
2015-06-04,2095.840000
2015-06-05,2092.830000
2015-06-08,2079.280000
2015-06-09,2080.150000
2015-06-10,2105.200000
2015-06-11,2108.860000
2015-06-12,2094.110000
2015-06-15,2084.430000
2015-06-16,2096.290000
2015-06-17,2100.440000
2015-06-18,2121.240000
2015-06-19,2109.990000
2015-06-22,2122.850000
2015-06-23,2124.200000
2015-06-24,2108.580000
2015-06-25,2102.310000
2015-06-26,2101.490000
2015-06-29,2057.640000
2015-06-30,2063.110000
2015-07-01,2077.420000
2015-07-02,2076.780000
2015-07-06,2068.760000
2015-07-07,2081.340000
2015-07-08,2046.680000
2015-07-09,2051.310000
2015-07-10,2076.620000
2015-07-13,2099.600000
2015-07-14,2108.950000
2015-07-15,2107.400000
2015-07-16,2124.290000
2015-07-17,2126.640000
2015-07-20,2128.280000
2015-07-21,2119.210000
2015-07-22,2114.150000
2015-07-23,2102.150000
2015-07-24,2079.650000
2015-07-27,2067.640000
2015-07-28,2093.250000
2015-07-29,2108.570000
2015-07-30,2108.630000
2015-07-31,2103.840000
2015-08-03,2098.040000
2015-08-04,2093.320000
2015-08-05,2099.840000
2015-08-06,2083.560000
2015-08-07,2077.570000
2015-08-10,2104.180000
2015-08-11,2084.070000
2015-08-12,2086.050000
2015-08-13,2083.390000
2015-08-14,2091.540000
2015-08-17,2102.440000
2015-08-18,2096.920000
2015-08-19,2079.610000
2015-08-20,2035.730000
2015-08-21,1970.890000
2015-08-24,1893.210000
2015-08-25,1867.610000
2015-08-26,1940.510000
2015-08-27,1987.660000
2015-08-28,1988.870000
2015-08-31,1972.180000
2015-09-01,1913.850000
2015-09-02,1948.860000
2015-09-03,1951.130000
2015-09-04,1921.220000
2015-09-08,1969.410000
2015-09-09,1942.040000
2015-09-10,1952.290000
2015-09-11,1961.050000
2015-09-14,1953.030000
2015-09-15,1978.090000
2015-09-16,1995.310000
2015-09-17,1990.200000
2015-09-18,1958.030000
2015-09-21,1966.970000
2015-09-22,1942.740000
2015-09-23,1938.760000
2015-09-24,1932.240000
2015-09-25,1931.340000
2015-09-28,1881.770000
2015-09-29,1884.090000
2015-09-30,1920.030000
2015-10-01,1923.820000
2015-10-02,1951.360000
2015-10-05,1987.050000
2015-10-06,1979.920000
2015-10-07,1995.830000
2015-10-08,2013.430000
2015-10-09,2014.890000
2015-10-12,2017.460000
2015-10-13,2003.690000
2015-10-14,1994.240000
2015-10-15,2023.860000
2015-10-16,2033.110000
2015-10-19,2033.660000
2015-10-20,2030.770000
2015-10-21,2018.940000
2015-10-22,2052.510000
2015-10-23,2075.150000
2015-10-26,2071.180000
2015-10-27,2065.890000
2015-10-28,2090.350000
2015-10-29,2089.410000
2015-10-30,2079.360000
2015-11-02,2104.050000
2015-11-03,2109.790000
2015-11-04,2102.310000
2015-11-05,2099.930000
2015-11-06,2099.200000
2015-11-09,2078.580000
2015-11-10,2081.720000
2015-11-11,2075.000000
2015-11-12,2045.970000
2015-11-13,2023.040000
2015-11-16,2053.190000
2015-11-17,2050.440000
2015-11-18,2083.580000
2015-11-19,2081.240000
2015-11-20,2089.170000
2015-11-23,2086.590000
2015-11-24,2089.140000
2015-11-25,2088.870000
2015-11-27,2090.110000
2015-11-30,2080.410000
2015-12-01,2102.630000
2015-12-02,2079.510000
2015-12-03,2049.620000
2015-12-04,2091.690000
2015-12-07,2077.070000
2015-12-08,2063.590000
2015-12-09,2047.620000
2015-12-10,2052.230000
2015-12-11,2012.370000
2015-12-14,2021.940000
2015-12-15,2043.410000
2015-12-16,2073.070000
2015-12-17,2041.890000
2015-12-18,2005.550000
2015-12-21,2021.150000
2015-12-22,2038.970000
2015-12-23,2064.290000
2015-12-24,2060.990000
2015-12-28,2056.500000
2015-12-29,2078.360000
2015-12-30,2063.360000
2015-12-31,2043.940000
2016-01-04,2012.660000
2016-01-05,2016.710000
2016-01-06,1990.260000
2016-01-07,1943.090000
2016-01-08,1922.030000
2016-01-11,1923.670000
2016-01-12,1938.680000
2016-01-13,1890.280000
2016-01-14,1921.840000
2016-01-15,1880.330000
2016-01-19,1881.330000
2016-01-20,1859.330000
2016-01-21,1868.990000
2016-01-22,1906.900000
2016-01-25,1877.080000
2016-01-26,1903.630000
2016-01-27,1882.950000
2016-01-28,1893.360000
2016-01-29,1940.240000
2016-02-01,1939.380000
2016-02-02,1903.030000
2016-02-03,1912.530000
2016-02-04,1915.450000
2016-02-05,1880.050000
2016-02-08,1853.440000
2016-02-09,1852.210000
2016-02-10,1851.860000
2016-02-11,1829.080000
2016-02-12,1864.780000
2016-02-16,1895.580000
2016-02-17,1926.820000
2016-02-18,1917.830000
2016-02-19,1917.780000
2016-02-22,1945.500000
2016-02-23,1921.270000
2016-02-24,1929.800000
2016-02-25,1951.700000
2016-02-26,1948.050000
2016-02-29,1932.230000
2016-03-01,1978.350000
2016-03-02,1986.450000
2016-03-03,1993.400000
2016-03-04,1999.990000
2016-03-07,2001.760000
2016-03-08,1979.260000
2016-03-09,1989.260000
2016-03-10,1989.570000
2016-03-11,2022.190000
2016-03-14,2019.640000
2016-03-15,2015.930000
2016-03-16,2027.220000
2016-03-17,2040.590000
2016-03-18,2049.580000
2016-03-21,2051.600000
2016-03-22,2049.800000
2016-03-23,2036.710000
2016-03-24,2035.940000
2016-03-28,2037.050000
2016-03-29,2055.010000
2016-03-30,2063.950000
2016-03-31,2059.740000
2016-04-01,2072.780000
2016-04-04,2066.130000
2016-04-05,2045.170000
2016-04-06,2066.660000
2016-04-07,2041.910000
2016-04-08,2047.600000
2016-04-11,2041.990000
2016-04-12,2061.720000
2016-04-13,2082.420000
2016-04-14,2082.780000
2016-04-15,2080.730000
2016-04-18,2094.340000
2016-04-19,2100.800000
2016-04-20,2102.400000
2016-04-21,2091.480000
2016-04-22,2091.580000
2016-04-25,2087.790000
2016-04-26,2091.700000
2016-04-27,2095.150000
2016-04-28,2075.810000
2016-04-29,2065.300000
2016-05-02,2081.430000
2016-05-03,2063.370000
2016-05-04,2051.120000
2016-05-05,2050.630000
2016-05-06,2057.140000
2016-05-09,2058.690000
2016-05-10,2084.390000
2016-05-11,2064.460000
2016-05-12,2064.110000
2016-05-13,2046.610000
2016-05-16,2066.660000
2016-05-17,2047.210000
2016-05-18,2047.630000
2016-05-19,2040.040000
2016-05-20,2052.320000
2016-05-23,2048.040000
2016-05-24,2076.060000
2016-05-25,2090.540000
2016-05-26,2090.100000
2016-05-27,2099.060000
2016-05-31,2096.960000
2016-06-01,2099.330000
2016-06-02,2105.260000
2016-06-03,2099.130000
2016-06-06,2109.410000
2016-06-07,2112.130000
2016-06-08,2119.120000
2016-06-09,2115.480000
2016-06-10,2096.070000
2016-06-13,2079.060000
2016-06-14,2075.320000
2016-06-15,2071.500000
2016-06-16,2077.990000
2016-06-17,2071.220000
2016-06-20,2083.250000
2016-06-21,2088.900000
2016-06-22,2085.450000
2016-06-23,2113.320000
2016-06-24,2037.410000
2016-06-27,2000.540000
2016-06-28,2036.090000
2016-06-29,2070.770000
2016-06-30,2098.860000
2016-07-01,2102.950000
2016-07-05,2088.550000
2016-07-06,2099.730000
2016-07-07,2097.900000
2016-07-08,2129.900000
2016-07-11,2137.160000
2016-07-12,2152.140000
2016-07-13,2152.430000
2016-07-14,2163.750000
2016-07-15,2161.740000
2016-07-18,2166.890000
2016-07-19,2163.780000
2016-07-20,2173.020000
2016-07-21,2165.170000
2016-07-22,2175.030000
2016-07-25,2168.480000
2016-07-26,2169.180000
2016-07-27,2166.580000
2016-07-28,2170.060000
2016-07-29,2173.600000
2016-08-01,2170.840000
2016-08-02,2157.030000
2016-08-03,2163.790000
2016-08-04,2164.250000
2016-08-05,2182.870000
2016-08-08,2180.890000
2016-08-09,2181.740000
2016-08-10,2175.490000
2016-08-11,2185.790000
2016-08-12,2184.050000
2016-08-15,2190.150000
2016-08-16,2178.150000
2016-08-17,2182.220000
2016-08-18,2187.020000
2016-08-19,2183.870000
2016-08-22,2182.640000
2016-08-23,2186.900000
2016-08-24,2175.440000
2016-08-25,2172.470000
2016-08-26,2169.040000
2016-08-29,2180.380000
2016-08-30,2176.120000
2016-08-31,2170.950000
2016-09-01,2170.860000
2016-09-02,2179.980000
2016-09-06,2186.480000
2016-09-07,2186.160000
2016-09-08,2181.300000
2016-09-09,2127.810000
2016-09-12,2159.040000
2016-09-13,2127.020000
2016-09-14,2125.770000
2016-09-15,2147.260000
2016-09-16,2139.160000
2016-09-19,2139.120000
2016-09-20,2139.760000
2016-09-21,2163.120000
2016-09-22,2177.180000
2016-09-23,2164.690000
2016-09-26,2146.100000
2016-09-27,2159.930000
2016-09-28,2171.370000
2016-09-29,2151.130000
2016-09-30,2168.270000
2016-10-03,2161.200000
2016-10-04,2150.490000
2016-10-05,2159.730000
2016-10-06,2160.770000
2016-10-07,2153.740000
2016-10-10,2163.660000
2016-10-11,2136.730000
2016-10-12,2139.180000
2016-10-13,2132.550000
2016-10-14,2132.980000
2016-10-17,2126.500000
2016-10-18,2139.600000
2016-10-19,2144.290000
2016-10-20,2141.340000
2016-10-21,2141.160000
2016-10-24,2151.330000
2016-10-25,2143.160000
2016-10-26,2139.430000
2016-10-27,2133.040000
2016-10-28,2126.410000
2016-10-31,2126.150000
2016-11-01,2111.720000
2016-11-02,2097.940000
2016-11-03,2088.660000
2016-11-04,2085.180000
2016-11-07,2131.520000
2016-11-08,2139.560000
2016-11-09,2163.260000
2016-11-10,2167.480000
2016-11-11,2164.450000
2016-11-14,2164.200000
2016-11-15,2180.390000
2016-11-16,2176.940000
2016-11-17,2187.120000
2016-11-18,2181.900000
2016-11-21,2198.180000
2016-11-22,2202.940000
2016-11-23,2204.720000
2016-11-25,2213.350000
2016-11-28,2201.720000
2016-11-29,2204.660000
2016-11-30,2198.810000
2016-12-01,2191.080000
2016-12-02,2191.950000
2016-12-05,2204.710000
2016-12-06,2212.230000
2016-12-07,2241.350000
2016-12-08,2246.190000
2016-12-09,2259.530000
2016-12-12,2256.960000
2016-12-13,2271.720000
2016-12-14,2253.280000
2016-12-15,2262.030000
2016-12-16,2258.070000
2016-12-19,2262.530000
2016-12-20,2270.760000
2016-12-21,2265.180000
2016-12-22,2260.960000
2016-12-23,2263.790000
2016-12-27,2268.880000
2016-12-28,2249.920000
2016-12-29,2249.260000
2016-12-30,2238.830000
2017-01-03,2257.830000
2017-01-04,2270.750000
2017-01-05,2269.000000
2017-01-06,2276.980000
2017-01-09,2268.900000
2017-01-10,2268.900000
2017-01-11,2275.320000
2017-01-12,2270.440000
2017-01-13,2274.640000
2017-01-17,2267.890000
2017-01-18,2271.890000
2017-01-19,2263.690000
2017-01-20,2271.310000
2017-01-23,2265.200000
2017-01-24,2280.070000
2017-01-25,2298.370000
2017-01-26,2296.680000
2017-01-27,2294.690000
2017-01-30,2280.900000
2017-01-31,2278.870000
2017-02-01,2279.550000
2017-02-02,2280.850000
2017-02-03,2297.420000
2017-02-06,2292.560000
2017-02-07,2293.080000
2017-02-08,2294.670000
2017-02-09,2307.870000
2017-02-10,2316.100000
2017-02-13,2328.250000
2017-02-14,2337.580000
2017-02-15,2349.250000
2017-02-16,2347.220000
2017-02-17,2351.160000
2017-02-21,2365.380000
2017-02-22,2362.820000
2017-02-23,2363.810000
2017-02-24,2367.340000
2017-02-27,2369.750000
2017-02-28,2363.640000
2017-03-01,2395.960000
2017-03-02,2381.920000
2017-03-03,2383.120000
2017-03-06,2375.310000
2017-03-07,2368.390000
2017-03-08,2362.980000
2017-03-09,2364.870000
2017-03-10,2372.600000
2017-03-13,2373.470000
2017-03-14,2365.450000
2017-03-15,2385.260000
2017-03-16,2381.380000
2017-03-17,2378.250000
2017-03-20,2373.470000
2017-03-21,2344.020000
2017-03-22,2348.450000
2017-03-23,2345.960000
2017-03-24,2343.980000
2017-03-27,2341.590000
2017-03-28,2358.570000
2017-03-29,2361.130000
2017-03-30,2368.060000
2017-03-31,2362.720000
2017-04-03,2358.840000
2017-04-04,2360.160000
2017-04-05,2352.950000
2017-04-06,2357.490000
2017-04-07,2355.540000
2017-04-10,2357.160000
2017-04-11,2353.780000
2017-04-12,2344.930000
2017-04-13,2328.950000
2017-04-17,2349.010000
2017-04-18,2342.190000
2017-04-19,2338.170000
2017-04-20,2355.840000
2017-04-21,2348.690000
2017-04-24,2374.150000
2017-04-25,2388.610000
2017-04-26,2387.450000
2017-04-27,2388.770000
2017-04-28,2384.200000
2017-05-01,2388.330000
2017-05-02,2391.170000
2017-05-03,2388.130000
2017-05-04,2389.520000
2017-05-05,2399.290000
2017-05-08,2399.380000
2017-05-09,2396.920000
2017-05-10,2399.630000
2017-05-11,2394.440000
2017-05-12,2390.900000
2017-05-15,2402.320000
2017-05-16,2400.670000
2017-05-17,2357.030000
2017-05-18,2365.720000
2017-05-19,2381.730000
2017-05-22,2394.020000
2017-05-23,2398.420000
2017-05-24,2404.390000
2017-05-25,2415.070000
2017-05-26,2415.820000
2017-05-30,2412.910000
2017-05-31,2411.800000
2017-06-01,2430.060000
2017-06-02,2439.070000
2017-06-05,2436.100000
2017-06-06,2429.330000
2017-06-07,2433.140000
2017-06-08,2433.790000
2017-06-09,2431.770000
2017-06-12,2429.390000
2017-06-13,2440.350000
2017-06-14,2437.920000
2017-06-15,2432.460000
2017-06-16,2433.150000
2017-06-19,2453.460000
2017-06-20,2437.030000
2017-06-21,2435.610000
2017-06-22,2434.500000
2017-06-23,2438.300000
2017-06-26,2439.070000
2017-06-27,2419.380000
2017-06-28,2440.690000
2017-06-29,2419.700000
2017-06-30,2423.410000
2017-07-03,2429.010000
2017-07-05,2432.540000
2017-07-06,2409.750000
2017-07-07,2425.180000
2017-07-10,2427.430000
2017-07-11,2425.530000
2017-07-12,2443.250000
2017-07-13,2447.830000
2017-07-14,2459.270000
2017-07-17,2459.140000
2017-07-18,2460.610000
2017-07-19,2473.830000
2017-07-20,2473.450000
2017-07-21,2472.540000
2017-07-24,2469.910000
2017-07-25,2477.130000
2017-07-26,2477.830000
2017-07-27,2475.420000
2017-07-28,2472.100000
2017-07-31,2470.300000
2017-08-01,2476.350000
2017-08-02,2477.570000
2017-08-03,2472.160000
2017-08-04,2476.830000
2017-08-07,2480.910000
2017-08-08,2474.920000
2017-08-09,2474.020000
2017-08-10,2438.210000
2017-08-11,2441.320000
2017-08-14,2465.840000
2017-08-15,2464.610000
2017-08-16,2468.110000
2017-08-17,2430.010000
2017-08-18,2425.550000
2017-08-21,2428.370000
2017-08-22,2452.510000
2017-08-23,2444.040000
2017-08-24,2438.970000
2017-08-25,2443.050000
2017-08-28,2444.240000
2017-08-29,2446.300000
2017-08-30,2457.590000
2017-08-31,2471.650000
2017-09-01,2476.550000
2017-09-05,2457.850000
2017-09-06,2465.540000
2017-09-07,2465.100000
2017-09-08,2461.430000
2017-09-11,2488.110000
2017-09-12,2496.480000
2017-09-13,2498.370000
2017-09-14,2495.620000
2017-09-15,2500.230000
2017-09-18,2503.870000
2017-09-19,2506.650000
2017-09-20,2508.240000
2017-09-21,2500.600000
2017-09-22,2502.220000
2017-09-25,2496.660000
2017-09-26,2496.840000
2017-09-27,2507.040000
2017-09-28,2510.060000
2017-09-29,2519.360000
2017-10-02,2529.120000
2017-10-03,2534.580000
2017-10-04,2537.740000
2017-10-05,2552.070000
2017-10-06,2549.330000
2017-10-09,2544.730000
2017-10-10,2550.640000
2017-10-11,2555.240000
2017-10-12,2550.930000
2017-10-13,2553.170000
2017-10-16,2557.640000
2017-10-17,2559.360000
2017-10-18,2561.260000
2017-10-19,2562.100000
2017-10-20,2575.210000
2017-10-23,2564.980000
2017-10-24,2569.130000
2017-10-25,2557.150000
2017-10-26,2560.400000
2017-10-27,2581.070000
2017-10-30,2572.830000
2017-10-31,2575.260000
2017-11-01,2579.360000
2017-11-02,2579.850000
2017-11-03,2587.840000
2017-11-06,2591.130000
2017-11-07,2590.640000
2017-11-08,2594.380000
2017-11-09,2584.620000
2017-11-10,2582.300000
2017-11-13,2584.840000
2017-11-14,2578.870000
2017-11-15,2564.620000
2017-11-16,2585.640000
2017-11-17,2578.850000
2017-11-20,2582.140000
2017-11-21,2599.030000
2017-11-22,2597.080000
2017-11-24,2602.420000
2017-11-27,2601.420000
2017-11-28,2627.040000
2017-11-29,2626.070000
2017-11-30,2647.580000
2017-12-01,2642.220000
2017-12-04,2639.440000
2017-12-05,2629.570000
2017-12-06,2629.270000
2017-12-07,2636.980000
2017-12-08,2651.500000
2017-12-11,2659.990000
2017-12-12,2664.110000
2017-12-13,2662.850000
2017-12-14,2652.010000
2017-12-15,2675.810000
2017-12-18,2690.160000
2017-12-19,2681.470000
2017-12-20,2679.250000
2017-12-21,2684.570000
2017-12-22,2683.340000
2017-12-26,2680.500000
2017-12-27,2682.620000
2017-12-28,2687.540000
2017-12-29,2673.610000
2018-01-02,2695.810000
2018-01-03,2713.060000
2018-01-04,2723.990000
2018-01-05,2743.150000
2018-01-08,2747.710000
2018-01-09,2751.290000
2018-01-10,2748.230000
2018-01-11,2767.560000
2018-01-12,2786.240000
2018-01-16,2776.420000
2018-01-17,2802.560000
2018-01-18,2798.030000
2018-01-19,2810.300000
2018-01-22,2832.970000
2018-01-23,2839.130000
2018-01-24,2837.540000
2018-01-25,2839.250000
2018-01-26,2872.870000
2018-01-29,2853.530000
2018-01-30,2822.430000
2018-01-31,2823.810000
2018-02-01,2821.980000
2018-02-02,2762.130000
2018-02-05,2648.940000
2018-02-06,2695.140000
2018-02-07,2681.660000
2018-02-08,2581.000000
2018-02-09,2619.550000
2018-02-12,2656.000000
2018-02-13,2662.940000
2018-02-14,2698.630000
2018-02-15,2731.200000
2018-02-16,2732.220000
2018-02-20,2716.260000
2018-02-21,2701.330000
2018-02-22,2703.960000
2018-02-23,2747.300000
2018-02-26,2779.600000
2018-02-27,2744.280000
2018-02-28,2713.830000
2018-03-01,2677.670000
2018-03-02,2691.250000
2018-03-05,2720.940000
2018-03-06,2728.120000
2018-03-07,2726.800000
2018-03-08,2738.970000
2018-03-09,2786.570000
2018-03-12,2783.020000
2018-03-13,2765.310000
2018-03-14,2749.480000
2018-03-15,2747.330000
2018-03-16,2752.010000
2018-03-19,2712.920000
2018-03-20,2716.940000
2018-03-21,2711.930000
2018-03-22,2643.690000
2018-03-23,2588.260000
2018-03-26,2658.550000
2018-03-27,2612.620000
2018-03-28,2605.000000
2018-03-29,2640.870000
2018-04-02,2581.880000
2018-04-03,2614.450000
2018-04-04,2644.690000
2018-04-05,2662.840000
2018-04-06,2604.470000
2018-04-09,2613.160000
2018-04-10,2656.870000
2018-04-11,2642.190000
2018-04-12,2663.990000
2018-04-13,2656.300000
2018-04-16,2677.840000
2018-04-17,2706.390000
2018-04-18,2708.640000
2018-04-19,2693.130000
2018-04-20,2670.140000
2018-04-23,2670.290000
2018-04-24,2634.560000
2018-04-25,2639.400000
2018-04-26,2666.940000
2018-04-27,2669.910000
2018-04-30,2648.050000
2018-05-01,2654.800000
2018-05-02,2635.670000
2018-05-03,2629.730000
2018-05-04,2663.420000
2018-05-07,2672.630000
2018-05-08,2671.920000
2018-05-09,2697.790000
2018-05-10,2723.070000
2018-05-11,2727.720000
2018-05-14,2730.130000
2018-05-15,2711.450000
2018-05-16,2722.460000
2018-05-17,2720.130000
2018-05-18,2712.970000
2018-05-21,2733.010000
2018-05-22,2724.440000
2018-05-23,2733.290000
2018-05-24,2727.760000
2018-05-25,2721.330000
2018-05-29,2689.860000
2018-05-30,2724.010000
2018-05-31,2705.270000
2018-06-01,2734.620000
2018-06-04,2746.870000
2018-06-05,2748.800000
2018-06-06,2772.350000
2018-06-07,2770.370000
2018-06-08,2779.030000
2018-06-11,2782.000000
2018-06-12,2786.850000
2018-06-13,2775.630000
2018-06-14,2782.490000
2018-06-15,2779.660000
2018-06-18,2773.750000
2018-06-19,2762.590000
2018-06-20,2767.320000
2018-06-21,2749.760000
2018-06-22,2754.880000
2018-06-25,2717.070000
2018-06-26,2723.060000
2018-06-27,2699.630000
2018-06-28,2716.310000
2018-06-29,2718.370000
2018-07-02,2726.710000
2018-07-03,2713.220000
2018-07-05,2736.610000
2018-07-06,2759.820000
2018-07-09,2784.170000
2018-07-10,2793.840000
2018-07-11,2774.020000
2018-07-12,2798.290000
2018-07-13,2801.310000
2018-07-16,2798.430000
2018-07-17,2809.550000
2018-07-18,2815.620000
2018-07-19,2804.490000
2018-07-20,2801.830000
2018-07-23,2806.980000
2018-07-24,2820.400000
2018-07-25,2846.070000
2018-07-26,2837.440000
2018-07-27,2818.820000
2018-07-30,2802.600000
2018-07-31,2816.290000
2018-08-01,2813.360000
2018-08-02,2827.220000
2018-08-03,2840.350000
2018-08-06,2850.400000
2018-08-07,2858.450000
2018-08-08,2857.700000
2018-08-09,2853.580000
2018-08-10,2833.280000
2018-08-13,2821.930000
2018-08-14,2839.960000
2018-08-15,2818.370000
2018-08-16,2840.690000
2018-08-17,2850.130000
2018-08-20,2857.050000
2018-08-21,2862.960000
2018-08-22,2861.820000
2018-08-23,2856.980000
2018-08-24,2874.690000
2018-08-27,2896.740000
2018-08-28,2897.520000
2018-08-29,2914.040000
2018-08-30,2901.130000
2018-08-31,2901.520000
2018-09-04,2896.720000
2018-09-05,2888.600000
2018-09-06,2878.050000
2018-09-07,2871.680000
2018-09-10,2877.130000
2018-09-11,2887.890000
2018-09-12,2888.920000
2018-09-13,2904.180000
2018-09-14,2904.980000
2018-09-17,2888.800000
2018-09-18,2904.310000
2018-09-19,2907.950000
2018-09-20,2930.750000
2018-09-21,2929.670000
2018-09-24,2919.370000
2018-09-25,2915.560000
2018-09-26,2905.970000
2018-09-27,2914.000000
2018-09-28,2913.980000
2018-10-01,2924.590000
2018-10-02,2923.430000
2018-10-03,2925.510000
2018-10-04,2901.610000
2018-10-05,2885.570000
2018-10-08,2884.430000
2018-10-09,2880.340000
2018-10-10,2785.680000
2018-10-11,2728.370000
2018-10-12,2767.130000
2018-10-15,2750.790000
2018-10-16,2809.920000
2018-10-17,2809.210000
2018-10-18,2768.780000
2018-10-19,2767.780000
2018-10-22,2755.880000
2018-10-23,2740.690000
2018-10-24,2656.100000
2018-10-25,2705.570000
2018-10-26,2658.690000
2018-10-29,2641.250000
2018-10-30,2682.630000
2018-10-31,2711.740000
2018-11-01,2740.370000
2018-11-02,2723.060000
2018-11-05,2738.310000
2018-11-06,2755.450000
2018-11-07,2813.890000
2018-11-08,2806.830000
2018-11-09,2781.010000
2018-11-12,2726.220000
2018-11-13,2722.180000
2018-11-14,2701.580000
2018-11-15,2730.200000
2018-11-16,2736.270000
2018-11-19,2690.730000
2018-11-20,2641.890000
2018-11-21,2649.930000
2018-11-23,2632.560000
2018-11-26,2673.450000
2018-11-27,2682.200000
2018-11-28,2743.780000
2018-11-29,2737.800000
2018-11-30,2760.159900
2018-12-03,2790.370000
2018-12-04,2700.060100
2018-12-06,2695.950000
2018-12-07,2633.080100
2018-12-10,2637.720000
2018-12-11,2636.780000
2018-12-12,2651.070100
2018-12-13,2650.540000
2018-12-14,2599.950000
2018-12-17,2545.939900
2018-12-18,2546.159900
2018-12-19,2506.960000
2018-12-20,2467.419900
2018-12-21,2416.580100
2018-12-24,2351.100100
2018-12-26,2467.700000
2018-12-27,2488.830100
2018-12-28,2485.740000
2018-12-31,2506.850100
2019-01-02,2510.030000
2019-01-03,2447.889900
2019-01-04,2531.939900
2019-01-07,2549.689900
2019-01-08,2574.409900
2019-01-09,2584.960000
2019-01-10,2596.639900
2019-01-11,2596.260000
2019-01-14,2582.610100
2019-01-15,2610.300000
2019-01-16,2616.100100
2019-01-17,2635.960000
2019-01-18,2670.710000
2019-01-22,2632.899900
2019-01-23,2638.700000
2019-01-24,2642.330100
2019-01-25,2664.760000
2019-01-28,2643.850100
2019-01-29,2640.000000
2019-01-30,2681.050000
2019-01-31,2704.100100
2019-02-01,2706.530000
2019-02-04,2724.870100
2019-02-05,2737.700000
2019-02-06,2731.610000
2019-02-07,2706.050000
2019-02-08,2707.880000
2019-02-11,2709.800000
2019-02-12,2744.730000
2019-02-13,2753.030000
2019-02-14,2745.730000
2019-02-15,2775.600000
2019-02-19,2779.760000
2019-02-20,2784.700000
2019-02-21,2774.880000
2019-02-22,2792.670000
2019-02-25,2796.110000
2019-02-26,2793.900000
2019-02-27,2792.380000
2019-02-28,2792.380000
2019-03-01,2803.690000
2019-03-04,2792.810000
2019-03-05,2789.650000
2019-03-06,2771.450000
2019-03-07,2748.930000
2019-03-08,2743.070000
2019-03-11,2783.300000
2019-03-12,2791.520000
2019-03-13,2810.920000
2019-03-14,2808.480000
2019-03-15,2822.480000
2019-03-18,2832.940000
2019-03-19,2832.570000
2019-03-20,2824.230000
2019-03-21,2854.880000
2019-03-22,2800.710000
2019-03-25,2798.360000
2019-03-26,2818.460000
2019-03-27,2805.370000
2019-03-28,2815.440000
2019-03-29,2834.400000
2019-04-01,2867.190000
2019-04-02,2867.240000
2019-04-03,2873.400000
2019-04-04,2879.390000
2019-04-05,2892.740000
2019-04-08,2895.770000
2019-04-09,2878.200000
2019-04-10,2888.210000
2019-04-11,2888.320000
2019-04-12,2907.410000
2019-04-15,2905.580000
2019-04-16,2907.060000
2019-04-17,2900.450000
2019-04-18,2905.030000
2019-04-22,2907.970000
2019-04-23,2933.680000
2019-04-24,2927.250000
2019-04-25,2926.170000
2019-04-26,2939.880000
2019-04-29,2943.030000
2019-04-30,2945.830000
2019-05-01,2923.730000
2019-05-02,2917.520000
2019-05-03,2945.640000
2019-05-06,2932.470000
2019-05-07,2884.050000
2019-05-08,2879.420000
2019-05-09,2870.720000
2019-05-10,2881.400000
2019-05-13,2811.870000
2019-05-14,2834.410000
2019-05-15,2850.960000
2019-05-16,2876.320000
2019-05-17,2859.530000
2019-05-20,2840.230000
2019-05-21,2864.360000
2019-05-22,2856.270000
2019-05-23,2822.240000
2019-05-24,2826.060000
2019-05-28,2802.390000
2019-05-29,2783.020000
2019-05-30,2788.860000
2019-05-31,2752.060000
2019-06-03,2744.450000
2019-06-04,2803.270000
2019-06-05,2826.150000
2019-06-06,2843.490000
2019-06-07,2873.340000
2019-06-10,2886.730000
2019-06-11,2885.720000
2019-06-12,2879.840000
2019-06-13,2891.640000
2019-06-14,2886.980000
2019-06-17,2889.670000
2019-06-18,2917.750000
2019-06-19,2926.460000
2019-06-20,2954.180000
2019-06-21,2950.460000
2019-06-24,2945.350000
2019-06-25,2917.380000
2019-06-26,2913.780000
2019-06-27,2924.920000
2019-06-28,2941.760000
2019-07-01,2964.330000
2019-07-02,2973.010000
2019-07-03,2995.820000
2019-07-05,2990.410000
2019-07-08,2975.950000
2019-07-09,2979.630000
2019-07-10,2993.070000
2019-07-11,2999.910000
2019-07-12,3013.770000
2019-07-15,3014.300000
2019-07-16,3004.040000
2019-07-17,2984.420000
2019-07-18,2995.110000
2019-07-19,2976.610000
2019-07-22,2985.030000
2019-07-23,3005.470000
2019-07-24,3019.560000
2019-07-25,3003.670000
2019-07-26,3025.860000
2019-07-29,3020.970000
2019-07-30,3013.180000
2019-07-31,2980.380000
2019-08-01,2953.560000
2019-08-02,2932.050000
2019-08-05,2844.740000
2019-08-06,2881.770000
2019-08-07,2883.980000
2019-08-08,2938.090000
2019-08-09,2918.650000
2019-08-12,2883.750000
2019-08-13,2926.320000
2019-08-14,2840.600000
2019-08-15,2847.600000
2019-08-16,2888.680000
2019-08-19,2923.650000
2019-08-20,2900.510000
2019-08-21,2924.430000
2019-08-22,2922.950000
2019-08-23,2847.110000
2019-08-26,2878.380000
2019-08-27,2869.160000
2019-08-28,2887.940000
2019-08-29,2924.580000
2019-08-30,2926.460000
2019-09-03,2906.270000
2019-09-04,2937.780000
2019-09-05,2976.000000
2019-09-06,2978.710000
2019-09-09,2978.430000
2019-09-10,2979.390000
2019-09-11,3000.930000
2019-09-12,3009.570000
2019-09-13,3007.390000
2019-09-16,2997.960000
2019-09-17,3005.700000
2019-09-18,3006.730000
2019-09-19,3006.790000
2019-09-20,2992.070000
2019-09-23,2991.780000
2019-09-24,2966.600000
2019-09-25,2984.870000
2019-09-26,2977.620000
2019-09-27,2961.790000
2019-09-30,2976.740000
2019-10-01,2940.250000
2019-10-02,2887.610000
2019-10-03,2910.630000
2019-10-04,2952.010000
2019-10-07,2938.790000
2019-10-08,2893.060000
2019-10-09,2919.400000
2019-10-10,2938.130000
2019-10-11,2970.270000
2019-10-14,2966.150000
2019-10-15,2995.680000
2019-10-16,2989.690000
2019-10-17,2997.950000
2019-10-18,2986.200000
2019-10-21,3006.720000
2019-10-22,2995.990000
2019-10-23,3004.520000
2019-10-24,3010.290000
2019-10-25,3022.550000
2019-10-28,3039.420000
2019-10-29,3036.890000
2019-10-30,3046.770000
2019-10-31,3037.560000
2019-11-01,3066.910000
2019-11-04,3078.270000
2019-11-05,3074.620000
2019-11-06,3076.780000
2019-11-07,3085.180000
2019-11-08,3093.080000
2019-11-11,3087.010000
2019-11-12,3091.840000
2019-11-13,3094.040000
2019-11-14,3096.630000
2019-11-15,3120.460000
2019-11-18,3122.030000
2019-11-19,3120.180000
2019-11-20,3108.460000
2019-11-21,3103.540000
2019-11-22,3110.290000
2019-11-25,3133.640000
2019-11-26,3140.520000
2019-11-27,3153.630000
2019-11-29,3140.980000
2019-12-02,3113.870000
2019-12-03,3093.200000
2019-12-04,3112.760000
2019-12-05,3117.430000
2019-12-06,3145.910000
2019-12-09,3135.960000
2019-12-10,3132.520000
2019-12-11,3141.630000
2019-12-12,3168.570000
2019-12-13,3168.800000
2019-12-16,3191.450000
2019-12-17,3192.520000
2019-12-18,3191.140000
2019-12-19,3205.370000
2019-12-20,3221.220000
2019-12-23,3224.010000
2019-12-24,3223.380000
2019-12-26,3239.910000
2019-12-27,3240.020000
2019-12-30,3221.290000
2019-12-31,3230.780000
2020-01-02,3257.850000
2020-01-03,3234.850000
2020-01-06,3246.280000
2020-01-07,3237.180000
2020-01-08,3253.050000
2020-01-09,3274.700000
2020-01-10,3265.350000
2020-01-13,3288.130000
2020-01-14,3283.150000
2020-01-15,3289.290000
2020-01-16,3316.810000
2020-01-17,3329.620000
2020-01-21,3320.790000
2020-01-22,3321.750000
2020-01-23,3325.540000
2020-01-24,3295.470000
2020-01-27,3243.630000
2020-01-28,3276.240000
2020-01-29,3273.400000
2020-01-30,3283.660000
2020-01-31,3225.520000
2020-02-03,3248.920000
2020-02-04,3297.590000
2020-02-05,3334.690000
2020-02-06,3345.780000
2020-02-07,3327.710000
2020-02-10,3352.090000
2020-02-11,3357.750000
2020-02-12,3379.450000
2020-02-13,3373.940000
2020-02-14,3380.160000
2020-02-18,3370.290000
2020-02-19,3386.150000
2020-02-20,3373.230000
2020-02-21,3337.750000
2020-02-24,3225.890000
2020-02-25,3128.210000
2020-02-26,3116.390000
2020-02-27,2978.760000
2020-02-28,2954.220000
2020-03-02,3090.230000
2020-03-03,3003.370000
2020-03-04,3130.120000
2020-03-05,3023.940000
2020-03-06,2972.370000
2020-03-09,2746.560000
2020-03-10,2882.230000
2020-03-11,2741.380000
2020-03-12,2480.640000
2020-03-13,2710.950000
2020-03-16,2386.130000
2020-03-17,2529.190000
2020-03-18,2398.100000
2020-03-19,2409.390000
2020-03-20,2304.920000
2020-03-23,2237.400000
2020-03-24,2447.330000
2020-03-25,2475.560000
2020-03-26,2630.070000
2020-03-27,2541.470000
2020-03-30,2626.650000
2020-03-31,2584.590000
2020-04-01,2470.500000
2020-04-02,2526.900000
2020-04-03,2488.650000
2020-04-06,2663.680000
2020-04-07,2659.410000
2020-04-08,2749.980000
2020-04-09,2789.820000
2020-04-13,2761.630000
2020-04-14,2846.060000
2020-04-15,2783.360000
2020-04-16,2799.550000
2020-04-17,2874.560000
2020-04-20,2823.160000
2020-04-21,2736.560000
2020-04-22,2799.310000
2020-04-23,2797.800000
2020-04-24,2836.740000
2020-04-27,2878.480000
2020-04-28,2863.390000
2020-04-29,2939.510000
2020-04-30,2912.430000
2020-05-01,2830.710000
2020-05-04,2842.740000
2020-05-05,2868.440000
2020-05-06,2848.420000
2020-05-07,2881.190000
2020-05-08,2929.800000
2020-05-11,2930.320000
2020-05-12,2870.120000
2020-05-13,2820.000000
2020-05-14,2852.500000
2020-05-15,2863.700000
2020-05-18,2953.910000
2020-05-19,2922.940000
2020-05-20,2971.610000
2020-05-21,2948.510000
2020-05-22,2955.450000
2020-05-26,2991.770000
2020-05-27,3036.130000
2020-05-28,3029.730000
2020-05-29,3044.310000
2020-06-01,3055.730000
2020-06-02,3080.820000
2020-06-03,3122.870000
2020-06-04,3112.350000
2020-06-05,3193.930000
2020-06-08,3232.390000
2020-06-09,3207.180000
2020-06-10,3190.140000
2020-06-11,3002.100000
2020-06-12,3041.310000
2020-06-15,3066.590000
2020-06-16,3124.740000
2020-06-17,3113.490000
2020-06-18,3115.340000
2020-06-19,3097.740000
2020-06-22,3117.860000
2020-06-23,3131.290000
2020-06-24,3050.330000
2020-06-25,3083.760000
2020-06-26,3009.050000
2020-06-29,3053.240000
2020-06-30,3100.290000
2020-07-01,3115.860000
2020-07-02,3130.010000
2020-07-06,3179.720000
2020-07-07,3145.320000
2020-07-08,3169.940000
2020-07-09,3152.050000
2020-07-10,3185.040000
2020-07-13,3155.220000
2020-07-14,3197.520000
2020-07-15,3226.560000
2020-07-16,3215.570000
2020-07-17,3224.730000
2020-07-20,3251.840000
2020-07-21,3257.300000
2020-07-22,3276.020000
2020-07-23,3235.660000
2020-07-24,3215.630000
2020-07-27,3239.410000
2020-07-28,3218.440000
2020-07-29,3258.440000
2020-07-30,3246.220000
2020-07-31,3271.120000
2020-08-03,3294.610000
2020-08-04,3306.510000
2020-08-05,3327.770000
2020-08-06,3349.160000
2020-08-07,3351.280000
2020-08-10,3360.470000
2020-08-11,3333.690000
2020-08-12,3380.350000
2020-08-13,3373.430000
2020-08-14,3372.850000
2020-08-17,3381.990000
2020-08-18,3389.780000
2020-08-19,3374.850000
2020-08-20,3385.510000
2020-08-21,3397.160000
2020-08-24,3431.280000
2020-08-25,3443.620000
2020-08-26,3478.730000
2020-08-27,3484.550000
2020-08-28,3508.010000
2020-08-31,3500.310000
2020-09-01,3526.650000
2020-09-02,3580.840000
2020-09-03,3455.060000
2020-09-04,3426.960000
2020-09-08,3331.840000
2020-09-09,3398.960000
2020-09-10,3339.190000
2020-09-11,3340.970000
2020-09-14,3383.540000
2020-09-15,3401.200000
2020-09-16,3385.490000
2020-09-17,3357.010000
2020-09-18,3319.470000
2020-09-21,3281.060000
2020-09-22,3315.570000
2020-09-23,3236.920000
2020-09-24,3246.590000
2020-09-25,3298.460000
2020-09-28,3351.600000
2020-09-29,3335.470000
2020-09-30,3363.000000
2020-10-01,3380.800000
2020-10-02,3348.440000
2020-10-05,3408.600000
2020-10-06,3360.970000
2020-10-07,3419.450000
2020-10-08,3446.830000
2020-10-09,3477.130000
2020-10-12,3534.220000
2020-10-13,3511.930000
2020-10-14,3488.670000
2020-10-15,3483.340000
2020-10-16,3483.810000
2020-10-19,3426.920000
2020-10-20,3443.120000
2020-10-21,3435.560000
2020-10-22,3453.490000
2020-10-23,3465.390000
2020-10-26,3400.970000
2020-10-27,3390.680000
2020-10-28,3271.030000
2020-10-29,3310.110000
2020-10-30,3269.960000
2020-11-02,3310.240000
2020-11-03,3369.160000
2020-11-04,3443.440000
2020-11-05,3510.450000
2020-11-06,3509.440000
2020-11-09,3550.500000
2020-11-10,3545.530000
2020-11-11,3572.660000
2020-11-12,3537.010000
2020-11-13,3585.150000
2020-11-16,3626.910000
2020-11-17,3609.530000
2020-11-18,3567.790000
2020-11-19,3581.870000
2020-11-20,3557.540000
2020-11-23,3577.590000
2020-11-24,3635.410000
2020-11-25,3629.650000
2020-11-27,3638.350000
2020-11-30,3621.630000
2020-12-01,3662.450000
2020-12-02,3669.010000
2020-12-03,3666.720000
2020-12-04,3699.120000
2020-12-07,3691.960000
2020-12-08,3702.250000
2020-12-09,3672.820000
2020-12-10,3668.100000
2020-12-11,3663.460000
2020-12-14,3647.490000
2020-12-15,3694.620000
2020-12-16,3701.170000
2020-12-17,3722.480000
2020-12-18,3709.410000
2020-12-21,3694.920000
2020-12-22,3687.260000
2020-12-23,3690.010000
2020-12-24,3703.060000
2020-12-28,3735.360000
2020-12-29,3727.040000
2020-12-30,3732.040000
2020-12-31,3756.070000
2021-01-04,3700.650000
2021-01-05,3726.860000
2021-01-06,3748.140000
2021-01-07,3803.790000
2021-01-08,3824.680000
2021-01-11,3799.610000
2021-01-12,3801.190000
2021-01-13,3809.840000
2021-01-14,3795.540000
2021-01-15,3768.250000
2021-01-19,3798.910000
2021-01-20,3851.850000
2021-01-21,3853.070000
2021-01-22,3841.470000
2021-01-25,3855.360000
2021-01-26,3849.620000
2021-01-27,3750.770000
2021-01-28,3787.380000
2021-01-29,3714.240000
2021-02-01,3773.860000
2021-02-02,3826.310000
2021-02-03,3830.170000
2021-02-04,3871.740000
2021-02-05,3886.830000
2021-02-08,3915.590000
2021-02-09,3911.230000
2021-02-10,3909.880000
2021-02-11,3916.380000
2021-02-12,3934.830000
2021-02-16,3932.590000
2021-02-17,3931.330000
2021-02-18,3913.970000
2021-02-19,3906.710000
2021-02-22,3876.500000
2021-02-23,3881.370000
2021-02-24,3925.430000
2021-02-25,3829.340000
2021-02-26,3811.150000
2021-03-01,3901.820000
2021-03-02,3870.290000
2021-03-03,3819.720000
2021-03-04,3768.470000
2021-03-05,3841.940000
2021-03-08,3821.350000
2021-03-09,3875.440000
2021-03-10,3898.810000
2021-03-11,3939.340000
2021-03-12,3943.340000
2021-03-15,3968.940000
2021-03-16,3962.710000
2021-03-17,3974.120000
2021-03-18,3915.460000
2021-03-19,3913.100000
2021-03-22,3940.590000
2021-03-23,3910.520000
2021-03-24,3889.140000
2021-03-25,3909.520000
2021-03-26,3974.540000
2021-03-29,3971.090000
2021-03-30,3958.550000
2021-03-31,3972.890000
2021-04-01,4019.870000
2021-04-05,4077.910000
2021-04-06,4073.940000
2021-04-07,4079.950000
2021-04-08,4097.170000
2021-04-09,4128.800000
2021-04-12,4127.990000
2021-04-13,4141.590000
2021-04-14,4124.660000
2021-04-15,4170.420000
2021-04-16,4185.470000
2021-04-19,4163.260000
2021-04-20,4134.940000
2021-04-21,4173.420000
2021-04-22,4134.980000
2021-04-23,4180.170000
2021-04-26,4187.620000
2021-04-27,4186.720000
2021-04-28,4183.180000
2021-04-29,4211.470000
2021-04-30,4181.170000
2021-05-03,4192.660000
2021-05-04,4164.660000
2021-05-05,4167.590000
2021-05-06,4201.620000
2021-05-07,4232.600000
2021-05-10,4188.430000
2021-05-11,4152.100000
2021-05-12,4063.040000
2021-05-13,4112.500000
2021-05-14,4173.850000
2021-05-17,4163.290000
2021-05-18,4127.830000
2021-05-19,4115.680000
2021-05-20,4159.120000
2021-05-21,4155.860000
2021-05-24,4197.050000
2021-05-25,4188.130000
2021-05-26,4195.990000
2021-05-27,4200.880000
2021-05-28,4204.110000
2021-06-01,4202.040000
2021-06-02,4208.120000
2021-06-03,4192.850000
2021-06-04,4229.890000
2021-06-07,4226.520000
2021-06-08,4227.260000
2021-06-09,4219.550000
2021-06-10,4239.180000
2021-06-11,4247.440000
2021-06-14,4255.150000
2021-06-15,4246.590000
2021-06-16,4223.700000
2021-06-17,4221.860000
2021-06-18,4166.450000
2021-06-21,4224.790000
2021-06-22,4246.440000
2021-06-23,4241.840000
2021-06-24,4266.490000
2021-06-25,4280.700000
2021-06-28,4290.610000
2021-06-29,4291.800000
2021-06-30,4297.500000
2021-07-01,4319.940000
2021-07-02,4352.340000
2021-07-06,4343.540000
2021-07-07,4358.130000
2021-07-08,4320.820000
2021-07-09,4369.550000
2021-07-12,4384.630000
2021-07-13,4369.210000
2021-07-14,4374.300000
2021-07-15,4360.030000
2021-07-16,4327.160000
2021-07-19,4258.490000
2021-07-20,4323.060000
2021-07-21,4358.690000
2021-07-22,4367.480000
2021-07-23,4411.790000
2021-07-26,4422.300000
2021-07-27,4401.460000
2021-07-28,4400.640000
2021-07-29,4419.150000
2021-07-30,4395.260000
2021-08-02,4387.160000
2021-08-03,4423.150000
2021-08-04,4402.660000
2021-08-05,4429.100000
2021-08-06,4436.520000
2021-08-09,4432.350000
2021-08-10,4436.750000
2021-08-11,4447.700000
2021-08-12,4460.830000
2021-08-13,4468.000000
2021-08-16,4479.710000
2021-08-17,4448.080000
2021-08-18,4400.270000
2021-08-19,4405.800000
2021-08-20,4441.670000
2021-08-23,4479.530000
2021-08-24,4486.230000
2021-08-25,4496.190000
2021-08-26,4470.000000
2021-08-27,4509.370000
2021-08-30,4528.790000
2021-08-31,4522.680000
2021-09-01,4524.090000
2021-09-02,4536.950000
2021-09-03,4535.430000
2021-09-07,4520.030000
2021-09-08,4514.070000
2021-09-09,4493.280000
2021-09-10,4458.580000
2021-09-13,4468.730000
2021-09-14,4443.050000
2021-09-15,4480.700000
2021-09-16,4473.750000
2021-09-17,4432.990000
2021-09-20,4357.730000
2021-09-21,4354.190000
2021-09-22,4395.640000
2021-09-23,4448.980000
2021-09-24,4455.480000
2021-09-27,4443.110000
2021-09-28,4352.630000
2021-09-29,4359.460000
2021-09-30,4307.540000
2021-10-01,4357.040000
2021-10-04,4300.460000
2021-10-05,4345.720000
2021-10-06,4363.550000
2021-10-07,4399.760000
2021-10-08,4391.340000
2021-10-11,4361.190000
2021-10-12,4350.650000
2021-10-13,4363.800000
2021-10-14,4438.260000
2021-10-15,4471.370000
2021-10-18,4486.460000
2021-10-19,4519.630000
2021-10-20,4536.190000
2021-10-21,4549.780000
2021-10-22,4544.900000
2021-10-25,4566.480000
2021-10-26,4574.790000
2021-10-27,4551.680000
2021-10-28,4596.420000
2021-10-29,4605.380000
2021-11-01,4613.670000
2021-11-02,4630.650000
2021-11-03,4660.570000
2021-11-04,4680.060000
2021-11-05,4697.530000
2021-11-08,4701.700000
2021-11-09,4685.250000
2021-11-10,4646.710000
2021-11-11,4649.270000
2021-11-12,4682.850000
2021-11-15,4682.800000
2021-11-16,4700.900000
2021-11-17,4688.670000
2021-11-18,4704.540000
2021-11-19,4697.960000
2021-11-22,4682.940000
2021-11-23,4690.700000
2021-11-24,4701.460000
2021-11-26,4594.620000
2021-11-29,4655.270000
2021-11-30,4567.000000
2021-12-01,4513.040000
2021-12-02,4577.100000
2021-12-03,4538.430000
2021-12-06,4591.670000
2021-12-07,4686.750000
2021-12-08,4701.210000
2021-12-09,4667.450000
2021-12-10,4712.020000
2021-12-13,4668.970000
2021-12-14,4634.090000
2021-12-15,4709.850000
2021-12-16,4668.670000
2021-12-17,4620.640000
2021-12-20,4568.020000
2021-12-21,4649.230000
2021-12-22,4696.560000
2021-12-23,4725.790000
2021-12-27,4791.190000
2021-12-28,4786.350000
2021-12-29,4793.060000
2021-12-30,4778.730000
2021-12-31,4766.180000
2022-01-03,4796.560000
2022-01-04,4793.540000
2022-01-05,4700.580000
2022-01-06,4696.050000
2022-01-07,4677.030000
2022-01-10,4670.290000
2022-01-11,4713.070000
2022-01-12,4726.350000
2022-01-13,4659.030000
2022-01-14,4662.850000
2022-01-18,4577.110000
2022-01-19,4532.760000
2022-01-20,4482.730000
2022-01-21,4397.940000
2022-01-24,4410.130000
2022-01-25,4356.450000
2022-01-26,4349.930000
2022-01-27,4326.510000
2022-01-28,4431.850000
2022-01-31,4515.550000
2022-02-01,4546.540000
2022-02-02,4589.380000
2022-02-03,4477.440000
2022-02-04,4500.530000
2022-02-07,4483.870000
2022-02-08,4521.540000
2022-02-09,4587.180000
2022-02-10,4504.080000
2022-02-11,4418.640000
2022-02-14,4401.670000
2022-02-15,4471.070000
2022-02-16,4475.010000
2022-02-17,4380.260000
2022-02-18,4348.870000
2022-02-22,4304.760000
2022-02-23,4225.500000
2022-02-24,4288.700000
2022-02-25,4384.650000
2022-02-28,4373.940000
2022-03-01,4306.260000
2022-03-02,4386.540000
2022-03-03,4363.490000
2022-03-04,4328.870000
2022-03-07,4201.090000
2022-03-08,4170.700000
2022-03-09,4277.880000
2022-03-10,4259.520000
2022-03-11,4204.310000
2022-03-14,4173.110000
2022-03-15,4262.450000
2022-03-16,4357.860000
2022-03-17,4411.670000
2022-03-18,4463.120000
2022-03-21,4461.180000
2022-03-22,4511.610000
2022-03-23,4456.240000
2022-03-24,4520.160000
2022-03-25,4543.060000
2022-03-28,4575.520000
2022-03-29,4631.600000
2022-03-30,4602.450000
2022-03-31,4530.410000
2022-04-01,4545.860000
2022-04-04,4582.640000
2022-04-05,4525.120000
2022-04-06,4481.150000
2022-04-07,4500.210000
2022-04-08,4488.280000
2022-04-11,4412.530000
2022-04-12,4397.450000
2022-04-13,4446.590000
2022-04-14,4392.590000
2022-04-18,4391.690000
2022-04-19,4462.210000
2022-04-20,4459.450000
2022-04-21,4393.660000
2022-04-22,4271.780000
2022-04-25,4296.120000
2022-04-26,4175.200000
2022-04-27,4183.960000
2022-04-28,4287.500000
2022-04-29,4131.930000
2022-05-02,4155.380000
2022-05-03,4175.480000
2022-05-04,4300.170000
2022-05-05,4146.870000
2022-05-06,4123.340000
2022-05-09,3991.240000
2022-05-10,4001.050000
2022-05-11,3935.180000
2022-05-12,3930.080000
2022-05-13,4023.890000
2022-05-16,4008.010000
2022-05-17,4088.850000
2022-05-18,3923.680000
2022-05-19,3900.790000
2022-05-20,3901.360000
2022-05-23,3973.750000
2022-05-24,3941.480000
2022-05-25,3978.730000
2022-05-26,4057.840000
2022-05-27,4158.240000
2022-05-31,4132.150000
2022-06-01,4101.230000
2022-06-02,4176.820000
2022-06-03,4108.540000
2022-06-06,4121.430000
2022-06-07,4160.680000
2022-06-08,4115.770000
2022-06-09,4017.820000
2022-06-10,3900.860000
2022-06-13,3749.630000
2022-06-14,3735.480000
2022-06-15,3789.990000
2022-06-16,3666.770000
2022-06-17,3674.840000
2022-06-21,3764.790000
2022-06-22,3759.890000
2022-06-23,3795.730000
2022-06-24,3911.740000
2022-06-27,3900.110000
2022-06-28,3821.550000
2022-06-29,3818.830000
2022-06-30,3785.380000
2022-07-01,3825.330000
2022-07-05,3831.390000
2022-07-06,3845.080000
2022-07-07,3902.620000
2022-07-08,3899.380000
2022-07-11,3854.430000
2022-07-12,3818.800000
2022-07-13,3801.780000
2022-07-14,3790.380000
2022-07-15,3863.160000
2022-07-18,3830.850000
2022-07-19,3936.690000
2022-07-20,3959.900000
2022-07-21,3998.950000
2022-07-22,3961.630000
2022-07-25,3966.840000
2022-07-26,3921.050000
2022-07-27,4023.610000
2022-07-28,4072.430000
2022-07-29,4130.290000
2022-08-01,4118.630000
2022-08-02,4091.190000
2022-08-03,4155.170000
2022-08-04,4151.940000
2022-08-05,4145.190000
2022-08-08,4140.060000
2022-08-09,4122.470000
2022-08-10,4210.240000
2022-08-11,4207.270000
2022-08-12,4280.150000
2022-08-15,4297.140000
2022-08-16,4305.200000
2022-08-17,4274.040000
2022-08-18,4283.740000
2022-08-19,4228.480000
2022-08-22,4137.990000
2022-08-23,4128.730000
2022-08-24,4140.770000
2022-08-25,4199.120000
2022-08-26,4057.660000
2022-08-29,4030.610000
2022-08-30,3986.160000
2022-08-31,3955.000000
2022-09-01,3966.850000
2022-09-02,3924.260000
2022-09-06,3908.190000
2022-09-07,3979.870000
2022-09-08,4006.180000
2022-09-09,4067.360000
2022-09-12,4110.410000
2022-09-13,3932.690000
2022-09-14,3946.010000
2022-09-15,3901.350000
2022-09-16,3873.330000
2022-09-19,3899.890000
2022-09-20,3855.930000
2022-09-21,3789.930000
2022-09-22,3757.990000
2022-09-23,3693.230000
2022-09-26,3655.040000
2022-09-27,3647.290000
2022-09-28,3719.040000
2022-09-29,3640.470000
2022-09-30,3585.620000
2022-10-03,3678.430000
2022-10-04,3790.930000
2022-10-05,3783.280000
2022-10-06,3744.520000
2022-10-07,3639.660000
2022-10-10,3612.390000
2022-10-11,3588.840000
2022-10-12,3577.030000
2022-10-13,3669.910000
2022-10-14,3583.070000
2022-10-17,3677.950000
2022-10-18,3719.980000
2022-10-19,3695.160000
2022-10-20,3665.780000
2022-10-21,3752.750000
2022-10-24,3797.340000
2022-10-25,3859.110000
2022-10-26,3830.600000
2022-10-27,3807.300000
2022-10-28,3901.060000
2022-10-31,3871.980000
2022-11-01,3856.100000
2022-11-02,3759.690000
2022-11-03,3719.890000
2022-11-04,3770.550000
2022-11-07,3806.800000
2022-11-08,3828.110000
2022-11-09,3748.570000
2022-11-10,3956.370000
2022-11-11,3992.930000
2022-11-14,3957.250000
2022-11-15,3991.730000
2022-11-16,3958.790000
2022-11-17,3946.560000
2022-11-18,3965.340000
2022-11-21,3949.940000
2022-11-22,4003.580000
2022-11-23,4027.260000
2022-11-25,4026.120000
2022-11-28,3963.940000
2022-11-29,3957.630000
2022-11-30,4080.110000
2022-12-01,4076.570000
2022-12-02,4071.700000
2022-12-05,3998.840000
2022-12-06,3941.260000
2022-12-07,3933.920000
2022-12-08,3963.510000
2022-12-09,3934.380000
2022-12-12,3990.560000
2022-12-13,4019.650000
2022-12-14,3995.320000
2022-12-15,3895.750000
2022-12-16,3852.360000
2022-12-19,3817.660000
2022-12-20,3821.620000
2022-12-21,3878.440000
2022-12-22,3822.390000
2022-12-23,3844.820000
2022-12-27,3829.250000
2022-12-28,3783.220000
2022-12-29,3849.280000
2022-12-30,3839.500000
2023-01-03,3824.140000
2023-01-04,3852.970000
2023-01-05,3808.100000
2023-01-06,3895.080000
2023-01-09,3892.090000
2023-01-10,3919.250000
2023-01-11,3969.610000
2023-01-12,3983.170000
2023-01-13,3999.090000
2023-01-17,3990.970000
2023-01-18,3928.860000
2023-01-19,3898.850000
2023-01-20,3972.610000
2023-01-23,4019.810000
2023-01-24,4016.950000
2023-01-25,4016.220000
2023-01-26,4060.430000
2023-01-27,4070.560000
2023-01-30,4017.770000
2023-01-31,4076.600000
2023-02-01,4119.210000
2023-02-02,4179.760000
2023-02-03,4136.480000
2023-02-06,4111.080000
2023-02-07,4164.000000
2023-02-08,4117.860000
2023-02-09,4081.500000
2023-02-10,4090.460000
2023-02-13,4137.290000
2023-02-14,4136.130000
2023-02-15,4147.600000
2023-02-16,4090.410000
2023-02-17,4079.090000
2023-02-21,3997.340000
2023-02-22,3991.050000
2023-02-23,4012.320000
2023-02-24,3970.040000
2023-02-27,3982.240000
2023-02-28,3970.150000
2023-03-01,3951.390000
2023-03-02,3981.350000
2023-03-03,4045.640000
2023-03-06,4048.420000
2023-03-07,3986.370000
2023-03-08,3992.010000
2023-03-09,3918.320000
2023-03-10,3861.590000
2023-03-13,3855.760000
2023-03-14,3919.290000
2023-03-15,3891.930000
2023-03-16,3960.280000
2023-03-17,3916.640000
2023-03-20,3951.570000
2023-03-21,4002.870000
2023-03-22,3936.970000
2023-03-23,3948.720000
2023-03-24,3970.990000
2023-03-27,3977.530000
2023-03-28,3971.270000
2023-03-29,4027.810000
2023-03-30,4050.830000
2023-03-31,4109.310000
2023-04-03,4124.510000
2023-04-04,4100.600000
2023-04-05,4090.380000
2023-04-06,4105.020000
2023-04-10,4109.110000
2023-04-11,4108.940000
2023-04-12,4091.950000
2023-04-13,4146.220000
2023-04-14,4137.640000
2023-04-17,4151.320000
2023-04-18,4154.870000
2023-04-19,4154.520000
2023-04-20,4129.790000
2023-04-21,4133.520000
2023-04-24,4137.040000
2023-04-25,4071.630000
2023-04-26,4055.990000
2023-04-27,4135.350000
2023-04-28,4169.480000
2023-05-01,4167.870000
2023-05-02,4119.580000
2023-05-03,4090.750000
2023-05-04,4061.220000
2023-05-05,4136.250000
2023-05-08,4138.120000
2023-05-09,4119.170000
2023-05-10,4137.640000
2023-05-11,4130.620000
2023-05-12,4124.080000
2023-05-15,4136.280000
2023-05-16,4109.900000
2023-05-17,4158.770000
2023-05-18,4198.050000
2023-05-19,4191.980000
2023-05-22,4192.630000
2023-05-23,4145.580000
2023-05-24,4115.240000
2023-05-25,4151.280000
2023-05-26,4205.450000
2023-05-30,4205.520000
2023-05-31,4179.830000
2023-06-01,4221.020000
2023-06-02,4282.370000
2023-06-05,4273.790000
2023-06-06,4283.850000
2023-06-07,4267.520000
2023-06-08,4293.930000
2023-06-09,4298.860000
2023-06-12,4338.930000
2023-06-13,4369.010000
2023-06-14,4372.590000
2023-06-15,4425.840000
2023-06-16,4409.590000
2023-06-20,4388.710000
2023-06-21,4365.690000
2023-06-22,4381.890000
2023-06-23,4348.330000
2023-06-26,4328.820000
2023-06-27,4378.410000
2023-06-28,4376.860000
2023-06-29,4396.440000
2023-06-30,4450.380000
2023-07-03,4455.590000
2023-07-05,4446.820000
2023-07-06,4411.590000
2023-07-07,4398.950000
2023-07-10,4409.530000
2023-07-11,4439.260000
2023-07-12,4472.160000
2023-07-13,4510.040000
2023-07-14,4505.420000
2023-07-17,4522.790000
2023-07-18,4554.980000
2023-07-19,4565.720000
2023-07-20,4534.870000
2023-07-21,4536.340000
2023-07-24,4554.640000
2023-07-25,4567.460000
2023-07-26,4566.750000
2023-07-27,4537.410000
2023-07-28,4582.230000
2023-07-31,4588.960000
2023-08-01,4576.730000
2023-08-02,4513.390000
2023-08-03,4501.890000
2023-08-04,4478.030000
2023-08-07,4518.440000
2023-08-08,4499.380000
2023-08-09,4467.710000
2023-08-10,4468.830000
2023-08-11,4464.050000
2023-08-14,4489.720000
2023-08-15,4437.860000
2023-08-16,4404.330000
2023-08-17,4370.360000
2023-08-18,4369.710000
2023-08-21,4399.770000
2023-08-22,4387.550000
2023-08-23,4436.010000
2023-08-24,4376.310000
2023-08-25,4405.710000
2023-08-28,4433.310000
2023-08-29,4497.630000
2023-08-30,4514.870000
2023-08-31,4507.660000
2023-09-01,4515.770000
2023-09-05,4496.830000
2023-09-06,4465.480000
2023-09-07,4451.140000
2023-09-08,4457.490000
2023-09-11,4487.460000
2023-09-12,4461.900000
2023-09-13,4467.440000
2023-09-14,4505.100000
2023-09-15,4450.320000
2023-09-18,4453.530000
2023-09-19,4443.950000
2023-09-20,4402.200000
2023-09-21,4330.000000
2023-09-22,4320.060000
2023-09-25,4337.440000
2023-09-26,4273.530000
2023-09-27,4274.510000
2023-09-28,4299.700000
2023-09-29,4288.050000
2023-10-02,4288.390000
2023-10-03,4229.450000
2023-10-04,4263.750000
2023-10-05,4258.190000
2023-10-06,4308.500000
2023-10-09,4335.660000
2023-10-10,4358.240000
2023-10-11,4376.950000
2023-10-12,4349.610000
2023-10-13,4327.780000
2023-10-16,4373.630000
2023-10-17,4373.200000
2023-10-18,4314.600000
2023-10-19,4278.000000
2023-10-20,4224.160000
2023-10-23,4217.040000
2023-10-24,4247.680000
2023-10-25,4186.770000
2023-10-26,4137.230000
2023-10-27,4117.370000
2023-10-30,4166.820000
2023-10-31,4193.800000
2023-11-01,4237.860000
2023-11-02,4317.780000
2023-11-03,4358.340000
2023-11-06,4365.980000
2023-11-07,4378.380000
2023-11-08,4382.780000
2023-11-09,4347.350000
2023-11-10,4415.240000
2023-11-13,4411.550000
2023-11-14,4495.700000
2023-11-15,4502.880000
2023-11-16,4508.240000
2023-11-17,4514.020000
2023-11-20,4547.380000
2023-11-21,4538.190000
2023-11-22,4556.620000
2023-11-24,4559.340000
2023-11-27,4550.430000
2023-11-28,4554.890000
2023-11-29,4550.580000
2023-11-30,4567.800000
2023-12-01,4594.630000
2023-12-04,4569.780000
2023-12-05,4567.180000
2023-12-06,4549.340000
2023-12-07,4585.590000
2023-12-08,4604.370000
2023-12-11,4622.440000
2023-12-12,4643.700000
2023-12-13,4707.090000
2023-12-14,4719.550000
2023-12-15,4719.190000
2023-12-18,4740.560000
2023-12-19,4768.370000
2023-12-20,4698.350000
2023-12-21,4746.750000
2023-12-22,4754.630000
2023-12-26,4774.750000
2023-12-27,4781.580000
2023-12-28,4783.350000
2023-12-29,4769.830000
2024-01-02,4742.830000
2024-01-03,4704.810000
2024-01-04,4688.680000
2024-01-05,4697.240000
2024-01-08,4763.540000
2024-01-09,4756.500000
2024-01-10,4783.450000
2024-01-11,4780.240000
2024-01-12,4783.830000
2024-01-16,4765.980000
2024-01-17,4739.210000
2024-01-18,4780.940000
2024-01-19,4839.810000
2024-01-22,4850.430000
2024-01-23,4864.600000
2024-01-24,4868.550000
2024-01-25,4894.160000
2024-01-26,4890.970000
2024-01-29,4927.930000
2024-01-30,4924.970000
2024-01-31,4845.650000
2024-02-01,4906.190000
2024-02-02,4958.610000
2024-02-05,4942.810000
2024-02-06,4954.230000
2024-02-07,4995.060000
2024-02-08,4997.910000
2024-02-09,5026.610000
2024-02-12,5021.840000
2024-02-13,4953.170000
2024-02-14,5000.620000
2024-02-15,5029.730000
2024-02-16,5005.570000
2024-02-20,4975.510000
2024-02-21,4981.800000
2024-02-22,5087.030000
2024-02-23,5088.800000
2024-02-26,5069.530000
2024-02-27,5078.180000
2024-02-28,5069.760000
2024-02-29,5096.270000
2024-03-01,5137.080000
2024-03-04,5130.950000
2024-03-05,5078.650000
2024-03-06,5104.760000
2024-03-07,5157.360000
2024-03-08,5123.690000
2024-03-11,5117.940000
2024-03-12,5175.270000
2024-03-13,5165.310000
2024-03-14,5150.480000
2024-03-15,5117.090000
2024-03-18,5149.420000
2024-03-19,5178.510000
2024-03-20,5224.620000
2024-03-21,5241.530000
2024-03-22,5234.180000
2024-03-25,5218.190000
2024-03-26,5203.580000
2024-03-27,5248.490000
2024-03-28,5254.350000
2024-04-01,5243.770000
2024-04-02,5205.810000
2024-04-03,5211.490000
2024-04-04,5147.210000
2024-04-05,5204.340000
2024-04-08,5202.390000
2024-04-09,5209.910000
2024-04-10,5160.640000
2024-04-11,5199.060000
2024-04-12,5123.410000
2024-04-15,5061.820000
2024-04-16,5051.410000
2024-04-17,5022.210000
2024-04-18,5011.120000
2024-04-19,4967.230000
2024-04-22,5010.600000
2024-04-23,5070.550000
2024-04-24,5071.630000
2024-04-25,5048.420000
2024-04-26,5099.960000
2024-04-29,5116.170000
2024-04-30,5035.690000
2024-05-01,5018.390000
2024-05-02,5064.200000
2024-05-03,5127.790000
2024-05-06,5180.740000
2024-05-07,5187.700000
2024-05-08,5187.670000
2024-05-09,5214.080000
2024-05-10,5222.680000
2024-05-13,5221.420000
2024-05-14,5246.680000
2024-05-15,5308.150000
2024-05-16,5297.100000
2024-05-17,5303.270000
2024-05-20,5308.130000
2024-05-21,5321.410000
2024-05-22,5307.010000
2024-05-23,5267.840000
2024-05-24,5304.720000
2024-05-28,5306.040000
2024-05-29,5266.950000
2024-05-30,5235.480000
2024-05-31,5277.510000
2024-06-03,5283.400000
2024-06-04,5291.340000
2024-06-05,5354.030000
2024-06-06,5352.960000
2024-06-07,5346.990000
2024-06-10,5360.790000
2024-06-11,5375.320000
2024-06-12,5421.030000
2024-06-13,5433.740000
2024-06-14,5431.600000
2024-06-17,5473.230000
2024-06-18,5487.030000
2024-06-20,5473.170000
2024-06-21,5464.620000
2024-06-24,5447.870000
2024-06-25,5469.300000
2024-06-26,5477.900000
2024-06-27,5482.870000
2024-06-28,5460.480000
2024-07-01,5475.090000
2024-07-02,5509.010000
2024-07-03,5537.020000
2024-07-05,5567.190000
2024-07-08,5572.850000
2024-07-09,5576.980000
2024-07-10,5633.910000
2024-07-11,5584.540000
2024-07-12,5615.350000
2024-07-15,5631.220000
2024-07-16,5667.200000
2024-07-17,5588.270000
2024-07-18,5544.590000
2024-07-19,5505.000000
2024-07-22,5564.410000
2024-07-23,5555.740000
2024-07-24,5427.130000
2024-07-25,5399.220000
2024-07-26,5459.100000
2024-07-29,5463.540000
2024-07-30,5436.440000
2024-07-31,5522.300000
2024-08-01,5446.680000
2024-08-02,5346.560000
2024-08-05,5186.330000
2024-08-06,5240.030000
2024-08-07,5199.500000
2024-08-08,5319.310000
2024-08-09,5344.160000
2024-08-12,5344.390000
2024-08-13,5434.430000
2024-08-14,5455.210000
2024-08-15,5543.220000
2024-08-16,5554.250000
2024-08-19,5608.250000
2024-08-20,5597.120000
2024-08-21,5620.850000
2024-08-22,5570.640000
2024-08-23,5634.610000
2024-08-26,5616.840000
2024-08-27,5625.800000
2024-08-28,5592.180000
2024-08-29,5591.960000
2024-08-30,5648.400000
2024-09-03,5528.930000
2024-09-04,5520.070000
2024-09-05,5503.410000
2024-09-06,5408.420000
2024-09-09,5471.050000
2024-09-10,5495.520000
2024-09-11,5554.130000
2024-09-12,5595.760000
2024-09-13,5626.020000
2024-09-16,5633.090000
2024-09-17,5634.580000
2024-09-18,5618.260000
2024-09-19,5713.640000
2024-09-20,5702.550000
2024-09-23,5718.570000
2024-09-24,5732.930000
2024-09-25,5722.260000
2024-09-26,5745.370000
2024-09-27,5738.170000
2024-09-30,5762.480000
2024-10-01,5708.750000
2024-10-02,5709.540000
2024-10-03,5699.940000
2024-10-04,5751.070000
2024-10-07,5695.940000
2024-10-08,5751.130000
2024-10-09,5792.040000
2024-10-10,5780.050000
2024-10-11,5815.030000
2024-10-14,5859.850000
2024-10-15,5815.260000
2024-10-16,5842.470000
2024-10-17,5841.470000
2024-10-18,5864.670000
2024-10-21,5853.980000
2024-10-22,5851.200000
2024-10-23,5797.420000
2024-10-24,5809.860000
2024-10-25,5808.120000
2024-10-28,5823.520000
2024-10-29,5832.920000
2024-10-30,5813.670000
2024-10-31,5705.450000
2024-11-01,5728.800000
2024-11-04,5712.690000
2024-11-05,5782.760000
2024-11-06,5929.040000
2024-11-07,5973.100000
2024-11-08,5995.540000
2024-11-11,6001.350000
2024-11-12,5983.990000
2024-11-13,5985.380000
2024-11-14,5949.170000
2024-11-15,5870.620000
2024-11-18,5893.620000
2024-11-19,5916.980000
2024-11-20,5917.110000
2024-11-21,5948.710000
2024-11-22,5969.340000
2024-11-25,5987.370000
2024-11-26,6021.630000
2024-11-27,5998.740000
2024-11-29,6032.380000
2024-12-02,6047.150000
2024-12-03,6049.880000
2024-12-04,6086.490000
2024-12-05,6075.110000
2024-12-06,6090.270000
2024-12-09,6052.850000
2024-12-10,6034.910000
2024-12-11,6084.190000
2024-12-12,6051.250000
2024-12-13,6051.090000
2024-12-16,6074.080000
2024-12-17,6050.610000
2024-12-18,5872.160000
2024-12-19,5867.080000
2024-12-20,5930.850000
2024-12-23,5974.070000
2024-12-24,6040.040000
2024-12-26,6037.590000
2024-12-27,5970.840000
2024-12-30,5906.940000
2024-12-31,5881.630000
2025-01-02,5868.550000
2025-01-03,5942.470000
2025-01-06,5975.380000
2025-01-07,5909.030000
2025-01-08,5918.250000
2025-01-10,5827.040000
2025-01-13,5836.220000
2025-01-14,5842.910000
2025-01-15,5949.910000
2025-01-16,5937.340000
2025-01-17,5996.660000
2025-01-21,6049.240000
2025-01-22,6086.370000
2025-01-23,6118.710000
2025-01-24,6101.240000
2025-01-27,6012.280000
2025-01-28,6067.700000
2025-01-29,6039.310000
2025-01-30,6071.170000
2025-01-31,6040.530000
2025-02-03,5994.570000
2025-02-04,6037.880000
2025-02-05,6061.480000
2025-02-06,6083.570000
2025-02-07,6025.990000
2025-02-10,6066.440000
2025-02-11,6068.500000
2025-02-12,6051.970000
2025-02-13,6115.070000
2025-02-14,6114.630000
2025-02-18,6129.580000
2025-02-19,6144.150000
2025-02-20,6117.520000
2025-02-21,6013.130000
2025-02-24,5983.250000
2025-02-25,5955.250000
2025-02-26,5956.060000
2025-02-27,5861.570000
2025-02-28,5954.500000
2025-03-03,5849.720000
2025-03-04,5778.150000
2025-03-05,5842.630000
2025-03-06,5738.520000
2025-03-07,5770.200000
2025-03-10,5614.560000
2025-03-11,5572.070000
2025-03-12,5599.300000
2025-03-13,5521.520000
2025-03-14,5638.940000
2025-03-17,5675.120000
2025-03-18,5614.660000
2025-03-19,5675.290000
2025-03-20,5662.890000
2025-03-21,5667.560000
2025-03-24,5767.570000
2025-03-25,5776.650000
2025-03-26,5712.200000
2025-03-27,5693.310000
2025-03-28,5580.940000
2025-03-31,5611.850000
2025-04-01,5633.070000
2025-04-02,5670.970000
2025-04-03,5396.520000
2025-04-04,5074.080000
2025-04-07,5062.250000
2025-04-08,4982.770000
2025-04-09,5456.900000
2025-04-10,5268.050000
2025-04-11,5363.360000
2025-04-14,5405.970000
2025-04-15,5396.630000
2025-04-16,5275.700000
2025-04-17,5282.700000
2025-04-21,5158.200000
2025-04-22,5287.760000
2025-04-23,5375.860000
2025-04-24,5484.770000
2025-04-25,5525.210000
2025-04-28,5528.750000
2025-04-29,5560.830000
2025-04-30,5569.060000
2025-05-01,5604.140000
2025-05-02,5686.670000
2025-05-05,5650.380000
2025-05-06,5606.910000
2025-05-07,5631.280000
2025-05-08,5663.940000
2025-05-09,5659.910000
2025-05-12,5844.190000
2025-05-13,5886.550000
2025-05-14,5892.580000
2025-05-15,5916.930000
2025-05-16,5958.380000
2025-05-19,5963.600000
2025-05-20,5940.460000
2025-05-21,5844.610000
2025-05-22,5842.010000
2025-05-23,5802.820000
2025-05-27,5921.540000
2025-05-28,5888.550000
2025-05-29,5912.170000
2025-05-30,5911.690000
2025-06-02,5935.940000
2025-06-03,5970.370000
2025-06-04,5970.810000
2025-06-05,5939.300000
2025-06-06,6000.360000
2025-06-09,6005.880000
2025-06-10,6038.810000
2025-06-11,6022.240000
2025-06-12,6045.260000
2025-06-13,5976.970000
2025-06-16,6033.110000
2025-06-17,5982.720000
2025-06-18,5980.870000
2025-06-20,5967.840000
2025-06-23,6025.170000
2025-06-24,6092.180000
2025-06-25,6092.160000
2025-06-26,6141.020000
2025-06-27,6173.070000
2025-06-30,6204.950000
2025-07-01,6198.010000
2025-07-02,6227.420000
2025-07-03,6279.350000
2025-07-07,6229.980000
2025-07-08,6225.520000
2025-07-09,6263.260000
2025-07-10,6280.460000
2025-07-11,6259.750000
2025-07-14,6268.560000
2025-07-15,6243.760000
2025-07-16,6263.700000
2025-07-17,6297.360000
2025-07-18,6296.790000
2025-07-21,6305.600000
2025-07-22,6309.620000
2025-07-23,6358.910000
2025-07-24,6363.350000
2025-07-25,6388.640000
2025-07-28,6389.770000
2025-07-29,6370.860000
2025-07-30,6362.900000
2025-07-31,6339.390000
2025-08-01,6238.010000
2025-08-04,6329.940000
2025-08-05,6299.190000
2025-08-06,6345.060000
2025-08-07,6340.000000
2025-08-08,6389.450000
2025-08-11,6373.450000
2025-08-12,6445.760000
2025-08-13,6466.580000
2025-08-14,6468.540000
2025-08-15,6449.800000
2025-08-18,6449.150000
2025-08-19,6411.370000
2025-08-20,6395.780000
2025-08-21,6370.170000
2025-08-22,6466.910000
2025-08-25,6439.320000
2025-08-26,6465.940000
2025-08-27,6481.400000
2025-08-28,6501.860000
2025-08-29,6460.260000
2025-09-02,6415.540000
2025-09-03,6448.260000
2025-09-04,6502.080000
2025-09-05,6481.500000
2025-09-08,6495.150000
2025-09-09,6512.610000
2025-09-10,6532.040000
2025-09-11,6587.470000
2025-09-12,6584.290000
2025-09-15,6615.280000
2025-09-16,6606.760000
2025-09-17,6600.350000
2025-09-18,6631.960000
2025-09-19,6664.360000
2025-09-22,6693.750000
2025-09-23,6656.920000
2025-09-24,6637.970000
2025-09-25,6604.720000
2025-09-26,6643.700000
2025-09-29,6661.210000
2025-09-30,6688.460000
2025-10-01,6711.200000
2025-10-02,6715.350000
2025-10-03,6715.790000
2025-10-06,6740.280000
2025-10-07,6714.590000
2025-10-08,6753.720000
2025-10-09,6735.110000
2025-10-10,6552.510000
2025-10-13,6654.720000
2025-10-14,6644.310000
2025-10-15,6671.060000
2025-10-16,6629.070000
2025-10-17,6664.010000
2025-10-20,6735.130000
2025-10-21,6735.350000
2025-10-22,6699.400000
2025-10-23,6738.440000
2025-10-24,6791.690000
2025-10-27,6875.160000
2025-10-28,6890.890000
2025-10-29,6890.590000
2025-10-30,6822.340000
2025-10-31,6840.200000
2025-11-03,6851.970000
2025-11-04,6771.550000
2025-11-05,6796.290000
2025-11-06,6720.320000
2025-11-07,6728.800000
2025-11-10,6832.430000
2025-11-11,6846.610000
2025-11-12,6850.920000
2025-11-13,6737.490000
2025-11-14,6734.110000
2025-11-17,6672.410000
2025-11-18,6617.320000
2025-11-19,6642.160000
2025-11-20,6538.760000
2025-11-21,6602.990000
2025-11-24,6705.120000
2025-11-25,6765.880000
2025-11-26,6812.610000
2025-11-28,6849.090000
2025-12-01,6812.630000
2025-12-02,6829.370000
2025-12-03,6849.720000
2025-12-04,6857.120000
2025-12-05,6870.400000
2025-12-08,6846.510000
2025-12-09,6840.510000
2025-12-10,6886.680000
2025-12-11,6901.000000
2025-12-12,6827.410000
2025-12-15,6816.510000
2025-12-16,6800.260000
2025-12-17,6721.430000
2025-12-18,6774.760000
2025-12-19,6834.500000
2025-12-22,6878.490000
2025-12-23,6909.790000
2025-12-24,6932.050000
2025-12-26,6929.940000
2025-12-29,6905.740000
2025-12-30,6896.240000
2025-12-31,6845.500000
2026-01-02,6858.470000
2026-01-05,6902.050000
2026-01-06,6944.820000
2026-01-07,6920.930000
2026-01-08,6921.460000
2026-01-09,6966.280000
2026-01-12,6977.270000
2026-01-13,6963.740000
2026-01-14,6926.600000
2026-01-15,6944.470000
2026-01-16,6940.010000
2026-01-20,6796.860000
2026-01-21,6875.620000
2026-01-22,6913.350000
2026-01-23,6915.610000
2026-01-26,6950.230000
2026-01-27,6978.600000
2026-01-28,6978.030000
2026-01-29,6969.010000
2026-01-30,6939.030000
2026-02-02,6976.440000
2026-02-03,6917.810000
2026-02-04,6882.720000
2026-02-05,6798.400000
2026-02-06,6932.300000
2026-02-09,6964.820000
2026-02-10,6941.810000
2026-02-11,6941.470000
2026-02-12,6832.760000
2026-02-13,6836.170000
2026-02-17,6843.220000
2026-02-18,6881.310000
2026-02-19,6861.890000
2026-02-20,6909.510000
2026-02-23,6837.750000
2026-02-24,6890.070000
2026-02-25,6946.130000
2026-02-26,6908.860000
2026-02-27,6878.880000
2026-03-02,6881.620000
2026-03-03,6816.630000
2026-03-04,6869.500000
2026-03-05,6830.710000
2026-03-06,6740.020000
2026-03-09,6795.990000
2026-03-10,6781.480000
2026-03-11,6775.800000
2026-03-12,6672.620000
2026-03-13,6632.190000
2026-03-16,6699.380000
2026-03-17,6716.090000
2026-03-18,6624.700000
2026-03-19,6606.490000
2026-03-20,6506.480000
2026-03-23,6581.000000
2026-03-24,6556.370000
2026-03-25,6591.900000
2026-03-26,6477.160000
2026-03-27,6368.850000
2026-03-30,6343.720000
2026-03-31,6528.520000
2026-04-01,6575.320000
2026-04-02,6582.690000
2026-04-06,6611.830000
2026-04-07,6616.850000
2026-04-08,6782.810000
2026-04-09,6824.660000
2026-04-10,6816.890000
2026-04-13,6886.240000
2026-04-14,6967.380000
2026-04-15,7022.950000
2026-04-16,7041.280000
2026-04-17,7126.060000
2026-04-20,7109.140000
2026-04-21,7064.010000
2026-04-22,7137.900000
2026-04-23,7108.400000
2026-04-24,7165.080000
2026-04-27,7173.910000
2026-04-28,7138.800000
2026-04-29,7135.950000
2026-04-30,7209.010000
2026-05-01,7230.120000
2026-05-04,7200.750000
2026-05-05,7259.220000
2026-05-06,7365.120000
2026-05-07,7337.110000
2026-05-08,7398.930000
2026-05-11,7412.840000
2026-05-12,7400.960000
2026-05-13,7444.250000
2026-05-14,7501.240000
2026-05-15,7408.500000
2026-05-18,7403.050000
2026-05-19,7353.610000
2026-05-20,7432.970000
2026-05-21,7445.720000
2026-05-22,7473.470000
2026-05-26,7519.120000
2026-05-27,7520.360000
2026-05-28,7563.630000
2026-05-29,7580.060000
2026-06-01,7599.960000
2026-06-02,7609.780000
2026-06-03,7553.680000
2026-06-04,7584.310000
2026-06-05,7383.740000
2026-06-08,7405.730000
2026-06-09,7386.650000
2026-06-10,7266.990000
2026-06-11,7394.300000
2026-06-12,7431.460000
2026-06-15,7554.290000
2026-06-16,7511.350000
2026-06-17,7420.100000
2026-06-18,7500.580000
2026-06-22,7472.790000
2026-06-23,7365.460000
2026-06-24,7358.220000
2026-06-25,7357.490000
2026-06-26,7354.020000
2026-06-29,7440.430000
2026-06-30,7499.360000
2026-07-01,7483.230000
2026-07-02,7483.240000
2026-07-06,7537.430000
2026-07-07,7503.850000
2026-07-08,7482.710000
2026-07-09,7543.640000
2026-07-10,7575.390000
2026-07-13,7515.340000
2026-07-14,7543.590000
2026-07-15,7572.400000
2026-07-16,7533.770000
2026-07-17,7457.690000
2026-07-20,7443.280000
2026-07-21,7509.200000
2026-07-22,7498.960000
2026-07-23,7408.300000
2026-07-24,7411.980000
2026-07-27,7413.180000
2026-07-28,7428.780000
2026-07-29,7316.150000
2026-07-30,7437.630000
2026-07-31,7489.720000
