date,close
2006-01-31,100.000000
2006-02-01,100.180000
2006-02-02,99.910000
2006-02-03,99.420000
2006-02-06,99.570000
2006-02-07,99.350000
2006-02-08,99.710000
2006-02-09,99.780000
2006-02-10,99.750000
2006-02-13,99.710000
2006-02-14,100.110000
2006-02-15,100.210000
2006-02-16,100.260000
2006-02-17,100.320000
2006-02-21,100.230000
2006-02-22,100.610000
2006-02-23,100.650000
2006-02-24,100.720000
2006-02-27,100.860000
2006-02-28,100.700000
2006-03-01,100.940000
2006-03-02,100.980000
2006-03-03,100.950000
2006-03-06,100.680000
2006-03-07,100.600000
2006-03-08,100.840000
2006-03-09,100.510000
2006-03-10,101.430000
2006-03-13,101.710000
2006-03-14,102.220000
2006-03-15,102.350000
2006-03-16,102.410000
2006-03-17,102.380000
2006-03-20,102.440000
2006-03-21,102.150000
2006-03-22,102.610000
2006-03-23,102.610000
2006-03-24,102.690000
2006-03-27,102.710000
2006-03-28,102.460000
2006-03-29,102.970000
2006-03-30,103.020000
2006-03-31,102.760000
2006-04-03,102.870000
2006-04-04,103.000000
2006-04-05,103.030000
2006-04-06,103.060000
2006-04-07,103.040000
2006-04-10,103.190000
2006-04-11,103.030000
2006-04-12,103.270000
2006-04-13,103.330000
2006-04-17,103.350000
2006-04-18,103.780000
2006-04-19,103.840000
2006-04-20,103.860000
2006-04-21,103.670000
2006-04-24,103.750000
2006-04-25,103.470000
2006-04-26,103.690000
2006-04-27,104.020000
2006-04-28,104.220000
2006-05-01,104.030000
2006-05-02,104.420000
2006-05-03,104.360000
2006-05-04,104.620000
2006-05-05,104.730000
2006-05-08,104.780000
2006-05-09,104.830000
2006-05-10,104.880000
2006-05-11,104.320000
2006-05-12,103.050000
2006-05-15,103.330000
2006-05-16,103.360000
2006-05-17,102.120000
2006-05-18,101.510000
2006-05-19,101.670000
2006-05-22,101.680000
2006-05-23,101.660000
2006-05-24,101.920000
2006-05-25,102.210000
2006-05-26,102.190000
2006-05-30,101.480000
2006-05-31,102.060000
2006-06-01,102.070000
2006-06-02,102.570000
2006-06-05,101.690000
2006-06-06,101.600000
2006-06-07,101.060000
2006-06-08,101.220000
2006-06-09,101.660000
2006-06-12,100.770000
2006-06-13,99.910000
2006-06-14,100.570000
2006-06-15,102.520000
2006-06-16,102.290000
2006-06-19,102.000000
2006-06-20,102.140000
2006-06-21,102.720000
2006-06-22,102.760000
2006-06-23,102.920000
2006-06-26,103.240000
2006-06-27,102.940000
2006-06-28,103.310000
2006-06-29,103.780000
2006-06-30,103.750000
2006-07-03,104.000000
2006-07-05,103.950000
2006-07-06,104.120000
2006-07-07,104.100000
2006-07-10,104.320000
2006-07-11,104.510000
2006-07-12,104.240000
2006-07-13,103.220000
2006-07-14,102.690000
2006-07-17,102.740000
2006-07-18,102.860000
2006-07-19,103.550000
2006-07-20,103.600000
2006-07-21,103.160000
2006-07-24,104.010000
2006-07-25,104.200000
2006-07-26,104.270000
2006-07-27,104.290000
2006-07-28,104.290000
2006-07-31,104.310000
2006-08-01,104.270000
2006-08-02,104.560000
2006-08-03,104.760000
2006-08-04,104.760000
2006-08-07,104.770000
2006-08-08,104.820000
2006-08-09,104.810000
2006-08-10,105.110000
2006-08-11,105.130000
2006-08-14,105.340000
2006-08-15,105.710000
2006-08-16,105.810000
2006-08-17,105.840000
2006-08-18,105.990000
2006-08-21,105.990000
2006-08-22,106.070000
2006-08-23,105.870000
2006-08-24,106.190000
2006-08-25,106.130000
2006-08-28,106.380000
2006-08-29,106.470000
2006-08-30,106.510000
2006-08-31,106.540000
2006-09-01,106.530000
2006-09-05,106.660000
2006-09-06,106.460000
2006-09-07,106.300000
2006-09-08,106.710000
2006-09-11,106.820000
2006-09-12,107.480000
2006-09-13,107.690000
2006-09-14,107.760000
2006-09-15,107.660000
2006-09-18,107.810000
2006-09-19,107.790000
2006-09-20,108.100000
2006-09-21,108.000000
2006-09-22,107.830000
2006-09-25,108.140000
2006-09-26,108.220000
2006-09-27,108.240000
2006-09-28,108.260000
2006-09-29,108.250000
2006-10-02,108.290000
2006-10-03,108.420000
2006-10-04,108.580000
2006-10-05,108.600000
2006-10-06,108.570000
2006-10-09,108.680000
2006-10-10,108.820000
2006-10-11,108.830000
2006-10-12,108.990000
2006-10-13,108.970000
2006-10-16,109.170000
2006-10-17,109.040000
2006-10-18,109.180000
2006-10-19,109.390000
2006-10-20,109.750000
2006-10-23,110.080000
2006-10-24,110.150000
2006-10-25,110.270000
2006-10-26,110.350000
2006-10-27,110.320000
2006-10-30,110.410000
2006-10-31,110.460000
2006-11-01,110.260000
2006-11-02,110.340000
2006-11-03,110.220000
2006-11-06,110.410000
2006-11-07,110.430000
2006-11-08,110.460000
2006-11-09,110.480000
2006-11-10,110.470000
2006-11-13,110.730000
2006-11-14,110.960000
2006-11-15,111.030000
2006-11-16,111.070000
2006-11-17,111.140000
2006-11-20,111.220000
2006-11-21,111.260000
2006-11-22,111.290000
2006-11-24,111.270000
2006-11-27,110.340000
2006-11-28,110.710000
2006-11-29,111.520000
2006-11-30,111.720000
2006-12-01,111.520000
2006-12-04,111.770000
2006-12-05,111.830000
2006-12-06,111.860000
2006-12-07,111.890000
2006-12-08,111.870000
2006-12-11,112.070000
2006-12-12,112.120000
2006-12-13,112.260000
2006-12-14,112.360000
2006-12-15,112.280000
2006-12-18,112.220000
2006-12-19,112.430000
2006-12-20,112.460000
2006-12-21,112.300000
2006-12-22,111.690000
2006-12-26,111.930000
2006-12-27,112.040000
2006-12-28,112.060000
2006-12-29,112.050000
2007-01-03,112.200000
2007-01-04,112.330000
2007-01-05,112.360000
2007-01-08,112.550000
2007-01-09,112.600000
2007-01-10,112.690000
2007-01-11,112.760000
2007-01-12,112.740000
2007-01-16,112.880000
2007-01-17,112.930000
2007-01-18,112.850000
2007-01-19,113.180000
2007-01-22,113.150000
2007-01-23,113.300000
2007-01-24,113.390000
2007-01-25,113.400000
2007-01-26,113.380000
2007-01-29,113.420000
2007-01-30,113.630000
2007-01-31,113.730000
2007-02-01,113.760000
2007-02-02,113.730000
2007-02-05,113.830000
2007-02-06,113.890000
2007-02-07,113.980000
2007-02-08,114.050000
2007-02-09,113.880000
2007-02-12,113.820000
2007-02-13,114.250000
2007-02-14,114.360000
2007-02-15,114.410000
2007-02-16,114.470000
2007-02-20,114.590000
2007-02-21,114.630000
2007-02-22,114.660000
2007-02-23,114.650000
2007-02-26,114.730000
2007-02-27,111.540000
2007-02-28,112.280000
2007-03-01,112.020000
2007-03-02,110.750000
2007-03-05,110.340000
2007-03-06,111.350000
2007-03-07,111.470000
2007-03-08,111.770000
2007-03-09,111.790000
2007-03-12,112.090000
2007-03-13,110.670000
2007-03-14,111.380000
2007-03-15,111.930000
2007-03-16,112.070000
2007-03-19,112.740000
2007-03-20,112.940000
2007-03-21,113.060000
2007-03-22,113.080000
2007-03-23,113.020000
2007-03-26,113.260000
2007-03-27,113.040000
2007-03-28,112.310000
2007-03-29,112.790000
2007-03-30,112.570000
2007-04-02,112.910000
2007-04-03,113.220000
2007-04-04,113.300000
2007-04-05,113.260000
2007-04-09,113.420000
2007-04-10,113.600000
2007-04-11,113.420000
2007-04-12,113.810000
2007-04-13,113.820000
2007-04-16,114.180000
2007-04-17,114.230000
2007-04-18,114.270000
2007-04-19,114.300000
2007-04-20,114.360000
2007-04-23,114.370000
2007-04-24,114.430000
2007-04-25,114.690000
2007-04-26,114.740000
2007-04-27,114.720000
2007-04-30,114.470000
2007-05-01,114.700000
2007-05-02,115.030000
2007-05-03,115.140000
2007-05-04,115.120000
2007-05-07,115.330000
2007-05-08,115.360000
2007-05-09,115.560000
2007-05-10,115.010000
2007-05-11,115.630000
2007-05-14,115.600000
2007-05-15,115.630000
2007-05-16,116.110000
2007-05-17,116.230000
2007-05-18,116.350000
2007-05-21,116.540000
2007-05-22,116.610000
2007-05-23,116.640000
2007-05-24,116.250000
2007-05-25,116.790000
2007-05-29,117.020000
2007-05-30,117.350000
2007-05-31,117.420000
2007-06-01,117.420000
2007-06-04,117.580000
2007-06-05,117.440000
2007-06-06,116.850000
2007-06-07,114.830000
2007-06-08,116.110000
2007-06-11,116.340000
2007-06-12,115.680000
2007-06-13,116.670000
2007-06-14,116.890000
2007-06-15,116.830000
2007-06-18,116.900000
2007-06-19,117.090000
2007-06-20,116.220000
2007-06-21,116.990000
2007-06-22,115.680000
2007-06-25,115.590000
2007-06-26,115.560000
2007-06-27,116.230000
2007-06-28,116.310000
2007-06-29,116.570000
2007-07-02,117.190000
2007-07-03,117.280000
2007-07-05,117.340000
2007-07-06,117.290000
2007-07-09,117.430000
2007-07-10,116.620000
2007-07-11,117.180000
2007-07-12,117.710000
2007-07-13,117.690000
2007-07-16,117.770000
2007-07-17,117.910000
2007-07-18,117.860000
2007-07-19,118.250000
2007-07-20,117.580000
2007-07-23,118.220000
2007-07-24,116.310000
2007-07-25,116.810000
2007-07-26,114.320000
2007-07-27,112.250000
2007-07-30,112.710000
2007-07-31,112.490000
2007-08-01,112.850000
2007-08-02,113.040000
2007-08-03,112.920000
2007-08-06,113.620000
2007-08-07,113.730000
2007-08-08,113.790000
2007-08-09,113.800000
2007-08-10,113.760000
2007-08-13,114.220000
2007-08-14,113.230000
2007-08-15,111.710000
2007-08-16,112.470000
2007-08-17,115.110000
2007-08-20,115.590000
2007-08-21,115.850000
2007-08-22,116.550000
2007-08-23,116.700000
2007-08-24,116.690000
2007-08-27,116.500000
2007-08-28,114.520000
2007-08-29,116.560000
2007-08-30,116.360000
2007-08-31,117.470000
2007-09-04,118.160000
2007-09-05,117.920000
2007-09-06,118.360000
2007-09-07,117.420000
2007-09-10,117.660000
2007-09-11,118.490000
2007-09-12,118.640000
2007-09-13,118.780000
2007-09-14,118.710000
2007-09-17,118.580000
2007-09-18,119.910000
2007-09-19,120.050000
2007-09-20,120.080000
2007-09-21,120.050000
2007-09-24,120.080000
2007-09-25,120.090000
2007-09-26,120.100000
2007-09-27,120.110000
2007-09-28,120.970000
2007-10-01,121.460000
2007-10-02,121.530000
2007-10-03,121.520000
2007-10-04,121.630000
2007-10-05,121.560000
2007-10-08,121.570000
2007-10-09,122.030000
2007-10-10,122.090000
2007-10-11,122.020000
2007-10-12,122.290000
2007-10-15,121.860000
2007-10-16,121.380000
2007-10-17,121.630000
2007-10-18,121.600000
2007-10-19,119.440000
2007-10-22,119.870000
2007-10-23,120.640000
2007-10-24,120.630000
2007-10-25,120.960000
2007-10-26,121.360000
2007-10-29,121.990000
2007-10-30,121.590000
2007-10-31,122.350000
2007-11-01,120.690000
2007-11-02,120.930000
2007-11-05,121.000000
2007-11-06,121.670000
2007-11-07,119.790000
2007-11-08,120.000000
2007-11-09,118.240000
2007-11-12,117.940000
2007-11-13,119.490000
2007-11-14,119.440000
2007-11-15,119.380000
2007-11-16,119.870000
2007-11-19,118.850000
2007-11-20,119.330000
2007-11-21,117.660000
2007-11-23,119.660000
2007-11-26,117.970000
2007-11-27,119.610000
2007-11-28,120.990000
2007-11-29,121.140000
2007-11-30,121.020000
2007-12-03,120.840000
2007-12-04,120.490000
2007-12-05,121.740000
2007-12-06,122.350000
2007-12-07,122.260000
2007-12-10,122.810000
2007-12-11,121.730000
2007-12-12,122.430000
2007-12-13,122.860000
2007-12-14,121.420000
2007-12-17,120.660000
2007-12-18,121.300000
2007-12-19,121.430000
2007-12-20,122.210000
2007-12-21,123.170000
2007-12-24,123.470000
2007-12-26,123.680000
2007-12-27,123.630000
2007-12-28,123.640000
2007-12-31,123.470000
2008-01-02,122.700000
2008-01-03,122.880000
2008-01-04,119.820000
2008-01-07,120.310000
2008-01-08,119.430000
2008-01-09,120.370000
2008-01-10,120.680000
2008-01-11,120.670000
2008-01-14,121.310000
2008-01-15,119.880000
2008-01-16,119.360000
2008-01-17,116.240000
2008-01-18,115.750000
2008-01-22,114.830000
2008-01-23,116.560000
2008-01-24,117.310000
2008-01-25,117.330000
2008-01-28,118.460000
2008-01-29,118.700000
2008-01-30,118.940000
2008-01-31,119.290000
2008-02-01,119.160000
2008-02-04,118.710000
2008-02-05,115.800000
2008-02-06,114.950000
2008-02-07,115.870000
2008-02-08,115.210000
2008-02-11,115.860000
2008-02-12,116.350000
2008-02-13,116.850000
2008-02-14,116.840000
2008-02-15,117.340000
2008-02-19,117.560000
2008-02-20,118.050000
2008-02-21,118.060000
2008-02-22,118.110000
2008-02-25,118.770000
2008-02-26,119.080000
2008-02-27,119.170000
2008-02-28,119.250000
2008-02-29,117.480000
2008-03-03,117.870000
2008-03-04,117.920000
2008-03-05,118.450000
2008-03-06,117.370000
2008-03-07,116.470000
2008-03-10,116.240000
2008-03-11,116.980000
2008-03-12,117.010000
2008-03-13,117.040000
2008-03-14,116.860000
2008-03-17,116.910000
2008-03-18,119.020000
2008-03-19,118.980000
2008-03-20,120.330000
2008-03-24,120.800000
2008-03-25,120.920000
2008-03-26,120.960000
2008-03-27,121.010000
2008-03-28,120.890000
2008-03-31,121.530000
2008-04-01,121.950000
2008-04-02,121.960000
2008-04-03,121.990000
2008-04-04,121.930000
2008-04-07,122.200000
2008-04-08,122.220000
2008-04-09,122.100000
2008-04-10,122.540000
2008-04-11,121.060000
2008-04-14,121.130000
2008-04-15,121.570000
2008-04-16,122.280000
2008-04-17,122.360000
2008-04-18,122.390000
2008-04-21,122.500000
2008-04-22,122.440000
2008-04-23,122.580000
2008-04-24,122.660000
2008-04-25,122.630000
2008-04-28,122.710000
2008-04-29,122.720000
2008-04-30,122.750000
2008-05-01,122.840000
2008-05-02,122.800000
2008-05-05,122.760000
2008-05-06,123.160000
2008-05-07,122.360000
2008-05-08,122.970000
2008-05-09,122.300000
2008-05-12,122.970000
2008-05-13,123.050000
2008-05-14,123.200000
2008-05-15,123.310000
2008-05-16,123.490000
2008-05-19,123.590000
2008-05-20,123.490000
2008-05-21,122.740000
2008-05-22,123.170000
2008-05-23,121.690000
2008-05-27,122.240000
2008-05-28,122.520000
2008-05-29,122.700000
2008-05-30,122.710000
2008-06-02,122.660000
2008-06-03,122.650000
2008-06-04,122.730000
2008-06-05,122.860000
2008-06-06,122.710000
2008-06-09,123.100000
2008-06-10,123.160000
2008-06-11,122.280000
2008-06-12,122.970000
2008-06-13,123.830000
2008-06-16,124.060000
2008-06-17,123.830000
2008-06-18,123.210000
2008-06-19,123.760000
2008-06-20,121.720000
2008-06-23,122.080000
2008-06-24,121.990000
2008-06-25,122.620000
2008-06-26,119.640000
2008-06-27,119.150000
2008-06-30,119.280000
2008-07-01,119.470000
2008-07-02,119.360000
2008-07-03,119.380000
2008-07-07,119.080000
2008-07-08,120.040000
2008-07-09,119.190000
2008-07-10,119.970000
2008-07-11,119.310000
2008-07-14,119.040000
2008-07-15,118.320000
2008-07-16,120.360000
2008-07-17,121.080000
2008-07-18,121.090000
2008-07-21,121.350000
2008-07-22,121.990000
2008-07-23,122.110000
2008-07-24,121.920000
2008-07-25,122.140000
2008-07-28,121.140000
2008-07-29,122.750000
2008-07-30,123.180000
2008-07-31,123.220000
2008-08-01,123.240000
2008-08-04,122.890000
2008-08-05,124.070000
2008-08-06,124.210000
2008-08-07,124.200000
2008-08-08,124.160000
2008-08-11,124.700000
2008-08-12,124.220000
2008-08-13,124.160000
2008-08-14,124.840000
2008-08-15,125.440000
2008-08-18,125.090000
2008-08-19,124.580000
2008-08-20,125.200000
2008-08-21,125.670000
2008-08-22,125.910000
2008-08-25,125.040000
2008-08-26,125.470000
2008-08-27,126.120000
2008-08-28,126.530000
2008-08-29,126.500000
2008-09-02,126.450000
2008-09-03,126.610000
2008-09-04,123.500000
2008-09-05,124.110000
2008-09-08,124.730000
2008-09-09,123.660000
2008-09-10,124.360000
2008-09-11,124.960000
2008-09-12,124.930000
2008-09-15,121.200000
2008-09-16,122.690000
2008-09-17,117.350000
2008-09-18,121.670000
2008-09-19,125.550000
2008-09-22,122.960000
2008-09-23,121.330000
2008-09-24,124.550000
2008-09-25,124.320000
2008-09-26,124.250000
2008-09-29,118.140000
2008-09-30,122.420000
2008-10-01,122.030000
2008-10-02,117.580000
2008-10-03,115.580000
2008-10-06,113.690000
2008-10-07,108.780000
2008-10-08,107.460000
2008-10-09,100.320000
2008-10-10,98.180000
2008-10-13,102.200000
2008-10-14,102.460000
2008-10-15,100.400000
2008-10-16,102.380000
2008-10-17,102.510000
2008-10-20,104.530000
2008-10-21,104.510000
2008-10-22,102.550000
2008-10-23,104.560000
2008-10-24,101.540000
2008-10-27,101.050000
2008-10-28,104.880000
2008-10-29,104.880000
2008-10-30,105.330000
2008-10-31,105.110000
2008-11-03,105.660000
2008-11-04,106.870000
2008-11-05,105.780000
2008-11-06,102.320000
2008-11-07,105.070000
2008-11-10,104.880000
2008-11-11,103.830000
2008-11-12,99.470000
2008-11-13,106.090000
2008-11-14,101.400000
2008-11-17,100.270000
2008-11-18,101.550000
2008-11-19,97.390000
2008-11-20,91.140000
2008-11-21,94.350000
2008-11-24,95.790000
2008-11-25,95.900000
2008-11-26,95.940000
2008-11-28,95.930000
2008-12-01,90.380000
2008-12-02,93.720000
2008-12-03,95.630000
2008-12-04,94.150000
2008-12-05,97.480000
2008-12-08,99.330000
2008-12-09,99.160000
2008-12-10,100.150000
2008-12-11,99.950000
2008-12-12,100.510000
2008-12-15,100.130000
2008-12-16,102.570000
2008-12-17,102.660000
2008-12-18,102.330000
2008-12-19,102.420000
2008-12-22,102.080000
2008-12-23,101.820000
2008-12-24,102.650000
2008-12-26,103.310000
2008-12-29,103.790000
2008-12-30,104.530000
2008-12-31,104.660000
2009-01-02,104.510000
2009-01-05,104.630000
2009-01-06,105.120000
2009-01-07,103.540000
2009-01-08,104.290000
2009-01-09,101.950000
2009-01-12,100.880000
2009-01-13,101.320000
2009-01-14,98.780000
2009-01-15,99.060000
2009-01-16,100.760000
2009-01-20,97.200000
2009-01-21,101.050000
2009-01-22,100.030000
2009-01-23,100.400000
2009-01-26,100.980000
2009-01-27,101.820000
2009-01-28,102.160000
2009-01-29,102.230000
2009-01-30,102.050000
2009-02-02,102.500000
2009-02-03,103.430000
2009-02-04,103.480000
2009-02-05,104.240000
2009-02-06,104.020000
2009-02-09,104.510000
2009-02-10,102.070000
2009-02-11,103.130000
2009-02-12,103.610000
2009-02-13,102.600000
2009-02-17,99.690000
2009-02-18,99.780000
2009-02-19,98.930000
2009-02-20,97.580000
2009-02-23,96.330000
2009-02-24,98.440000
2009-02-25,98.520000
2009-02-26,98.510000
2009-02-27,97.080000
2009-03-02,94.670000
2009-03-03,94.540000
2009-03-04,96.570000
2009-03-05,93.310000
2009-03-06,93.240000
2009-03-09,93.220000
2009-03-10,95.090000
2009-03-11,95.260000
2009-03-12,95.360000
2009-03-13,95.270000
2009-03-16,95.380000
2009-03-17,96.740000
2009-03-18,97.120000
2009-03-19,97.250000
2009-03-20,96.000000
2009-03-23,98.410000
2009-03-24,98.380000
2009-03-25,98.620000
2009-03-26,98.810000
2009-03-27,98.610000
2009-03-30,97.250000
2009-03-31,98.050000
2009-04-01,99.290000
2009-04-02,99.940000
2009-04-03,99.850000
2009-04-06,99.880000
2009-04-07,99.080000
2009-04-08,100.420000
2009-04-09,100.740000
2009-04-13,100.980000
2009-04-14,100.120000
2009-04-15,101.260000
2009-04-16,102.250000
2009-04-17,102.720000
2009-04-20,100.590000
2009-04-21,102.210000
2009-04-22,102.110000
2009-04-23,103.110000
2009-04-24,103.520000
2009-04-27,103.490000
2009-04-28,103.610000
2009-04-29,104.520000
2009-04-30,104.730000
2009-05-01,104.670000
2009-05-04,105.870000
2009-05-05,105.990000
2009-05-06,106.240000
2009-05-07,106.300000
2009-05-08,106.260000
2009-05-11,105.310000
2009-05-12,105.470000
2009-05-13,103.080000
2009-05-14,103.960000
2009-05-15,103.500000
2009-05-18,104.480000
2009-05-19,104.630000
2009-05-20,104.630000
2009-05-21,104.690000
2009-05-22,104.660000
2009-05-26,105.500000
2009-05-27,105.460000
2009-05-28,105.700000
2009-05-29,105.600000
2009-06-01,106.010000
2009-06-02,106.120000
2009-06-03,106.120000
2009-06-04,106.190000
2009-06-05,106.110000
2009-06-08,106.380000
2009-06-09,106.600000
2009-06-10,106.680000
2009-06-11,106.920000
2009-06-12,106.840000
2009-06-15,105.270000
2009-06-16,104.150000
2009-06-17,104.170000
2009-06-18,104.930000
2009-06-19,105.590000
2009-06-22,103.290000
2009-06-23,103.480000
2009-06-24,104.290000
2009-06-25,106.450000
2009-06-26,106.290000
2009-06-29,106.520000
2009-06-30,106.570000
2009-07-01,106.700000
2009-07-02,106.470000
2009-07-06,106.720000
2009-07-07,106.240000
2009-07-08,106.440000
2009-07-09,106.940000
2009-07-10,107.030000
2009-07-13,107.930000
2009-07-14,108.120000
2009-07-15,108.290000
2009-07-16,108.310000
2009-07-17,108.540000
2009-07-20,108.910000
2009-07-21,109.070000
2009-07-22,109.120000
2009-07-23,109.170000
2009-07-24,109.120000
2009-07-27,109.340000
2009-07-28,109.350000
2009-07-29,109.320000
2009-07-30,109.970000
2009-07-31,109.940000
2009-08-03,110.430000
2009-08-04,110.580000
2009-08-05,110.660000
2009-08-06,110.690000
2009-08-07,110.710000
2009-08-10,110.820000
2009-08-11,110.280000
2009-08-12,111.070000
2009-08-13,111.460000
2009-08-14,111.480000
2009-08-17,109.810000
2009-08-18,110.830000
2009-08-19,111.590000
2009-08-20,112.380000
2009-08-21,112.570000
2009-08-24,112.700000
2009-08-25,112.840000
2009-08-26,112.930000
2009-08-27,112.980000
2009-08-28,112.900000
2009-08-31,112.610000
2009-09-01,110.700000
2009-09-02,110.420000
2009-09-03,111.410000
2009-09-04,112.930000
2009-09-08,113.290000
2009-09-09,113.410000
2009-09-10,113.440000
2009-09-11,113.360000
2009-09-14,113.760000
2009-09-15,114.010000
2009-09-16,114.250000
2009-09-17,114.320000
2009-09-18,114.320000
2009-09-21,114.440000
2009-09-22,114.690000
2009-09-23,114.610000
2009-09-24,114.560000
2009-09-25,114.230000
2009-09-28,114.680000
2009-09-29,114.710000
2009-09-30,114.730000
2009-10-01,114.420000
2009-10-02,114.770000
2009-10-05,115.340000
2009-10-06,115.450000
2009-10-07,115.490000
2009-10-08,115.520000
2009-10-09,115.500000
2009-10-12,115.770000
2009-10-13,115.840000
2009-10-14,116.370000
2009-10-15,116.530000
2009-10-16,116.680000
2009-10-19,117.070000
2009-10-20,117.050000
2009-10-21,116.980000
2009-10-22,117.310000
2009-10-23,117.250000
2009-10-26,116.630000
2009-10-27,116.510000
2009-10-28,114.700000
2009-10-29,117.150000
2009-10-30,113.900000
2009-11-02,114.740000
2009-11-03,114.960000
2009-11-04,115.220000
2009-11-05,115.460000
2009-11-06,115.420000
2009-11-09,115.870000
2009-11-10,115.920000
2009-11-11,115.950000
2009-11-12,115.960000
2009-11-13,115.880000
2009-11-16,116.560000
2009-11-17,116.720000
2009-11-18,116.780000
2009-11-19,116.750000
2009-11-20,117.090000
2009-11-23,117.470000
2009-11-24,117.520000
2009-11-25,117.560000
2009-11-27,117.520000
2009-11-30,118.010000
2009-12-01,118.330000
2009-12-02,118.400000
2009-12-03,118.430000
2009-12-04,118.350000
2009-12-07,118.450000
2009-12-08,117.870000
2009-12-09,118.310000
2009-12-10,118.910000
2009-12-11,119.160000
2009-12-14,119.650000
2009-12-15,119.490000
2009-12-16,119.720000
2009-12-17,119.110000
2009-12-18,120.030000
2009-12-21,120.600000
2009-12-22,120.780000
2009-12-23,120.850000
2009-12-24,120.810000
2009-12-28,121.040000
2009-12-29,121.100000
2009-12-30,121.260000
2009-12-31,120.560000
2010-01-04,121.030000
2010-01-05,121.110000
2010-01-06,121.150000
2010-01-07,121.170000
2010-01-08,121.140000
2010-01-11,121.350000
2010-01-12,120.950000
2010-01-13,121.510000
2010-01-14,121.690000
2010-01-15,121.880000
2010-01-19,122.210000
2010-01-20,122.170000
2010-01-21,121.270000
2010-01-22,118.600000
2010-01-25,119.260000
2010-01-26,119.400000
2010-01-27,119.700000
2010-01-28,119.730000
2010-01-29,119.690000
2010-02-01,120.780000
2010-02-02,121.140000
2010-02-03,121.190000
2010-02-04,119.860000
2010-02-05,120.270000
2010-02-08,120.150000
2010-02-09,120.830000
2010-02-10,120.970000
2010-02-11,121.190000
2010-02-12,121.120000
2010-02-16,121.950000
2010-02-17,122.110000
2010-02-18,122.200000
2010-02-19,122.230000
2010-02-22,122.410000
2010-02-23,121.770000
2010-02-24,122.600000
2010-02-25,122.790000
2010-02-26,122.890000
2010-03-01,123.380000
2010-03-02,123.520000
2010-03-03,123.660000
2010-03-04,123.750000
2010-03-05,123.700000
2010-03-08,123.800000
2010-03-09,123.980000
2010-03-10,124.030000
2010-03-11,124.140000
2010-03-12,124.090000
2010-03-15,124.220000
2010-03-16,124.570000
2010-03-17,124.710000
2010-03-18,124.770000
2010-03-19,124.780000
2010-03-22,125.080000
2010-03-23,125.250000
2010-03-24,125.230000
2010-03-25,125.300000
2010-03-26,125.290000
2010-03-29,125.540000
2010-03-30,125.610000
2010-03-31,125.640000
2010-04-01,125.570000
2010-04-05,126.070000
2010-04-06,126.230000
2010-04-07,126.180000
2010-04-08,126.360000
2010-04-09,126.340000
2010-04-12,126.540000
2010-04-13,126.670000
2010-04-14,126.980000
2010-04-15,127.000000
2010-04-16,126.170000
2010-04-19,126.710000
2010-04-20,127.290000
2010-04-21,127.330000
2010-04-22,127.580000
2010-04-23,127.590000
2010-04-26,127.660000
2010-04-27,125.960000
2010-04-28,126.900000
2010-04-29,127.890000
2010-04-30,126.650000
2010-05-03,127.200000
2010-05-04,126.320000
2010-05-05,126.010000
2010-05-06,122.690000
2010-05-07,120.160000
2010-05-10,122.410000
2010-05-11,122.540000
2010-05-12,122.630000
2010-05-13,122.670000
2010-05-14,122.570000
2010-05-17,123.150000
2010-05-18,122.130000
2010-05-19,121.890000
2010-05-20,117.390000
2010-05-21,115.680000
2010-05-24,115.700000
2010-05-25,116.170000
2010-05-26,116.180000
2010-05-27,116.730000
2010-05-28,116.670000
2010-06-01,115.980000
2010-06-02,117.640000
2010-06-03,117.880000
2010-06-04,116.570000
2010-06-07,116.370000
2010-06-08,117.300000
2010-06-09,117.290000
2010-06-10,118.150000
2010-06-11,118.110000
2010-06-14,118.220000
2010-06-15,119.340000
2010-06-16,119.440000
2010-06-17,119.560000
2010-06-18,119.590000
2010-06-21,119.610000
2010-06-22,118.950000
2010-06-23,118.900000
2010-06-24,117.320000
2010-06-25,117.700000
2010-06-28,117.850000
2010-06-29,115.130000
2010-06-30,114.170000
2010-07-01,113.830000
2010-07-02,113.270000
2010-07-06,113.610000
2010-07-07,113.890000
2010-07-08,113.900000
2010-07-09,113.850000
2010-07-12,113.990000
2010-07-13,114.660000
2010-07-14,114.800000
2010-07-15,114.940000
2010-07-16,113.760000
2010-07-19,114.490000
2010-07-20,115.220000
2010-07-21,114.630000
2010-07-22,115.780000
2010-07-23,115.750000
2010-07-26,116.420000
2010-07-27,116.460000
2010-07-28,116.380000
2010-07-29,116.570000
2010-07-30,116.780000
2010-08-02,117.720000
2010-08-03,117.750000
2010-08-04,117.930000
2010-08-05,117.990000
2010-08-06,117.980000
2010-08-09,118.230000
2010-08-10,118.160000
2010-08-11,117.010000
2010-08-12,116.680000
2010-08-13,116.120000
2010-08-16,116.450000
2010-08-17,117.120000
2010-08-18,117.220000
2010-08-19,116.970000
2010-08-20,117.350000
2010-08-23,117.410000
2010-08-24,116.900000
2010-08-25,117.320000
2010-08-26,117.270000
2010-08-27,117.890000
2010-08-30,117.420000
2010-08-31,117.430000
2010-09-01,118.640000
2010-09-02,118.740000
2010-09-03,118.650000
2010-09-07,118.030000
2010-09-08,118.680000
2010-09-09,119.270000
2010-09-10,119.340000
2010-09-13,119.790000
2010-09-14,119.910000
2010-09-15,120.030000
2010-09-16,120.120000
2010-09-17,119.920000
2010-09-20,120.650000
2010-09-21,120.660000
2010-09-22,120.730000
2010-09-23,120.620000
2010-09-24,120.950000
2010-09-27,120.870000
2010-09-28,121.310000
2010-09-29,121.330000
2010-09-30,121.440000
2010-10-01,121.790000
2010-10-04,121.450000
2010-10-05,122.390000
2010-10-06,122.490000
2010-10-07,122.550000
2010-10-08,122.540000
2010-10-11,122.780000
2010-10-12,123.030000
2010-10-13,123.310000
2010-10-14,123.390000
2010-10-15,123.240000
2010-10-18,123.730000
2010-10-19,122.810000
2010-10-20,123.780000
2010-10-21,124.090000
2010-10-22,124.120000
2010-10-25,124.320000
2010-10-26,124.420000
2010-10-27,124.510000
2010-10-28,124.730000
2010-10-29,124.860000
2010-11-01,125.040000
2010-11-02,125.420000
2010-11-03,125.770000
2010-11-04,125.920000
2010-11-05,125.830000
2010-11-08,125.840000
2010-11-09,125.320000
2010-11-10,125.840000
2010-11-11,125.580000
2010-11-12,123.980000
2010-11-15,124.110000
2010-11-16,123.020000
2010-11-17,123.230000
2010-11-18,124.770000
2010-11-19,125.200000
2010-11-22,125.320000
2010-11-23,124.450000
2010-11-24,125.600000
2010-11-26,125.570000
2010-11-29,126.040000
2010-11-30,125.740000
2010-12-01,126.550000
2010-12-02,126.610000
2010-12-03,126.570000
2010-12-06,126.660000
2010-12-07,126.740000
2010-12-08,126.830000
2010-12-09,126.860000
2010-12-10,126.810000
2010-12-13,126.970000
2010-12-14,127.170000
2010-12-15,127.120000
2010-12-16,127.490000
2010-12-17,127.740000
2010-12-20,127.970000
2010-12-21,128.230000
2010-12-22,128.290000
2010-12-23,128.210000
2010-12-27,128.350000
2010-12-28,128.550000
2010-12-29,128.710000
2010-12-30,128.740000
2010-12-31,128.920000
2011-01-03,129.450000
2011-01-04,129.490000
2011-01-05,129.620000
2011-01-06,129.630000
2011-01-07,129.670000
2011-01-10,129.740000
2011-01-11,130.080000
2011-01-12,130.400000
2011-01-13,130.430000
2011-01-14,130.410000
2011-01-18,130.660000
2011-01-19,130.070000
2011-01-20,130.130000
2011-01-21,130.860000
2011-01-24,131.370000
2011-01-25,131.460000
2011-01-26,131.700000
2011-01-27,131.860000
2011-01-28,130.950000
2011-01-31,131.610000
2011-02-01,132.120000
2011-02-02,132.160000
2011-02-03,132.210000
2011-02-04,132.170000
2011-02-07,132.580000
2011-02-08,132.800000
2011-02-09,132.820000
2011-02-10,132.910000
2011-02-11,132.940000
2011-02-14,133.210000
2011-02-15,133.130000
2011-02-16,133.430000
2011-02-17,133.600000
2011-02-18,133.740000
2011-02-22,131.820000
2011-02-23,131.120000
2011-02-24,131.030000
2011-02-25,132.350000
2011-02-28,132.800000
2011-03-01,131.790000
2011-03-02,132.170000
2011-03-03,133.180000
2011-03-04,133.260000
2011-03-07,132.680000
2011-03-08,133.500000
2011-03-09,133.590000
2011-03-10,131.740000
2011-03-11,132.690000
2011-03-14,132.520000
2011-03-15,131.600000
2011-03-16,129.340000
2011-03-17,131.050000
2011-03-18,132.360000
2011-03-21,133.630000
2011-03-22,133.700000
2011-03-23,133.980000
2011-03-24,134.240000
2011-03-25,134.210000
2011-03-28,134.150000
2011-03-29,134.720000
2011-03-30,135.000000
2011-03-31,135.100000
2011-04-01,135.180000
2011-04-04,135.330000
2011-04-05,135.460000
2011-04-06,135.730000
2011-04-07,135.740000
2011-04-08,135.750000
2011-04-11,135.770000
2011-04-12,135.290000
2011-04-13,135.460000
2011-04-14,135.600000
2011-04-15,136.130000
2011-04-18,135.320000
2011-04-19,136.050000
2011-04-20,136.650000
2011-04-21,136.670000
2011-04-25,136.700000
2011-04-26,137.150000
2011-04-27,137.370000
2011-04-28,137.410000
2011-04-29,137.410000
2011-05-02,137.430000
2011-05-03,137.260000
2011-05-04,136.670000
2011-05-05,135.510000
2011-05-06,136.080000
2011-05-09,136.650000
2011-05-10,137.100000
2011-05-11,136.750000
2011-05-12,137.150000
2011-05-13,137.040000
2011-05-16,136.710000
2011-05-17,136.860000
2011-05-18,137.730000
2011-05-19,137.950000
2011-05-20,138.110000
2011-05-23,137.040000
2011-05-24,137.010000
2011-05-25,137.470000
2011-05-26,138.060000
2011-05-27,138.650000
2011-05-31,139.310000
2011-06-01,137.720000
2011-06-02,137.700000
2011-06-03,136.420000
2011-06-06,135.740000
2011-06-07,135.800000
2011-06-08,135.430000
2011-06-09,136.460000
2011-06-10,134.600000
2011-06-13,134.870000
2011-06-14,135.610000
2011-06-15,134.780000
2011-06-16,135.320000
2011-06-17,135.570000
2011-06-20,136.300000
2011-06-21,136.860000
2011-06-22,136.940000
2011-06-23,137.060000
2011-06-24,136.580000
2011-06-27,137.240000
2011-06-28,137.710000
2011-06-29,137.960000
2011-06-30,138.010000
2011-07-01,137.990000
2011-07-05,138.140000
2011-07-06,138.310000
2011-07-07,138.710000
2011-07-08,138.760000
2011-07-11,137.150000
2011-07-12,136.720000
2011-07-13,137.250000
2011-07-14,136.410000
2011-07-15,137.600000
2011-07-18,137.120000
2011-07-19,138.360000
2011-07-20,138.430000
2011-07-21,138.850000
2011-07-22,138.880000
2011-07-25,138.520000
2011-07-26,138.390000
2011-07-27,136.110000
2011-07-28,135.770000
2011-07-29,134.870000
2011-08-01,135.220000
2011-08-02,132.880000
2011-08-03,133.700000
2011-08-04,127.470000
2011-08-05,127.200000
2011-08-08,121.050000
2011-08-09,126.540000
2011-08-10,121.390000
2011-08-11,126.540000
2011-08-12,127.820000
2011-08-15,129.530000
2011-08-16,129.480000
2011-08-17,129.880000
2011-08-18,126.580000
2011-08-19,123.890000
2011-08-22,124.690000
2011-08-23,126.540000
2011-08-24,126.910000
2011-08-25,126.770000
2011-08-26,127.130000
2011-08-29,128.880000
2011-08-30,129.020000
2011-08-31,129.280000
2011-09-01,129.390000
2011-09-02,129.430000
2011-09-06,129.270000
2011-09-07,130.940000
2011-09-08,130.880000
2011-09-09,129.420000
2011-09-12,130.390000
2011-09-13,131.250000
2011-09-14,131.770000
2011-09-15,131.920000
2011-09-16,132.290000
2011-09-19,131.910000
2011-09-20,132.050000
2011-09-21,128.940000
2011-09-22,125.010000
2011-09-23,125.600000
2011-09-26,127.490000
2011-09-27,128.000000
2011-09-28,127.450000
2011-09-29,128.290000
2011-09-30,128.180000
2011-10-03,126.330000
2011-10-04,128.820000
2011-10-05,130.240000
2011-10-06,131.100000
2011-10-07,131.130000
2011-10-10,132.980000
2011-10-11,133.230000
2011-10-12,133.390000
2011-10-13,133.480000
2011-10-14,133.400000
2011-10-17,132.030000
2011-10-18,133.640000
2011-10-19,133.050000
2011-10-20,133.990000
2011-10-21,134.950000
2011-10-24,135.940000
2011-10-25,135.150000
2011-10-26,136.000000
2011-10-27,136.690000
2011-10-28,136.650000
2011-10-31,134.630000
2011-11-01,131.320000
2011-11-02,133.500000
2011-11-03,135.900000
2011-11-04,135.120000
2011-11-07,135.890000
2011-11-08,136.650000
2011-11-09,134.080000
2011-11-10,135.550000
2011-11-11,136.860000
2011-11-14,136.430000
2011-11-15,137.060000
2011-11-16,135.760000
2011-11-17,133.850000
2011-11-18,134.110000
2011-11-21,132.880000
2011-11-22,132.720000
2011-11-23,129.970000
2011-11-25,129.440000
2011-11-28,131.360000
2011-11-29,131.560000
2011-11-30,131.880000
2011-12-01,131.890000
2011-12-02,131.820000
2011-12-05,132.670000
2011-12-06,132.890000
2011-12-07,132.990000
2011-12-08,132.170000
2011-12-09,133.500000
2011-12-12,132.680000
2011-12-13,131.890000
2011-12-14,130.600000
2011-12-15,131.090000
2011-12-16,131.620000
2011-12-19,130.910000
2011-12-20,133.130000
2011-12-21,133.370000
2011-12-22,133.580000
2011-12-23,133.530000
2011-12-27,133.810000
2011-12-28,132.870000
2011-12-29,134.040000
2011-12-30,133.900000
2012-01-03,134.830000
2012-01-04,134.970000
2012-01-05,135.050000
2012-01-06,135.040000
2012-01-09,135.420000
2012-01-10,135.860000
2012-01-11,135.980000
2012-01-12,136.100000
2012-01-13,136.020000
2012-01-17,136.360000
2012-01-18,136.790000
2012-01-19,136.860000
2012-01-20,137.190000
2012-01-23,137.340000
2012-01-24,137.370000
2012-01-25,137.820000
2012-01-26,137.830000
2012-01-27,137.940000
2012-01-30,137.870000
2012-01-31,137.890000
2012-02-01,138.640000
2012-02-02,138.820000
2012-02-03,138.930000
2012-02-06,139.060000
2012-02-07,139.300000
2012-02-08,139.480000
2012-02-09,139.710000
2012-02-10,139.700000
2012-02-13,140.390000
2012-02-14,140.440000
2012-02-15,140.270000
2012-02-16,140.810000
2012-02-17,140.950000
2012-02-21,141.220000
2012-02-22,141.120000
2012-02-23,141.660000
2012-02-24,141.890000
2012-02-27,142.070000
2012-02-28,142.360000
2012-02-29,142.170000
2012-03-01,142.690000
2012-03-02,142.810000
2012-03-05,142.690000
2012-03-06,141.170000
2012-03-07,142.140000
2012-03-08,143.090000
2012-03-09,143.500000
2012-03-12,143.730000
2012-03-13,144.330000
2012-03-14,144.360000
2012-03-15,144.410000
2012-03-16,144.480000
2012-03-19,144.820000
2012-03-20,144.690000
2012-03-21,144.720000
2012-03-22,144.030000
2012-03-23,144.300000
2012-03-26,144.960000
2012-03-27,144.970000
2012-03-28,144.950000
2012-03-29,145.040000
2012-03-30,145.170000
2012-04-02,145.660000
2012-04-03,145.650000
2012-04-04,145.170000
2012-04-05,145.060000
2012-04-09,144.330000
2012-04-10,142.190000
2012-04-11,143.280000
2012-04-12,145.110000
2012-04-13,143.180000
2012-04-16,143.350000
2012-04-17,144.180000
2012-04-18,144.220000
2012-04-19,144.260000
2012-04-20,144.160000
2012-04-23,143.560000
2012-04-24,144.060000
2012-04-25,145.190000
2012-04-26,145.410000
2012-04-27,145.410000
2012-04-30,145.180000
2012-05-01,145.750000
2012-05-02,145.670000
2012-05-03,145.160000
2012-05-04,142.730000
2012-05-07,143.030000
2012-05-08,142.850000
2012-05-09,142.400000
2012-05-10,142.910000
2012-05-11,142.290000
2012-05-14,141.700000
2012-05-15,141.270000
2012-05-16,140.970000
2012-05-17,138.890000
2012-05-18,138.680000
2012-05-21,140.370000
2012-05-22,140.570000
2012-05-23,140.820000
2012-05-24,141.230000
2012-05-25,141.420000
2012-05-29,142.290000
2012-05-30,141.560000
2012-05-31,141.690000
2012-06-01,138.310000
2012-06-04,138.760000
2012-06-05,139.270000
2012-06-06,140.080000
2012-06-07,140.120000
2012-06-08,139.990000
2012-06-11,139.110000
2012-06-12,140.350000
2012-06-13,139.840000
2012-06-14,140.920000
2012-06-15,141.640000
2012-06-18,142.400000
2012-06-19,142.830000
2012-06-20,142.980000
2012-06-21,141.900000
2012-06-22,143.010000
2012-06-25,141.620000
2012-06-26,142.330000
2012-06-27,143.340000
2012-06-28,143.250000
2012-06-29,144.300000
2012-07-02,144.570000
2012-07-03,144.930000
2012-07-05,144.910000
2012-07-06,144.540000
2012-07-09,144.570000
2012-07-10,143.990000
2012-07-11,144.170000
2012-07-12,143.710000
2012-07-13,145.320000
2012-07-16,145.250000
2012-07-17,145.830000
2012-07-18,146.140000
2012-07-19,146.250000
2012-07-20,145.950000
2012-07-23,145.000000
2012-07-24,143.950000
2012-07-25,143.880000
2012-07-26,146.220000
2012-07-27,147.340000
2012-07-30,147.310000
2012-07-31,146.930000
2012-08-01,146.830000
2012-08-02,146.310000
2012-08-03,148.540000
2012-08-06,148.820000
2012-08-07,149.160000
2012-08-08,149.380000
2012-08-09,149.480000
2012-08-10,149.520000
2012-08-13,149.570000
2012-08-14,149.690000
2012-08-15,149.930000
2012-08-16,150.350000
2012-08-17,150.380000
2012-08-20,150.510000
2012-08-21,150.330000
2012-08-22,150.430000
2012-08-23,149.660000
2012-08-24,150.590000
2012-08-27,150.700000
2012-08-28,150.720000
2012-08-29,150.880000
2012-08-30,150.190000
2012-08-31,150.750000
2012-09-04,150.850000
2012-09-05,150.880000
2012-09-06,151.760000
2012-09-07,151.770000
2012-09-10,151.280000
2012-09-11,151.530000
2012-09-12,151.860000
2012-09-13,152.550000
2012-09-14,152.540000
2012-09-17,152.530000
2012-09-18,152.640000
2012-09-19,152.760000
2012-09-20,152.900000
2012-09-21,153.030000
2012-09-24,153.040000
2012-09-25,151.630000
2012-09-26,150.920000
2012-09-27,152.300000
2012-09-28,151.050000
2012-10-01,151.390000
2012-10-02,151.600000
2012-10-03,151.890000
2012-10-04,152.110000
2012-10-05,152.150000
2012-10-08,151.950000
2012-10-09,150.890000
2012-10-10,150.030000
2012-10-11,150.140000
2012-10-12,149.380000
2012-10-15,149.970000
2012-10-16,150.200000
2012-10-17,150.260000
2012-10-18,150.280000
2012-10-19,148.920000
2012-10-22,149.080000
2012-10-23,147.180000
2012-10-24,146.740000
2012-10-25,147.220000
2012-10-26,146.840000
2012-10-31,147.260000
2012-11-01,147.880000
2012-11-02,147.890000
2012-11-05,148.060000
2012-11-06,148.580000
2012-11-07,147.280000
2012-11-08,145.740000
2012-11-09,145.590000
2012-11-12,146.010000
2012-11-13,145.890000
2012-11-14,144.570000
2012-11-15,144.470000
2012-11-16,144.860000
2012-11-19,145.640000
2012-11-20,145.680000
2012-11-21,145.700000
2012-11-23,145.590000
2012-11-26,145.710000
2012-11-27,145.460000
2012-11-28,146.120000
2012-11-29,146.430000
2012-11-30,146.530000
2012-12-03,146.400000
2012-12-04,146.370000
2012-12-05,146.690000
2012-12-06,147.120000
2012-12-07,147.650000
2012-12-10,147.910000
2012-12-11,148.290000
2012-12-12,148.430000
2012-12-13,148.370000
2012-12-14,148.490000
2012-12-17,149.120000
2012-12-18,149.300000
2012-12-19,149.270000
2012-12-20,149.350000
2012-12-21,149.930000
2012-12-24,149.870000
2012-12-26,149.700000
2012-12-27,149.800000
2012-12-28,147.760000
2012-12-31,149.240000
2013-01-02,149.780000
2013-01-03,149.790000
2013-01-04,149.770000
2013-01-07,149.700000
2013-01-08,149.490000
2013-01-09,149.850000
2013-01-10,150.480000
2013-01-11,150.560000
2013-01-14,150.630000
2013-01-15,150.800000
2013-01-16,150.900000
2013-01-17,151.220000
2013-01-18,151.520000
2013-01-22,151.860000
2013-01-23,151.970000
2013-01-24,152.060000
2013-01-25,152.090000
2013-01-28,152.030000
2013-01-29,152.340000
2013-01-30,152.180000
2013-01-31,152.160000
2013-02-01,152.760000
2013-02-04,151.640000
2013-02-05,152.780000
2013-02-06,152.980000
2013-02-07,152.990000
2013-02-08,153.410000
2013-02-11,153.550000
2013-02-12,153.720000
2013-02-13,153.920000
2013-02-14,154.070000
2013-02-15,153.990000
2013-02-19,154.520000
2013-02-20,153.560000
2013-02-21,152.830000
2013-02-22,154.220000
2013-02-25,152.130000
2013-02-26,153.210000
2013-02-27,154.710000
2013-02-28,154.750000
2013-03-01,155.280000
2013-03-04,155.790000
2013-03-05,156.090000
2013-03-06,156.160000
2013-03-07,156.200000
2013-03-08,156.210000
2013-03-11,156.580000
2013-03-12,156.470000
2013-03-13,156.720000
2013-03-14,156.910000
2013-03-15,156.990000
2013-03-18,156.590000
2013-03-19,156.450000
2013-03-20,157.090000
2013-03-21,156.440000
2013-03-22,157.490000
2013-03-25,157.510000
2013-03-26,158.260000
2013-03-27,158.320000
2013-03-28,158.430000
2013-04-01,158.290000
2013-04-02,158.770000
2013-04-03,157.880000
2013-04-04,158.470000
2013-04-05,157.850000
2013-04-08,158.400000
2013-04-09,158.610000
2013-04-10,158.770000
2013-04-11,158.800000
2013-04-12,158.750000
2013-04-15,156.020000
2013-04-16,158.130000
2013-04-17,155.980000
2013-04-18,155.080000
2013-04-19,155.960000
2013-04-22,156.380000
2013-04-23,156.690000
2013-04-24,156.720000
2013-04-25,156.750000
2013-04-26,156.750000
2013-04-29,157.170000
2013-04-30,157.330000
2013-05-01,156.910000
2013-05-02,157.490000
2013-05-03,157.590000
2013-05-06,157.920000
2013-05-07,158.190000
2013-05-08,158.340000
2013-05-09,158.350000
2013-05-10,158.390000
2013-05-13,158.460000
2013-05-14,158.890000
2013-05-15,159.000000
2013-05-16,159.030000
2013-05-17,159.360000
2013-05-20,159.420000
2013-05-21,159.520000
2013-05-22,159.200000
2013-05-23,159.350000
2013-05-24,159.700000
2013-05-28,160.100000
2013-05-29,159.930000
2013-05-30,160.350000
2013-05-31,158.870000
2013-06-03,159.460000
2013-06-04,159.230000
2013-06-05,157.870000
2013-06-06,159.060000
2013-06-07,160.240000
2013-06-10,160.370000
2013-06-11,159.470000
2013-06-12,158.410000
2013-06-13,160.530000
2013-06-14,159.830000
2013-06-17,160.430000
2013-06-18,160.760000
2013-06-19,160.360000
2013-06-20,157.490000
2013-06-21,158.230000
2013-06-24,157.290000
2013-06-25,158.630000
2013-06-26,159.560000
2013-06-27,159.950000
2013-06-28,159.940000
2013-07-01,160.630000
2013-07-02,160.750000
2013-07-03,160.940000
2013-07-05,161.290000
2013-07-08,161.760000
2013-07-09,162.140000
2013-07-10,162.150000
2013-07-11,162.320000
2013-07-12,162.260000
2013-07-15,162.550000
2013-07-16,162.390000
2013-07-17,162.790000
2013-07-18,163.050000
2013-07-19,163.410000
2013-07-22,163.690000
2013-07-23,163.690000
2013-07-24,163.490000
2013-07-25,163.800000
2013-07-26,164.000000
2013-07-29,163.740000
2013-07-30,163.840000
2013-07-31,163.890000
2013-08-01,164.810000
2013-08-02,164.890000
2013-08-05,164.970000
2013-08-06,164.490000
2013-08-07,164.100000
2013-08-08,164.740000
2013-08-09,163.980000
2013-08-12,164.080000
2013-08-13,164.460000
2013-08-14,164.240000
2013-08-15,162.030000
2013-08-16,161.640000
2013-08-19,161.320000
2013-08-20,161.920000
2013-08-21,161.440000
2013-08-22,162.490000
2013-08-23,162.830000
2013-08-26,162.610000
2013-08-27,160.550000
2013-08-28,161.130000
2013-08-29,161.390000
2013-08-30,160.460000
2013-09-03,161.030000
2013-09-04,161.510000
2013-09-05,161.610000
2013-09-06,161.660000
2013-09-09,162.440000
2013-09-10,162.760000
2013-09-11,162.830000
2013-09-12,162.840000
2013-09-13,162.820000
2013-09-16,163.190000
2013-09-17,163.330000
2013-09-18,163.600000
2013-09-19,163.630000
2013-09-20,163.030000
2013-09-23,162.620000
2013-09-24,162.340000
2013-09-25,161.940000
2013-09-26,162.450000
2013-09-27,161.530000
2013-09-30,161.240000
2013-10-01,162.190000
2013-10-02,162.230000
2013-10-03,161.540000
2013-10-04,162.740000
2013-10-07,161.980000
2013-10-08,160.490000
2013-10-09,160.670000
2013-10-10,163.460000
2013-10-11,163.940000
2013-10-14,164.250000
2013-10-15,163.640000
2013-10-16,163.640000
2013-10-17,165.010000
2013-10-18,165.240000
2013-10-21,165.370000
2013-10-22,165.620000
2013-10-23,165.620000
2013-10-24,165.740000
2013-10-25,165.740000
2013-10-28,165.960000
2013-10-29,166.220000
2013-10-30,166.130000
2013-10-31,166.130000
2013-11-01,166.420000
2013-11-04,166.830000
2013-11-05,166.670000
2013-11-06,167.070000
2013-11-07,166.040000
2013-11-08,167.330000
2013-11-11,167.480000
2013-11-12,167.440000
2013-11-13,168.030000
2013-11-14,168.220000
2013-11-15,168.450000
2013-11-18,168.330000
2013-11-19,168.200000
2013-11-20,167.970000
2013-11-21,168.830000
2013-11-22,168.980000
2013-11-25,169.090000
2013-11-26,169.200000
2013-11-27,169.410000
2013-11-29,169.490000
2013-12-02,169.450000
2013-12-03,169.120000
2013-12-04,169.070000
2013-12-05,168.530000
2013-12-06,170.400000
2013-12-09,170.790000
2013-12-10,170.600000
2013-12-11,169.100000
2013-12-12,168.570000
2013-12-13,168.250000
2013-12-16,168.890000
2013-12-17,168.790000
2013-12-18,169.630000
2013-12-19,169.680000
2013-12-20,170.010000
2013-12-23,170.350000
2013-12-24,170.440000
2013-12-26,170.460000
2013-12-27,170.400000
2013-12-30,170.460000
2013-12-31,170.710000
2014-01-02,170.180000
2014-01-03,169.940000
2014-01-06,169.910000
2014-01-07,170.460000
2014-01-08,170.570000
2014-01-09,170.670000
2014-01-10,170.890000
2014-01-13,169.550000
2014-01-14,170.920000
2014-01-15,171.420000
2014-01-16,171.550000
2014-01-17,171.380000
2014-01-21,171.820000
2014-01-22,172.050000
2014-01-23,171.030000
2014-01-24,167.040000
2014-01-27,166.990000
2014-01-28,167.660000
2014-01-29,166.810000
2014-01-30,168.250000
2014-01-31,167.650000
2014-02-03,165.250000
2014-02-04,166.440000
2014-02-05,166.220000
2014-02-06,168.080000
2014-02-07,169.120000
2014-02-10,169.480000
2014-02-11,170.110000
2014-02-12,170.210000
2014-02-13,170.290000
2014-02-14,170.250000
2014-02-18,170.480000
2014-02-19,169.980000
2014-02-20,170.830000
2014-02-21,170.740000
2014-02-24,171.260000
2014-02-25,171.340000
2014-02-26,171.420000
2014-02-27,171.800000
2014-02-28,171.820000
2014-03-03,171.160000
2014-03-04,172.440000
2014-03-05,172.590000
2014-03-06,172.700000
2014-03-07,172.730000
2014-03-10,172.950000
2014-03-11,172.540000
2014-03-12,172.750000
2014-03-13,171.080000
2014-03-14,170.080000
2014-03-17,171.410000
2014-03-18,171.780000
2014-03-19,171.770000
2014-03-20,171.890000
2014-03-21,170.830000
2014-03-24,170.260000
2014-03-25,171.080000
2014-03-26,169.890000
2014-03-27,169.540000
2014-03-28,170.080000
2014-03-31,170.820000
2014-04-01,171.120000
2014-04-02,171.220000
2014-04-03,171.240000
2014-04-04,171.250000
2014-04-07,170.160000
2014-04-08,170.850000
2014-04-09,172.020000
2014-04-10,169.350000
2014-04-11,167.320000
2014-04-14,168.260000
2014-04-15,168.580000
2014-04-16,168.720000
2014-04-17,169.060000
2014-04-21,169.420000
2014-04-22,169.620000
2014-04-23,169.650000
2014-04-24,169.710000
2014-04-25,169.730000
2014-04-28,170.100000
2014-04-29,170.470000
2014-04-30,170.690000
2014-05-01,170.780000
2014-05-02,170.820000
2014-05-05,171.070000
2014-05-06,170.320000
2014-05-07,170.990000
2014-05-08,171.060000
2014-05-09,171.420000
2014-05-12,171.950000
2014-05-13,172.070000
2014-05-14,172.010000
2014-05-15,171.570000
2014-05-16,172.140000
2014-05-19,172.450000
2014-05-20,172.150000
2014-05-21,172.670000
2014-05-22,172.760000
2014-05-23,172.740000
2014-05-27,173.220000
2014-05-28,173.280000
2014-05-29,173.450000
2014-05-30,173.440000
2014-06-02,173.580000
2014-06-03,173.540000
2014-06-04,173.690000
2014-06-05,174.090000
2014-06-06,174.140000
2014-06-09,174.350000
2014-06-10,174.420000
2014-06-11,174.230000
2014-06-12,173.420000
2014-06-13,173.760000
2014-06-16,173.940000
2014-06-17,174.170000
2014-06-18,174.580000
2014-06-19,174.610000
2014-06-20,174.590000
2014-06-23,174.660000
2014-06-24,173.990000
2014-06-25,174.710000
2014-06-26,174.730000
2014-06-27,175.180000
2014-06-30,175.260000
2014-07-01,175.710000
2014-07-02,175.800000
2014-07-03,175.830000
2014-07-07,175.540000
2014-07-08,174.620000
2014-07-09,175.380000
2014-07-10,174.740000
2014-07-11,174.730000
2014-07-14,175.160000
2014-07-15,175.140000
2014-07-16,175.340000
2014-07-17,174.820000
2014-07-18,176.010000
2014-07-21,176.020000
2014-07-22,176.320000
2014-07-23,176.440000
2014-07-24,176.480000
2014-07-25,176.480000
2014-07-28,176.680000
2014-07-29,176.340000
2014-07-30,176.470000
2014-07-31,173.430000
2014-08-01,172.650000
2014-08-04,173.610000
2014-08-05,172.900000
2014-08-06,173.150000
2014-08-07,172.690000
2014-08-08,174.090000
2014-08-11,174.610000
2014-08-12,174.680000
2014-08-13,175.220000
2014-08-14,175.320000
2014-08-15,174.900000
2014-08-18,175.790000
2014-08-19,176.060000
2014-08-20,176.150000
2014-08-21,176.210000
2014-08-22,176.210000
2014-08-25,176.670000
2014-08-26,176.780000
2014-08-27,176.850000
2014-08-28,176.880000
2014-08-29,176.910000
2014-09-02,177.030000
2014-09-03,177.040000
2014-09-04,177.010000
2014-09-05,177.570000
2014-09-08,177.390000
2014-09-09,176.610000
2014-09-10,177.250000
2014-09-11,177.500000
2014-09-12,176.200000
2014-09-15,176.160000
2014-09-16,176.830000
2014-09-17,177.060000
2014-09-18,177.180000
2014-09-19,176.810000
2014-09-22,175.660000
2014-09-23,174.730000
2014-09-24,176.140000
2014-09-25,173.290000
2014-09-26,174.450000
2014-09-29,174.420000
2014-09-30,174.250000
2014-10-01,172.470000
2014-10-02,172.510000
2014-10-03,174.450000
2014-10-06,174.530000
2014-10-07,172.660000
2014-10-08,174.980000
2014-10-09,172.290000
2014-10-10,169.840000
2014-10-13,168.380000
2014-10-14,168.890000
2014-10-15,167.750000
2014-10-16,167.790000
2014-10-17,169.570000
2014-10-20,170.650000
2014-10-21,171.290000
2014-10-22,171.240000
2014-10-23,171.370000
2014-10-24,171.340000
2014-10-27,171.390000
2014-10-28,172.120000
2014-10-29,172.200000
2014-10-30,172.420000
2014-10-31,172.390000
2014-11-03,172.520000
2014-11-04,172.360000
2014-11-05,173.060000
2014-11-06,173.400000
2014-11-07,173.420000
2014-11-10,173.720000
2014-11-11,173.850000
2014-11-12,173.880000
2014-11-13,174.010000
2014-11-14,174.090000
2014-11-17,174.280000
2014-11-18,174.600000
2014-11-19,174.650000
2014-11-20,174.750000
2014-11-21,174.220000
2014-11-24,174.770000
2014-11-25,174.810000
2014-11-26,175.160000
2014-11-28,174.910000
2014-12-01,174.400000
2014-12-02,175.160000
2014-12-03,175.480000
2014-12-04,175.560000
2014-12-05,175.820000
2014-12-08,175.050000
2014-12-09,175.110000
2014-12-10,172.410000
2014-12-11,173.320000
2014-12-12,170.000000
2014-12-15,169.790000
2014-12-16,168.920000
2014-12-17,171.230000
2014-12-18,171.750000
2014-12-19,172.000000
2014-12-22,172.350000
2014-12-23,172.510000
2014-12-24,172.550000
2014-12-26,172.560000
2014-12-29,172.840000
2014-12-30,172.480000
2014-12-31,171.080000
2015-01-02,170.790000
2015-01-05,168.910000
2015-01-06,167.490000
2015-01-07,169.440000
2015-01-08,171.580000
2015-01-09,170.930000
2015-01-12,170.190000
2015-01-13,169.930000
2015-01-14,169.140000
2015-01-15,167.740000
2015-01-16,168.440000
2015-01-20,168.900000
2015-01-21,169.210000
2015-01-22,169.420000
2015-01-23,169.380000
2015-01-26,169.900000
2015-01-27,168.570000
2015-01-28,166.670000
2015-01-29,168.290000
2015-01-30,165.820000
2015-02-02,167.120000
2015-02-03,167.700000
2015-02-04,167.680000
2015-02-05,167.820000
2015-02-06,167.780000
2015-02-09,167.580000
2015-02-10,168.600000
2015-02-11,168.790000
2015-02-12,169.180000
2015-02-13,169.130000
2015-02-17,169.460000
2015-02-18,169.660000
2015-02-19,169.810000
2015-02-20,170.530000
2015-02-23,170.670000
2015-02-24,170.890000
2015-02-25,170.880000
2015-02-26,170.930000
2015-02-27,170.950000
2015-03-02,171.440000
2015-03-03,171.260000
2015-03-04,171.000000
2015-03-05,171.240000
2015-03-06,169.070000
2015-03-09,169.660000
2015-03-10,168.040000
2015-03-11,167.820000
2015-03-12,169.720000
2015-03-13,168.750000
2015-03-16,169.530000
2015-03-17,169.440000
2015-03-18,169.880000
2015-03-19,169.910000
2015-03-20,170.340000
2015-03-23,170.330000
2015-03-24,169.980000
2015-03-25,168.000000
2015-03-26,167.660000
2015-03-27,167.750000
2015-03-30,168.670000
2015-03-31,168.380000
2015-04-01,168.370000
2015-04-02,168.850000
2015-04-06,169.560000
2015-04-07,169.560000
2015-04-08,169.850000
2015-04-09,170.110000
2015-04-10,170.110000
2015-04-13,169.770000
2015-04-14,170.030000
2015-04-15,170.600000
2015-04-16,170.720000
2015-04-17,169.570000
2015-04-20,170.560000
2015-04-21,170.590000
2015-04-22,170.900000
2015-04-23,171.020000
2015-04-24,171.040000
2015-04-27,170.710000
2015-04-28,171.130000
2015-04-29,170.780000
2015-04-30,169.420000
2015-05-01,171.150000
2015-05-04,171.530000
2015-05-05,170.310000
2015-05-06,169.870000
2015-05-07,170.500000
2015-05-08,172.010000
2015-05-11,171.670000
2015-05-12,171.310000
2015-05-13,171.430000
2015-05-14,172.740000
2015-05-15,173.010000
2015-05-18,173.310000
2015-05-19,173.360000
2015-05-20,173.430000
2015-05-21,173.700000
2015-05-22,173.780000
2015-05-26,172.620000
2015-05-27,173.940000
2015-05-28,173.950000
2015-05-29,172.780000
2015-06-01,173.100000
2015-06-02,173.140000
2015-06-03,173.500000
2015-06-04,172.830000
2015-06-05,172.800000
2015-06-08,172.370000
2015-06-09,172.610000
2015-06-10,173.680000
2015-06-11,173.890000
2015-06-12,173.900000
2015-06-15,173.620000
2015-06-16,174.200000
2015-06-17,174.620000
2015-06-18,175.000000
2015-06-19,174.550000
2015-06-22,175.400000
2015-06-23,175.590000
2015-06-24,175.020000
2015-06-25,174.840000
2015-06-26,174.730000
2015-06-29,172.300000
2015-06-30,172.760000
2015-07-01,174.210000
2015-07-02,173.840000
2015-07-06,174.150000
2015-07-07,174.830000
2015-07-08,173.140000
2015-07-09,173.630000
2015-07-10,175.650000
2015-07-13,176.820000
2015-07-14,177.050000
2015-07-15,177.040000
2015-07-16,177.160000
2015-07-17,177.320000
2015-07-20,177.460000
2015-07-21,177.250000
2015-07-22,177.110000
2015-07-23,176.360000
2015-07-24,174.200000
2015-07-27,173.750000
2015-07-28,174.880000
2015-07-29,175.160000
2015-07-30,175.220000
2015-07-31,175.210000
2015-08-03,175.050000
2015-08-04,174.870000
2015-08-05,175.270000
2015-08-06,174.550000
2015-08-07,173.880000
2015-08-10,174.780000
2015-08-11,174.360000
2015-08-12,174.520000
2015-08-13,174.710000
2015-08-14,174.950000
2015-08-17,175.510000
2015-08-18,175.460000
2015-08-19,174.850000
2015-08-20,171.490000
2015-08-21,167.110000
2015-08-24,161.030000
2015-08-25,159.230000
2015-08-26,165.460000
2015-08-27,169.270000
2015-08-28,169.140000
2015-08-31,169.000000
2015-09-01,165.180000
2015-09-02,168.000000
2015-09-03,168.490000
2015-09-04,165.460000
2015-09-08,167.220000
2015-09-09,166.800000
2015-09-10,167.470000
2015-09-11,167.550000
2015-09-14,167.460000
2015-09-15,168.620000
2015-09-16,169.100000
2015-09-17,169.520000
2015-09-18,169.660000
2015-09-21,170.660000
2015-09-22,169.270000
2015-09-23,169.210000
2015-09-24,168.840000
2015-09-25,168.330000
2015-09-28,165.610000
2015-09-29,166.000000
2015-09-30,168.510000
2015-10-01,169.160000
2015-10-02,170.280000
2015-10-05,171.580000
2015-10-06,171.680000
2015-10-07,171.940000
2015-10-08,172.030000
2015-10-09,171.900000
2015-10-12,172.180000
2015-10-13,171.700000
2015-10-14,171.130000
2015-10-15,172.880000
2015-10-16,173.120000
2015-10-19,173.390000
2015-10-20,173.350000
2015-10-21,172.790000
2015-10-22,174.030000
2015-10-23,174.050000
2015-10-26,173.920000
2015-10-27,173.730000
2015-10-28,174.840000
2015-10-29,174.960000
2015-10-30,175.020000
2015-11-02,175.850000
2015-11-03,175.960000
2015-11-04,175.930000
2015-11-05,176.000000
2015-11-06,176.140000
2015-11-09,175.180000
2015-11-10,175.610000
2015-11-11,175.260000
2015-11-12,172.980000
2015-11-13,170.540000
2015-11-16,171.810000
2015-11-17,171.880000
2015-11-18,172.190000
2015-11-19,172.210000
2015-11-20,172.180000
2015-11-23,172.340000
2015-11-24,172.550000
2015-11-25,172.750000
2015-11-27,173.130000
2015-11-30,172.790000
2015-12-01,173.810000
2015-12-02,172.920000
2015-12-03,170.960000
2015-12-04,174.360000
2015-12-07,173.830000
2015-12-08,173.100000
2015-12-09,171.710000
2015-12-10,172.280000
2015-12-11,168.530000
2015-12-14,169.530000
2015-12-15,170.260000
2015-12-16,170.880000
2015-12-17,170.960000
2015-12-18,169.870000
2015-12-21,171.100000
2015-12-22,172.040000
2015-12-23,172.370000
2015-12-24,172.340000
2015-12-28,172.360000
2015-12-29,173.220000
2015-12-30,173.010000
2015-12-31,171.810000
2016-01-04,170.450000
2016-01-05,170.880000
2016-01-06,169.150000
2016-01-07,165.230000
2016-01-08,163.050000
2016-01-11,163.830000
2016-01-12,164.610000
2016-01-13,162.410000
2016-01-14,164.740000
2016-01-15,161.280000
2016-01-19,161.870000
2016-01-20,161.180000
2016-01-21,162.220000
2016-01-22,163.250000
2016-01-25,161.950000
2016-01-26,163.510000
2016-01-27,162.730000
2016-01-28,163.560000
2016-01-29,164.890000
2016-02-01,165.230000
2016-02-02,163.310000
2016-02-03,164.080000
2016-02-04,164.490000
2016-02-05,161.390000
2016-02-08,160.300000
2016-02-09,160.480000
2016-02-10,160.760000
2016-02-11,159.220000
2016-02-12,162.130000
2016-02-16,163.450000
2016-02-17,163.740000
2016-02-18,163.750000
2016-02-19,164.260000
2016-02-22,165.200000
2016-02-23,164.680000
2016-02-24,165.070000
2016-02-25,165.510000
2016-02-26,165.480000
2016-02-29,164.930000
2016-03-01,166.730000
2016-03-02,166.970000
2016-03-03,167.000000
2016-03-04,166.990000
2016-03-07,167.210000
2016-03-08,166.260000
2016-03-09,166.910000
2016-03-10,167.300000
2016-03-11,168.170000
2016-03-14,168.300000
2016-03-15,168.120000
2016-03-16,168.930000
2016-03-17,169.320000
2016-03-18,169.490000
2016-03-21,169.790000
2016-03-22,169.890000
2016-03-23,169.270000
2016-03-24,169.220000
2016-03-28,169.480000
2016-03-29,170.270000
2016-03-30,170.580000
2016-03-31,170.470000
2016-04-01,170.810000
2016-04-04,170.630000
2016-04-05,169.400000
2016-04-06,170.900000
2016-04-07,169.330000
2016-04-08,169.340000
2016-04-11,169.190000
2016-04-12,170.030000
2016-04-13,170.280000
2016-04-14,170.310000
2016-04-15,170.260000
2016-04-18,170.860000
2016-04-19,171.010000
2016-04-20,171.100000
2016-04-21,171.070000
2016-04-22,171.200000
2016-04-25,171.100000
2016-04-26,171.270000
2016-04-27,171.650000
2016-04-28,170.800000
2016-04-29,169.760000
2016-05-02,170.540000
2016-05-03,169.980000
2016-05-04,169.500000
2016-05-05,169.630000
2016-05-06,170.310000
2016-05-09,170.590000
2016-05-10,171.320000
2016-05-11,171.060000
2016-05-12,171.240000
2016-05-13,170.640000
2016-05-16,171.490000
2016-05-17,170.990000
2016-05-18,171.190000
2016-05-19,171.220000
2016-05-20,172.210000
2016-05-23,172.260000
2016-05-24,172.960000
2016-05-25,173.070000
2016-05-26,173.110000
2016-05-27,173.090000
2016-05-31,173.080000
2016-06-01,173.300000
2016-06-02,173.590000
2016-06-03,173.760000
2016-06-06,174.140000
2016-06-07,174.260000
2016-06-08,174.420000
2016-06-09,174.430000
2016-06-10,174.420000
2016-06-13,173.710000
2016-06-14,173.680000
2016-06-15,173.540000
2016-06-16,174.120000
2016-06-17,173.990000
2016-06-20,174.620000
2016-06-21,174.790000
2016-06-22,174.380000
2016-06-23,175.350000
2016-06-24,172.300000
2016-06-27,171.320000
2016-06-28,173.570000
2016-06-29,174.670000
2016-06-30,174.870000
2016-07-01,174.870000
2016-07-05,174.280000
2016-07-06,175.050000
2016-07-07,175.140000
2016-07-08,175.710000
2016-07-11,176.050000
2016-07-12,176.350000
2016-07-13,176.420000
2016-07-14,176.460000
2016-07-15,176.110000
2016-07-18,176.460000
2016-07-19,176.400000
2016-07-20,176.900000
2016-07-21,176.730000
2016-07-22,177.290000
2016-07-25,177.110000
2016-07-26,177.170000
2016-07-27,177.240000
2016-07-28,177.370000
2016-07-29,177.930000
2016-08-01,177.940000
2016-08-02,177.290000
2016-08-03,177.850000
2016-08-04,178.030000
2016-08-05,178.710000
2016-08-08,178.720000
2016-08-09,178.820000
2016-08-10,178.690000
2016-08-11,179.200000
2016-08-12,179.280000
2016-08-15,179.580000
2016-08-16,179.280000
2016-08-17,179.550000
2016-08-18,179.780000
2016-08-19,180.020000
2016-08-22,180.050000
2016-08-23,180.200000
2016-08-24,179.770000
2016-08-25,179.810000
2016-08-26,179.720000
2016-08-29,180.300000
2016-08-30,180.310000
2016-08-31,180.180000
2016-09-01,180.240000
2016-09-02,180.670000
2016-09-06,180.980000
2016-09-07,181.080000
2016-09-08,181.110000
2016-09-09,177.070000
2016-09-12,178.300000
2016-09-13,177.450000
2016-09-14,177.750000
2016-09-15,178.510000
2016-09-16,178.760000
2016-09-19,178.920000
2016-09-20,178.910000
2016-09-21,179.950000
2016-09-22,180.080000
2016-09-23,180.080000
2016-09-26,179.130000
2016-09-27,180.140000
2016-09-28,180.650000
2016-09-29,179.910000
2016-09-30,180.960000
2016-10-03,180.850000
2016-10-04,180.400000
2016-10-05,181.100000
2016-10-06,181.340000
2016-10-07,180.850000
2016-10-10,181.400000
2016-10-11,180.280000
2016-10-12,180.650000
2016-10-13,180.300000
2016-10-14,180.110000
2016-10-17,180.050000
2016-10-18,180.750000
2016-10-19,181.020000
2016-10-20,181.110000
2016-10-21,181.650000
2016-10-24,182.000000
2016-10-25,181.920000
2016-10-26,181.920000
2016-10-27,181.900000
2016-10-28,182.250000
2016-10-31,182.530000
2016-11-01,181.940000
2016-11-02,181.170000
2016-11-03,180.540000
2016-11-04,179.870000
2016-11-07,181.610000
2016-11-08,181.830000
2016-11-09,182.810000
2016-11-10,182.850000
2016-11-11,182.790000
2016-11-14,183.050000
2016-11-15,183.640000
2016-11-16,183.750000
2016-11-17,183.820000
2016-11-18,183.770000
2016-11-21,184.330000
2016-11-22,184.440000
2016-11-23,184.490000
2016-11-25,184.510000
2016-11-28,184.150000
2016-11-29,184.390000
2016-11-30,184.230000
2016-12-01,183.710000
2016-12-02,183.660000
2016-12-05,184.470000
2016-12-06,184.610000
2016-12-07,184.700000
2016-12-08,184.720000
2016-12-09,184.700000
2016-12-12,184.690000
2016-12-13,185.180000
2016-12-14,184.760000
2016-12-15,185.370000
2016-12-16,185.200000
2016-12-19,185.670000
2016-12-20,186.040000
2016-12-21,185.960000
2016-12-22,186.000000
2016-12-23,186.170000
2016-12-27,186.460000
2016-12-28,185.690000
2016-12-29,185.820000
2016-12-30,184.960000
2017-01-03,185.590000
2017-01-04,185.800000
2017-01-05,185.820000
2017-01-06,185.810000
2017-01-09,185.680000
2017-01-10,185.730000
2017-01-11,186.090000
2017-01-12,186.010000
2017-01-13,186.370000
2017-01-17,186.220000
2017-01-18,186.490000
2017-01-19,186.230000
2017-01-20,187.000000
2017-01-23,186.860000
2017-01-24,187.460000
2017-01-25,187.670000
2017-01-26,187.690000
2017-01-27,187.690000
2017-01-30,187.120000
2017-01-31,187.150000
2017-02-01,187.250000
2017-02-02,187.460000
2017-02-03,188.300000
2017-02-06,188.230000
2017-02-07,188.340000
2017-02-08,188.520000
2017-02-09,188.930000
2017-02-10,188.900000
2017-02-13,189.370000
2017-02-14,189.560000
2017-02-15,189.600000
2017-02-16,189.630000
2017-02-17,190.150000
2017-02-21,190.420000
2017-02-22,190.460000
2017-02-23,190.510000
2017-02-24,190.510000
2017-02-27,190.660000
2017-02-28,190.460000
2017-03-01,191.250000
2017-03-02,191.260000
2017-03-03,191.280000
2017-03-06,191.070000
2017-03-07,190.720000
2017-03-08,190.490000
2017-03-09,190.660000
2017-03-10,191.130000
2017-03-13,191.320000
2017-03-14,191.050000
2017-03-15,191.820000
2017-03-16,191.890000
2017-03-17,191.640000
2017-03-20,191.560000
2017-03-21,189.300000
2017-03-22,189.800000
2017-03-23,189.560000
2017-03-24,188.990000
2017-03-27,189.250000
2017-03-28,189.860000
2017-03-29,189.970000
2017-03-30,190.060000
2017-03-31,190.050000
2017-04-03,190.030000
2017-04-04,190.180000
2017-04-05,189.780000
2017-04-06,190.280000
2017-04-07,190.370000
2017-04-10,190.580000
2017-04-11,190.580000
2017-04-12,190.260000
2017-04-13,188.760000
2017-04-17,189.520000
2017-04-18,189.540000
2017-04-19,189.560000
2017-04-20,189.750000
2017-04-21,189.440000
2017-04-24,190.810000
2017-04-25,190.960000
2017-04-26,191.000000
2017-04-27,191.030000
2017-04-28,191.030000
2017-05-01,191.300000
2017-05-02,191.360000
2017-05-03,191.410000
2017-05-04,191.520000
2017-05-05,191.580000
2017-05-08,191.840000
2017-05-09,191.840000
2017-05-10,192.080000
2017-05-11,192.060000
2017-05-12,191.740000
2017-05-15,192.180000
2017-05-16,192.230000
2017-05-17,189.780000
2017-05-18,190.480000
2017-05-19,191.410000
2017-05-22,191.870000
2017-05-23,191.940000
2017-05-24,192.020000
2017-05-25,192.050000
2017-05-26,192.040000
2017-05-30,192.070000
2017-05-31,192.090000
2017-06-01,192.610000
2017-06-02,192.630000
2017-06-05,192.650000
2017-06-06,192.350000
2017-06-07,192.640000
2017-06-08,192.910000
2017-06-09,192.910000
2017-06-12,192.940000
2017-06-13,193.470000
2017-06-14,193.480000
2017-06-15,193.500000
2017-06-16,193.840000
2017-06-19,194.280000
2017-06-20,194.050000
2017-06-21,194.150000
2017-06-22,194.230000
2017-06-23,194.390000
2017-06-26,194.520000
2017-06-27,193.550000
2017-06-28,194.690000
2017-06-29,193.730000
2017-06-30,193.760000
2017-07-03,194.070000
2017-07-05,194.340000
2017-07-06,193.620000
2017-07-07,194.540000
2017-07-10,194.760000
2017-07-11,194.790000
2017-07-12,195.150000
2017-07-13,195.190000
2017-07-14,195.170000
2017-07-17,195.260000
2017-07-18,195.370000
2017-07-19,195.620000
2017-07-20,195.660000
2017-07-21,195.870000
2017-07-24,195.940000
2017-07-25,196.080000
2017-07-26,196.150000
2017-07-27,196.170000
2017-07-28,196.250000
2017-07-31,196.300000
2017-08-01,196.540000
2017-08-02,196.650000
2017-08-03,196.600000
2017-08-04,196.840000
2017-08-07,197.070000
2017-08-08,196.860000
2017-08-09,196.910000
2017-08-10,194.580000
2017-08-11,194.330000
2017-08-14,195.270000
2017-08-15,195.410000
2017-08-16,195.530000
2017-08-17,194.710000
2017-08-18,194.450000
2017-08-21,194.880000
2017-08-22,195.600000
2017-08-23,195.570000
2017-08-24,195.600000
2017-08-25,195.690000
2017-08-28,195.850000
2017-08-29,195.960000
2017-08-30,196.300000
2017-08-31,196.430000
2017-09-01,196.430000
2017-09-05,195.500000
2017-09-06,196.150000
2017-09-07,196.160000
2017-09-08,195.870000
2017-09-11,197.140000
2017-09-12,197.280000
2017-09-13,197.320000
2017-09-14,197.360000
2017-09-15,197.770000
2017-09-18,197.950000
2017-09-19,198.020000
2017-09-20,198.090000
2017-09-21,198.150000
2017-09-22,198.220000
2017-09-25,198.110000
2017-09-26,198.250000
2017-09-27,198.620000
2017-09-28,198.780000
2017-09-29,198.850000
2017-10-02,199.180000
2017-10-03,199.290000
2017-10-04,199.340000
2017-10-05,199.390000
2017-10-06,199.380000
2017-10-09,199.280000
2017-10-10,199.580000
2017-10-11,199.710000
2017-10-12,199.740000
2017-10-13,199.830000
2017-10-16,200.000000
2017-10-17,200.090000
2017-10-18,200.190000
2017-10-19,200.240000
2017-10-20,200.470000
2017-10-23,200.170000
2017-10-24,200.430000
2017-10-25,199.870000
2017-10-26,200.230000
2017-10-27,200.930000
2017-10-30,200.640000
2017-10-31,200.870000
2017-11-01,201.080000
2017-11-02,201.270000
2017-11-03,201.610000
2017-11-06,201.800000
2017-11-07,201.790000
2017-11-08,202.000000
2017-11-09,201.800000
2017-11-10,201.930000
2017-11-13,202.180000
2017-11-14,202.080000
2017-11-15,201.380000
2017-11-16,202.640000
2017-11-17,202.730000
2017-11-20,203.040000
2017-11-21,203.320000
2017-11-22,203.330000
2017-11-24,203.350000
2017-11-27,203.390000
2017-11-28,203.840000
2017-11-29,203.840000
2017-11-30,203.940000
2017-12-01,203.920000
2017-12-04,204.000000
2017-12-05,203.830000
2017-12-06,203.920000
2017-12-07,204.520000
2017-12-08,204.900000
2017-12-11,205.280000
2017-12-12,205.400000
2017-12-13,205.460000
2017-12-14,205.380000
2017-12-15,205.910000
2017-12-18,206.300000
2017-12-19,206.190000
2017-12-20,206.270000
2017-12-21,206.410000
2017-12-22,206.430000
2017-12-26,206.550000
2017-12-27,206.540000
2017-12-28,206.710000
2017-12-29,205.960000
2018-01-02,206.440000
2018-01-03,206.530000
2018-01-04,206.570000
2018-01-05,206.400000
2018-01-08,206.840000
2018-01-09,206.960000
2018-01-10,206.950000
2018-01-11,207.190000
2018-01-12,207.170000
2018-01-16,206.850000
2018-01-17,207.750000
2018-01-18,207.900000
2018-01-19,208.280000
2018-01-22,208.810000
2018-01-23,208.940000
2018-01-24,208.960000
2018-01-25,209.050000
2018-01-26,209.050000
2018-01-29,208.160000
2018-01-30,206.490000
2018-01-31,206.750000
2018-02-01,206.590000
2018-02-02,201.410000
2018-02-05,194.380000
2018-02-06,197.780000
2018-02-07,197.240000
2018-02-08,189.840000
2018-02-09,191.980000
2018-02-12,193.700000
2018-02-13,194.030000
2018-02-14,194.580000
2018-02-15,194.630000
2018-02-16,194.870000
2018-02-20,194.740000
2018-02-21,194.140000
2018-02-22,194.650000
2018-02-23,196.230000
2018-02-26,197.060000
2018-02-27,196.110000
2018-02-28,194.960000
2018-03-01,192.490000
2018-03-02,193.190000
2018-03-05,194.340000
2018-03-06,194.610000
2018-03-07,194.730000
2018-03-08,194.970000
2018-03-09,195.000000
2018-03-12,194.990000
2018-03-13,194.450000
2018-03-14,193.590000
2018-03-15,193.540000
2018-03-16,194.900000
2018-03-19,191.940000
2018-03-20,192.160000
2018-03-21,192.230000
2018-03-22,187.400000
2018-03-23,182.760000
2018-03-26,184.920000
2018-03-27,184.450000
2018-03-28,184.630000
2018-03-29,184.900000
2018-04-02,182.230000
2018-04-03,184.290000
2018-04-04,185.760000
2018-04-05,186.550000
2018-04-06,183.980000
2018-04-09,184.590000
2018-04-10,185.760000
2018-04-11,185.810000
2018-04-12,186.180000
2018-04-13,186.160000
2018-04-16,187.090000
2018-04-17,187.460000
2018-04-18,187.540000
2018-04-19,187.590000
2018-04-20,186.540000
2018-04-23,186.790000
2018-04-24,184.830000
2018-04-25,185.280000
2018-04-26,187.220000
2018-04-27,188.880000
2018-04-30,188.200000
2018-05-01,188.660000
2018-05-02,187.700000
2018-05-03,187.470000
2018-05-04,190.220000
2018-05-07,190.490000
2018-05-08,190.730000
2018-05-09,191.240000
2018-05-10,191.350000
2018-05-11,191.650000
2018-05-14,191.900000
2018-05-15,191.170000
2018-05-16,191.950000
2018-05-17,192.100000
2018-05-18,192.030000
2018-05-21,192.720000
2018-05-22,192.700000
2018-05-23,192.980000
2018-05-24,193.030000
2018-05-25,193.120000
2018-05-29,191.640000
2018-05-30,193.570000
2018-05-31,192.920000
2018-06-01,194.120000
2018-06-04,194.610000
2018-06-05,194.750000
2018-06-06,194.950000
2018-06-07,194.990000
2018-06-08,194.980000
2018-06-11,195.210000
2018-06-12,195.480000
2018-06-13,195.400000
2018-06-14,195.770000
2018-06-15,196.130000
2018-06-18,196.070000
2018-06-19,195.640000
2018-06-20,196.040000
2018-06-21,195.050000
2018-06-22,194.990000
2018-06-25,193.380000
2018-06-26,193.850000
2018-06-27,192.400000
2018-06-28,193.590000
2018-06-29,193.280000
2018-07-02,193.780000
2018-07-03,193.540000
2018-07-05,194.330000
2018-07-06,194.470000
2018-07-09,195.170000
2018-07-10,195.320000
2018-07-11,195.190000
2018-07-12,195.410000
2018-07-13,195.410000
2018-07-16,195.550000
2018-07-17,195.980000
2018-07-18,196.160000
2018-07-19,196.120000
2018-07-20,196.470000
2018-07-23,196.700000
2018-07-24,197.000000
2018-07-25,197.190000
2018-07-26,197.230000
2018-07-27,197.220000
2018-07-30,196.720000
2018-07-31,197.410000
2018-08-01,197.470000
2018-08-02,198.010000
2018-08-03,198.100000
2018-08-06,198.490000
2018-08-07,198.680000
2018-08-08,198.730000
2018-08-09,198.750000
2018-08-10,198.650000
2018-08-13,198.410000
2018-08-14,199.240000
2018-08-15,198.560000
2018-08-16,199.550000
2018-08-17,200.050000
2018-08-20,200.350000
2018-08-21,200.470000
2018-08-22,200.570000
2018-08-23,200.630000
2018-08-24,200.670000
2018-08-27,201.180000
2018-08-28,201.260000
2018-08-29,201.380000
2018-08-30,201.370000
2018-08-31,201.340000
2018-09-04,201.450000
2018-09-05,201.180000
2018-09-06,200.760000
2018-09-07,200.580000
2018-09-10,201.030000
2018-09-11,201.440000
2018-09-12,201.550000
2018-09-13,201.790000
2018-09-14,201.800000
2018-09-17,201.250000
2018-09-18,202.010000
2018-09-19,202.260000
2018-09-20,202.450000
2018-09-21,202.160000
2018-09-24,201.780000
2018-09-25,201.620000
2018-09-26,201.030000
2018-09-27,201.690000
2018-09-28,201.320000
2018-10-01,201.730000
2018-10-02,201.800000
2018-10-03,201.920000
2018-10-04,201.240000
2018-10-05,200.100000
2018-10-08,200.390000
2018-10-09,200.460000
2018-10-10,195.010000
2018-10-11,190.920000
2018-10-12,192.830000
2018-10-15,192.790000
2018-10-16,194.620000
2018-10-17,194.780000
2018-10-18,194.460000
2018-10-19,194.700000
2018-10-22,194.660000
2018-10-23,193.950000
2018-10-24,188.470000
2018-10-25,192.040000
2018-10-26,187.740000
2018-10-29,187.810000
2018-10-30,189.430000
2018-10-31,190.360000
2018-11-01,190.740000
2018-11-02,190.690000
2018-11-05,191.490000
2018-11-06,191.880000
2018-11-07,192.840000
2018-11-08,192.890000
2018-11-09,192.880000
2018-11-12,190.370000
2018-11-13,190.190000
2018-11-14,188.960000
2018-11-15,190.920000
2018-11-16,190.760000
2018-11-19,189.330000
2018-11-20,186.710000
2018-11-21,187.260000
2018-11-23,185.620000
2018-11-26,187.060000
2018-11-27,187.290000
2018-11-28,187.630000
2018-11-29,187.670000
2018-11-30,187.420000
2018-12-04,185.730000
2018-12-06,185.570000
2018-12-07,181.000000
2018-12-10,181.890000
2018-12-11,182.040000
2018-12-12,182.810000
2018-12-13,183.230000
2018-12-14,181.220000
2018-12-17,178.960000
2018-12-18,178.870000
2018-12-19,176.700000
2018-12-20,173.990000
2018-12-21,170.980000
2018-12-24,167.750000
2018-12-26,173.980000
2018-12-27,174.800000
2018-12-28,175.220000
2018-12-31,176.700000
2019-01-02,177.480000
2019-01-03,175.210000
2019-01-04,178.140000
2019-01-07,178.970000
2019-01-08,179.630000
2019-01-09,179.930000
2019-01-10,180.100000
2019-01-11,180.090000
2019-01-14,179.900000
2019-01-15,180.950000
2019-01-16,181.220000
2019-01-17,181.520000
2019-01-18,182.000000
2019-01-22,180.890000
2019-01-23,181.330000
2019-01-24,181.760000
2019-01-25,182.830000
2019-01-28,182.160000
2019-01-29,182.080000
2019-01-30,183.760000
2019-01-31,184.230000
2019-02-01,184.240000
2019-02-04,185.080000
2019-02-05,185.270000
2019-02-06,185.380000
2019-02-07,185.030000
2019-02-08,185.530000
2019-02-11,185.810000
2019-02-12,186.580000
2019-02-13,186.710000
2019-02-14,186.760000
2019-02-15,187.190000
2019-02-19,187.580000
2019-02-20,187.810000
2019-02-21,187.830000
2019-02-22,188.010000
2019-02-25,188.200000
2019-02-26,188.270000
2019-02-27,188.470000
2019-02-28,188.410000
2019-03-01,189.030000
2019-03-04,188.720000
2019-03-05,188.750000
2019-03-06,187.880000
2019-03-07,186.450000
2019-03-08,185.760000
2019-03-11,186.750000
2019-03-12,186.900000
2019-03-13,186.980000
2019-03-14,187.000000
2019-03-15,187.330000
2019-03-18,187.650000
2019-03-19,187.670000
2019-03-20,187.690000
2019-03-21,188.050000
2019-03-22,187.460000
2019-03-25,187.820000
2019-03-26,188.610000
2019-03-27,188.410000
2019-03-28,188.950000
2019-03-29,189.130000
2019-04-01,189.950000
2019-04-02,190.060000
2019-04-03,190.150000
2019-04-04,190.220000
2019-04-05,190.210000
2019-04-08,190.430000
2019-04-09,189.980000
2019-04-10,190.540000
2019-04-11,190.680000
2019-04-12,191.060000
2019-04-15,191.190000
2019-04-16,191.370000
2019-04-17,191.320000
2019-04-18,191.800000
2019-04-22,192.100000
2019-04-23,192.560000
2019-04-24,192.560000
2019-04-25,192.650000
2019-04-26,192.720000
2019-04-29,192.990000
2019-04-30,193.150000
2019-05-01,192.470000
2019-05-02,192.380000
2019-05-03,193.650000
2019-05-06,193.120000
2019-05-07,190.390000
2019-05-08,190.260000
2019-05-09,189.730000
2019-05-10,189.930000
2019-05-13,186.840000
2019-05-14,188.410000
2019-05-15,189.610000
2019-05-16,191.050000
2019-05-17,190.000000
2019-05-20,189.680000
2019-05-21,190.790000
2019-05-22,190.840000
2019-05-23,189.460000
2019-05-24,189.550000
2019-05-28,188.820000
2019-05-29,188.080000
2019-05-30,188.560000
2019-05-31,185.880000
2019-06-03,185.920000
2019-06-04,187.490000
2019-06-05,187.760000
2019-06-06,187.800000
2019-06-07,187.600000
2019-06-10,188.150000
2019-06-11,188.320000
2019-06-12,188.460000
2019-06-13,188.840000
2019-06-14,188.640000
2019-06-17,188.910000
2019-06-18,189.430000
2019-06-19,189.760000
2019-06-20,189.830000
2019-06-21,189.870000
2019-06-24,189.960000
2019-06-25,188.890000
2019-06-26,188.760000
2019-06-27,189.430000
2019-06-28,189.900000
2019-07-01,191.210000
2019-07-02,191.450000
2019-07-03,191.560000
2019-07-08,191.150000
2019-07-09,191.340000
2019-07-10,192.010000
2019-07-11,192.330000
2019-07-12,192.460000
2019-07-15,192.720000
2019-07-16,192.560000
2019-07-17,191.630000
2019-07-18,192.260000
2019-07-19,192.030000
2019-07-22,192.640000
2019-07-23,193.550000
2019-07-24,193.930000
2019-07-25,193.760000
2019-07-26,194.040000
2019-07-29,193.880000
2019-07-30,193.590000
2019-07-31,192.060000
2019-08-01,190.530000
2019-08-02,188.660000
2019-08-05,184.630000
2019-08-06,187.000000
2019-08-07,187.320000
2019-08-08,190.000000
2019-08-09,189.190000
2019-08-12,187.980000
2019-08-13,189.880000
2019-08-14,185.790000
2019-08-15,186.280000
2019-08-16,188.600000
2019-08-19,189.600000
2019-08-20,189.390000
2019-08-21,189.880000
2019-08-22,189.990000
2019-08-23,188.130000
2019-08-26,189.510000
2019-08-27,189.410000
2019-08-28,190.090000
2019-08-29,190.460000
2019-08-30,190.290000
2019-09-03,190.160000
2019-09-04,191.560000
2019-09-05,192.100000
2019-09-06,192.070000
2019-09-09,192.320000
2019-09-10,192.440000
2019-09-11,192.890000
2019-09-12,193.090000
2019-09-13,193.140000
2019-09-16,192.940000
2019-09-17,193.330000
2019-09-18,193.540000
2019-09-19,193.970000
2019-09-20,193.290000
2019-09-23,193.650000
2019-09-24,192.310000
2019-09-25,193.450000
2019-09-26,193.150000
2019-09-27,191.780000
2019-09-30,192.590000
2019-10-01,191.410000
2019-10-02,188.590000
2019-10-03,190.130000
2019-10-04,192.420000
2019-10-07,192.280000
2019-10-08,190.090000
2019-10-09,191.680000
2019-10-10,192.640000
2019-10-11,193.820000
2019-10-14,194.290000
2019-10-15,195.030000
2019-10-16,195.130000
2019-10-17,195.280000
2019-10-18,195.090000
2019-10-21,195.900000
2019-10-22,195.750000
2019-10-23,196.100000
2019-10-24,196.370000
2019-10-25,196.430000
2019-10-28,196.970000
2019-10-29,196.960000
2019-10-30,197.290000
2019-10-31,197.310000
2019-11-01,197.450000
2019-11-04,197.900000
2019-11-05,197.930000
2019-11-06,198.120000
2019-11-07,198.310000
2019-11-08,198.230000
2019-11-11,198.220000
2019-11-12,198.510000
2019-11-13,198.680000
2019-11-14,198.980000
2019-11-15,199.320000
2019-11-18,199.570000
2019-11-19,199.650000
2019-11-20,199.440000
2019-11-21,199.460000
2019-11-22,199.960000
2019-11-25,200.590000
2019-11-26,200.680000
2019-11-27,200.780000
2019-11-29,200.760000
2019-12-02,199.760000
2019-12-03,198.610000
2019-12-04,199.840000
2019-12-05,200.280000
2019-12-06,201.620000
2019-12-09,201.410000
2019-12-10,201.390000
2019-12-11,201.910000
2019-12-12,202.530000
2019-12-13,202.700000
2019-12-16,203.310000
2019-12-17,203.440000
2019-12-18,203.530000
2019-12-19,203.600000
2019-12-20,203.680000
2019-12-23,204.010000
2019-12-24,204.110000
2019-12-26,204.680000
2019-12-27,204.720000
2019-12-30,204.220000
2019-12-31,204.690000
2020-01-02,205.540000
2020-01-03,205.480000
2020-01-06,206.040000
2020-01-07,205.990000
2020-01-08,206.320000
2020-01-09,206.690000
2020-01-10,206.640000
2020-01-13,207.350000
2020-01-14,207.320000
2020-01-15,207.550000
2020-01-16,207.680000
2020-01-17,207.810000
2020-01-21,207.700000
2020-01-22,207.920000
2020-01-23,208.160000
2020-01-24,206.330000
2020-01-27,204.280000
2020-01-28,206.000000
2020-01-29,206.150000
2020-01-30,206.920000
2020-01-31,203.000000
2020-02-03,204.170000
2020-02-04,205.090000
2020-02-05,205.280000
2020-02-06,205.310000
2020-02-07,205.270000
2020-02-10,206.120000
2020-02-11,206.320000
2020-02-12,206.630000
2020-02-13,206.640000
2020-02-14,206.680000
2020-02-18,206.690000
2020-02-19,207.310000
2020-02-20,207.070000
2020-02-21,205.930000
2020-02-24,200.020000
2020-02-25,194.140000
2020-02-26,193.350000
2020-02-27,184.680000
2020-02-28,182.130000
2020-03-02,187.240000
2020-03-03,186.140000
2020-03-04,187.850000
2020-03-05,187.260000
2020-03-06,187.690000
2020-03-09,177.150000
2020-03-10,185.120000
2020-03-11,177.400000
2020-03-12,160.300000
2020-03-13,174.270000
2020-03-16,159.030000
2020-03-17,167.960000
2020-03-18,160.380000
2020-03-19,160.680000
2020-03-20,157.750000
2020-03-23,154.870000
2020-03-24,165.300000
2020-03-25,166.830000
2020-03-26,170.310000
2020-03-27,169.640000
2020-03-30,173.380000
2020-03-31,173.260000
2020-04-01,169.930000
2020-04-02,173.410000
2020-04-03,169.700000
2020-04-06,173.240000
2020-04-07,173.480000
2020-04-08,173.810000
2020-04-09,173.760000
2020-04-13,173.940000
2020-04-14,176.500000
2020-04-15,175.650000
2020-04-16,176.890000
2020-04-17,178.200000
2020-04-20,176.880000
2020-04-21,173.070000
2020-04-22,176.840000
2020-04-23,177.220000
2020-04-24,178.810000
2020-04-27,180.380000
2020-04-28,180.150000
2020-04-29,181.460000
2020-04-30,181.490000
2020-05-01,176.470000
2020-05-04,177.600000
2020-05-05,178.420000
2020-05-06,178.400000
2020-05-07,179.400000
2020-05-08,179.660000
2020-05-11,180.070000
2020-05-12,177.690000
2020-05-13,175.000000
2020-05-14,177.140000
2020-05-15,176.930000
2020-05-18,178.440000
2020-05-19,178.400000
2020-05-20,178.760000
2020-05-21,178.790000
2020-05-22,178.610000
2020-05-26,179.840000
2020-05-27,180.430000
2020-05-28,180.530000
2020-05-29,180.430000
2020-06-01,180.970000
2020-06-02,181.790000
2020-06-03,182.360000
2020-06-04,182.440000
2020-06-05,182.300000
2020-06-08,183.230000
2020-06-09,182.820000
2020-06-10,182.660000
2020-06-11,173.350000
2020-06-12,174.540000
2020-06-15,175.870000
2020-06-16,177.040000
2020-06-17,177.380000
2020-06-18,177.670000
2020-06-19,175.620000
2020-06-22,176.980000
2020-06-23,177.710000
2020-06-24,173.970000
2020-06-25,176.070000
2020-06-26,170.730000
2020-06-29,172.400000
2020-06-30,173.170000
2020-07-01,173.390000
2020-07-02,173.250000
2020-07-06,174.490000
2020-07-07,174.010000
2020-07-08,174.730000
2020-07-09,174.800000
2020-07-10,175.200000
2020-07-13,174.220000
2020-07-14,175.710000
2020-07-15,176.580000
2020-07-16,176.800000
2020-07-17,177.180000
2020-07-20,178.080000
2020-07-21,178.340000
2020-07-22,178.740000
2020-07-23,178.490000
2020-07-24,178.160000
2020-07-27,179.030000
2020-07-28,178.660000
2020-07-29,179.670000
2020-07-30,179.720000
2020-07-31,179.980000
2020-08-03,180.820000
2020-08-04,181.150000
2020-08-05,181.530000
2020-08-06,181.650000
2020-08-07,181.690000
2020-08-10,182.200000
2020-08-11,181.340000
2020-08-12,182.750000
2020-08-13,182.920000
2020-08-14,183.100000
2020-08-17,183.710000
2020-08-18,183.980000
2020-08-19,183.870000
2020-08-20,184.320000
2020-08-21,184.980000
2020-08-24,185.670000
2020-08-25,185.870000
2020-08-26,185.950000
2020-08-27,186.060000
2020-08-28,185.990000
2020-08-31,185.830000
2020-09-01,186.620000
2020-09-02,187.110000
2020-09-03,184.410000
2020-09-04,182.670000
2020-09-08,179.720000
2020-09-09,182.810000
2020-09-10,180.480000
2020-09-11,179.360000
2020-09-14,180.830000
2020-09-15,181.310000
2020-09-16,181.430000
2020-09-17,181.390000
2020-09-18,180.410000
2020-09-21,179.250000
2020-09-22,180.860000
2020-09-23,177.270000
2020-09-24,177.830000
2020-09-25,180.410000
2020-09-28,181.680000
2020-09-29,181.400000
2020-09-30,182.060000
2020-10-01,182.480000
2020-10-02,182.550000
2020-10-05,184.170000
2020-10-06,183.380000
2020-10-07,184.590000
2020-10-08,184.800000
2020-10-09,184.800000
2020-10-12,185.880000
2020-10-13,185.780000
2020-10-14,185.660000
2020-10-15,186.040000
2020-10-19,184.220000
2020-10-20,184.980000
2020-10-21,184.870000
2020-10-22,185.990000
2020-10-23,186.430000
2020-10-26,184.330000
2020-10-27,184.120000
2020-10-28,177.790000
2020-10-29,179.930000
2020-10-30,177.460000
2020-11-02,178.730000
2020-11-03,179.930000
2020-11-04,181.300000
2020-11-05,181.490000
2020-11-06,181.480000
2020-11-09,182.470000
2020-11-10,182.760000
2020-11-11,183.410000
2020-11-12,183.290000
2020-11-13,183.500000
2020-11-16,184.730000
2020-11-17,184.650000
2020-11-18,183.820000
2020-11-19,184.770000
2020-11-20,184.470000
2020-11-23,185.490000
2020-11-24,186.390000
2020-11-25,186.500000
2020-11-27,186.470000
2020-11-30,186.270000
2020-12-01,187.340000
2020-12-02,187.610000
2020-12-03,187.700000
2020-12-04,187.960000
2020-12-07,188.130000
2020-12-08,188.540000
2020-12-09,187.750000
2020-12-10,187.870000
2020-12-11,187.200000
2020-12-14,186.930000
2020-12-15,188.270000
2020-12-16,188.530000
2020-12-17,188.790000
2020-12-18,188.680000
2020-12-21,188.160000
2020-12-22,188.070000
2020-12-23,188.420000
2020-12-24,188.970000
2020-12-28,189.780000
2020-12-29,189.770000
2020-12-30,190.030000
2020-12-31,189.920000
2021-01-04,188.150000
2021-01-05,189.250000
2021-01-06,190.060000
2021-01-07,191.500000
2021-01-08,191.460000
2021-01-11,190.930000
2021-01-12,191.280000
2021-01-13,191.860000
2021-01-14,191.660000
2021-01-15,190.900000
2021-01-19,191.940000
2021-01-20,192.710000
2021-01-21,192.840000
2021-01-22,192.790000
2021-01-25,193.160000
2021-01-26,193.160000
2021-01-27,189.490000
2021-01-28,191.290000
2021-01-29,187.240000
2021-02-01,189.170000
2021-02-02,189.970000
2021-02-03,190.170000
2021-02-04,190.260000
2021-02-05,190.260000
2021-02-08,190.920000
2021-02-09,190.990000
2021-02-10,191.050000
2021-02-11,191.380000
2021-02-12,191.520000
2021-02-16,191.640000
2021-02-17,191.920000
2021-02-18,191.590000
2021-02-19,191.960000
2021-02-22,191.070000
2021-02-23,191.310000
2021-02-24,192.950000
2021-02-25,189.180000
2021-02-26,187.030000
2021-03-01,189.280000
2021-03-02,189.080000
2021-03-03,188.380000
2021-03-04,187.310000
2021-03-05,189.720000
2021-03-08,189.430000
2021-03-09,191.020000
2021-03-10,191.670000
2021-03-11,191.990000
2021-03-12,192.000000
2021-03-15,192.710000
2021-03-16,192.710000
2021-03-17,193.110000
2021-03-18,192.140000
2021-03-19,191.930000
2021-03-22,192.890000
2021-03-23,192.340000
2021-03-24,192.070000
2021-03-25,192.910000
2021-03-26,193.510000
2021-03-29,193.540000
2021-03-30,193.650000
2021-03-31,194.290000
2021-04-01,194.710000
2021-04-05,195.580000
2021-04-06,195.640000
2021-04-07,195.790000
2021-04-08,195.870000
2021-04-09,195.790000
2021-04-12,196.070000
2021-04-13,196.430000
2021-04-14,196.270000
2021-04-15,196.850000
2021-04-16,197.050000
2021-04-19,196.540000
2021-04-20,195.480000
2021-04-21,197.100000
2021-04-22,195.690000
2021-04-23,197.740000
2021-04-26,198.060000
2021-04-27,198.150000
2021-04-28,198.360000
2021-04-29,198.810000
2021-04-30,198.800000
2021-05-03,199.250000
2021-05-04,198.680000
2021-05-05,198.870000
2021-05-06,199.800000
2021-05-07,200.000000
2021-05-10,198.810000
2021-05-11,197.310000
2021-05-12,193.280000
2021-05-13,195.540000
2021-05-14,198.170000
2021-05-17,198.110000
2021-05-18,197.200000
2021-05-19,196.920000
2021-05-20,198.820000
2021-05-21,199.220000
2021-05-24,200.560000
2021-05-25,200.510000
2021-05-26,200.850000
2021-05-27,201.080000
2021-05-28,201.220000
2021-06-01,201.260000
2021-06-02,201.620000
2021-06-03,201.340000
2021-06-04,202.080000
2021-06-07,202.200000
2021-06-08,202.260000
2021-06-09,202.110000
2021-06-10,202.860000
2021-06-11,203.020000
2021-06-14,203.260000
2021-06-15,203.100000
2021-06-16,202.550000
2021-06-17,202.860000
2021-06-18,200.370000
2021-06-21,202.050000
2021-06-22,202.430000
2021-06-23,202.520000
2021-06-24,202.600000
2021-06-25,202.500000
2021-06-28,202.740000
2021-06-29,202.850000
2021-06-30,203.040000
2021-07-01,203.240000
2021-07-02,203.250000
2021-07-06,203.140000
2021-07-07,203.630000
2021-07-08,202.640000
2021-07-09,204.030000
2021-07-12,204.500000
2021-07-13,204.320000
2021-07-14,204.680000
2021-07-15,204.560000
2021-07-16,203.640000
2021-07-19,200.940000
2021-07-20,203.730000
2021-07-21,205.190000
2021-07-22,205.660000
2021-07-23,206.050000
2021-07-26,206.430000
2021-07-27,205.960000
2021-07-28,206.200000
2021-07-29,206.890000
2021-07-30,206.440000
2021-08-02,206.290000
2021-08-03,207.240000
2021-08-04,207.020000
2021-08-05,207.510000
2021-08-06,207.620000
2021-08-09,207.690000
2021-08-10,207.900000
2021-08-11,208.280000
2021-08-12,208.520000
2021-08-13,208.580000
2021-08-16,208.810000
2021-08-17,208.090000
2021-08-18,206.240000
2021-08-19,206.550000
2021-08-20,207.640000
2021-08-23,208.280000
2021-08-24,208.370000
2021-08-25,208.450000
2021-08-26,208.390000
2021-08-27,208.450000
2021-08-30,208.950000
2021-08-31,208.890000
2021-09-01,209.060000
2021-09-02,209.250000
2021-09-03,209.360000
2021-09-07,209.100000
2021-09-08,209.020000
2021-09-09,208.270000
2021-09-10,206.360000
2021-09-13,207.010000
2021-09-14,206.770000
2021-09-15,207.730000
2021-09-16,207.920000
2021-09-17,207.190000
2021-09-20,204.550000
2021-09-21,204.400000
2021-09-22,206.350000
2021-09-23,208.650000
2021-09-24,209.350000
2021-09-27,209.340000
2021-09-28,205.860000
2021-09-29,206.160000
2021-09-30,203.760000
2021-10-01,205.700000
2021-10-04,204.380000
2021-10-05,206.010000
2021-10-06,206.600000
2021-10-07,207.520000
2021-10-08,207.710000
2021-10-11,207.040000
2021-10-12,206.940000
2021-10-13,207.780000
2021-10-14,209.250000
2021-10-15,209.530000
2021-10-18,209.960000
2021-10-19,210.380000
2021-10-20,210.490000
2021-10-21,210.550000
2021-10-22,210.550000
2021-10-25,211.140000
2021-10-26,211.180000
2021-10-27,210.990000
2021-10-28,211.580000
2021-10-29,211.580000
2021-11-01,211.960000
2021-11-02,212.290000
2021-11-03,212.720000
2021-11-04,212.830000
2021-11-05,212.800000
2021-11-08,213.110000
2021-11-09,212.780000
2021-11-10,211.630000
2021-11-11,211.850000
2021-11-12,213.130000
2021-11-15,213.400000
2021-11-16,213.820000
2021-11-17,213.860000
2021-11-18,214.170000
2021-11-19,214.140000
2021-11-22,213.750000
2021-11-23,214.250000
2021-11-24,214.870000
2021-11-26,208.750000
2021-11-29,210.590000
2021-11-30,208.980000
2021-12-01,206.970000
2021-12-02,209.870000
2021-12-03,208.570000
2021-12-06,210.280000
2021-12-07,211.420000
2021-12-08,211.560000
2021-12-09,211.560000
2021-12-10,211.570000
2021-12-13,210.580000
2021-12-14,209.510000
2021-12-15,212.100000
2021-12-16,210.980000
2021-12-17,209.540000
2021-12-20,208.290000
2021-12-21,210.960000
2021-12-22,211.740000
2021-12-23,211.790000
2021-12-27,212.790000
2021-12-28,212.840000
2021-12-29,213.010000
2021-12-30,213.020000
2021-12-31,212.910000
2022-01-03,213.590000
2022-01-04,213.640000
2022-01-05,211.130000
2022-01-06,211.000000
2022-01-07,209.920000
2022-01-10,209.900000
2022-01-11,210.830000
2022-01-12,211.190000
2022-01-13,210.390000
2022-01-14,210.710000
2022-01-18,208.460000
2022-01-19,206.560000
2022-01-20,204.220000
2022-01-21,201.740000
2022-01-24,202.340000
2022-01-25,200.760000
2022-01-26,200.710000
2022-01-27,200.050000
2022-01-28,204.740000
2022-01-31,206.640000
2022-02-01,207.280000
2022-02-02,207.530000
2022-02-03,207.110000
2022-02-04,207.610000
2022-02-07,207.730000
2022-02-08,208.770000
2022-02-09,209.640000
2022-02-10,208.880000
2022-02-11,205.930000
2022-02-14,206.180000
2022-02-15,208.020000
2022-02-16,208.480000
2022-02-17,206.930000
2022-02-18,206.740000
2022-02-22,205.900000
2022-02-23,202.910000
2022-02-24,205.680000
2022-02-25,210.260000
2022-02-28,210.090000
2022-03-01,208.190000
2022-03-02,211.140000
2022-03-03,211.260000
2022-03-04,210.020000
2022-03-07,206.420000
2022-03-08,205.280000
2022-03-09,209.950000
2022-03-10,209.850000
2022-03-11,206.580000
2022-03-14,206.090000
2022-03-15,208.450000
2022-03-16,209.600000
2022-03-17,209.710000
2022-03-18,211.120000
2022-03-21,211.590000
2022-03-22,212.220000
2022-03-23,211.960000
2022-03-24,212.550000
2022-03-25,212.540000
2022-03-28,213.500000
2022-03-29,214.130000
2022-03-30,214.110000
2022-03-31,213.320000
2022-04-01,214.390000
2022-04-04,215.380000
2022-04-05,214.230000
2022-04-06,212.880000
2022-04-07,213.940000
2022-04-08,213.340000
2022-04-11,211.160000
2022-04-12,210.510000
2022-04-13,213.010000
2022-04-14,211.710000
2022-04-18,212.030000
2022-04-19,214.170000
2022-04-20,214.290000
2022-04-21,212.630000
2022-04-22,206.290000
2022-04-25,207.240000
2022-04-26,203.710000
2022-04-27,204.440000
2022-04-28,208.190000
2022-04-29,201.080000
2022-05-02,202.170000
2022-05-03,203.000000
2022-05-04,204.650000
2022-05-05,203.510000
2022-05-06,204.310000
2022-05-09,200.220000
2022-05-10,200.770000
2022-05-11,198.220000
2022-05-12,198.110000
2022-05-13,202.570000
2022-05-16,202.980000
2022-05-17,204.810000
2022-05-18,200.690000
2022-05-19,199.480000
2022-05-20,200.710000
2022-05-23,202.920000
2022-05-24,202.600000
2022-05-25,203.660000
2022-05-26,204.710000
2022-05-27,204.770000
2022-05-31,204.560000
2022-06-01,203.760000
2022-06-02,206.390000
2022-06-03,204.330000
2022-06-06,204.940000
2022-06-07,205.920000
2022-06-08,205.480000
2022-06-09,202.170000
2022-06-10,196.170000
2022-06-13,190.970000
2022-06-14,190.570000
2022-06-15,193.400000
2022-06-16,187.680000
2022-06-17,187.870000
2022-06-21,190.030000
2022-06-22,190.220000
2022-06-23,190.500000
2022-06-24,190.490000
2022-06-27,190.630000
2022-06-28,188.160000
2022-06-29,188.150000
2022-06-30,187.160000
2022-07-01,188.650000
2022-07-05,189.180000
2022-07-06,189.780000
2022-07-07,190.870000
2022-07-08,190.970000
2022-07-11,190.040000
2022-07-12,188.970000
2022-07-13,188.360000
2022-07-14,187.930000
2022-07-15,191.110000
2022-07-18,190.700000
2022-07-19,192.320000
2022-07-20,192.680000
2022-07-21,192.770000
2022-07-22,192.660000
2022-07-25,192.990000
2022-07-26,191.720000
2022-07-27,194.370000
2022-07-28,194.910000
2022-07-29,194.960000
2022-08-01,194.790000
2022-08-02,194.250000
2022-08-03,196.100000
2022-08-04,196.400000
2022-08-05,196.850000
2022-08-08,196.980000
2022-08-09,196.630000
2022-08-10,198.570000
2022-08-11,198.720000
2022-08-12,198.770000
2022-08-15,199.400000
2022-08-16,199.740000
2022-08-17,199.390000
2022-08-18,200.050000
2022-08-19,198.980000
2022-08-22,195.880000
2022-08-23,195.460000
2022-08-24,196.180000
2022-08-25,198.690000
2022-08-26,191.940000
2022-08-29,191.680000
2022-08-30,190.450000
2022-08-31,189.380000
2022-09-01,190.030000
2022-09-02,187.360000
2022-09-06,187.430000
2022-09-07,189.090000
2022-09-08,189.550000
2022-09-09,189.540000
2022-09-12,190.350000
2022-09-13,185.200000
2022-09-14,185.900000
2022-09-15,183.890000
2022-09-16,182.320000
2022-09-19,183.230000
2022-09-20,182.280000
2022-09-21,180.740000
2022-09-22,179.710000
2022-09-23,176.230000
2022-09-26,175.530000
2022-09-27,175.640000
2022-09-28,177.840000
2022-09-29,176.240000
2022-09-30,172.700000
2022-10-03,174.720000
2022-10-04,175.370000
2022-10-05,175.470000
2022-10-06,175.490000
2022-10-07,175.450000
2022-10-10,175.120000
2022-10-11,174.430000
2022-10-12,174.140000
2022-10-13,177.710000
2022-10-14,175.580000
2022-10-17,177.530000
2022-10-18,177.990000
2022-10-19,178.080000
2022-10-20,178.190000
2022-10-21,179.870000
2022-10-24,180.580000
2022-10-25,180.870000
2022-10-26,180.930000
2022-10-27,180.970000
2022-10-28,180.930000
2022-10-31,180.640000
2022-11-01,180.350000
2022-11-02,177.050000
2022-11-03,175.260000
2022-11-04,177.410000
2022-11-07,178.520000
2022-11-08,178.890000
2022-11-09,177.520000
2022-11-10,180.210000
2022-11-11,180.160000
2022-11-14,179.710000
2022-11-15,180.660000
2022-11-16,180.300000
2022-11-17,180.270000
2022-11-18,181.710000
2022-11-21,181.780000
2022-11-22,183.180000
2022-11-23,183.630000
2022-11-25,183.660000
2022-11-28,181.970000
2022-11-29,181.740000
2022-11-30,184.840000
2022-12-01,185.120000
2022-12-02,185.370000
2022-12-05,183.290000
2022-12-06,180.900000
2022-12-07,180.570000
2022-12-08,181.970000
2022-12-09,180.150000
2022-12-12,181.080000
2022-12-13,182.280000
2022-12-14,182.630000
2022-12-15,181.300000
2022-12-16,180.050000
2022-12-19,179.500000
2022-12-20,179.830000
2022-12-21,181.720000
2022-12-22,180.190000
2022-12-23,181.120000
2022-12-27,181.170000
2022-12-28,179.730000
2022-12-29,182.100000
2022-12-30,182.560000
2023-01-03,182.470000
2023-01-04,183.450000
2023-01-05,182.530000
2023-01-06,184.520000
2023-01-09,184.660000
2023-01-10,185.380000
2023-01-11,186.130000
2023-01-12,186.840000
2023-01-13,186.860000
2023-01-17,187.010000
2023-01-18,185.010000
2023-01-19,183.620000
2023-01-20,185.370000
2023-01-23,185.860000
2023-01-24,185.930000
2023-01-25,186.020000
2023-01-26,186.120000
2023-01-27,186.110000
2023-01-30,184.780000
2023-01-31,186.460000
2023-02-01,187.680000
2023-02-02,188.230000
2023-02-03,188.300000
2023-02-06,187.930000
2023-02-07,189.330000
2023-02-08,188.590000
2023-02-09,187.550000
2023-02-10,187.810000
2023-02-13,189.000000
2023-02-14,189.640000
2023-02-15,190.020000
2023-02-16,189.660000
2023-02-17,189.730000
2023-02-21,187.680000
2023-02-22,187.650000
2023-02-23,188.630000
2023-02-24,186.470000
2023-02-27,187.080000
2023-02-28,186.960000
2023-03-01,186.800000
2023-03-02,187.790000
2023-03-03,188.290000
2023-03-06,188.540000
2023-03-07,186.940000
2023-03-08,187.320000
2023-03-09,184.180000
2023-03-10,181.120000
2023-03-13,181.060000
2023-03-14,183.060000
2023-03-15,183.000000
2023-03-16,183.700000
2023-03-17,182.660000
2023-03-20,184.000000
2023-03-21,185.320000
2023-03-22,184.490000
2023-03-23,185.120000
2023-03-24,186.380000
2023-03-27,187.030000
2023-03-28,187.170000
2023-03-29,188.190000
2023-03-30,188.420000
2023-03-31,188.450000
2023-04-03,189.200000
2023-04-04,188.950000
2023-04-05,188.890000
2023-04-06,189.810000
2023-04-10,190.290000
2023-04-11,190.400000
2023-04-12,190.480000
2023-04-13,191.430000
2023-04-14,191.510000
2023-04-17,192.020000
2023-04-18,192.190000
2023-04-19,192.380000
2023-04-20,192.200000
2023-04-21,192.830000
2023-04-24,193.180000
2023-04-25,191.100000
2023-04-26,190.490000
2023-04-27,193.560000
2023-04-28,194.210000
2023-05-01,194.430000
2023-05-02,193.110000
2023-05-03,192.210000
2023-05-04,190.880000
2023-05-05,194.250000
2023-05-08,194.640000
2023-05-09,194.250000
2023-05-10,195.090000
2023-05-11,195.160000
2023-05-12,195.170000
2023-05-15,195.770000
2023-05-16,195.260000
2023-05-17,196.240000
2023-05-18,196.390000
2023-05-19,196.080000
2023-05-22,196.380000
2023-05-23,194.970000
2023-05-24,193.660000
2023-05-25,195.220000
2023-05-26,197.720000
2023-05-30,198.270000
2023-05-31,197.940000
2023-06-01,199.120000
2023-06-02,199.420000
2023-06-05,199.490000
2023-06-06,199.860000
2023-06-07,199.710000
2023-06-08,200.400000
2023-06-09,200.600000
2023-06-12,201.200000
2023-06-13,201.590000
2023-06-14,201.740000
2023-06-15,201.810000
2023-06-16,201.000000
2023-06-20,200.470000
2023-06-21,199.520000
2023-06-22,200.180000
2023-06-23,198.490000
2023-06-26,198.300000
2023-06-27,199.230000
2023-06-28,199.390000
2023-06-29,199.540000
2023-06-30,199.540000
2023-07-03,199.850000
2023-07-05,199.880000
2023-07-06,198.950000
2023-07-07,198.270000
2023-07-10,198.660000
2023-07-11,199.040000
2023-07-12,199.390000
2023-07-13,199.450000
2023-07-14,199.450000
2023-07-17,199.930000
2023-07-18,200.310000
2023-07-19,200.390000
2023-07-20,200.430000
2023-07-21,200.220000
2023-07-24,200.840000
2023-07-25,201.100000
2023-07-26,201.540000
2023-07-27,200.940000
2023-07-28,201.880000
2023-07-31,202.240000
2023-08-01,202.090000
2023-08-02,200.110000
2023-08-03,199.500000
2023-08-04,198.360000
2023-08-07,199.310000
2023-08-08,199.200000
2023-08-09,198.660000
2023-08-10,199.060000
2023-08-11,199.090000
2023-08-14,199.850000
2023-08-15,198.850000
2023-08-16,197.900000
2023-08-17,196.420000
2023-08-18,195.470000
2023-08-21,196.070000
2023-08-22,196.120000
2023-08-23,196.450000
2023-08-24,196.380000
2023-08-25,196.540000
2023-08-28,197.290000
2023-08-29,197.860000
2023-08-30,197.970000
2023-08-31,198.020000
2023-09-01,198.010000
2023-09-05,197.840000
2023-09-06,196.940000
2023-09-07,196.390000
2023-09-08,196.390000
2023-09-11,197.070000
2023-09-12,196.700000
2023-09-13,197.130000
2023-09-14,197.520000
2023-09-15,196.550000
2023-09-18,196.820000
2023-09-19,196.620000
2023-09-20,194.990000
2023-09-21,191.780000
2023-09-22,191.060000
2023-09-25,191.710000
2023-09-26,190.360000
2023-09-27,190.530000
2023-09-28,191.560000
2023-09-29,191.230000
2023-10-02,191.610000
2023-10-03,190.180000
2023-10-04,191.340000
2023-10-05,191.380000
2023-10-06,192.930000
2023-10-09,193.630000
2023-10-10,194.100000
2023-10-11,194.390000
2023-10-12,194.460000
2023-10-13,194.570000
2023-10-16,195.680000
2023-10-17,195.810000
2023-10-18,195.100000
2023-10-19,194.060000
2023-10-20,193.010000
2023-10-23,193.120000
2023-10-24,194.290000
2023-10-25,192.300000
2023-10-26,189.990000
2023-10-27,188.680000
2023-10-30,189.960000
2023-10-31,190.430000
2023-11-01,190.780000
2023-11-02,190.850000
2023-11-03,190.770000
2023-11-06,191.220000
2023-11-07,191.550000
2023-11-08,191.680000
2023-11-09,191.330000
2023-11-10,191.900000
2023-11-13,191.940000
2023-11-14,193.040000
2023-11-15,193.150000
2023-11-16,193.200000
2023-11-17,193.190000
2023-11-20,193.920000
2023-11-21,193.890000
2023-11-22,194.180000
2023-11-24,194.200000
2023-11-27,194.250000
2023-11-28,194.400000
2023-11-29,194.370000
2023-11-30,194.810000
2023-12-01,195.070000
2023-12-04,194.760000
2023-12-05,194.820000
2023-12-06,194.360000
2023-12-07,195.400000
2023-12-08,196.200000
2023-12-11,196.700000
2023-12-12,197.180000
2023-12-13,197.380000
2023-12-14,197.420000
2023-12-15,197.530000
2023-12-18,197.950000
2023-12-19,198.110000
2023-12-20,197.610000
2023-12-21,198.170000
2023-12-22,198.170000
2023-12-26,198.820000
2023-12-27,199.080000
2023-12-28,199.190000
2023-12-29,199.120000
2024-01-02,198.720000
2024-01-03,197.450000
2024-01-04,196.880000
2024-01-05,196.870000
2024-01-08,197.820000
2024-01-09,197.890000
2024-01-10,198.040000
2024-01-11,198.100000
2024-01-12,198.100000
2024-01-16,198.010000
2024-01-17,197.320000
2024-01-18,198.730000
2024-01-19,199.780000
2024-01-22,200.070000
2024-01-23,200.220000
2024-01-24,200.290000
2024-01-25,200.350000
2024-01-26,200.340000
2024-01-29,201.060000
2024-01-30,201.100000
2024-01-31,199.620000
2024-02-01,201.340000
2024-02-02,201.760000
2024-02-05,201.640000
2024-02-06,202.130000
2024-02-07,202.790000
2024-02-08,202.940000
2024-02-09,202.980000
2024-02-12,203.090000
2024-02-13,201.190000
2024-02-14,202.880000
2024-02-15,203.900000
2024-02-16,203.780000
2024-02-20,203.240000
2024-02-21,203.480000
2024-02-22,205.450000
2024-02-23,205.500000
2024-02-26,205.310000
2024-02-27,205.660000
2024-02-28,205.630000
2024-02-29,206.280000
2024-03-01,206.610000
2024-03-04,206.680000
2024-03-05,205.380000
2024-03-06,206.290000
2024-03-07,207.460000
2024-03-08,207.260000
2024-03-11,207.350000
2024-03-12,208.450000
2024-03-13,208.530000
2024-03-14,208.610000
2024-03-15,207.990000
2024-03-18,208.620000
2024-03-19,209.010000
2024-03-20,209.260000
2024-03-21,209.300000
2024-03-22,209.300000
2024-03-25,209.320000
2024-03-26,209.220000
2024-03-27,210.130000
2024-03-28,210.220000
2024-04-01,210.240000
2024-04-02,209.340000
2024-04-03,209.650000
2024-04-04,207.210000
2024-04-05,209.300000
2024-04-08,209.730000
2024-04-09,209.840000
2024-04-10,208.980000
2024-04-11,210.340000
2024-04-12,207.740000
2024-04-15,206.510000
2024-04-16,206.430000
2024-04-17,205.460000
2024-04-18,205.000000
2024-04-19,204.280000
2024-04-22,205.750000
2024-04-23,206.770000
2024-04-24,206.890000
2024-04-25,206.770000
2024-04-26,207.010000
2024-04-29,207.490000
2024-04-30,205.560000
2024-05-01,205.280000
2024-05-02,207.000000
2024-05-03,208.560000
2024-05-06,209.500000
2024-05-07,209.660000
2024-05-08,209.780000
2024-05-09,209.870000
2024-05-10,209.860000
2024-05-13,209.910000
2024-05-14,210.500000
2024-05-15,211.150000
2024-05-16,211.190000
2024-05-17,211.440000
2024-05-20,211.640000
2024-05-21,211.970000
2024-05-22,211.670000
2024-05-23,210.960000
2024-05-24,212.320000
2024-05-28,212.570000
2024-05-29,211.760000
2024-05-30,210.670000
2024-05-31,211.030000
2024-06-03,211.220000
2024-06-04,211.410000
2024-06-05,212.150000
2024-06-06,212.260000
2024-06-07,212.280000
2024-06-10,212.730000
2024-06-11,213.030000
2024-06-12,213.720000
2024-06-13,213.810000
2024-06-14,213.810000
2024-06-17,214.450000
2024-06-18,214.640000
2024-06-20,214.730000
2024-06-21,214.930000
2024-06-24,214.820000
2024-06-25,215.450000
2024-06-26,215.720000
2024-06-27,216.020000
2024-06-28,215.710000
2024-07-01,216.220000
2024-07-02,216.590000
2024-07-03,216.690000
2024-07-05,216.700000
2024-07-08,216.980000
2024-07-09,217.170000
2024-07-10,217.680000
2024-07-11,217.640000
2024-07-12,217.720000
2024-07-15,218.080000
2024-07-16,218.510000
2024-07-17,217.450000
2024-07-18,216.130000
2024-07-19,215.590000
2024-07-22,217.050000
2024-07-23,217.070000
2024-07-24,213.410000
2024-07-25,212.250000
2024-07-26,214.200000
2024-07-29,214.600000
2024-07-30,214.060000
2024-07-31,215.740000
2024-08-01,214.750000
2024-08-02,211.550000
2024-08-05,207.320000
2024-08-06,209.340000
2024-08-07,208.220000
2024-08-08,212.720000
2024-08-09,214.120000
2024-08-12,214.400000
2024-08-13,215.810000
2024-08-14,216.180000
2024-08-15,216.280000
2024-08-16,216.840000
2024-08-19,217.560000
2024-08-20,217.490000
2024-08-21,217.750000
2024-08-22,217.620000
2024-08-23,217.840000
2024-08-26,217.880000
2024-08-27,218.190000
2024-08-28,217.380000
2024-08-29,217.960000
2024-08-30,219.420000
2024-09-03,216.280000
2024-09-04,215.970000
2024-09-05,215.370000
2024-09-06,210.860000
2024-09-09,212.220000
2024-09-10,212.570000
2024-09-11,213.000000
2024-09-12,213.100000
2024-09-13,213.060000
2024-09-16,213.370000
2024-09-17,213.390000
2024-09-18,213.550000
2024-09-19,214.680000
2024-09-20,214.900000
2024-09-23,215.390000
2024-09-24,215.770000
2024-09-25,215.750000
2024-09-26,216.050000
2024-09-27,216.110000
2024-09-30,216.790000
2024-10-01,215.740000
2024-10-02,216.050000
2024-10-03,216.000000
2024-10-04,217.810000
2024-10-07,216.850000
2024-10-08,218.260000
2024-10-09,218.990000
2024-10-10,219.260000
2024-10-11,219.460000
2024-10-14,220.270000
2024-10-15,219.960000
2024-10-16,220.470000
2024-10-17,220.700000
2024-10-18,220.960000
2024-10-21,221.040000
2024-10-22,221.120000
2024-10-23,219.750000
2024-10-24,220.370000
2024-10-25,219.870000
2024-10-28,220.450000
2024-10-29,220.730000
2024-10-30,220.620000
2024-10-31,217.930000
2024-11-01,218.710000
2024-11-04,218.730000
2024-11-05,220.040000
2024-11-06,221.500000
2024-11-07,221.560000
2024-11-08,221.550000
2024-11-11,221.860000
2024-11-12,221.670000
2024-11-13,222.060000
2024-11-14,221.170000
2024-11-15,218.700000
2024-11-18,219.480000
2024-11-19,219.930000
2024-11-20,220.020000
2024-11-21,220.820000
2024-11-22,221.010000
2024-11-25,221.590000
2024-11-26,221.970000
2024-11-27,222.040000
2024-11-29,222.110000
2024-12-02,222.490000
2024-12-03,222.650000
2024-12-04,223.110000
2024-12-05,223.180000
2024-12-06,223.270000
2024-12-09,222.740000
2024-12-10,222.410000
2024-12-11,223.760000
2024-12-12,223.110000
2024-12-13,222.900000
2024-12-16,223.340000
2024-12-17,223.040000
2024-12-18,217.430000
2024-12-19,217.310000
2024-12-20,217.720000
2024-12-23,218.180000
2024-12-24,218.370000
2024-12-26,218.450000
2024-12-27,218.440000
2024-12-30,217.090000
2024-12-31,216.620000
2025-01-02,216.170000
2025-01-03,218.600000
2025-01-06,219.260000
2025-01-07,218.220000
2025-01-08,218.650000
2025-01-10,215.690000
2025-01-13,216.030000
2025-01-14,216.340000
2025-01-15,217.530000
2025-01-16,217.590000
2025-01-17,217.670000
2025-01-21,218.890000
2025-01-22,219.210000
2025-01-23,219.320000
2025-01-24,219.330000
2025-01-27,217.390000
2025-01-28,218.830000
2025-01-29,218.250000
2025-01-30,219.500000
2025-01-31,218.390000
2025-02-03,217.630000
2025-02-04,218.880000
2025-02-05,219.600000
2025-02-06,220.020000
2025-02-07,219.750000
2025-02-10,220.650000
2025-02-11,220.850000
2025-02-12,220.910000
2025-02-13,221.410000
2025-02-14,221.350000
2025-02-18,221.900000
2025-02-19,222.230000
2025-02-20,222.250000
2025-02-21,220.000000
2025-02-24,219.210000
2025-02-25,218.300000
2025-02-26,218.350000
2025-02-27,214.970000
2025-02-28,217.690000
2025-03-03,215.460000
2025-03-04,213.450000
2025-03-05,215.580000
2025-03-06,212.100000
2025-03-07,213.040000
2025-03-10,209.510000
2025-03-11,208.300000
2025-03-12,209.490000
2025-03-13,206.760000
2025-03-14,210.890000
2025-03-17,212.060000
2025-03-18,211.180000
2025-03-19,212.710000
2025-03-20,213.060000
2025-03-21,213.690000
2025-03-24,214.800000
2025-03-25,214.950000
2025-03-26,214.830000
2025-03-27,214.990000
2025-03-28,213.580000
2025-03-31,214.440000
2025-04-01,214.920000
2025-04-02,215.400000
2025-04-03,209.290000
2025-04-04,196.300000
2025-04-07,196.300000
2025-04-08,194.970000
2025-04-09,201.530000
2025-04-10,201.460000
2025-04-11,201.970000
2025-04-14,204.420000
2025-04-15,205.090000
2025-04-16,202.620000
2025-04-17,203.540000
2025-04-21,200.770000
2025-04-22,204.490000
2025-04-23,206.140000
2025-04-24,207.140000
2025-04-25,207.220000
2025-04-28,207.620000
2025-04-29,208.460000
2025-04-30,208.600000
2025-05-01,209.500000
2025-05-02,209.930000
2025-05-05,209.680000
2025-05-06,208.680000
2025-05-07,209.670000
2025-05-08,211.000000
2025-05-09,211.090000
2025-05-12,213.200000
2025-05-13,213.300000
2025-05-14,213.370000
2025-05-15,213.410000
2025-05-16,214.010000
2025-05-19,214.250000
2025-05-20,214.220000
2025-05-21,211.900000
2025-05-22,212.050000
2025-05-23,210.450000
2025-05-27,212.330000
2025-05-28,212.280000
2025-05-29,212.590000
2025-05-30,212.590000
2025-06-02,213.380000
2025-06-03,214.000000
2025-06-04,214.150000
2025-06-05,214.050000
2025-06-06,214.560000
2025-06-09,214.880000
2025-06-10,215.500000
2025-06-11,215.510000
2025-06-12,216.000000
2025-06-13,215.390000
2025-06-16,216.730000
2025-06-17,215.960000
2025-06-18,216.580000
2025-06-20,216.670000
2025-06-23,218.120000
2025-06-24,218.970000
2025-06-25,219.210000
2025-06-26,219.350000
2025-06-27,219.350000
2025-06-30,220.000000
2025-07-01,220.190000
2025-07-02,220.500000
2025-07-03,220.620000
2025-07-07,219.960000
2025-07-08,220.150000
2025-07-09,221.260000
2025-07-10,221.830000
2025-07-11,221.600000
2025-07-14,221.980000
2025-07-15,221.740000
2025-07-16,222.350000
2025-07-17,222.850000
2025-07-18,222.760000
2025-07-21,223.220000
2025-07-22,223.360000
2025-07-23,224.180000
2025-07-24,224.370000
2025-07-25,224.470000
2025-07-28,224.650000
2025-07-29,224.470000
2025-07-30,224.540000
2025-07-31,224.210000
2025-08-01,220.670000
2025-08-04,222.300000
2025-08-05,222.280000
2025-08-06,222.670000
2025-08-07,222.760000
2025-08-08,222.780000
2025-08-11,222.700000
2025-08-12,223.880000
2025-08-13,224.080000
2025-08-14,224.170000
2025-08-15,223.730000
2025-08-18,223.950000
2025-08-19,223.110000
2025-08-20,222.600000
2025-08-21,221.810000
2025-08-22,225.060000
2025-08-25,224.790000
2025-08-26,225.370000
2025-08-27,225.640000
2025-08-28,226.290000
2025-08-29,226.200000
2025-09-02,225.450000
2025-09-03,226.390000
2025-09-04,227.300000
2025-09-05,227.570000
2025-09-08,228.060000
2025-09-09,228.320000
2025-09-10,228.580000
2025-09-11,228.890000
2025-09-12,228.910000
2025-09-15,229.440000
2025-09-16,229.370000
2025-09-17,229.630000
2025-09-18,230.110000
2025-09-19,230.520000
2025-09-22,231.090000
2025-09-23,230.800000
2025-09-24,230.660000
2025-09-25,229.970000
2025-09-26,231.300000
2025-09-29,231.810000
2025-09-30,232.170000
2025-10-01,232.470000
2025-10-02,232.620000
2025-10-03,232.680000
2025-10-06,233.320000
2025-10-07,233.070000
2025-10-08,233.770000
2025-10-09,233.830000
2025-10-10,228.320000
2025-10-13,230.230000
2025-10-14,230.200000
2025-10-15,230.550000
2025-10-16,230.650000
2025-10-17,231.920000
2025-10-20,233.080000
2025-10-21,233.250000
2025-10-22,233.220000
2025-10-23,233.480000
2025-10-24,233.470000
2025-10-27,234.500000
2025-10-28,234.640000
2025-10-29,234.790000
2025-10-30,234.720000
2025-10-31,235.100000
2025-11-03,235.710000
2025-11-04,234.120000
2025-11-05,235.040000
2025-11-06,232.810000
2025-11-07,232.820000
2025-11-10,234.400000
2025-11-11,234.650000
2025-11-12,234.770000
2025-11-13,234.100000
2025-11-14,234.800000
2025-11-17,233.780000
2025-11-18,232.550000
2025-11-19,233.430000
2025-11-20,230.320000
2025-11-21,232.100000
2025-11-24,233.570000
2025-11-25,233.860000
2025-11-26,233.930000
2025-11-28,233.880000
2025-12-01,233.680000
2025-12-02,234.040000
2025-12-03,234.710000
2025-12-04,235.040000
2025-12-05,235.410000
2025-12-08,235.250000
2025-12-09,235.280000
2025-12-10,236.380000
2025-12-11,236.850000
2025-12-12,235.710000
2025-12-15,235.830000
2025-12-16,235.730000
2025-12-17,233.740000
2025-12-18,235.590000
2025-12-19,237.130000
2025-12-22,237.690000
2025-12-23,237.800000
2025-12-24,237.850000
2025-12-26,237.850000
2025-12-29,237.600000
2025-12-30,237.520000
2025-12-31,235.990000
2026-01-02,236.310000
2026-01-05,237.130000
2026-01-06,237.500000
2026-01-07,237.470000
2026-01-08,237.560000
2026-01-09,237.730000
2026-01-12,238.080000
2026-01-13,238.020000
2026-01-14,237.550000
2026-01-15,238.250000
2026-01-16,238.650000
2026-01-20,234.760000
2026-01-21,237.410000
2026-01-22,238.690000
2026-01-23,238.690000
2026-01-26,239.500000
2026-01-27,239.890000
2026-01-28,240.020000
2026-01-29,240.230000
2026-01-30,240.350000
2026-02-02,241.490000
2026-02-03,240.730000
2026-02-04,240.020000
2026-02-05,237.570000
2026-02-06,242.190000
2026-02-09,242.940000
2026-02-10,242.940000
2026-02-11,243.200000
2026-02-12,240.780000
2026-02-13,240.850000
2026-02-17,241.620000
2026-02-18,242.470000
2026-02-19,242.760000
2026-02-20,244.350000
2026-02-23,243.510000
2026-02-24,244.730000
2026-02-25,245.430000
2026-02-26,245.610000
2026-02-27,245.700000
2026-03-02,246.040000
2026-03-03,245.010000
2026-03-04,246.480000
2026-03-05,246.000000
2026-03-06,243.170000
2026-03-09,244.920000
2026-03-10,245.140000
2026-03-11,245.680000
2026-03-12,244.040000
2026-03-13,243.000000
2026-03-16,245.030000
2026-03-17,245.660000
2026-03-18,244.700000
2026-03-19,245.170000
2026-03-20,243.430000
2026-03-23,245.440000
2026-03-24,245.370000
2026-03-25,246.740000
2026-03-26,244.050000
2026-03-27,239.720000
2026-03-30,240.370000
2026-03-31,242.900000
2026-04-01,243.160000
2026-04-02,243.200000
2026-04-06,244.220000
2026-04-07,243.860000
2026-04-08,246.040000
2026-04-09,246.200000
2026-04-10,246.190000
2026-04-13,247.330000
2026-04-14,247.870000
2026-04-15,248.060000
2026-04-16,248.130000
2026-04-17,248.700000
2026-04-20,248.690000
2026-04-21,247.870000
2026-04-22,249.550000
2026-04-23,249.530000
2026-04-24,250.050000
2026-04-27,250.680000
2026-04-28,250.350000
2026-04-29,250.440000
2026-04-30,252.050000
2026-05-01,252.200000
2026-05-04,252.040000
2026-05-05,253.170000
2026-05-06,253.780000
2026-05-07,253.910000
2026-05-08,253.950000
2026-05-11,254.490000
2026-05-12,254.620000
2026-05-13,255.260000
2026-05-14,255.610000
2026-05-15,255.450000
2026-05-18,255.710000
2026-05-19,254.850000
2026-05-20,256.690000
2026-05-21,257.370000
2026-05-22,258.010000
2026-05-26,259.150000
2026-05-27,259.440000
2026-05-28,259.750000
2026-05-29,259.740000
2026-06-01,260.360000
2026-06-02,260.690000
2026-06-03,260.170000
2026-06-04,260.960000
2026-06-05,254.330000
2026-06-08,255.200000
2026-06-09,254.830000
2026-06-10,252.470000
2026-06-11,255.730000
2026-06-12,256.760000
2026-06-15,258.460000
2026-06-16,258.420000
2026-06-17,257.810000
2026-06-18,258.900000
2026-06-22,258.860000
2026-06-23,256.100000
2026-06-24,256.010000
2026-06-25,255.950000
2026-06-26,251.750000
2026-06-29,253.050000
2026-06-30,253.410000
2026-07-01,253.530000
2026-07-02,253.510000
2026-07-06,254.760000
2026-07-07,254.520000
2026-07-08,254.270000
2026-07-09,255.160000
2026-07-10,255.240000
2026-07-13,254.150000
2026-07-14,255.100000
2026-07-15,255.900000
2026-07-16,255.200000
2026-07-17,252.390000
2026-07-20,252.710000
2026-07-21,253.700000
2026-07-22,253.820000
2026-07-23,252.750000
2026-07-24,253.270000
2026-07-27,253.580000
2026-07-28,254.100000
2026-07-29,252.010000
2026-07-30,255.010000
2026-07-31,255.500000
